{
  "data_hash": "749512ec40053d69467d255c40e4e65a",
  "0;1": {
    "spearman": 0.29270446873837885
  },
  "0;2": {
    "spearman": 0.0068069007430373585
  },
  "0;3": {
    "spearman": 0.8041234728695992
  },
  "0;4": {
    "spearman": 0.23351827345839204
  },
  "0;5": {
    "spearman": 0.2004233607717747
  },
  "0;6": {
    "spearman": 0.7822047664705798
  },
  "0;7": {
    "spearman": 0.950016672148525
  },
  "0;8": {
    "spearman": 0.49692146456236674
  },
  "0;9": {
    "spearman": 0.019767508825559776
  },
  "1;2": {
    "spearman": 0.9838987277387836
  },
  "1;3": {
    "spearman": 0.18249582400418385
  },
  "1;4": {
    "spearman": 0.05671785390395323
  },
  "1;5": {
    "spearman": 0.03854498840509146
  },
  "1;6": {
    "spearman": 0.07590400363088423
  },
  "1;7": {
    "spearman": 0.5730044084649006
  },
  "1;8": {
    "spearman": 0.6260595184576938
  },
  "1;9": {
    "spearman": 0.001960398522395934
  },
  "2;3": {
    "spearman": 0.8374922161821168
  },
  "2;4": {
    "spearman": 0.18241117596447354
  },
  "2;5": {
    "spearman": 0.3848856685053179
  },
  "2;6": {
    "spearman": 0.07668933737455252
  },
  "2;7": {
    "spearman": 0.05274959668302093
  },
  "2;8": {
    "spearman": 0.21080401805190863
  },
  "2;9": {
    "spearman": 0.3753937990573115
  },
  "3;4": {
    "spearman": 0.572955223159731
  },
  "3;5": {
    "spearman": 0.9782107487959304
  },
  "3;6": {
    "spearman": 0.040786450705722066
  },
  "3;7": {
    "spearman": 0.15084188469218507
  },
  "3;8": {
    "spearman": 0.008381138244122344
  },
  "3;9": {
    "spearman": 0.161133091208427
  },
  "4;5": {
    "spearman": 0.43221612384135
  },
  "4;6": {
    "spearman": 0.49516263898276414
  },
  "4;7": {
    "spearman": 0.4397041985624246
  },
  "4;8": {
    "spearman": 0.482488095204046
  },
  "4;9": {
    "spearman": 0.26427929133230266
  },
  "5;6": {
    "spearman": 0.4928193134603944
  },
  "5;7": {
    "spearman": 0.9594414834451743
  },
  "5;8": {
    "spearman": 0.3309093673262584
  },
  "5;9": {
    "spearman": 0.8217128358031509
  },
  "6;7": {
    "spearman": 0.18788718956232664
  },
  "6;8": {
    "spearman": 0.3669474318897854
  },
  "6;9": {
    "spearman": 0.7218520981216128
  },
  "7;8": {
    "spearman": 0.697343461884472
  },
  "7;9": {
    "spearman": 0.2866851816960514
  },
  "8;9": {
    "spearman": 0.7908439166383492
  },
  "0;2|9": {
    "kci": 0.005282590186201586
  },
  "0;9|2": {
    "kci": 0.03125145171841659
  },
  "1;5|9": {
    "kci": 0.002267653417429183
  },
  "1;9|5": {
    "kci": 0.008675607516085093
  },
  "3;6|8": {
    "kci": 0.10470534541377319
  },
  "3;8|6": {
    "kci": 0.04619554308771179
  },
  "0;9|1": {
    "kci": 0.011288440665348287
  },
  "1;9|0": {
    "kci": 0.00046990581627914807
  }
}