{
  "data_hash": "012932ac012d00b637d233763abc9c58",
  "0;1": {
    "d_separation": 0.0
  },
  "0;2": {
    "d_separation": 0.0
  },
  "0;3": {
    "d_separation": 0.0
  },
  "0;4": {
    "d_separation": 0.0
  },
  "0;5": {
    "d_separation": 0.0
  },
  "0;6": {
    "d_separation": 0.0
  },
  "0;7": {
    "d_separation": 0.0
  },
  "0;8": {
    "d_separation": 0.0
  },
  "0;9": {
    "d_separation": 0.0
  },
  "1;2": {
    "d_separation": 0.0
  },
  "1;3": {
    "d_separation": 0.0
  },
  "1;4": {
    "d_separation": 0.0
  },
  "1;5": {
    "d_separation": 0.0
  },
  "1;6": {
    "d_separation": 0.0
  },
  "1;7": {
    "d_separation": 0.0
  },
  "1;8": {
    "d_separation": 0.0
  },
  "1;9": {
    "d_separation": 0.0
  },
  "2;3": {
    "d_separation": 0.0
  },
  "2;4": {
    "d_separation": 0.0
  },
  "2;5": {
    "d_separation": 0.0
  },
  "2;6": {
    "d_separation": 0.0
  },
  "2;7": {
    "d_separation": 0.0
  },
  "2;8": {
    "d_separation": 0.0
  },
  "2;9": {
    "d_separation": 0.0
  },
  "3;4": {
    "d_separation": 0.0
  },
  "3;5": {
    "d_separation": 0.0
  },
  "3;6": {
    "d_separation": 0.0
  },
  "3;7": {
    "d_separation": 0.0
  },
  "3;8": {
    "d_separation": 0.0
  },
  "3;9": {
    "d_separation": 1.0
  },
  "4;5": {
    "d_separation": 0.0
  },
  "4;6": {
    "d_separation": 0.0
  },
  "4;7": {
    "d_separation": 0.0
  },
  "4;8": {
    "d_separation": 0.0
  },
  "4;9": {
    "d_separation": 1.0
  },
  "5;6": {
    "d_separation": 0.0
  },
  "5;7": {
    "d_separation": 0.0
  },
  "5;8": {
    "d_separation": 0.0
  },
  "5;9": {
    "d_separation": 0.0
  },
  "6;7": {
    "d_separation": 0.0
  },
  "6;8": {
    "d_separation": 0.0
  },
  "6;9": {
    "d_separation": 0.0
  },
  "7;8": {
    "d_separation": 0.0
  },
  "7;9": {
    "d_separation": 0.0
  },
  "8;9": {
    "d_separation": 0.0
  },
  "0;1|2": {
    "fisherz": 0.8390528064884686
  },
  "0;1|3": {
    "fisherz": 0.800900212879309
  },
  "0;1|4": {
    "fisherz": 0.8612479557129031
  },
  "0;1|5": {
    "fisherz": 0.8460407073152536
  },
  "0;1|6": {
    "fisherz": 0.8596641552950974
  },
  "0;1|7": {
    "fisherz": 0.8449941245749097
  },
  "0;1|8": {
    "fisherz": 0.9066546163884819
  },
  "0;1|9": {
    "fisherz": 0.9102291949689276
  },
  "0;2|1": {
    "fisherz": 0.8914855755605289
  },
  "0;2|3": {
    "fisherz": 0.9607680407020358
  },
  "0;2|4": {
    "fisherz": 0.9561418610013834
  },
  "0;2|5": {
    "fisherz": 0.9093052152345535
  },
  "0;2|6": {
    "fisherz": 0.9093036972087154
  },
  "0;2|7": {
    "fisherz": 0.9083462378607192
  },
  "0;2|8": {
    "fisherz": 0.9008837376734009
  },
  "0;2|9": {
    "fisherz": 0.9446319167650836
  },
  "0;3|1": {
    "fisherz": 0.002906409423365064
  },
  "0;3|2": {
    "fisherz": 0.0029693642649686325
  },
  "0;3|4": {
    "fisherz": 0.003519356665484974
  },
  "0;3|5": {
    "fisherz": 0.0029823065248326674
  },
  "0;3|6": {
    "fisherz": 0.002922482866023035
  },
  "0;3|7": {
    "fisherz": 0.0028692052921628353
  },
  "0;3|8": {
    "fisherz": 0.004256787216313285
  },
  "0;3|9": {
    "fisherz": 0.0037945707244024796
  },
  "0;4|1": {
    "fisherz": 0.5199058291683567
  },
  "0;4|2": {
    "fisherz": 0.5223804967260439
  },
  "0;4|3": {
    "fisherz": 0.7479421391174059
  },
  "0;4|5": {
    "fisherz": 0.5250526275670944
  },
  "0;4|6": {
    "fisherz": 0.4991164349706221
  },
  "0;4|7": {
    "fisherz": 0.5167973322783368
  },
  "0;4|8": {
    "fisherz": 0.553699294116202
  },
  "0;4|9": {
    "fisherz": 0.5477929574809579
  },
  "0;5|1": {
    "fisherz": 0.7775815896407858
  },
  "0;5|2": {
    "fisherz": 0.7804337210203736
  },
  "0;5|3": {
    "fisherz": 0.8075651775894181
  },
  "0;5|4": {
    "fisherz": 0.8025564647963728
  },
  "0;5|6": {
    "fisherz": 0.7708081924936385
  },
  "0;5|7": {
    "fisherz": 0.7759908212475879
  },
  "0;5|8": {
    "fisherz": 0.9031782690394237
  },
  "0;5|9": {
    "fisherz": 0.8328474975061255
  },
  "0;6|1": {
    "fisherz": 0.6296884675055261
  },
  "0;6|2": {
    "fisherz": 0.6264956420923373
  },
  "0;6|3": {
    "fisherz": 0.6136394947587458
  },
  "0;6|4": {
    "fisherz": 0.6003318264171198
  },
  "0;6|5": {
    "fisherz": 0.6213269950662588
  },
  "0;6|7": {
    "fisherz": 0.6278271751647508
  },
  "0;6|8": {
    "fisherz": 0.6041871351242478
  },
  "0;6|9": {
    "fisherz": 0.5191784267820865
  },
  "0;7|1": {
    "fisherz": 0.806281082977576
  },
  "0;7|2": {
    "fisherz": 0.8099986439723708
  },
  "0;7|3": {
    "fisherz": 0.7416470347230804
  },
  "0;7|4": {
    "fisherz": 0.8086297592335117
  },
  "0;7|5": {
    "fisherz": 0.8052487148946972
  },
  "0;7|6": {
    "fisherz": 0.8134175031457813
  },
  "0;7|8": {
    "fisherz": 0.8155939089117883
  },
  "0;7|9": {
    "fisherz": 0.7839902068717288
  },
  "0;8|1": {
    "fisherz": 0.42048821826091665
  },
  "0;8|2": {
    "fisherz": 0.41187624379241816
  },
  "0;8|3": {
    "fisherz": 0.9061157384155505
  },
  "0;8|4": {
    "fisherz": 0.4376663760428503
  },
  "0;8|5": {
    "fisherz": 0.4355903267735468
  },
  "0;8|6": {
    "fisherz": 0.4018617295165354
  },
  "0;8|7": {
    "fisherz": 0.41385515828630126
  },
  "0;8|9": {
    "fisherz": 0.511842101054591
  },
  "0;9|1": {
    "fisherz": 0.3992596292037991
  },
  "0;9|2": {
    "fisherz": 0.3944034730563335
  },
  "0;9|3": {
    "fisherz": 0.5951597137930549
  },
  "0;9|4": {
    "fisherz": 0.41110897075537167
  },
  "0;9|5": {
    "fisherz": 0.40268694339251887
  },
  "0;9|6": {
    "fisherz": 0.3394997318200148
  },
  "0;9|7": {
    "fisherz": 0.386121438909965
  },
  "0;9|8": {
    "fisherz": 0.4826279610522781
  },
  "1;2|0": {
    "fisherz": 0.2708773895412451
  },
  "1;2|3": {
    "fisherz": 0.24406923123411772
  },
  "1;2|4": {
    "fisherz": 0.2514956655139935
  },
  "1;2|5": {
    "fisherz": 0.27213285993817316
  },
  "1;2|6": {
    "fisherz": 0.26838688296335445
  },
  "1;2|7": {
    "fisherz": 0.27299816281004685
  },
  "1;2|8": {
    "fisherz": 0.27199024426576757
  },
  "1;2|9": {
    "fisherz": 0.23517739439185958
  },
  "1;3|0": {
    "fisherz": 0.03487807593822145
  },
  "1;3|2": {
    "fisherz": 0.03245976062255629
  },
  "1;3|4": {
    "fisherz": 0.03832075727915707
  },
  "1;3|5": {
    "fisherz": 0.03532806176787351
  },
  "1;3|6": {
    "fisherz": 0.03524245286591032
  },
  "1;3|7": {
    "fisherz": 0.03569040826424641
  },
  "1;3|8": {
    "fisherz": 0.07476253325443682
  },
  "1;3|9": {
    "fisherz": 0.04897962505450626
  },
  "1;4|0": {
    "fisherz": 0.6961401989541605
  },
  "1;4|2": {
    "fisherz": 0.6062192622568723
  },
  "1;4|3": {
    "fisherz": 0.8711262814217755
  },
  "1;4|5": {
    "fisherz": 0.6874510673153713
  },
  "1;4|6": {
    "fisherz": 0.671032695486897
  },
  "1;4|7": {
    "fisherz": 0.6896511760694808
  },
  "1;4|8": {
    "fisherz": 0.7587144841135813
  },
  "1;4|9": {
    "fisherz": 0.7457622041099112
  },
  "1;5|0": {
    "fisherz": 0.9520655511550904
  },
  "1;5|2": {
    "fisherz": 0.976866809538605
  },
  "1;5|3": {
    "fisherz": 0.929703961809383
  },
  "1;5|4": {
    "fisherz": 0.9392999522865637
  },
  "1;5|6": {
    "fisherz": 0.9623742049502413
  },
  "1;5|7": {
    "fisherz": 0.9538557010680822
  },
  "1;5|8": {
    "fisherz": 0.746339266961991
  },
  "1;5|9": {
    "fisherz": 0.8662426429804422
  },
  "1;6|0": {
    "fisherz": 0.6424878014396445
  },
  "1;6|2": {
    "fisherz": 0.6255435728363659
  },
  "1;6|3": {
    "fisherz": 0.631352211680718
  },
  "1;6|4": {
    "fisherz": 0.6222805111300926
  },
  "1;6|5": {
    "fisherz": 0.638612987954079
  },
  "1;6|7": {
    "fisherz": 0.636311329185345
  },
  "1;6|8": {
    "fisherz": 0.6036067387759154
  },
  "1;6|9": {
    "fisherz": 0.4781222720019782
  },
  "1;7|0": {
    "fisherz": 0.8843163162113983
  },
  "1;7|2": {
    "fisherz": 0.9073635109347726
  },
  "1;7|3": {
    "fisherz": 0.9308271903348753
  },
  "1;7|4": {
    "fisherz": 0.8863158395257114
  },
  "1;7|5": {
    "fisherz": 0.8864695892397003
  },