{
  "data_hash": "029fef680da2200ea96bc57bfb9e66f5",
  "0;1": {
    "d_separation": 0.0
  },
  "0;2": {
    "d_separation": 0.0
  },
  "0;3": {
    "d_separation": 0.0
  },
  "0;4": {
    "d_separation": 0.0
  },
  "0;5": {
    "d_separation": 0.0
  },
  "0;6": {
    "d_separation": 0.0
  },
  "0;7": {
    "d_separation": 0.0
  },
  "0;8": {
    "d_separation": 0.0
  },
  "0;9": {
    "d_separation": 0.0
  },
  "1;2": {
    "d_separation": 0.0
  },
  "1;3": {
    "d_separation": 0.0
  },
  "1;4": {
    "d_separation": 0.0
  },
  "1;5": {
    "d_separation": 0.0
  },
  "1;6": {
    "d_separation": 0.0
  },
  "1;7": {
    "d_separation": 1.0
  },
  "1;8": {
    "d_separation": 0.0
  },
  "1;9": {
    "d_separation": 0.0
  },
  "2;3": {
    "d_separation": 0.0
  },
  "2;4": {
    "d_separation": 0.0
  },
  "2;5": {
    "d_separation": 0.0
  },
  "2;6": {
    "d_separation": 0.0
  },
  "2;7": {
    "d_separation": 0.0
  },
  "2;8": {
    "d_separation": 0.0
  },
  "2;9": {
    "d_separation": 0.0
  },
  "3;4": {
    "d_separation": 0.0
  },
  "3;5": {
    "d_separation": 0.0
  },
  "3;6": {
    "d_separation": 0.0
  },
  "3;7": {
    "d_separation": 1.0
  },
  "3;8": {
    "d_separation": 0.0
  },
  "3;9": {
    "d_separation": 0.0
  },
  "4;5": {
    "d_separation": 0.0
  },
  "4;6": {
    "d_separation": 0.0
  },
  "4;7": {
    "d_separation": 1.0
  },
  "4;8": {
    "d_separation": 0.0
  },
  "4;9": {
    "d_separation": 0.0
  },
  "5;6": {
    "d_separation": 0.0
  },
  "5;7": {
    "d_separation": 0.0
  },
  "5;8": {
    "d_separation": 0.0
  },
  "5;9": {
    "d_separation": 0.0
  },
  "6;7": {
    "d_separation": 0.0
  },
  "6;8": {
    "d_separation": 0.0
  },
  "6;9": {
    "d_separation": 0.0
  },
  "7;8": {
    "d_separation": 0.0
  },
  "7;9": {
    "d_separation": 0.0
  },
  "8;9": {
    "d_separation": 0.0
  },
  "0;1|2": {
    "fisherz": 0.0007448703491155229
  },
  "0;1|3": {
    "fisherz": 3.1802022815163866e-07
  },
  "0;1|4": {
    "fisherz": 0.001292617256998252
  },
  "0;1|5": {
    "fisherz": 0.0011388419367124314
  },
  "0;1|6": {
    "fisherz": 0.0014132620417874886
  },
  "0;1|7": {
    "fisherz": 0.0008523613989310785
  },
  "0;1|8": {
    "fisherz": 1.7212529522137032e-05
  },
  "0;1|9": {
    "fisherz": 0.00113287712666299
  },
  "0;2|1": {
    "fisherz": 0.14048528491408874
  },
  "0;2|3": {
    "fisherz": 0.6929450044515102
  },
  "0;2|4": {
    "fisherz": 0.28485422457733045
  },
  "0;2|5": {
    "fisherz": 0.3056234799880786
  },
  "0;2|6": {
    "fisherz": 0.31017516301235326
  },
  "0;2|7": {
    "fisherz": 0.47542449546353716
  },
  "0;2|8": {
    "fisherz": 0.9385412396497825
  },
  "0;2|9": {
    "fisherz": 0.28199205781007075
  },
  "0;3|1": {
    "fisherz": 5.361938892889384e-09
  },
  "0;3|2": {
    "fisherz": 3.68233859369127e-05
  },
  "0;3|4": {
    "fisherz": 2.2192680509069973e-05
  },
  "0;3|5": {
    "fisherz": 5.587390105810108e-05
  },
  "0;3|6": {
    "fisherz": 2.201751989949763e-05
  },
  "0;3|7": {
    "fisherz": 1.523684776039147e-05
  },
  "0;3|8": {
    "fisherz": 0.0038038390667838318
  },
  "0;3|9": {
    "fisherz": 3.1669948252766034e-05
  },
  "0;4|1": {
    "fisherz": 0.781097749796392
  },
  "0;4|2": {
    "fisherz": 0.8169502363651973
  },
  "0;4|3": {
    "fisherz": 0.9656454861743988
  },
  "0;4|5": {
    "fisherz": 0.7720654701821683
  },
  "0;4|6": {
    "fisherz": 0.7928814753459374
  },
  "0;4|7": {
    "fisherz": 0.8901102481713767
  },
  "0;4|8": {
    "fisherz": 0.8702732383135596
  },
  "0;4|9": {
    "fisherz": 0.8381168390126288
  },
  "0;5|1": {
    "fisherz": 0.06162210019141301
  },
  "0;5|2": {
    "fisherz": 0.07622725570081101
  },
  "0;5|3": {
    "fisherz": 0.22453622756777314
  },
  "0;5|4": {
    "fisherz": 0.0706143796311487
  },
  "0;5|6": {
    "fisherz": 0.07221594879729709
  },
  "0;5|7": {
    "fisherz": 0.03495024844309347
  },
  "0;5|8": {
    "fisherz": 0.19727103222489228
  },
  "0;5|9": {
    "fisherz": 0.07034193054879334
  },
  "0;6|1": {
    "fisherz": 0.18556923117634172
  },
  "0;6|2": {
    "fisherz": 0.1825120280734167
  },
  "0;6|3": {
    "fisherz": 0.1733364750990598
  },
  "0;6|4": {
    "fisherz": 0.1673568830973322
  },
  "0;6|5": {
    "fisherz": 0.1697897115619118
  },
  "0;6|7": {
    "fisherz": 0.40617154562930624
  },
  "0;6|8": {
    "fisherz": 0.1013650109312545
  },
  "0;6|9": {
    "fisherz": 0.32163741584064764
  },
  "0;7|1": {
    "fisherz": 2.1951823574450913e-06
  },
  "0;7|2": {
    "fisherz": 4.713242409026819e-06
  },
  "0;7|3": {
    "fisherz": 2.364176090674519e-06
  },
  "0;7|4": {
    "fisherz": 3.4096983663189917e-06
  },
  "0;7|5": {
    "fisherz": 1.748396140532904e-06
  },
  "0;7|6": {
    "fisherz": 6.396190838087179e-06
  },
  "0;7|8": {
    "fisherz": 7.015973613189175e-07
  },
  "0;7|9": {
    "fisherz": 3.0233321561823345e-06
  },
  "0;8|1": {
    "fisherz": 2.5529720502959208e-05
  },
  "0;8|2": {
    "fisherz": 0.0036821345425235297
  },
  "0;8|3": {
    "fisherz": 0.8176901116690314
  },
  "0;8|4": {
    "fisherz": 0.0019875166478819928
  },
  "0;8|5": {
    "fisherz": 0.004688620397487631
  },
  "0;8|6": {
    "fisherz": 0.0012659255458387086
  },
  "0;8|7": {
    "fisherz": 0.00039965373151562567
  },
  "0;8|9": {
    "fisherz": 0.002309129630671869
  },
  "0;9|1": {
    "fisherz": 0.2603066590875909
  },
  "0;9|2": {
    "fisherz": 0.31318165018147814
  },
  "0;9|3": {
    "fisherz": 0.5874894460988482
  },
  "0;9|4": {
    "fisherz": 0.31933320051351277
  },
  "0;9|5": {
    "fisherz": 0.30776717302026446
  },
  "0;9|6": {
    "fisherz": 0.7565265732358282
  },
  "0;9|7": {
    "fisherz": 0.2749367054783183
  },
  "0;9|8": {
    "fisherz": 0.4009478444503558
  },
  "1;2|0": {
    "fisherz": 0.05903171955063624
  },
  "1;2|3": {
    "fisherz": 0.3646554634159189
  },
  "1;2|4": {
    "fisherz": 0.11118899723246911
  },
  "1;2|5": {
    "fisherz": 0.11239779300661112
  },
  "1;2|6": {
    "fisherz": 0.10800637936761515
  },
  "1;2|8": {
    "fisherz": 0.6463891001511946
  },
  "1;2|9": {
    "fisherz": 0.11110656302618138
  },
  "1;3|0": {
    "fisherz": 1.4807866044463935e-09
  },
  "1;3|2": {
    "fisherz": 1.5105120154235152e-05
  },
  "1;3|4": {
    "fisherz": 6.196408207204129e-06
  },
  "1;3|5": {
    "fisherz": 4.902688462760096e-06
  },
  "1;3|6": {
    "fisherz": 5.757936360151206e-06
  },
  "1;3|8": {
    "fisherz": 0.005938000352624817
  },
  "1;3|9": {
    "fisherz": 6.626079499971738e-06
  },
  "1;4|0": {
    "fisherz": 0.7710305799971271
  },
  "1;4|2": {
    "fisherz": 0.7985074444949178
  },
  "1;4|3": {
    "fisherz": 0.9606602394440302
  },
  "1;4|5": {
    "fisherz": 0.8116254822173137
  },
  "1;4|6": {
    "fisherz": 0.8236420981997332
  },
  "1;4|8": {
    "fisherz": 0.8637683670665754
  },
  "1;4|9": {
    "fisherz": 0.8193121477325966
  },
  "1;5|0": {
    "fisherz": 0.603776486244809
  },
  "1;5|2": {
    "fisherz": 0.9573780787772954
  },
  "1;5|3": {
    "fisherz": 0.5320305628960253
  },
  "1;5|4": {
    "fisherz": 0.9146806002462813
  },
  "1;5|6": {
    "fisherz": 0.9200861420226565
  },
  "1;5|8": {
    "fisherz": 0.562105068760478
  },
  "1;5|9": {
    "fisherz": 0.9194898249511327
  },
  "1;6|0": {
    "fisherz": 0.9507821423197793
  },
  "1;6|2": {
    "fisherz": 0.6613887494855575
  },
  "1;6|3": {
    "fisherz": 0.6396651086122818
  },
  "1;6|4": {
    "fisherz": 0.7177975591948249
  },
  "1;6|5": {
    "fisherz": 0.7119536888686342
  },
  "1;6|8": {
    "fisherz": 0.9076662705829064
  },
  "1;6|9": {
    "fisherz": 0.4760889067293106
  },
  "1;8|0": {
    "fisherz": 3.5325023792776022e-06
  },
  "1;8|2": {
    "fisherz": 0.0009351351450566092
  },
  "1;8|3": {
    "fisherz": 0.4584636907357438
  },
  "1;8|4": {
    "fisherz": 0.000267637071976079
  },
  "1;8|5": {
    "fisherz": 0.00022092454438049636
  },
  "1;8|6": {
    "fisherz": 0.0002821664247387723
  },
  "1;8|9": {
    "fisherz": 0.00028378303746134925
  },
  "1;9|0": {
    "fisherz": 0.5006225884101745
  },