{
  "data_hash": "0352cf71e02bdc5c533895da1b962509",
  "0;1": {
    "d_separation": 0.0
  },
  "0;2": {
    "d_separation": 0.0
  },
  "0;3": {
    "d_separation": 0.0
  },
  "0;4": {
    "d_separation": 0.0
  },
  "0;5": {
    "d_separation": 0.0
  },
  "0;6": {
    "d_separation": 0.0
  },
  "0;7": {
    "d_separation": 0.0
  },
  "0;8": {
    "d_separation": 0.0
  },
  "0;9": {
    "d_separation": 0.0
  },
  "1;2": {
    "d_separation": 0.0
  },
  "1;3": {
    "d_separation": 0.0
  },
  "1;4": {
    "d_separation": 0.0
  },
  "1;5": {
    "d_separation": 0.0
  },
  "1;6": {
    "d_separation": 0.0
  },
  "1;7": {
    "d_separation": 0.0
  },
  "1;8": {
    "d_separation": 0.0
  },
  "1;9": {
    "d_separation": 0.0
  },
  "2;3": {
    "d_separation": 0.0
  },
  "2;4": {
    "d_separation": 0.0
  },
  "2;5": {
    "d_separation": 0.0
  },
  "2;6": {
    "d_separation": 0.0
  },
  "2;7": {
    "d_separation": 0.0
  },
  "2;8": {
    "d_separation": 0.0
  },
  "2;9": {
    "d_separation": 0.0
  },
  "3;4": {
    "d_separation": 0.0
  },
  "3;5": {
    "d_separation": 0.0
  },
  "3;6": {
    "d_separation": 0.0
  },
  "3;7": {
    "d_separation": 0.0
  },
  "3;8": {
    "d_separation": 0.0
  },
  "3;9": {
    "d_separation": 0.0
  },
  "4;5": {
    "d_separation": 0.0
  },
  "4;6": {
    "d_separation": 0.0
  },
  "4;7": {
    "d_separation": 0.0
  },
  "4;8": {
    "d_separation": 0.0
  },
  "4;9": {
    "d_separation": 0.0
  },
  "5;6": {
    "d_separation": 0.0
  },
  "5;7": {
    "d_separation": 0.0
  },
  "5;8": {
    "d_separation": 0.0
  },
  "5;9": {
    "d_separation": 0.0
  },
  "6;7": {
    "d_separation": 0.0
  },
  "6;8": {
    "d_separation": 0.0
  },
  "6;9": {
    "d_separation": 0.0
  },
  "7;8": {
    "d_separation": 0.0
  },
  "7;9": {
    "d_separation": 0.0
  },
  "8;9": {
    "d_separation": 0.0
  },
  "0;1|2": {
    "kci": 0.655650619315577
  },
  "0;1|3": {
    "kci": 0.7614902342396128
  },
  "0;1|4": {
    "kci": 0.7611934455124482
  },
  "0;1|5": {
    "kci": 0.3246862959292316
  },
  "0;1|6": {
    "kci": 0.7767427669208326
  },
  "0;1|7": {
    "kci": 0.3998529606315627
  },
  "0;1|8": {
    "kci": 0.7740323958928508
  },
  "0;1|9": {
    "kci": 0.7222779492972946
  },
  "0;2|1": {
    "kci": 0.6757450944829051
  },
  "0;2|3": {
    "kci": 0.7514036627517884
  },
  "0;2|4": {
    "kci": 0.635549266381904
  },
  "0;2|5": {
    "kci": 0.8501313647817452
  },
  "0;2|6": {
    "kci": 0.8957243802854182
  },
  "0;2|7": {
    "kci": 0.7956745831027858
  },
  "0;2|8": {
    "kci": 0.7598306266974233
  },
  "0;2|9": {
    "kci": 0.2641796076027877
  },
  "0;3|1": {
    "kci": 0.2795827688304653
  },
  "0;3|2": {
    "kci": 0.3555456609448965
  },
  "0;3|4": {
    "kci": 0.11932813264893138
  },
  "0;3|5": {
    "kci": 0.35124765312652517
  },
  "0;3|6": {
    "kci": 0.05763207320607
  },
  "0;3|7": {
    "kci": 0.2420266703105327
  },
  "0;3|8": {
    "kci": 0.48335405149681765
  },
  "0;3|9": {
    "kci": 0.2648510305464462
  },
  "0;4|1": {
    "kci": 0.7154430019939955
  },
  "0;4|2": {
    "kci": 0.24307662498566585
  },
  "0;4|3": {
    "kci": 0.17236111265746723
  },
  "0;4|5": {
    "kci": 0.2956049739970593
  },
  "0;4|6": {
    "kci": 0.5876187957944594
  },
  "0;4|7": {
    "kci": 0.18422532508072498
  },
  "0;4|8": {
    "kci": 0.26546464656560964
  },
  "0;4|9": {
    "kci": 0.09207074346373201
  },
  "0;5|1": {
    "kci": 0.7923363258753716
  },
  "0;5|2": {
    "kci": 0.8766403292858596
  },
  "0;5|3": {
    "kci": 0.7202611102055545
  },
  "0;5|4": {
    "kci": 0.8651241268228569
  },
  "0;5|6": {
    "kci": 0.5834342456848278
  },
  "0;5|7": {
    "kci": 0.8714635998335429
  },
  "0;5|8": {
    "kci": 0.8779642512650637
  },
  "0;5|9": {
    "kci": 0.7873313107209181
  },
  "0;6|1": {
    "kci": 0.7750860318360774
  },
  "0;6|2": {
    "kci": 0.6202445203154334
  },
  "0;6|3": {
    "kci": 0.09403361601972815
  },
  "0;6|4": {
    "kci": 0.6843561824652521
  },
  "0;6|5": {
    "kci": 0.6128013065520256
  },
  "0;6|7": {
    "kci": 0.6249049856257828
  },
  "0;6|8": {
    "kci": 0.7052953494503461
  },
  "0;6|9": {
    "kci": 0.37073143594154967
  },
  "0;7|1": {
    "kci": 0.3157089382977377
  },
  "0;7|2": {
    "kci": 0.3434568231892442
  },
  "0;7|3": {
    "kci": 0.3283702064663906
  },
  "0;7|4": {
    "kci": 0.3330726615744348
  },
  "0;7|5": {
    "kci": 0.36549396114887345
  },
  "0;7|6": {
    "kci": 0.33619566518000943
  },
  "0;7|8": {
    "kci": 0.376149941310127
  },
  "0;7|9": {
    "kci": 0.35924167480231706
  },
  "0;8|1": {
    "kci": 0.3491470632054732
  },
  "0;8|2": {
    "kci": 0.3879131798495654
  },
  "0;8|3": {
    "kci": 0.5027196795731738
  },
  "0;8|4": {
    "kci": 0.6531511289281823
  },
  "0;8|5": {
    "kci": 0.27154120735665854
  },
  "0;8|6": {
    "kci": 0.3485502470284777
  },
  "0;8|7": {
    "kci": 0.3321283603913636
  },
  "0;8|9": {
    "kci": 0.2598824612246238
  },
  "0;9|1": {
    "kci": 0.017919759143057434
  },
  "0;9|2": {
    "kci": 0.01455920973626268
  },
  "0;9|3": {
    "kci": 0.02683393265364109
  },
  "0;9|4": {
    "kci": 0.007954844582704346
  },
  "0;9|5": {
    "kci": 0.0317690009016347
  },
  "0;9|6": {
    "kci": 0.0010805118208759845
  },
  "0;9|7": {
    "kci": 0.011235867670820632
  },
  "0;9|8": {
    "kci": 0.01256025888528356
  },
  "1;2|0": {
    "kci": 4.0493858288748186e-07
  },
  "1;2|3": {
    "kci": 0.004943019878974941
  },
  "1;2|4": {
    "kci": 4.146832998208616e-06
  },
  "1;2|5": {
    "kci": 8.678823626429022e-08
  },
  "1;2|6": {
    "kci": 4.690111744420911e-06
  },
  "1;2|7": {
    "kci": 2.8880063340785966e-08
  },
  "1;2|8": {
    "kci": 4.722298635795319e-05
  },
  "1;2|9": {
    "kci": 1.537565706977162e-07
  },
  "1;3|0": {
    "kci": 3.500866518901802e-08
  },
  "1;3|2": {
    "kci": 4.6875385816047554e-05
  },
  "1;3|4": {
    "kci": 1.0485943446880697e-08
  },
  "1;3|5": {
    "kci": 3.905074463794733e-08
  },
  "1;3|6": {
    "kci": 1.8432379182975467e-06
  },
  "1;3|7": {
    "kci": 1.944185796576292e-06
  },
  "1;3|8": {
    "kci": 1.5155563432567298e-05
  },
  "1;3|9": {
    "kci": 3.079289705998356e-06
  },
  "1;4|0": {
    "kci": 0.10015169463423612
  },
  "1;4|2": {
    "kci": 0.13952135074768202
  },
  "1;4|3": {
    "kci": 0.0016748230119357777
  },
  "1;4|5": {
    "kci": 0.0027229748520567476
  },
  "1;4|6": {
    "kci": 0.032374865775431805
  },
  "1;4|7": {
    "kci": 0.09330615791736596
  },
  "1;4|8": {
    "kci": 0.11796731886463618
  },
  "1;4|9": {
    "kci": 0.026438448579204188
  },
  "1;5|0": {
    "kci": 0.2179886826820001
  },
  "1;5|2": {
    "kci": 0.10417592824634292
  },
  "1;5|3": {
    "kci": 0.042009169328932505
  },
  "1;5|4": {
    "kci": 0.0692697315629992
  },
  "1;5|6": {
    "kci": 0.12694410046227556
  },
  "1;5|7": {
    "kci": 0.2737287051415578
  },
  "1;5|8": {
    "kci": 0.16998231434904743
  },
  "1;5|9": {
    "kci": 0.4740708808064712
  },
  "1;6|0": {
    "kci": 0.2523424487823338
  },
  "1;6|2": {
    "kci": 0.7159166619865354
  },
  "1;6|3": {
    "kci": 0.11351032210615186
  },
  "1;6|4": {
    "kci": 0.17604675623717103
  },
  "1;6|5": {
    "kci": 0.32879636845032767
  },
  "1;6|7": {
    "kci": 0.16318076059664088
  },
  "1;6|8": {
    "kci": 0.35638726574725665
  },
  "1;6|9": {
    "kci": 0.6055006704820735
  },
  "1;7|0": {
    "kci": 0.04606299480342524
  },
  "1;7|2": {
    "kci": 0.027002001705624612
  },
  "1;7|3": {
    "kci": 0.10892067819346885
  },
  "1;7|4": {
    "kci": 0.0422429920091022
  },
  "1;7|5": {
    "kci": 0.08119784331696966
  },
  "1;7|6": {
    "kci": 0.04958976409105731
  },
  "1;7|8": {
    "kci": 0.030573995380197894
  },
  "1;7|9": {
    "kci": 0.06489149882962963
  },
  "1;8|0": {
    "kci": 0.0007331896760245371
  },
  "1;8|2": {
    "kci": 0.014517562692625385
  },
  "1;8|3": {
    "kci": 0.015391637353103449
  },
  "1;8|4": {
    "kci": 0.007233823425969121
  },
  "1;8|5": {
    "kci": 0.004514042678489871
  },