{
  "data_hash": "03824472b2982ec7f0de8c2cc9c379a4",
  "0;1": {
    "d_separation": 0.0
  },
  "0;2": {
    "d_separation": 0.0
  },
  "0;3": {
    "d_separation": 0.0
  },
  "0;4": {
    "d_separation": 0.0
  },
  "0;5": {
    "d_separation": 0.0
  },
  "0;6": {
    "d_separation": 0.0
  },
  "0;7": {
    "d_separation": 0.0
  },
  "0;8": {
    "d_separation": 0.0
  },
  "0;9": {
    "d_separation": 0.0
  },
  "1;2": {
    "d_separation": 0.0
  },
  "1;3": {
    "d_separation": 0.0
  },
  "1;4": {
    "d_separation": 0.0
  },
  "1;5": {
    "d_separation": 0.0
  },
  "1;6": {
    "d_separation": 0.0
  },
  "1;7": {
    "d_separation": 0.0
  },
  "1;8": {
    "d_separation": 0.0
  },
  "1;9": {
    "d_separation": 0.0
  },
  "2;3": {
    "d_separation": 0.0
  },
  "2;4": {
    "d_separation": 0.0
  },
  "2;5": {
    "d_separation": 0.0
  },
  "2;6": {
    "d_separation": 0.0
  },
  "2;7": {
    "d_separation": 0.0
  },
  "2;8": {
    "d_separation": 0.0
  },
  "2;9": {
    "d_separation": 0.0
  },
  "3;4": {
    "d_separation": 0.0
  },
  "3;5": {
    "d_separation": 0.0
  },
  "3;6": {
    "d_separation": 0.0
  },
  "3;7": {
    "d_separation": 0.0
  },
  "3;8": {
    "d_separation": 0.0
  },
  "3;9": {
    "d_separation": 0.0
  },
  "4;5": {
    "d_separation": 0.0
  },
  "4;6": {
    "d_separation": 0.0
  },
  "4;7": {
    "d_separation": 0.0
  },
  "4;8": {
    "d_separation": 0.0
  },
  "4;9": {
    "d_separation": 0.0
  },
  "5;6": {
    "d_separation": 0.0
  },
  "5;7": {
    "d_separation": 0.0
  },
  "5;8": {
    "d_separation": 0.0
  },
  "5;9": {
    "d_separation": 0.0
  },
  "6;7": {
    "d_separation": 0.0
  },
  "6;8": {
    "d_separation": 0.0
  },
  "6;9": {
    "d_separation": 0.0
  },
  "7;8": {
    "d_separation": 0.0
  },
  "7;9": {
    "d_separation": 0.0
  },
  "8;9": {
    "d_separation": 0.0
  },
  "0;1|2": {
    "kci": 0.0845412652002151
  },
  "0;1|3": {
    "kci": 0.16843681132549215
  },
  "0;1|4": {
    "kci": 0.0628659405873696
  },
  "0;1|5": {
    "kci": 0.1886556157370397
  },
  "0;1|6": {
    "kci": 0.1566327948636399
  },
  "0;1|7": {
    "kci": 0.3240417739858331
  },
  "0;1|8": {
    "kci": 0.09017343880700834
  },
  "0;1|9": {
    "kci": 0.08884829364232916
  },
  "0;2|1": {
    "kci": 0.0008049388187609807
  },
  "0;2|3": {
    "kci": 0.00011457898390354604
  },
  "0;2|4": {
    "kci": 9.300822892965854e-06
  },
  "0;2|5": {
    "kci": 7.046397003762639e-05
  },
  "0;2|6": {
    "kci": 1.869722333014412e-05
  },
  "0;2|7": {
    "kci": 2.932292990198704e-06
  },
  "0;2|8": {
    "kci": 1.4115632590350202e-05
  },
  "0;2|9": {
    "kci": 0.00010716876124805541
  },
  "0;3|1": {
    "kci": 0.3461074675356074
  },
  "0;3|2": {
    "kci": 0.540072975733543
  },
  "0;3|4": {
    "kci": 0.3177109052118947
  },
  "0;3|5": {
    "kci": 0.47628603204318476
  },
  "0;3|6": {
    "kci": 0.14014987803381007
  },
  "0;3|7": {
    "kci": 0.294872609208527
  },
  "0;3|8": {
    "kci": 0.1578271559478659
  },
  "0;3|9": {
    "kci": 0.4406984005534915
  },
  "0;4|1": {
    "kci": 0.27587870112952195
  },
  "0;4|2": {
    "kci": 0.27252022502802187
  },
  "0;4|3": {
    "kci": 0.26615940373037517
  },
  "0;4|5": {
    "kci": 0.26992751123437864
  },
  "0;4|6": {
    "kci": 0.21624733732365298
  },
  "0;4|7": {
    "kci": 0.6909300014376953
  },
  "0;4|8": {
    "kci": 0.2753196785551719
  },
  "0;4|9": {
    "kci": 0.3525000437019721
  },
  "0;5|1": {
    "kci": 9.340442922445291e-07
  },
  "0;5|2": {
    "kci": 2.047902361579368e-06
  },
  "0;5|3": {
    "kci": 1.1360817910865961e-06
  },
  "0;5|4": {
    "kci": 1.3423368872000907e-07
  },
  "0;5|6": {
    "kci": 3.0679645245390574e-05
  },
  "0;5|7": {
    "kci": 0.4739733688729615
  },
  "0;5|8": {
    "kci": 1.984724133929916e-07
  },
  "0;5|9": {
    "kci": 1.6870103136668035e-07
  },
  "0;6|1": {
    "kci": 0.0
  },
  "0;6|2": {
    "kci": 0.0
  },
  "0;6|3": {
    "kci": 0.0
  },
  "0;6|4": {
    "kci": 2.220446049250313e-16
  },
  "0;6|5": {
    "kci": 0.0
  },
  "0;6|7": {
    "kci": 1.0753882007108473e-08
  },
  "0;6|8": {
    "kci": 0.0
  },
  "0;6|9": {
    "kci": 0.0
  },
  "0;7|1": {
    "kci": 1.003289118450823e-09
  },
  "0;7|2": {
    "kci": 5.149627391176637e-10
  },
  "0;7|3": {
    "kci": 2.125164488830933e-10
  },
  "0;7|4": {
    "kci": 7.502887200416808e-12
  },
  "0;7|5": {
    "kci": 3.375099887747979e-05
  },
  "0;7|6": {
    "kci": 1.405439098434158e-10
  },
  "0;7|8": {
    "kci": 5.118905299639209e-11
  },
  "0;7|9": {
    "kci": 2.072819693665906e-11
  },
  "0;8|1": {
    "kci": 0.6588928467026932
  },
  "0;8|2": {
    "kci": 0.6036831341145581
  },
  "0;8|3": {
    "kci": 0.6293016197004417
  },
  "0;8|4": {
    "kci": 0.524648417060404
  },
  "0;8|5": {
    "kci": 0.7433772597996806
  },
  "0;8|6": {
    "kci": 0.14280960942592646
  },
  "0;8|7": {
    "kci": 0.6526112168732314
  },
  "0;8|9": {
    "kci": 0.5914994029082468
  },
  "0;9|1": {
    "kci": 0.13942012699379247
  },
  "0;9|2": {
    "kci": 0.22350173213445723
  },
  "0;9|3": {
    "kci": 0.4679399769861172
  },
  "0;9|4": {
    "kci": 0.1710850581300437
  },
  "0;9|5": {
    "kci": 0.10985970411786194
  },
  "0;9|6": {
    "kci": 0.11511337587769166
  },
  "0;9|7": {
    "kci": 0.750705860022818
  },
  "0;9|8": {
    "kci": 0.08834058220631635
  },
  "1;2|0": {
    "kci": 0.17509605850145438
  },
  "1;2|3": {
    "kci": 0.10693420940621146
  },
  "1;2|4": {
    "kci": 0.10160507882063219
  },
  "1;2|5": {
    "kci": 0.1347127786052711
  },
  "1;2|6": {
    "kci": 0.13964178311107545
  },
  "1;2|7": {
    "kci": 0.19427826846295426
  },
  "1;2|8": {
    "kci": 0.1115402079897927
  },
  "1;2|9": {
    "kci": 0.11437858307536197
  },
  "1;3|0": {
    "kci": 0.22902550720131032
  },
  "1;3|2": {
    "kci": 0.14751523018670076
  },
  "1;3|4": {
    "kci": 0.2781734901252375
  },
  "1;3|5": {
    "kci": 0.27868864721021325
  },
  "1;3|6": {
    "kci": 0.25624234878517604
  },
  "1;3|7": {
    "kci": 0.2445225774954165
  },
  "1;3|8": {
    "kci": 0.2670526382026468
  },
  "1;3|9": {
    "kci": 0.26420834123833903
  },
  "1;4|0": {
    "kci": 0.06077326349982759
  },
  "1;4|2": {
    "kci": 0.0009615447164208479
  },
  "1;4|3": {
    "kci": 0.04056085378375507
  },
  "1;4|5": {
    "kci": 0.04498507408221142
  },
  "1;4|6": {
    "kci": 0.11891047036783964
  },
  "1;4|7": {
    "kci": 0.18298149293758392
  },
  "1;4|8": {
    "kci": 0.06345577180300233
  },
  "1;4|9": {
    "kci": 0.053245946699062574
  },
  "1;5|0": {
    "kci": 0.2590291683315735
  },
  "1;5|2": {
    "kci": 0.0614029347941929
  },
  "1;5|3": {
    "kci": 0.24038456672718456
  },
  "1;5|4": {
    "kci": 0.028771920034884046
  },
  "1;5|6": {
    "kci": 0.03428150425405174
  },
  "1;5|7": {
    "kci": 0.31515423175367296
  },
  "1;5|8": {
    "kci": 0.0788673597229157
  },
  "1;5|9": {
    "kci": 0.049826857505041566
  },
  "1;6|0": {
    "kci": 0.3126133560417008
  },
  "1;6|2": {
    "kci": 0.20871016729439518
  },
  "1;6|3": {
    "kci": 0.31173285411583374
  },
  "1;6|4": {
    "kci": 0.2497755053639258
  },
  "1;6|5": {
    "kci": 0.2675916373656957
  },
  "1;6|7": {
    "kci": 0.3189667933633117
  },
  "1;6|8": {
    "kci": 0.2698288734454327
  },
  "1;6|9": {
    "kci": 0.27279446509813465
  },
  "1;7|0": {
    "kci": 0.14007907969256617
  },
  "1;7|2": {
    "kci": 0.14962661552703582
  },
  "1;7|3": {
    "kci": 0.03864846587633919
  },
  "1;7|4": {
    "kci": 0.07769207533342648
  },
  "1;7|5": {
    "kci": 0.14151603622943054
  },
  "1;7|6": {
    "kci": 0.0674628581180231
  },
  "1;7|8": {
    "kci": 0.08743630103312083
  },
  "1;7|9": {
    "kci": 0.07600408843847739
  },
  "1;8|0": {
    "kci": 0.23249671562583218
  },
  "1;8|2": {
    "kci": 0.0912708266139618
  },
  "1;8|3": {
    "kci": 0.24396355911590495
  },
  "1;8|4": {
    "kci": 0.2024574796519255
  },
  "1;8|5": {
    "kci": 0.23642362238050585
  },
  "1;8|6": {
    "kci": 0.19542362405576852
  },
  "1;8|7": {
    "kci": 0.18974845187281864
  },