{
  "data_hash": "0393059a4a5a2afc75d915869fe21053",
  "0;1": {
    "d_separation": 0.0
  },
  "0;2": {
    "d_separation": 0.0
  },
  "0;3": {
    "d_separation": 0.0
  },
  "0;4": {
    "d_separation": 0.0
  },
  "0;5": {
    "d_separation": 0.0
  },
  "0;6": {
    "d_separation": 0.0
  },
  "0;7": {
    "d_separation": 0.0
  },
  "0;8": {
    "d_separation": 0.0
  },
  "0;9": {
    "d_separation": 0.0
  },
  "1;2": {
    "d_separation": 0.0
  },
  "1;3": {
    "d_separation": 0.0
  },
  "1;4": {
    "d_separation": 0.0
  },
  "1;5": {
    "d_separation": 0.0
  },
  "1;6": {
    "d_separation": 0.0
  },
  "1;7": {
    "d_separation": 0.0
  },
  "1;8": {
    "d_separation": 0.0
  },
  "1;9": {
    "d_separation": 0.0
  },
  "2;3": {
    "d_separation": 0.0
  },
  "2;4": {
    "d_separation": 0.0
  },
  "2;5": {
    "d_separation": 0.0
  },
  "2;6": {
    "d_separation": 0.0
  },
  "2;7": {
    "d_separation": 0.0
  },
  "2;8": {
    "d_separation": 0.0
  },
  "2;9": {
    "d_separation": 0.0
  },
  "3;4": {
    "d_separation": 0.0
  },
  "3;5": {
    "d_separation": 0.0
  },
  "3;6": {
    "d_separation": 0.0
  },
  "3;7": {
    "d_separation": 0.0
  },
  "3;8": {
    "d_separation": 0.0
  },
  "3;9": {
    "d_separation": 0.0
  },
  "4;5": {
    "d_separation": 0.0
  },
  "4;6": {
    "d_separation": 0.0
  },
  "4;7": {
    "d_separation": 0.0
  },
  "4;8": {
    "d_separation": 0.0
  },
  "4;9": {
    "d_separation": 0.0
  },
  "5;6": {
    "d_separation": 0.0
  },
  "5;7": {
    "d_separation": 0.0
  },
  "5;8": {
    "d_separation": 0.0
  },
  "5;9": {
    "d_separation": 0.0
  },
  "6;7": {
    "d_separation": 0.0
  },
  "6;8": {
    "d_separation": 0.0
  },
  "6;9": {
    "d_separation": 0.0
  },
  "7;8": {
    "d_separation": 0.0
  },
  "7;9": {
    "d_separation": 0.0
  },
  "8;9": {
    "d_separation": 0.0
  },
  "0;1|2": {
    "kci": 0.7068104709642261
  },
  "0;1|3": {
    "kci": 0.7863271591892109
  },
  "0;1|4": {
    "kci": 0.8522293469468406
  },
  "0;1|5": {
    "kci": 0.6944479233805945
  },
  "0;1|6": {
    "kci": 0.7216983046629748
  },
  "0;1|7": {
    "kci": 0.7653147571612686
  },
  "0;1|8": {
    "kci": 0.7527467797311728
  },
  "0;1|9": {
    "kci": 0.7125845018313048
  },
  "0;2|1": {
    "kci": 2.337974258637132e-11
  },
  "0;2|3": {
    "kci": 8.126504102978771e-08
  },
  "0;2|4": {
    "kci": 4.4799164378162004e-11
  },
  "0;2|5": {
    "kci": 0.00013681607256510464
  },
  "0;2|6": {
    "kci": 3.108624468950438e-14
  },
  "0;2|7": {
    "kci": 2.2426061008218312e-11
  },
  "0;2|8": {
    "kci": 1.7417867148594723e-10
  },
  "0;2|9": {
    "kci": 3.0198066269804258e-12
  },
  "0;3|1": {
    "kci": 0.02991927896751878
  },
  "0;3|2": {
    "kci": 0.407852267104704
  },
  "0;3|4": {
    "kci": 0.030945798226072463
  },
  "0;3|5": {
    "kci": 0.23623440658351658
  },
  "0;3|6": {
    "kci": 0.060229120833079186
  },
  "0;3|7": {
    "kci": 0.02359642829334818
  },
  "0;3|8": {
    "kci": 0.019133113446855643
  },
  "0;3|9": {
    "kci": 0.0017982102542426492
  },
  "0;4|1": {
    "kci": 0.7105329974099123
  },
  "0;4|2": {
    "kci": 0.5655677447667334
  },
  "0;4|3": {
    "kci": 0.40918023599526543
  },
  "0;4|5": {
    "kci": 0.7199700671409397
  },
  "0;4|6": {
    "kci": 0.7844613292954683
  },
  "0;4|7": {
    "kci": 0.6875690800169747
  },
  "0;4|8": {
    "kci": 0.5186061682254484
  },
  "0;4|9": {
    "kci": 0.6104907672621986
  },
  "0;5|1": {
    "kci": 0.00029536994279422135
  },
  "0;5|2": {
    "kci": 0.00021295961788547757
  },
  "0;5|3": {
    "kci": 0.0007138135070571261
  },
  "0;5|4": {
    "kci": 0.0001279729222862791
  },
  "0;5|6": {
    "kci": 0.0006783189675013679
  },
  "0;5|7": {
    "kci": 1.5673766476820283e-05
  },
  "0;5|8": {
    "kci": 0.00012175201759168086
  },
  "0;5|9": {
    "kci": 0.00013605783870340726
  },
  "0;6|1": {
    "kci": 0.08649051979650679
  },
  "0;6|2": {
    "kci": 0.10449761220254705
  },
  "0;6|3": {
    "kci": 0.03135060184802352
  },
  "0;6|4": {
    "kci": 0.047549064664840324
  },
  "0;6|5": {
    "kci": 0.055830444485967634
  },
  "0;6|7": {
    "kci": 0.07600096584407745
  },
  "0;6|8": {
    "kci": 0.5441015464799618
  },
  "0;6|9": {
    "kci": 0.029007196667085067
  },
  "0;7|1": {
    "kci": 0.384118682404772
  },
  "0;7|2": {
    "kci": 0.14331223240739444
  },
  "0;7|3": {
    "kci": 0.28639917341110066
  },
  "0;7|4": {
    "kci": 0.389733610748644
  },
  "0;7|5": {
    "kci": 0.21337424847338238
  },
  "0;7|6": {
    "kci": 0.21558615392290026
  },
  "0;7|8": {
    "kci": 0.32884433191758156
  },
  "0;7|9": {
    "kci": 0.4373132807390364
  },
  "0;8|1": {
    "kci": 0.01640025715897575
  },
  "0;8|2": {
    "kci": 0.07553621265665433
  },
  "0;8|3": {
    "kci": 0.07986965827322912
  },
  "0;8|4": {
    "kci": 0.04473297089754813
  },
  "0;8|5": {
    "kci": 0.022462243459200892
  },
  "0;8|6": {
    "kci": 0.33209721478002985
  },
  "0;8|7": {
    "kci": 0.029984180955007322
  },
  "0;8|9": {
    "kci": 0.021155013766847808
  },
  "0;9|1": {
    "kci": 0.27647080255443257
  },
  "0;9|2": {
    "kci": 0.3814625339701847
  },
  "0;9|3": {
    "kci": 0.49474005521551645
  },
  "0;9|4": {
    "kci": 0.2802541502813317
  },
  "0;9|5": {
    "kci": 0.3545408905604184
  },
  "0;9|6": {
    "kci": 0.34585516751015577
  },
  "0;9|7": {
    "kci": 0.39306107748604524
  },
  "0;9|8": {
    "kci": 0.3140514199990758
  },
  "1;2|0": {
    "kci": 0.598322273116811
  },
  "1;2|3": {
    "kci": 0.642305721000404
  },
  "1;2|4": {
    "kci": 0.6537134296891172
  },
  "1;2|5": {
    "kci": 0.56997925766618
  },
  "1;2|6": {
    "kci": 0.7774029577949968
  },
  "1;2|7": {
    "kci": 0.6935869508869175
  },
  "1;2|8": {
    "kci": 0.6243517378826484
  },
  "1;2|9": {
    "kci": 0.7313058493368707
  },
  "1;3|0": {
    "kci": 0.3260875393770488
  },
  "1;3|2": {
    "kci": 0.26025216445841703
  },
  "1;3|4": {
    "kci": 0.25689100775586615
  },
  "1;3|5": {
    "kci": 0.4271232593497867
  },
  "1;3|6": {
    "kci": 0.18556611781065313
  },
  "1;3|7": {
    "kci": 0.2678289691785982
  },
  "1;3|8": {
    "kci": 0.3211498402766628
  },
  "1;3|9": {
    "kci": 0.35775859926340847
  },
  "1;4|0": {
    "kci": 0.299093879118133
  },
  "1;4|2": {
    "kci": 0.23149093497599804
  },
  "1;4|3": {
    "kci": 0.22125123454918527
  },
  "1;4|5": {
    "kci": 0.2240286793874502
  },
  "1;4|6": {
    "kci": 0.22019020184791604
  },
  "1;4|7": {
    "kci": 0.14985629505306952
  },
  "1;4|8": {
    "kci": 0.09733190872323627
  },
  "1;4|9": {
    "kci": 0.31340676691466585
  },
  "1;5|0": {
    "kci": 0.6083233036437168
  },
  "1;5|2": {
    "kci": 0.6293843016088855
  },
  "1;5|3": {
    "kci": 0.5700837548318015
  },
  "1;5|4": {
    "kci": 0.6933489590180939
  },
  "1;5|6": {
    "kci": 0.5780586986361909
  },
  "1;5|7": {
    "kci": 0.6732986721438421
  },
  "1;5|8": {
    "kci": 0.5401231265664961
  },
  "1;5|9": {
    "kci": 0.6570872040371359
  },
  "1;6|0": {
    "kci": 0.7043584001367289
  },
  "1;6|2": {
    "kci": 0.6410759638887318
  },
  "1;6|3": {
    "kci": 0.6046770328888595
  },
  "1;6|4": {
    "kci": 0.6071002197904354
  },
  "1;6|5": {
    "kci": 0.6298471184665457
  },
  "1;6|7": {
    "kci": 0.601784556318706
  },
  "1;6|8": {
    "kci": 0.2440762840279952
  },
  "1;6|9": {
    "kci": 0.5246023933210795
  },
  "1;7|0": {
    "kci": 0.14223972535232976
  },
  "1;7|2": {
    "kci": 0.24146748345198965
  },
  "1;7|3": {
    "kci": 0.2092176242597411
  },
  "1;7|4": {
    "kci": 0.2571328699822448
  },
  "1;7|5": {
    "kci": 0.25465250688938457
  },
  "1;7|6": {
    "kci": 0.20259009088261726
  },
  "1;7|8": {
    "kci": 0.22514437955940847
  },
  "1;7|9": {
    "kci": 0.23683452361844815
  },
  "1;8|0": {
    "kci": 0.1635153579173203
  },
  "1;8|2": {
    "kci": 0.09148013917465203
  },
  "1;8|3": {
    "kci": 0.11338564527581618
  },
  "1;8|4": {
    "kci": 0.2176183091200119
  },
  "1;8|5": {
    "kci": 0.12857091694385303
  },