{
  "data_hash": "062013e87f4bc45a610808b22e7136b1",
  "0;1": {
    "d_separation": 0.0
  },
  "0;2": {
    "d_separation": 0.0
  },
  "0;3": {
    "d_separation": 0.0
  },
  "0;4": {
    "d_separation": 0.0
  },
  "0;5": {
    "d_separation": 0.0
  },
  "0;6": {
    "d_separation": 0.0
  },
  "0;7": {
    "d_separation": 0.0
  },
  "0;8": {
    "d_separation": 0.0
  },
  "0;9": {
    "d_separation": 0.0
  },
  "1;2": {
    "d_separation": 0.0
  },
  "1;3": {
    "d_separation": 0.0
  },
  "1;4": {
    "d_separation": 0.0
  },
  "1;5": {
    "d_separation": 0.0
  },
  "1;6": {
    "d_separation": 0.0
  },
  "1;7": {
    "d_separation": 0.0
  },
  "1;8": {
    "d_separation": 0.0
  },
  "1;9": {
    "d_separation": 0.0
  },
  "2;3": {
    "d_separation": 0.0
  },
  "2;4": {
    "d_separation": 0.0
  },
  "2;5": {
    "d_separation": 0.0
  },
  "2;6": {
    "d_separation": 0.0
  },
  "2;7": {
    "d_separation": 0.0
  },
  "2;8": {
    "d_separation": 0.0
  },
  "2;9": {
    "d_separation": 0.0
  },
  "3;4": {
    "d_separation": 0.0
  },
  "3;5": {
    "d_separation": 0.0
  },
  "3;6": {
    "d_separation": 0.0
  },
  "3;7": {
    "d_separation": 0.0
  },
  "3;8": {
    "d_separation": 0.0
  },
  "3;9": {
    "d_separation": 0.0
  },
  "4;5": {
    "d_separation": 0.0
  },
  "4;6": {
    "d_separation": 0.0
  },
  "4;7": {
    "d_separation": 0.0
  },
  "4;8": {
    "d_separation": 0.0
  },
  "4;9": {
    "d_separation": 0.0
  },
  "5;6": {
    "d_separation": 0.0
  },
  "5;7": {
    "d_separation": 0.0
  },
  "5;8": {
    "d_separation": 0.0
  },
  "5;9": {
    "d_separation": 0.0
  },
  "6;7": {
    "d_separation": 0.0
  },
  "6;8": {
    "d_separation": 0.0
  },
  "6;9": {
    "d_separation": 0.0
  },
  "7;8": {
    "d_separation": 0.0
  },
  "7;9": {
    "d_separation": 0.0
  },
  "8;9": {
    "d_separation": 0.0
  },
  "0;1|2": {
    "kci": 0.3862265067719335
  },
  "0;1|3": {
    "kci": 0.47864310737875804
  },
  "0;1|4": {
    "kci": 0.2937097105406199
  },
  "0;1|5": {
    "kci": 0.12330671762328782
  },
  "0;1|6": {
    "kci": 0.16942608438409612
  },
  "0;1|7": {
    "kci": 0.05512008419469472
  },
  "0;1|8": {
    "kci": 0.22805413555183818
  },
  "0;1|9": {
    "kci": 0.3669853465150832
  },
  "0;2|1": {
    "kci": 0.3322511539334829
  },
  "0;2|3": {
    "kci": 0.12683832919075866
  },
  "0;2|4": {
    "kci": 0.2797773850253643
  },
  "0;2|5": {
    "kci": 0.5601803743691719
  },
  "0;2|6": {
    "kci": 0.27783444729867535
  },
  "0;2|7": {
    "kci": 0.6212107461153428
  },
  "0;2|8": {
    "kci": 0.34873062140553635
  },
  "0;2|9": {
    "kci": 0.24840701642132634
  },
  "0;3|1": {
    "kci": 6.715203948459703e-10
  },
  "0;3|2": {
    "kci": 7.594480599948383e-12
  },
  "0;3|4": {
    "kci": 8.043615773445367e-10
  },
  "0;3|5": {
    "kci": 7.253779799043514e-10
  },
  "0;3|6": {
    "kci": 1.6675949510158716e-10
  },
  "0;3|7": {
    "kci": 6.323974677258093e-11
  },
  "0;3|8": {
    "kci": 4.405098508186711e-11
  },
  "0;3|9": {
    "kci": 2.50350296049362e-10
  },
  "0;4|1": {
    "kci": 0.525086215317665
  },
  "0;4|2": {
    "kci": 0.36479039604732977
  },
  "0;4|3": {
    "kci": 0.5259607210333155
  },
  "0;4|5": {
    "kci": 0.4013798705168352
  },
  "0;4|6": {
    "kci": 0.605476258768628
  },
  "0;4|7": {
    "kci": 0.5777481022464334
  },
  "0;4|8": {
    "kci": 0.6790507617134149
  },
  "0;4|9": {
    "kci": 0.6486622091488088
  },
  "0;5|1": {
    "kci": 0.06915757334936623
  },
  "0;5|2": {
    "kci": 0.11711468262951596
  },
  "0;5|3": {
    "kci": 1.8610095408266858e-05
  },
  "0;5|4": {
    "kci": 0.0730770735651074
  },
  "0;5|6": {
    "kci": 0.10455677638691441
  },
  "0;5|7": {
    "kci": 0.17676418846557063
  },
  "0;5|8": {
    "kci": 0.2599444180988866
  },
  "0;5|9": {
    "kci": 0.07280402329505498
  },
  "0;6|1": {
    "kci": 0.056208501891128804
  },
  "0;6|2": {
    "kci": 0.051177143871616204
  },
  "0;6|3": {
    "kci": 0.027989352814173918
  },
  "0;6|4": {
    "kci": 0.04118000673136668
  },
  "0;6|5": {
    "kci": 0.2233916269512204
  },
  "0;6|7": {
    "kci": 0.06283981489025192
  },
  "0;6|8": {
    "kci": 0.02352683168251868
  },
  "0;6|9": {
    "kci": 0.037867735759067656
  },
  "0;7|1": {
    "kci": 2.2648495983546013e-05
  },
  "0;7|2": {
    "kci": 0.000860791516697601
  },
  "0;7|3": {
    "kci": 4.4537941032318784e-05
  },
  "0;7|4": {
    "kci": 0.0005212977820097109
  },
  "0;7|5": {
    "kci": 0.16205937567867768
  },
  "0;7|6": {
    "kci": 0.0013983324920422424
  },
  "0;7|8": {
    "kci": 0.001630106244690177
  },
  "0;7|9": {
    "kci": 0.0008708383256167407
  },
  "0;8|1": {
    "kci": 0.004403364971012791
  },
  "0;8|2": {
    "kci": 0.01433824669383521
  },
  "0;8|3": {
    "kci": 0.02473811240106316
  },
  "0;8|4": {
    "kci": 0.01847090610661717
  },
  "0;8|5": {
    "kci": 0.08355780715134875
  },
  "0;8|6": {
    "kci": 0.016643921279467122
  },
  "0;8|7": {
    "kci": 0.05651173585751157
  },
  "0;8|9": {
    "kci": 0.03804799816378113
  },
  "0;9|1": {
    "kci": 0.637221903800606
  },
  "0;9|2": {
    "kci": 0.5864262001608187
  },
  "0;9|3": {
    "kci": 0.4155722239597526
  },
  "0;9|4": {
    "kci": 0.5223078568610372
  },
  "0;9|5": {
    "kci": 0.649103590228989
  },
  "0;9|6": {
    "kci": 0.4661792293730398
  },
  "0;9|7": {
    "kci": 0.40795581741792497
  },
  "0;9|8": {
    "kci": 0.5088695404528207
  },
  "1;2|0": {
    "kci": 0.353374635607119
  },
  "1;2|3": {
    "kci": 0.21288690834077195
  },
  "1;2|4": {
    "kci": 0.42971605636148535
  },
  "1;2|5": {
    "kci": 0.3096315761899333
  },
  "1;2|6": {
    "kci": 0.045718763500449455
  },
  "1;2|7": {
    "kci": 0.07339432847337235
  },
  "1;2|8": {
    "kci": 0.2471645615395901
  },
  "1;2|9": {
    "kci": 0.23588872201793487
  },
  "1;3|0": {
    "kci": 0.5595623026200263
  },
  "1;3|2": {
    "kci": 0.46946229074223544
  },
  "1;3|4": {
    "kci": 0.3410537607992583
  },
  "1;3|5": {
    "kci": 0.3819694263440979
  },
  "1;3|6": {
    "kci": 0.3778477304569918
  },
  "1;3|7": {
    "kci": 0.15091450030226972
  },
  "1;3|8": {
    "kci": 0.22361949810178305
  },
  "1;3|9": {
    "kci": 0.36794045790526964
  },
  "1;4|0": {
    "kci": 0.43480222590185424
  },
  "1;4|2": {
    "kci": 0.4670664160171446
  },
  "1;4|3": {
    "kci": 0.4620014752890368
  },
  "1;4|5": {
    "kci": 0.4379109830478992
  },
  "1;4|6": {
    "kci": 0.4027746566698661
  },
  "1;4|7": {
    "kci": 0.44703049153107866
  },
  "1;4|8": {
    "kci": 0.41178377085438667
  },
  "1;4|9": {
    "kci": 0.39562874850564
  },
  "1;5|0": {
    "kci": 0.6571556342200877
  },
  "1;5|2": {
    "kci": 0.6970769604201357
  },
  "1;5|3": {
    "kci": 0.4353339003696781
  },
  "1;5|4": {
    "kci": 0.7129397171728558
  },
  "1;5|6": {
    "kci": 0.7004014615662417
  },
  "1;5|7": {
    "kci": 0.4839412814377343
  },
  "1;5|8": {
    "kci": 0.6167673458475893
  },
  "1;5|9": {
    "kci": 0.5692964054734735
  },
  "1;6|0": {
    "kci": 0.04730810878212266
  },
  "1;6|2": {
    "kci": 0.07462041428330757
  },
  "1;6|3": {
    "kci": 0.04725151485668533
  },
  "1;6|4": {
    "kci": 0.04279393255987751
  },
  "1;6|5": {
    "kci": 0.05751709423315721
  },
  "1;6|7": {
    "kci": 0.15748641276594755
  },
  "1;6|8": {
    "kci": 0.07929546140545052
  },
  "1;6|9": {
    "kci": 0.08151985784183302
  },
  "1;7|0": {
    "kci": 0.30408036951483197
  },
  "1;7|2": {
    "kci": 0.34656890556895914
  },
  "1;7|3": {
    "kci": 0.36632167320438336
  },
  "1;7|4": {
    "kci": 0.3535589460294214
  },
  "1;7|5": {
    "kci": 0.36273067789088076
  },
  "1;7|6": {
    "kci": 0.334030159003476
  },
  "1;7|8": {
    "kci": 0.16268801769428654
  },
  "1;7|9": {
    "kci": 0.17855609529097094
  },
  "1;8|0": {
    "kci": 0.28495927756975226
  },
  "1;8|2": {
    "kci": 0.30852147779589334
  },
  "1;8|3": {
    "kci": 0.3079602452706056
  },
  "1;8|4": {
    "kci": 0.3307615837101405
  },
  "1;8|5": {
    "kci": 0.2844663506917642
  },