{
  "data_hash": "07b393ced7a6877019231aec387dbe12",
  "0;1": {
    "d_separation": 0.0
  },
  "0;2": {
    "d_separation": 0.0
  },
  "0;3": {
    "d_separation": 0.0
  },
  "0;4": {
    "d_separation": 0.0
  },
  "0;5": {
    "d_separation": 0.0
  },
  "0;6": {
    "d_separation": 0.0
  },
  "0;7": {
    "d_separation": 0.0
  },
  "0;8": {
    "d_separation": 0.0
  },
  "0;9": {
    "d_separation": 0.0
  },
  "1;2": {
    "d_separation": 0.0
  },
  "1;3": {
    "d_separation": 0.0
  },
  "1;4": {
    "d_separation": 0.0
  },
  "1;5": {
    "d_separation": 0.0
  },
  "1;6": {
    "d_separation": 0.0
  },
  "1;7": {
    "d_separation": 0.0
  },
  "1;8": {
    "d_separation": 0.0
  },
  "1;9": {
    "d_separation": 0.0
  },
  "2;3": {
    "d_separation": 0.0
  },
  "2;4": {
    "d_separation": 0.0
  },
  "2;5": {
    "d_separation": 0.0
  },
  "2;6": {
    "d_separation": 0.0
  },
  "2;7": {
    "d_separation": 0.0
  },
  "2;8": {
    "d_separation": 0.0
  },
  "2;9": {
    "d_separation": 0.0
  },
  "3;4": {
    "d_separation": 0.0
  },
  "3;5": {
    "d_separation": 0.0
  },
  "3;6": {
    "d_separation": 0.0
  },
  "3;7": {
    "d_separation": 0.0
  },
  "3;8": {
    "d_separation": 0.0
  },
  "3;9": {
    "d_separation": 0.0
  },
  "4;5": {
    "d_separation": 0.0
  },
  "4;6": {
    "d_separation": 0.0
  },
  "4;7": {
    "d_separation": 0.0
  },
  "4;8": {
    "d_separation": 0.0
  },
  "4;9": {
    "d_separation": 0.0
  },
  "5;6": {
    "d_separation": 0.0
  },
  "5;7": {
    "d_separation": 0.0
  },
  "5;8": {
    "d_separation": 0.0
  },
  "5;9": {
    "d_separation": 0.0
  },
  "6;7": {
    "d_separation": 0.0
  },
  "6;8": {
    "d_separation": 0.0
  },
  "6;9": {
    "d_separation": 0.0
  },
  "7;8": {
    "d_separation": 0.0
  },
  "7;9": {
    "d_separation": 0.0
  },
  "8;9": {
    "d_separation": 0.0
  },
  "0;1|2": {
    "kci": 5.148870219073842e-10
  },
  "0;1|3": {
    "kci": 0.00038563482891085243
  },
  "0;1|4": {
    "kci": 1.8237643395480063e-08
  },
  "0;1|5": {
    "kci": 0.03086587598215418
  },
  "0;1|6": {
    "kci": 1.0439549225083056e-10
  },
  "0;1|7": {
    "kci": 4.105715767366291e-12
  },
  "0;1|8": {
    "kci": 1.278634087498176e-09
  },
  "0;1|9": {
    "kci": 2.0459522964699772e-11
  },
  "0;2|1": {
    "kci": 0.3906435161828019
  },
  "0;2|3": {
    "kci": 0.3610742898188186
  },
  "0;2|4": {
    "kci": 0.031048981682363253
  },
  "0;2|5": {
    "kci": 0.25083986913608025
  },
  "0;2|6": {
    "kci": 0.07540139278116675
  },
  "0;2|7": {
    "kci": 0.020017605737691957
  },
  "0;2|8": {
    "kci": 0.014715572804044008
  },
  "0;2|9": {
    "kci": 0.08985535431419445
  },
  "0;3|1": {
    "kci": 5.551115123125783e-16
  },
  "0;3|2": {
    "kci": 0.0
  },
  "0;3|4": {
    "kci": 0.0
  },
  "0;3|5": {
    "kci": 4.609368320362961e-08
  },
  "0;3|6": {
    "kci": 0.0
  },
  "0;3|7": {
    "kci": 0.0
  },
  "0;3|8": {
    "kci": 0.0
  },
  "0;3|9": {
    "kci": 0.0
  },
  "0;4|1": {
    "kci": 0.154956853866688
  },
  "0;4|2": {
    "kci": 0.01042793773456041
  },
  "0;4|3": {
    "kci": 0.1769898371141292
  },
  "0;4|5": {
    "kci": 0.5749141651802719
  },
  "0;4|6": {
    "kci": 0.01097036606734414
  },
  "0;4|7": {
    "kci": 0.010471267577406684
  },
  "0;4|8": {
    "kci": 0.009946123698235554
  },
  "0;4|9": {
    "kci": 0.02176208864520668
  },
  "0;5|1": {
    "kci": 0.0
  },
  "0;5|2": {
    "kci": 0.0
  },
  "0;5|3": {
    "kci": 1.6209256159527285e-14
  },
  "0;5|4": {
    "kci": 0.0
  },
  "0;5|6": {
    "kci": 0.0
  },
  "0;5|7": {
    "kci": 0.0
  },
  "0;5|8": {
    "kci": 0.0
  },
  "0;5|9": {
    "kci": 0.0
  },
  "0;6|1": {
    "kci": 0.4433687122345301
  },
  "0;6|2": {
    "kci": 0.4421016340539554
  },
  "0;6|3": {
    "kci": 0.6877384160973137
  },
  "0;6|4": {
    "kci": 0.1834518584172884
  },
  "0;6|5": {
    "kci": 0.3490971955454314
  },
  "0;6|7": {
    "kci": 0.24084168120455074
  },
  "0;6|8": {
    "kci": 0.25360294240034875
  },
  "0;6|9": {
    "kci": 0.3072455537308978
  },
  "0;7|1": {
    "kci": 4.3583455304974095e-05
  },
  "0;7|2": {
    "kci": 0.0004191147920435956
  },
  "0;7|3": {
    "kci": 0.004629464120361582
  },
  "0;7|4": {
    "kci": 0.0011772050094853714
  },
  "0;7|5": {
    "kci": 0.00198875899160722
  },
  "0;7|6": {
    "kci": 0.00013194107304204117
  },
  "0;7|8": {
    "kci": 4.73117096945197e-05
  },
  "0;7|9": {
    "kci": 0.0016937216685307677
  },
  "0;8|1": {
    "kci": 0.7142050952844594
  },
  "0;8|2": {
    "kci": 0.3467338453455542
  },
  "0;8|3": {
    "kci": 0.5750970016817045
  },
  "0;8|4": {
    "kci": 0.24659059064484123
  },
  "0;8|5": {
    "kci": 0.7680135170560218
  },
  "0;8|6": {
    "kci": 0.3243979201427024
  },
  "0;8|7": {
    "kci": 0.0428837633799547
  },
  "0;8|9": {
    "kci": 0.2206503103702394
  },
  "0;9|1": {
    "kci": 0.4791187685931372
  },
  "0;9|2": {
    "kci": 0.7563764949168377
  },
  "0;9|3": {
    "kci": 0.28083318238839405
  },
  "0;9|4": {
    "kci": 0.6120344948330456
  },
  "0;9|5": {
    "kci": 0.14450456409505086
  },
  "0;9|6": {
    "kci": 0.6195958475796699
  },
  "0;9|7": {
    "kci": 0.6103904237859976
  },
  "0;9|8": {
    "kci": 0.5503916467323888
  },
  "1;2|0": {
    "kci": 0.1294389982163313
  },
  "1;2|3": {
    "kci": 0.010668386773874605
  },
  "1;2|4": {
    "kci": 5.3150894118947356e-05
  },
  "1;2|5": {
    "kci": 0.0038618185755892043
  },
  "1;2|6": {
    "kci": 0.0016059873218042808
  },
  "1;2|7": {
    "kci": 0.0009936878494638535
  },
  "1;2|8": {
    "kci": 0.0016237926995146257
  },
  "1;2|9": {
    "kci": 0.0016088266160551035
  },
  "1;3|0": {
    "kci": 0.2240300088197531
  },
  "1;3|2": {
    "kci": 1.207730494057202e-06
  },
  "1;3|4": {
    "kci": 9.292369627100783e-07
  },
  "1;3|5": {
    "kci": 0.048985035192966264
  },
  "1;3|6": {
    "kci": 2.3338050586518833e-06
  },
  "1;3|7": {
    "kci": 6.344135831115594e-07
  },
  "1;3|8": {
    "kci": 2.862986431262371e-07
  },
  "1;3|9": {
    "kci": 2.702467786219742e-07
  },
  "1;4|0": {
    "kci": 0.13149863048619714
  },
  "1;4|2": {
    "kci": 0.04527755807414657
  },
  "1;4|3": {
    "kci": 0.09221207977917512
  },
  "1;4|5": {
    "kci": 0.1506667793531049
  },
  "1;4|6": {
    "kci": 0.04912587694279702
  },
  "1;4|7": {
    "kci": 0.04785195764387007
  },
  "1;4|8": {
    "kci": 0.07372409066885588
  },
  "1;4|9": {
    "kci": 0.07803509456084601
  },
  "1;5|0": {
    "kci": 0.386315727076202
  },
  "1;5|2": {
    "kci": 4.672764607693836e-06
  },
  "1;5|3": {
    "kci": 0.10427949005810466
  },
  "1;5|4": {
    "kci": 1.4059222189111154e-05
  },
  "1;5|6": {
    "kci": 3.200634293154536e-07
  },
  "1;5|7": {
    "kci": 1.0262104388480964e-08
  },
  "1;5|8": {
    "kci": 1.690613919635986e-06
  },
  "1;5|9": {
    "kci": 8.929192386597506e-07
  },
  "1;6|0": {
    "kci": 0.6703096615665989
  },
  "1;6|2": {
    "kci": 0.5081839450703964
  },
  "1;6|3": {
    "kci": 0.5187492710417355
  },
  "1;6|4": {
    "kci": 0.503674456675721
  },
  "1;6|5": {
    "kci": 0.5977778383099928
  },
  "1;6|7": {
    "kci": 0.2736596826639256
  },
  "1;6|8": {
    "kci": 0.35889997428963527
  },
  "1;6|9": {
    "kci": 0.3211234585212399
  },
  "1;7|0": {
    "kci": 0.08318107478572578
  },
  "1;7|2": {
    "kci": 0.7498841304588049
  },
  "1;7|3": {
    "kci": 6.026025884176001e-06
  },
  "1;7|4": {
    "kci": 0.589268214533465
  },
  "1;7|5": {
    "kci": 0.14425657418974547
  },
  "1;7|6": {
    "kci": 0.6861261590326455
  },
  "1;7|8": {
    "kci": 0.8006099365494465
  },
  "1;7|9": {
    "kci": 0.5717356443154309
  },
  "1;8|0": {
    "kci": 0.0033548999527447387
  },
  "1;8|2": {
    "kci": 0.009612151740360675
  },
  "1;8|3": {
    "kci": 0.0059486880105844575
  },
  "1;8|4": {
    "kci": 0.005783326601345173
  },
  "1;8|5": {
    "kci": 0.01932825308313091
  },
  "1;8|6": {
    "kci": 0.0016464681052370533
  },
  "1;8|7": {
    "kci": 0.0058025006766869724
  },
  "1;8|9": {
    "kci": 0.0009835882802615714
  },