{
  "data_hash": "07ebb43bcd214663aab87579ce207cf2",
  "0;1": {
    "d_separation": 0.0
  },
  "0;2": {
    "d_separation": 0.0
  },
  "0;3": {
    "d_separation": 0.0
  },
  "0;4": {
    "d_separation": 0.0
  },
  "0;5": {
    "d_separation": 0.0
  },
  "0;6": {
    "d_separation": 0.0
  },
  "0;7": {
    "d_separation": 0.0
  },
  "0;8": {
    "d_separation": 0.0
  },
  "0;9": {
    "d_separation": 0.0
  },
  "1;2": {
    "d_separation": 0.0
  },
  "1;3": {
    "d_separation": 0.0
  },
  "1;4": {
    "d_separation": 0.0
  },
  "1;5": {
    "d_separation": 0.0
  },
  "1;6": {
    "d_separation": 0.0
  },
  "1;7": {
    "d_separation": 0.0
  },
  "1;8": {
    "d_separation": 0.0
  },
  "1;9": {
    "d_separation": 0.0
  },
  "2;3": {
    "d_separation": 0.0
  },
  "2;4": {
    "d_separation": 0.0
  },
  "2;5": {
    "d_separation": 0.0
  },
  "2;6": {
    "d_separation": 0.0
  },
  "2;7": {
    "d_separation": 0.0
  },
  "2;8": {
    "d_separation": 0.0
  },
  "2;9": {
    "d_separation": 0.0
  },
  "3;4": {
    "d_separation": 0.0
  },
  "3;5": {
    "d_separation": 0.0
  },
  "3;6": {
    "d_separation": 0.0
  },
  "3;7": {
    "d_separation": 0.0
  },
  "3;8": {
    "d_separation": 0.0
  },
  "3;9": {
    "d_separation": 0.0
  },
  "4;5": {
    "d_separation": 0.0
  },
  "4;6": {
    "d_separation": 0.0
  },
  "4;7": {
    "d_separation": 0.0
  },
  "4;8": {
    "d_separation": 0.0
  },
  "4;9": {
    "d_separation": 0.0
  },
  "5;6": {
    "d_separation": 0.0
  },
  "5;7": {
    "d_separation": 0.0
  },
  "5;8": {
    "d_separation": 0.0
  },
  "5;9": {
    "d_separation": 0.0
  },
  "6;7": {
    "d_separation": 0.0
  },
  "6;8": {
    "d_separation": 0.0
  },
  "6;9": {
    "d_separation": 0.0
  },
  "7;8": {
    "d_separation": 0.0
  },
  "7;9": {
    "d_separation": 0.0
  },
  "8;9": {
    "d_separation": 0.0
  },
  "0;1|2": {
    "kci": 0.8134848891752372
  },
  "0;1|3": {
    "kci": 0.5423119358065878
  },
  "0;1|4": {
    "kci": 0.33993584503805885
  },
  "0;1|5": {
    "kci": 0.3799092687166531
  },
  "0;1|6": {
    "kci": 0.6302710424989096
  },
  "0;1|7": {
    "kci": 0.7153422641834017
  },
  "0;1|8": {
    "kci": 0.3313758044078201
  },
  "0;1|9": {
    "kci": 0.3247075299041773
  },
  "0;2|1": {
    "kci": 0.11301467926789865
  },
  "0;2|3": {
    "kci": 0.4573331086092358
  },
  "0;2|4": {
    "kci": 0.2711625767125533
  },
  "0;2|5": {
    "kci": 0.27271952483408535
  },
  "0;2|6": {
    "kci": 0.3944512042489253
  },
  "0;2|7": {
    "kci": 0.04889412757900191
  },
  "0;2|8": {
    "kci": 0.3923384725136063
  },
  "0;2|9": {
    "kci": 0.14473616111265963
  },
  "0;3|1": {
    "kci": 5.809753380603411e-07
  },
  "0;3|2": {
    "kci": 6.171044064640085e-08
  },
  "0;3|4": {
    "kci": 1.3395910226643437e-06
  },
  "0;3|5": {
    "kci": 4.6786596707981687e-07
  },
  "0;3|6": {
    "kci": 4.408509425057883e-05
  },
  "0;3|7": {
    "kci": 4.516606345594809e-07
  },
  "0;3|8": {
    "kci": 0.0005183594224131838
  },
  "0;3|9": {
    "kci": 5.541142400478094e-07
  },
  "0;4|1": {
    "kci": 0.5417839554387208
  },
  "0;4|2": {
    "kci": 0.6178672490796333
  },
  "0;4|3": {
    "kci": 0.4364932915116927
  },
  "0;4|5": {
    "kci": 0.6530742623309684
  },
  "0;4|6": {
    "kci": 0.5815529954005051
  },
  "0;4|7": {
    "kci": 0.2972863116547534
  },
  "0;4|8": {
    "kci": 0.6722934602295194
  },
  "0;4|9": {
    "kci": 0.6886970818110824
  },
  "0;5|1": {
    "kci": 0.21976302499011013
  },
  "0;5|2": {
    "kci": 0.2549445159798418
  },
  "0;5|3": {
    "kci": 0.3450516602024708
  },
  "0;5|4": {
    "kci": 0.20149088763128375
  },
  "0;5|6": {
    "kci": 0.22999566788238646
  },
  "0;5|7": {
    "kci": 0.26382083159773184
  },
  "0;5|8": {
    "kci": 0.2259702618745708
  },
  "0;5|9": {
    "kci": 0.39351230035658324
  },
  "0;6|1": {
    "kci": 0.06151337103241572
  },
  "0;6|2": {
    "kci": 0.07410328021000678
  },
  "0;6|3": {
    "kci": 0.3985036867238956
  },
  "0;6|4": {
    "kci": 0.018546074343409935
  },
  "0;6|5": {
    "kci": 0.024755906799002636
  },
  "0;6|7": {
    "kci": 0.14097159507369028
  },
  "0;6|8": {
    "kci": 0.22520332441401203
  },
  "0;6|9": {
    "kci": 0.024666821220895918
  },
  "0;7|1": {
    "kci": 0.03906162460692153
  },
  "0;7|2": {
    "kci": 0.008768785513090793
  },
  "0;7|3": {
    "kci": 0.2988508326334156
  },
  "0;7|4": {
    "kci": 0.01829847186349054
  },
  "0;7|5": {
    "kci": 0.041137180863539125
  },
  "0;7|6": {
    "kci": 0.09640464230379275
  },
  "0;7|8": {
    "kci": 0.31630162221936253
  },
  "0;7|9": {
    "kci": 0.02073263961400218
  },
  "0;8|1": {
    "kci": 0.036728846067462295
  },
  "0;8|2": {
    "kci": 0.036468726708475674
  },
  "0;8|3": {
    "kci": 0.20870253715095832
  },
  "0;8|4": {
    "kci": 0.03832571199547696
  },
  "0;8|5": {
    "kci": 0.03283031854517915
  },
  "0;8|6": {
    "kci": 0.02886103506526705
  },
  "0;8|7": {
    "kci": 0.02432064773052023
  },
  "0;8|9": {
    "kci": 0.034805157898159744
  },
  "0;9|1": {
    "kci": 0.08827026980330022
  },
  "0;9|2": {
    "kci": 0.0762669560619168
  },
  "0;9|3": {
    "kci": 0.21810375583604535
  },
  "0;9|4": {
    "kci": 0.11850914135326207
  },
  "0;9|5": {
    "kci": 0.21967420215704214
  },
  "0;9|6": {
    "kci": 0.12512812781236793
  },
  "0;9|7": {
    "kci": 0.11751156731383983
  },
  "0;9|8": {
    "kci": 0.1520901014286149
  },
  "1;2|0": {
    "kci": 0.3770304327829357
  },
  "1;2|3": {
    "kci": 0.300316382548964
  },
  "1;2|4": {
    "kci": 0.29178386546475665
  },
  "1;2|5": {
    "kci": 0.33509911306960727
  },
  "1;2|6": {
    "kci": 0.36608134024831507
  },
  "1;2|7": {
    "kci": 0.29708143971947554
  },
  "1;2|8": {
    "kci": 0.322649237191597
  },
  "1;2|9": {
    "kci": 0.3046670158871001
  },
  "1;3|0": {
    "kci": 0.4143347225140769
  },
  "1;3|2": {
    "kci": 0.5040979023396173
  },
  "1;3|4": {
    "kci": 0.44751097208041424
  },
  "1;3|5": {
    "kci": 0.4471643756011895
  },
  "1;3|6": {
    "kci": 0.5438960835290121
  },
  "1;3|7": {
    "kci": 0.40456955904791525
  },
  "1;3|8": {
    "kci": 0.289362838709347
  },
  "1;3|9": {
    "kci": 0.4397991895379816
  },
  "1;4|0": {
    "kci": 0.4144886801120835
  },
  "1;4|2": {
    "kci": 0.4405510318773711
  },
  "1;4|3": {
    "kci": 0.3895124530622859
  },
  "1;4|5": {
    "kci": 0.42804753226152603
  },
  "1;4|6": {
    "kci": 0.3925945253933306
  },
  "1;4|7": {
    "kci": 0.391943493615002
  },
  "1;4|8": {
    "kci": 0.37594151305267043
  },
  "1;4|9": {
    "kci": 0.3692566733528413
  },
  "1;5|0": {
    "kci": 0.363008706443235
  },
  "1;5|2": {
    "kci": 0.45144310057738446
  },
  "1;5|3": {
    "kci": 0.360727025743534
  },
  "1;5|4": {
    "kci": 0.41260176703216767
  },
  "1;5|6": {
    "kci": 0.43370827808655876
  },
  "1;5|7": {
    "kci": 0.4169918955086569
  },
  "1;5|8": {
    "kci": 0.36364252555078813
  },
  "1;5|9": {
    "kci": 0.40055747639424855
  },
  "1;6|0": {
    "kci": 0.5753595526377683
  },
  "1;6|2": {
    "kci": 0.6792545587085413
  },
  "1;6|3": {
    "kci": 0.4396475383402366
  },
  "1;6|4": {
    "kci": 0.2791792141837339
  },
  "1;6|5": {
    "kci": 0.33955645464530115
  },
  "1;6|7": {
    "kci": 0.39958870221038634
  },
  "1;6|8": {
    "kci": 0.2797187816655766
  },
  "1;6|9": {
    "kci": 0.27544461083674776
  },
  "1;7|0": {
    "kci": 0.4577925573656926
  },
  "1;7|2": {
    "kci": 0.5556161510407772
  },
  "1;7|3": {
    "kci": 0.5205187970898657
  },
  "1;7|4": {
    "kci": 0.30699794698404004
  },
  "1;7|5": {
    "kci": 0.35713381550476897
  },
  "1;7|6": {
    "kci": 0.435256691832411
  },
  "1;7|8": {
    "kci": 0.36638073592808906
  },
  "1;7|9": {
    "kci": 0.3198550004634503
  },
  "1;8|0": {
    "kci": 0.5678822430890145
  },
  "1;8|2": {
    "kci": 0.6683592355102081
  },
  "1;8|3": {
    "kci": 0.3726682803495718
  },
  "1;8|4": {
    "kci": 0.47253433206583784
  },
  "1;8|5": {
    "kci": 0.5112779901731473
  },
  "1;8|6": {
    "kci": 0.5716546316829714
  },