{
  "data_hash": "0b75a07ea38e49a2046f493c011e1448",
  "0;1": {
    "d_separation": 0.0
  },
  "0;2": {
    "d_separation": 0.0
  },
  "0;3": {
    "d_separation": 0.0
  },
  "0;4": {
    "d_separation": 0.0
  },
  "0;5": {
    "d_separation": 0.0
  },
  "0;6": {
    "d_separation": 0.0
  },
  "0;7": {
    "d_separation": 0.0
  },
  "0;8": {
    "d_separation": 0.0
  },
  "0;9": {
    "d_separation": 0.0
  },
  "1;2": {
    "d_separation": 0.0
  },
  "1;3": {
    "d_separation": 0.0
  },
  "1;4": {
    "d_separation": 0.0
  },
  "1;5": {
    "d_separation": 0.0
  },
  "1;6": {
    "d_separation": 0.0
  },
  "1;7": {
    "d_separation": 0.0
  },
  "1;8": {
    "d_separation": 0.0
  },
  "1;9": {
    "d_separation": 0.0
  },
  "2;3": {
    "d_separation": 0.0
  },
  "2;4": {
    "d_separation": 0.0
  },
  "2;5": {
    "d_separation": 0.0
  },
  "2;6": {
    "d_separation": 0.0
  },
  "2;7": {
    "d_separation": 0.0
  },
  "2;8": {
    "d_separation": 0.0
  },
  "2;9": {
    "d_separation": 0.0
  },
  "3;4": {
    "d_separation": 0.0
  },
  "3;5": {
    "d_separation": 0.0
  },
  "3;6": {
    "d_separation": 0.0
  },
  "3;7": {
    "d_separation": 0.0
  },
  "3;8": {
    "d_separation": 0.0
  },
  "3;9": {
    "d_separation": 1.0
  },
  "4;5": {
    "d_separation": 0.0
  },
  "4;6": {
    "d_separation": 0.0
  },
  "4;7": {
    "d_separation": 0.0
  },
  "4;8": {
    "d_separation": 0.0
  },
  "4;9": {
    "d_separation": 1.0
  },
  "5;6": {
    "d_separation": 0.0
  },
  "5;7": {
    "d_separation": 0.0
  },
  "5;8": {
    "d_separation": 0.0
  },
  "5;9": {
    "d_separation": 0.0
  },
  "6;7": {
    "d_separation": 0.0
  },
  "6;8": {
    "d_separation": 0.0
  },
  "6;9": {
    "d_separation": 0.0
  },
  "7;8": {
    "d_separation": 0.0
  },
  "7;9": {
    "d_separation": 0.0
  },
  "8;9": {
    "d_separation": 0.0
  },
  "0;1|2": {
    "fisherz": 0.461922633343538
  },
  "0;1|3": {
    "fisherz": 0.6642831841361418
  },
  "0;1|4": {
    "fisherz": 0.4199116260465381
  },
  "0;1|5": {
    "fisherz": 0.4228187822646674
  },
  "0;1|6": {
    "fisherz": 0.42817329303604845
  },
  "0;1|7": {
    "fisherz": 0.422744574152224
  },
  "0;1|8": {
    "fisherz": 0.648234574238217
  },
  "0;1|9": {
    "fisherz": 0.5317278740265643
  },
  "0;2|1": {
    "fisherz": 0.14736463545226464
  },
  "0;2|3": {
    "fisherz": 0.435695715750372
  },
  "0;2|4": {
    "fisherz": 0.14529607169055536
  },
  "0;2|5": {
    "fisherz": 0.1379985552292735
  },
  "0;2|6": {
    "fisherz": 0.13959543293217092
  },
  "0;2|7": {
    "fisherz": 0.13525603958044163
  },
  "0;2|8": {
    "fisherz": 0.5528242374191483
  },
  "0;2|9": {
    "fisherz": 0.18852019543531595
  },
  "0;3|1": {
    "fisherz": 3.0285045241384978e-05
  },
  "0;3|2": {
    "fisherz": 5.6042462496685985e-05
  },
  "0;3|4": {
    "fisherz": 2.1820388019788695e-05
  },
  "0;3|5": {
    "fisherz": 2.3415517522273888e-05
  },
  "0;3|6": {
    "fisherz": 2.8100878289638587e-05
  },
  "0;3|7": {
    "fisherz": 2.395979643088353e-05
  },
  "0;3|8": {
    "fisherz": 0.05948087714064609
  },
  "0;3|9": {
    "fisherz": 5.5626275317077756e-06
  },
  "0;4|1": {
    "fisherz": 0.5218760538634231
  },
  "0;4|2": {
    "fisherz": 0.5701297997899899
  },
  "0;4|3": {
    "fisherz": 0.45673786701756347
  },
  "0;4|5": {
    "fisherz": 0.5277962558708804
  },
  "0;4|6": {
    "fisherz": 0.5426808053279029
  },
  "0;4|7": {
    "fisherz": 0.5252237733614187
  },
  "0;4|8": {
    "fisherz": 0.4287598447043153
  },
  "0;4|9": {
    "fisherz": 0.6533635495767214
  },
  "0;5|1": {
    "fisherz": 0.91519729566122
  },
  "0;5|2": {
    "fisherz": 0.9177884184857086
  },
  "0;5|3": {
    "fisherz": 0.8565795759568471
  },
  "0;5|4": {
    "fisherz": 0.9292565649399758
  },
  "0;5|6": {
    "fisherz": 0.9324253920796695
  },
  "0;5|7": {
    "fisherz": 0.9223376381091559
  },
  "0;5|8": {
    "fisherz": 0.6066253250920215
  },
  "0;5|9": {
    "fisherz": 0.765478597012816
  },
  "0;6|1": {
    "fisherz": 0.22882483392700248
  },
  "0;6|2": {
    "fisherz": 0.2294159988391007
  },
  "0;6|3": {
    "fisherz": 0.28426190024830733
  },
  "0;6|4": {
    "fisherz": 0.23155067052447142
  },
  "0;6|5": {
    "fisherz": 0.2271360668800413
  },
  "0;6|7": {
    "fisherz": 0.22572003833503307
  },
  "0;6|8": {
    "fisherz": 0.26558757491561824
  },
  "0;6|9": {
    "fisherz": 0.186270817781248
  },
  "0;7|1": {
    "fisherz": 0.882129293949065
  },
  "0;7|2": {
    "fisherz": 0.8196862332262131
  },
  "0;7|3": {
    "fisherz": 0.9795671178511327
  },
  "0;7|4": {
    "fisherz": 0.8786556434940389
  },
  "0;7|5": {
    "fisherz": 0.8876941374985612
  },
  "0;7|6": {
    "fisherz": 0.870609934924705
  },
  "0;7|8": {
    "fisherz": 0.980632526000047
  },
  "0;7|9": {
    "fisherz": 0.795444377285216
  },
  "0;8|1": {
    "fisherz": 5.986791302481365e-06
  },
  "0;8|2": {
    "fisherz": 1.2835577138714527e-05
  },
  "0;8|3": {
    "fisherz": 0.010463642686577845
  },
  "0;8|4": {
    "fisherz": 4.195301952947261e-06
  },
  "0;8|5": {
    "fisherz": 4.128217373722265e-06
  },
  "0;8|6": {
    "fisherz": 5.341320695073648e-06
  },
  "0;8|7": {
    "fisherz": 4.789471667043799e-06
  },
  "0;8|9": {
    "fisherz": 4.2880106811971075e-06
  },
  "0;9|1": {
    "fisherz": 0.0004096548127441313
  },
  "0;9|2": {
    "fisherz": 0.00046175744237531013
  },
  "0;9|3": {
    "fisherz": 8.307635946502856e-05
  },
  "0;9|4": {
    "fisherz": 0.00039842486384045195
  },
  "0;9|5": {
    "fisherz": 0.0003422979902403256
  },
  "0;9|6": {
    "fisherz": 0.0003059568387668854
  },
  "0;9|7": {
    "fisherz": 0.0003483715972301127
  },
  "0;9|8": {
    "fisherz": 0.0003230826125093511
  },
  "1;2|0": {
    "fisherz": 0.5632769029009315
  },
  "1;2|3": {
    "fisherz": 0.6691051756187534
  },
  "1;2|4": {
    "fisherz": 0.5063396155990985
  },
  "1;2|5": {
    "fisherz": 0.5106380539322306
  },
  "1;2|6": {
    "fisherz": 0.5110366015305576
  },
  "1;2|7": {
    "fisherz": 0.5140418764664207
  },
  "1;2|8": {
    "fisherz": 0.671445756583315
  },
  "1;2|9": {
    "fisherz": 0.5396894417678859
  },
  "1;3|0": {
    "fisherz": 0.2547593753710613
  },
  "1;3|2": {
    "fisherz": 0.22085637144742165
  },
  "1;3|4": {
    "fisherz": 0.1865208843220718
  },
  "1;3|5": {
    "fisherz": 0.1867151486959373
  },
  "1;3|6": {
    "fisherz": 0.18733317025955887
  },
  "1;3|7": {
    "fisherz": 0.18387083429336526
  },
  "1;3|8": {
    "fisherz": 0.44109193773826894
  },
  "1;3|9": {
    "fisherz": 0.17421796699744085
  },
  "1;4|0": {
    "fisherz": 0.8774522788712229
  },
  "1;4|2": {
    "fisherz": 0.8819579125001362
  },
  "1;4|3": {
    "fisherz": 0.9260114643073316
  },
  "1;4|5": {
    "fisherz": 0.9080092491173355
  },
  "1;4|6": {
    "fisherz": 0.9040868636336434
  },
  "1;4|7": {
    "fisherz": 0.904609501341304
  },
  "1;4|8": {
    "fisherz": 0.9306854384853538
  },
  "1;4|9": {
    "fisherz": 0.8708479240733791
  },
  "1;5|0": {
    "fisherz": 0.8722460520307773
  },
  "1;5|2": {
    "fisherz": 0.8785299501909927
  },
  "1;5|3": {
    "fisherz": 0.895483626465843
  },
  "1;5|4": {
    "fisherz": 0.878113810762887
  },
  "1;5|6": {
    "fisherz": 0.8757441599210736
  },
  "1;5|7": {
    "fisherz": 0.8768175646088157
  },
  "1;5|8": {
    "fisherz": 0.9579897326286011
  },
  "1;5|9": {
    "fisherz": 0.910378665069028
  },
  "1;6|0": {
    "fisherz": 0.9526596807333785
  },
  "1;6|2": {
    "fisherz": 0.9028879110277934
  },
  "1;6|3": {
    "fisherz": 0.9451374034169251
  },
  "1;6|4": {
    "fisherz": 0.8961644591284474
  },
  "1;6|5": {
    "fisherz": 0.8968871341608113
  },
  "1;6|7": {
    "fisherz": 0.8998522740956016
  },
  "1;6|8": {
    "fisherz": 0.9298090701980295
  },
  "1;6|9": {
    "fisherz": 0.8856112026972967
  },
  "1;7|0": {
    "fisherz": 0.8983285427691956
  },
  "1;7|2": {
    "fisherz": 0.9347817374406773
  },
  "1;7|3": {
    "fisherz": 0.8621239376169023
  },
  "1;7|4": {
    "fisherz": 0.9031998583328891
  },