{
  "data_hash": "0c2ce144f0be922f2de53db231af70f8",
  "0;1": {
    "d_separation": 1.0
  },
  "0;2": {
    "d_separation": 0.0
  },
  "0;3": {
    "d_separation": 0.0
  },
  "0;4": {
    "d_separation": 0.0
  },
  "0;5": {
    "d_separation": 0.0
  },
  "0;6": {
    "d_separation": 0.0
  },
  "0;7": {
    "d_separation": 0.0
  },
  "0;8": {
    "d_separation": 0.0
  },
  "0;9": {
    "d_separation": 0.0
  },
  "1;2": {
    "d_separation": 0.0
  },
  "1;3": {
    "d_separation": 1.0
  },
  "1;4": {
    "d_separation": 0.0
  },
  "1;5": {
    "d_separation": 0.0
  },
  "1;6": {
    "d_separation": 1.0
  },
  "1;7": {
    "d_separation": 1.0
  },
  "1;8": {
    "d_separation": 1.0
  },
  "1;9": {
    "d_separation": 0.0
  },
  "2;3": {
    "d_separation": 0.0
  },
  "2;4": {
    "d_separation": 0.0
  },
  "2;5": {
    "d_separation": 0.0
  },
  "2;6": {
    "d_separation": 0.0
  },
  "2;7": {
    "d_separation": 0.0
  },
  "2;8": {
    "d_separation": 0.0
  },
  "2;9": {
    "d_separation": 0.0
  },
  "3;4": {
    "d_separation": 0.0
  },
  "3;5": {
    "d_separation": 0.0
  },
  "3;6": {
    "d_separation": 0.0
  },
  "3;7": {
    "d_separation": 0.0
  },
  "3;8": {
    "d_separation": 0.0
  },
  "3;9": {
    "d_separation": 0.0
  },
  "4;5": {
    "d_separation": 0.0
  },
  "4;6": {
    "d_separation": 0.0
  },
  "4;7": {
    "d_separation": 0.0
  },
  "4;8": {
    "d_separation": 0.0
  },
  "4;9": {
    "d_separation": 0.0
  },
  "5;6": {
    "d_separation": 0.0
  },
  "5;7": {
    "d_separation": 0.0
  },
  "5;8": {
    "d_separation": 0.0
  },
  "5;9": {
    "d_separation": 0.0
  },
  "6;7": {
    "d_separation": 0.0
  },
  "6;8": {
    "d_separation": 0.0
  },
  "6;9": {
    "d_separation": 0.0
  },
  "7;8": {
    "d_separation": 0.0
  },
  "7;9": {
    "d_separation": 0.0
  },
  "8;9": {
    "d_separation": 0.0
  },
  "0;2|3": {
    "kci": 0.14372011293774967
  },
  "0;2|4": {
    "kci": 0.17901351879731298
  },
  "0;2|5": {
    "kci": 0.05185313564779215
  },
  "0;2|6": {
    "kci": 0.12942891247146115
  },
  "0;2|7": {
    "kci": 0.22911428150817448
  },
  "0;2|8": {
    "kci": 0.13737675356617873
  },
  "0;2|9": {
    "kci": 0.13385765773307412
  },
  "0;3|2": {
    "kci": 0.8111284242589681
  },
  "0;3|4": {
    "kci": 0.8660376618368698
  },
  "0;3|5": {
    "kci": 0.6934029003718384
  },
  "0;3|6": {
    "kci": 0.7475259141048447
  },
  "0;3|7": {
    "kci": 0.8144143468214514
  },
  "0;3|8": {
    "kci": 0.38168246799215777
  },
  "0;3|9": {
    "kci": 0.8004526748427498
  },
  "0;4|2": {
    "kci": 0.5603537670262753
  },
  "0;4|3": {
    "kci": 0.3789407262398691
  },
  "0;4|5": {
    "kci": 0.23907200242632187
  },
  "0;4|6": {
    "kci": 0.3423062929559413
  },
  "0;4|7": {
    "kci": 0.34340668028318566
  },
  "0;4|8": {
    "kci": 0.3198367973241176
  },
  "0;4|9": {
    "kci": 0.31177553799681024
  },
  "0;5|2": {
    "kci": 0.14072040567410005
  },
  "0;5|3": {
    "kci": 0.34130159848255237
  },
  "0;5|4": {
    "kci": 0.44041238546276673
  },
  "0;5|6": {
    "kci": 0.5606028111207872
  },
  "0;5|7": {
    "kci": 0.45682931635741164
  },
  "0;5|8": {
    "kci": 0.29046037225121557
  },
  "0;5|9": {
    "kci": 0.34328511266338846
  },
  "0;6|2": {
    "kci": 0.30585729485562196
  },
  "0;6|3": {
    "kci": 0.30928020764228814
  },
  "0;6|4": {
    "kci": 0.3324510236191892
  },
  "0;6|5": {
    "kci": 0.3235162511019317
  },
  "0;6|7": {
    "kci": 0.19783641497969406
  },
  "0;6|8": {
    "kci": 0.32378846303513664
  },
  "0;6|9": {
    "kci": 0.3371324077854885
  },
  "0;7|2": {
    "kci": 0.07890252928545571
  },
  "0;7|3": {
    "kci": 0.11173846517837682
  },
  "0;7|4": {
    "kci": 0.11086454686040748
  },
  "0;7|5": {
    "kci": 0.15202029698784103
  },
  "0;7|6": {
    "kci": 0.25958597133046424
  },
  "0;7|8": {
    "kci": 0.20615516280028912
  },
  "0;7|9": {
    "kci": 0.07317639624300354
  },
  "0;8|2": {
    "kci": 0.48771164904537545
  },
  "0;8|3": {
    "kci": 0.33431450971738885
  },
  "0;8|4": {
    "kci": 0.5512868181740738
  },
  "0;8|5": {
    "kci": 0.5095295800788102
  },
  "0;8|6": {
    "kci": 0.5390881435192252
  },
  "0;8|7": {
    "kci": 0.5684584434592841
  },
  "0;8|9": {
    "kci": 0.3914986103828957
  },
  "0;9|2": {
    "kci": 0.5748724635540036
  },
  "0;9|3": {
    "kci": 0.3954673539365806
  },
  "0;9|4": {
    "kci": 0.6726205844334678
  },
  "0;9|5": {
    "kci": 0.5443961113171502
  },
  "0;9|6": {
    "kci": 0.6679207266351718
  },
  "0;9|7": {
    "kci": 0.6058767878010027
  },
  "0;9|8": {
    "kci": 0.7385667004912511
  },
  "1;2|4": {
    "kci": 0.0
  },
  "1;2|5": {
    "kci": 0.0
  },
  "1;2|9": {
    "kci": 0.0
  },
  "1;4|2": {
    "kci": 0.517678152925434
  },
  "1;4|5": {
    "kci": 0.24364353561474883
  },
  "1;4|9": {
    "kci": 0.3307340744525511
  },
  "1;5|2": {
    "kci": 1.2543307159607053e-06
  },
  "1;5|4": {
    "kci": 0.0
  },
  "1;5|9": {
    "kci": 0.0
  },
  "1;9|2": {
    "kci": 0.01994332750599359
  },
  "1;9|4": {
    "kci": 2.4615087745871733e-11
  },
  "1;9|5": {
    "kci": 0.0009770200022318765
  },
  "0;2|1": {
    "kci": 0.538595165178827
  },
  "1;2|0": {
    "kci": 0.0
  },
  "1;2|3": {
    "kci": 0.0
  },
  "1;2|6": {
    "kci": 0.0
  },
  "1;2|7": {
    "kci": 0.0
  },
  "1;2|8": {
    "kci": 0.0
  },
  "2;3|0": {
    "kci": 0.8997099695346955
  },
  "2;3|1": {
    "kci": 0.42726694767078355
  },
  "2;3|4": {
    "kci": 0.831822739132456
  },
  "2;3|5": {
    "kci": 0.777208032333653
  },
  "2;3|6": {
    "kci": 0.8501976345292124
  },
  "2;3|7": {
    "kci": 0.8299914098852729
  },
  "2;3|8": {
    "kci": 0.6253122139274494
  },
  "2;3|9": {
    "kci": 7.077046959569344e-05
  },
  "2;4|0": {
    "kci": 0.32156883131787783
  },
  "2;4|1": {
    "kci": 0.31324502235027096
  },
  "2;4|3": {
    "kci": 0.31336596797095284
  },
  "2;4|5": {
    "kci": 0.23833434290204736
  },
  "2;4|6": {
    "kci": 0.32136186155636737
  },
  "2;4|7": {
    "kci": 0.31732992507069135
  },
  "2;4|8": {
    "kci": 0.317922304657528
  },
  "2;4|9": {
    "kci": 0.31918824584658645
  },
  "2;5|0": {
    "kci": 1.1102230246251565e-16
  },
  "2;5|1": {
    "kci": 0.5363290947773343
  },
  "2;5|3": {
    "kci": 0.0
  },
  "2;5|4": {
    "kci": 1.1102230246251565e-16
  },
  "2;5|6": {
    "kci": 0.0
  },
  "2;5|7": {
    "kci": 0.0
  },
  "2;5|8": {
    "kci": 1.1102230246251565e-16
  },
  "2;5|9": {
    "kci": 1.1102230246251565e-16
  },
  "2;6|0": {
    "kci": 0.4357287417169159
  },
  "2;6|1": {
    "kci": 0.37962822324787227
  },
  "2;6|3": {
    "kci": 0.5051486395642465
  },
  "2;6|4": {
    "kci": 0.5665590441327792
  },
  "2;6|5": {
    "kci": 0.46183080784212827
  },
  "2;6|7": {
    "kci": 0.493008642826955
  },
  "2;6|8": {
    "kci": 0.5205183294766211
  },
  "2;6|9": {
    "kci": 0.47966663235123175
  },
  "2;7|0": {
    "kci": 0.7514338491007415
  },
  "2;7|1": {
    "kci": 0.42505100787464534
  },
  "2;7|3": {
    "kci": 0.621928010185083
  },
  "2;7|4": {
    "kci": 0.8022975942367527
  },
  "2;7|5": {
    "kci": 0.3845992257620834
  },
  "2;7|6": {
    "kci": 0.7898027113623596
  },
  "2;7|8": {
    "kci": 0.7679867122430991
  },
  "2;7|9": {
    "kci": 0.6297326223556838
  },
  "2;8|0": {
    "kci": 0.4115364982582621
  },
  "2;8|1": {
    "kci": 0.5862612051731597
  },
  "2;8|3": {
    "kci": 0.3072234927560117
  },
  "2;8|4": {
    "kci": 0.4254233457066282
  },
  "2;8|5": {
    "kci": 0.48609702349838013
  },
  "2;8|6": {
    "kci": 0.41233135621749595
  },
  "2;8|7": {
    "kci": 0.45605710618540174
  },
  "2;8|9": {
    "kci": 0.04241227353998067
  },
  "2;9|0": {
    "kci": 6.76203850691337e-08
  },
  "2;9|1": {
    "kci": 0.731721317015726
  },
  "2;9|3": {
    "kci": 3.317679464487355e-11
  },
  "2;9|4": {
    "kci": 6.663931340078477e-08
  },
  "2;9|5": {
    "kci": 0.007227327676499362
  },
  "2;9|6": {
    "kci": 3.7516914574986515e-08
  },
  "2;9|7": {
    "kci": 8.841789855829063e-09
  },
  "2;9|8": {
    "kci": 7.304732374535661e-10
  },