{
  "data_hash": "1004cba4ebd0c86fcde37abb696a8114",
  "0;1": {
    "d_separation": 0.0
  },
  "0;2": {
    "d_separation": 0.0
  },
  "0;3": {
    "d_separation": 0.0
  },
  "0;4": {
    "d_separation": 0.0
  },
  "0;5": {
    "d_separation": 0.0
  },
  "0;6": {
    "d_separation": 0.0
  },
  "0;7": {
    "d_separation": 1.0
  },
  "0;8": {
    "d_separation": 0.0
  },
  "0;9": {
    "d_separation": 0.0
  },
  "1;2": {
    "d_separation": 0.0
  },
  "1;3": {
    "d_separation": 0.0
  },
  "1;4": {
    "d_separation": 0.0
  },
  "1;5": {
    "d_separation": 0.0
  },
  "1;6": {
    "d_separation": 0.0
  },
  "1;7": {
    "d_separation": 0.0
  },
  "1;8": {
    "d_separation": 0.0
  },
  "1;9": {
    "d_separation": 0.0
  },
  "2;3": {
    "d_separation": 0.0
  },
  "2;4": {
    "d_separation": 0.0
  },
  "2;5": {
    "d_separation": 0.0
  },
  "2;6": {
    "d_separation": 0.0
  },
  "2;7": {
    "d_separation": 0.0
  },
  "2;8": {
    "d_separation": 0.0
  },
  "2;9": {
    "d_separation": 0.0
  },
  "3;4": {
    "d_separation": 0.0
  },
  "3;5": {
    "d_separation": 0.0
  },
  "3;6": {
    "d_separation": 0.0
  },
  "3;7": {
    "d_separation": 0.0
  },
  "3;8": {
    "d_separation": 0.0
  },
  "3;9": {
    "d_separation": 0.0
  },
  "4;5": {
    "d_separation": 0.0
  },
  "4;6": {
    "d_separation": 0.0
  },
  "4;7": {
    "d_separation": 1.0
  },
  "4;8": {
    "d_separation": 0.0
  },
  "4;9": {
    "d_separation": 0.0
  },
  "5;6": {
    "d_separation": 0.0
  },
  "5;7": {
    "d_separation": 0.0
  },
  "5;8": {
    "d_separation": 0.0
  },
  "5;9": {
    "d_separation": 0.0
  },
  "6;7": {
    "d_separation": 0.0
  },
  "6;8": {
    "d_separation": 0.0
  },
  "6;9": {
    "d_separation": 0.0
  },
  "7;8": {
    "d_separation": 0.0
  },
  "7;9": {
    "d_separation": 1.0
  },
  "8;9": {
    "d_separation": 0.0
  },
  "0;1|2": {
    "kci": 0.018005091722883004
  },
  "0;1|3": {
    "kci": 0.019690088857829857
  },
  "0;1|4": {
    "kci": 0.004524816980839619
  },
  "0;1|5": {
    "kci": 0.031429497729199674
  },
  "0;1|6": {
    "kci": 0.030261255194486192
  },
  "0;1|8": {
    "kci": 0.059545378341489985
  },
  "0;1|9": {
    "kci": 0.16379855894436268
  },
  "0;2|1": {
    "kci": 0.3223353946900831
  },
  "0;2|3": {
    "kci": 0.32524310254835576
  },
  "0;2|4": {
    "kci": 0.32916780493750386
  },
  "0;2|5": {
    "kci": 0.3110271412836131
  },
  "0;2|6": {
    "kci": 0.3178756160825038
  },
  "0;2|8": {
    "kci": 0.32561818538740694
  },
  "0;2|9": {
    "kci": 0.2904694506935622
  },
  "0;3|1": {
    "kci": 0.15181903271214925
  },
  "0;3|2": {
    "kci": 0.5362030607718863
  },
  "0;3|4": {
    "kci": 0.23718675316557414
  },
  "0;3|5": {
    "kci": 0.30509945447077824
  },
  "0;3|6": {
    "kci": 0.3407637184220391
  },
  "0;3|8": {
    "kci": 0.1375097601430465
  },
  "0;3|9": {
    "kci": 0.5058771346833781
  },
  "0;4|1": {
    "kci": 0.09704485750135472
  },
  "0;4|2": {
    "kci": 0.32501119617066243
  },
  "0;4|3": {
    "kci": 0.19492898059191188
  },
  "0;4|5": {
    "kci": 0.3915002283332285
  },
  "0;4|6": {
    "kci": 0.2712991453505098
  },
  "0;4|8": {
    "kci": 0.16273156172337488
  },
  "0;4|9": {
    "kci": 0.4423431133830993
  },
  "0;5|1": {
    "kci": 0.3900201740058976
  },
  "0;5|2": {
    "kci": 0.15708900365954725
  },
  "0;5|3": {
    "kci": 0.22795427527978596
  },
  "0;5|4": {
    "kci": 0.24059078014570234
  },
  "0;5|6": {
    "kci": 0.32071374052330637
  },
  "0;5|8": {
    "kci": 0.19269811139321225
  },
  "0;5|9": {
    "kci": 0.35307418638667276
  },
  "0;6|1": {
    "kci": 0.39721625215074496
  },
  "0;6|2": {
    "kci": 0.39846862703028907
  },
  "0;6|3": {
    "kci": 0.48244926266352695
  },
  "0;6|4": {
    "kci": 0.4353938398172148
  },
  "0;6|5": {
    "kci": 0.34949844548868714
  },
  "0;6|8": {
    "kci": 0.4991038522266782
  },
  "0;6|9": {
    "kci": 0.4417122067739556
  },
  "0;8|1": {
    "kci": 0.35118930131939097
  },
  "0;8|2": {
    "kci": 0.016873562062865388
  },
  "0;8|3": {
    "kci": 0.16958886935714923
  },
  "0;8|4": {
    "kci": 0.10118257814000986
  },
  "0;8|5": {
    "kci": 0.1302918950047799
  },
  "0;8|6": {
    "kci": 0.0621567942539033
  },
  "0;8|9": {
    "kci": 0.08112774260326283
  },
  "0;9|1": {
    "kci": 0.2211683456517155
  },
  "0;9|2": {
    "kci": 0.09346076391044944
  },
  "0;9|3": {
    "kci": 0.225329749193511
  },
  "0;9|4": {
    "kci": 0.21222734812400768
  },
  "0;9|5": {
    "kci": 0.1703670624020861
  },
  "0;9|6": {
    "kci": 0.24577462960344754
  },
  "0;9|8": {
    "kci": 0.20999248471920406
  },
  "0;1|7": {
    "kci": 0.03569651456157952
  },
  "1;2|0": {
    "kci": 0.4335332987086864
  },
  "1;2|3": {
    "kci": 0.336470528861906
  },
  "1;2|4": {
    "kci": 0.4763439726178663
  },
  "1;2|5": {
    "kci": 0.395620823422029
  },
  "1;2|6": {
    "kci": 0.42292401670055735
  },
  "1;2|7": {
    "kci": 0.2584337478019314
  },
  "1;2|8": {
    "kci": 0.4778795453132829
  },
  "1;2|9": {
    "kci": 0.3157458715795154
  },
  "1;3|0": {
    "kci": 0.39708360818459765
  },
  "1;3|2": {
    "kci": 0.42814421849173345
  },
  "1;3|4": {
    "kci": 0.29034935319327326
  },
  "1;3|5": {
    "kci": 0.37924820040453466
  },
  "1;3|6": {
    "kci": 0.38524180600932856
  },
  "1;3|7": {
    "kci": 0.22718175387309036
  },
  "1;3|8": {
    "kci": 0.3692609392000219
  },
  "1;3|9": {
    "kci": 0.3100163662690507
  },
  "1;4|0": {
    "kci": 0.040343954424261974
  },
  "1;4|2": {
    "kci": 0.06661633388917976
  },
  "1;4|3": {
    "kci": 0.062009079224192076
  },
  "1;4|5": {
    "kci": 0.04602227626013111
  },
  "1;4|6": {
    "kci": 0.08390167440889984
  },
  "1;4|7": {
    "kci": 0.04746356480119418
  },
  "1;4|8": {
    "kci": 0.08805614221353131
  },
  "1;4|9": {
    "kci": 0.18419420969386124
  },
  "1;5|0": {
    "kci": 0.2855565684494288
  },
  "1;5|2": {
    "kci": 0.1097405797347879
  },
  "1;5|3": {
    "kci": 0.1572133323483742
  },
  "1;5|4": {
    "kci": 0.016435421733093314
  },
  "1;5|6": {
    "kci": 0.09188992147490549
  },
  "1;5|7": {
    "kci": 0.22599093946482607
  },
  "1;5|8": {
    "kci": 0.05353959621557869
  },
  "1;5|9": {
    "kci": 0.0659688908172501
  },
  "1;6|0": {
    "kci": 0.383271105875574
  },
  "1;6|2": {
    "kci": 0.2017652054686997
  },
  "1;6|3": {
    "kci": 0.3489428742613362
  },
  "1;6|4": {
    "kci": 0.28615948399895796
  },
  "1;6|5": {
    "kci": 0.07746225530543605
  },
  "1;6|7": {
    "kci": 0.4479180796259936
  },
  "1;6|8": {
    "kci": 0.31072505320605803
  },
  "1;6|9": {
    "kci": 0.37421527428388046
  },
  "1;7|0": {
    "kci": 0.009808273515466648
  },
  "1;7|2": {
    "kci": 0.018360803357565514
  },
  "1;7|3": {
    "kci": 0.020022827983359415
  },
  "1;7|4": {
    "kci": 0.01676057853255275
  },
  "1;7|5": {
    "kci": 0.11465256945350477
  },
  "1;7|6": {
    "kci": 0.03564430255642215
  },
  "1;7|8": {
    "kci": 0.033797451415947366
  },
  "1;7|9": {
    "kci": 0.04783287394290958
  },
  "1;8|0": {
    "kci": 0.050658679870000944
  },
  "1;8|2": {
    "kci": 0.022468499416410714
  },
  "1;8|3": {
    "kci": 0.0033771910078443934
  },
  "1;8|4": {
    "kci": 0.040142428278692965
  },
  "1;8|5": {
    "kci": 0.01678615088486002
  },
  "1;8|6": {
    "kci": 0.02198355044121436
  },
  "1;8|7": {
    "kci": 0.018581499075457808
  },
  "1;8|9": {
    "kci": 0.09783148453368407
  },
  "1;9|0": {
    "kci": 0.03406515047086178
  },
  "1;9|2": {
    "kci": 0.048952363492313467
  },
  "1;9|3": {
    "kci": 0.08245331365427178
  },
  "1;9|4": {
    "kci": 0.443056752600299
  },
  "1;9|5": {
    "kci": 0.0626382148615896
  },
  "1;9|6": {
    "kci": 0.07868166628841877
  },
  "1;9|7": {
    "kci": 0.0022294654961014793
  },
  "1;9|8": {
    "kci": 0.08964283172646514
  },
  "0;2|7": {
    "kci": 0.3127636866635709
  },
  "2;3|0": {
    "kci": 0.21487299938276005
  },
  "2;3|1": {
    "kci": 0.2107814016783104
  },
  "2;3|4": {
    "kci": 0.19141615046950688
  },