{
  "data_hash": "117ca5722ada804cc09452e2bae68645",
  "0;1": {
    "d_separation": 0.0
  },
  "0;2": {
    "d_separation": 0.0
  },
  "0;3": {
    "d_separation": 0.0
  },
  "0;4": {
    "d_separation": 0.0
  },
  "0;5": {
    "d_separation": 0.0
  },
  "0;6": {
    "d_separation": 0.0
  },
  "0;7": {
    "d_separation": 0.0
  },
  "0;8": {
    "d_separation": 0.0
  },
  "0;9": {
    "d_separation": 0.0
  },
  "1;2": {
    "d_separation": 0.0
  },
  "1;3": {
    "d_separation": 0.0
  },
  "1;4": {
    "d_separation": 0.0
  },
  "1;5": {
    "d_separation": 0.0
  },
  "1;6": {
    "d_separation": 0.0
  },
  "1;7": {
    "d_separation": 0.0
  },
  "1;8": {
    "d_separation": 0.0
  },
  "1;9": {
    "d_separation": 0.0
  },
  "2;3": {
    "d_separation": 0.0
  },
  "2;4": {
    "d_separation": 0.0
  },
  "2;5": {
    "d_separation": 0.0
  },
  "2;6": {
    "d_separation": 0.0
  },
  "2;7": {
    "d_separation": 0.0
  },
  "2;8": {
    "d_separation": 0.0
  },
  "2;9": {
    "d_separation": 0.0
  },
  "3;4": {
    "d_separation": 0.0
  },
  "3;5": {
    "d_separation": 0.0
  },
  "3;6": {
    "d_separation": 0.0
  },
  "3;7": {
    "d_separation": 0.0
  },
  "3;8": {
    "d_separation": 0.0
  },
  "3;9": {
    "d_separation": 0.0
  },
  "4;5": {
    "d_separation": 0.0
  },
  "4;6": {
    "d_separation": 0.0
  },
  "4;7": {
    "d_separation": 0.0
  },
  "4;8": {
    "d_separation": 0.0
  },
  "4;9": {
    "d_separation": 0.0
  },
  "5;6": {
    "d_separation": 0.0
  },
  "5;7": {
    "d_separation": 0.0
  },
  "5;8": {
    "d_separation": 0.0
  },
  "5;9": {
    "d_separation": 0.0
  },
  "6;7": {
    "d_separation": 0.0
  },
  "6;8": {
    "d_separation": 0.0
  },
  "6;9": {
    "d_separation": 0.0
  },
  "7;8": {
    "d_separation": 0.0
  },
  "7;9": {
    "d_separation": 0.0
  },
  "8;9": {
    "d_separation": 0.0
  },
  "0;1|2": {
    "kci": 0.008098699450576063
  },
  "0;1|3": {
    "kci": 0.034733081181939074
  },
  "0;1|4": {
    "kci": 0.06014878132503654
  },
  "0;1|5": {
    "kci": 0.015227642169715616
  },
  "0;1|6": {
    "kci": 0.013335646282134461
  },
  "0;1|7": {
    "kci": 0.014572554535595361
  },
  "0;1|8": {
    "kci": 0.04193049766376389
  },
  "0;1|9": {
    "kci": 0.00023643401028594635
  },
  "0;2|1": {
    "kci": 0.09972049159261909
  },
  "0;2|3": {
    "kci": 0.11430687998414546
  },
  "0;2|4": {
    "kci": 0.16466780359691935
  },
  "0;2|5": {
    "kci": 0.08033872774472461
  },
  "0;2|6": {
    "kci": 0.14889143881521116
  },
  "0;2|7": {
    "kci": 0.13979998567143392
  },
  "0;2|8": {
    "kci": 0.14767765278851153
  },
  "0;2|9": {
    "kci": 0.21137393178498598
  },
  "0;3|1": {
    "kci": 0.05577625722491375
  },
  "0;3|2": {
    "kci": 0.08335940575274481
  },
  "0;3|4": {
    "kci": 0.08136551036165629
  },
  "0;3|5": {
    "kci": 0.007944728248195476
  },
  "0;3|6": {
    "kci": 0.09328104157827388
  },
  "0;3|7": {
    "kci": 0.008955019630557781
  },
  "0;3|8": {
    "kci": 0.15121773868222999
  },
  "0;3|9": {
    "kci": 0.13529333474037764
  },
  "0;4|1": {
    "kci": 0.33861438201505
  },
  "0;4|2": {
    "kci": 0.2879093027898415
  },
  "0;4|3": {
    "kci": 0.25691652169975576
  },
  "0;4|5": {
    "kci": 0.22331967868200187
  },
  "0;4|6": {
    "kci": 0.24146972623659801
  },
  "0;4|7": {
    "kci": 0.2639518133494878
  },
  "0;4|8": {
    "kci": 0.29521044349650993
  },
  "0;4|9": {
    "kci": 0.17770246874285633
  },
  "0;5|1": {
    "kci": 1.1102230246251565e-15
  },
  "0;5|2": {
    "kci": 0.0
  },
  "0;5|3": {
    "kci": 0.0
  },
  "0;5|4": {
    "kci": 0.0
  },
  "0;5|6": {
    "kci": 9.992007221626409e-16
  },
  "0;5|7": {
    "kci": 1.1376788400241367e-11
  },
  "0;5|8": {
    "kci": 1.9984014443252818e-15
  },
  "0;5|9": {
    "kci": 4.7628567756419216e-14
  },
  "0;6|1": {
    "kci": 0.24916027129342444
  },
  "0;6|2": {
    "kci": 0.35233704861735493
  },
  "0;6|3": {
    "kci": 0.48296900019854905
  },
  "0;6|4": {
    "kci": 0.463526865070625
  },
  "0;6|5": {
    "kci": 0.3787758774997161
  },
  "0;6|7": {
    "kci": 0.4096522690526435
  },
  "0;6|8": {
    "kci": 0.3858583511513286
  },
  "0;6|9": {
    "kci": 0.2728601537711117
  },
  "0;7|1": {
    "kci": 0.43007881605978704
  },
  "0;7|2": {
    "kci": 0.2945973040750274
  },
  "0;7|3": {
    "kci": 0.002271163307402402
  },
  "0;7|4": {
    "kci": 0.33036359052056774
  },
  "0;7|5": {
    "kci": 0.18527649815268776
  },
  "0;7|6": {
    "kci": 0.31350969438023746
  },
  "0;7|8": {
    "kci": 0.18323012218406587
  },
  "0;7|9": {
    "kci": 0.28738996713247666
  },
  "0;8|1": {
    "kci": 0.4605033278999965
  },
  "0;8|2": {
    "kci": 0.51528892090867
  },
  "0;8|3": {
    "kci": 0.4522876322136148
  },
  "0;8|4": {
    "kci": 0.49983566181179295
  },
  "0;8|5": {
    "kci": 0.3570477183929752
  },
  "0;8|6": {
    "kci": 0.46831212684361867
  },
  "0;8|7": {
    "kci": 0.4719258408115101
  },
  "0;8|9": {
    "kci": 0.4319054971512075
  },
  "0;9|1": {
    "kci": 4.744584098992366e-05
  },
  "0;9|2": {
    "kci": 0.006477606332219388
  },
  "0;9|3": {
    "kci": 0.0010756603717965163
  },
  "0;9|4": {
    "kci": 0.0022604878866481215
  },
  "0;9|5": {
    "kci": 0.06306951574831854
  },
  "0;9|6": {
    "kci": 0.001396746344380917
  },
  "0;9|7": {
    "kci": 7.45718428930564e-05
  },
  "0;9|8": {
    "kci": 0.0004761828407229274
  },
  "1;2|0": {
    "kci": 0.31413608237466417
  },
  "1;2|3": {
    "kci": 0.32101692204674837
  },
  "1;2|4": {
    "kci": 0.31422442690025676
  },
  "1;2|5": {
    "kci": 0.30659112120202603
  },
  "1;2|6": {
    "kci": 0.31588322378448475
  },
  "1;2|7": {
    "kci": 0.3198260976149412
  },
  "1;2|8": {
    "kci": 0.3206901390115584
  },
  "1;2|9": {
    "kci": 0.3135076451130514
  },
  "1;3|0": {
    "kci": 0.6861212689426268
  },
  "1;3|2": {
    "kci": 0.5155653561893836
  },
  "1;3|4": {
    "kci": 0.44916789971213944
  },
  "1;3|5": {
    "kci": 0.22179171744462767
  },
  "1;3|6": {
    "kci": 0.6437467866104563
  },
  "1;3|7": {
    "kci": 0.20073106196308366
  },
  "1;3|8": {
    "kci": 0.5330371630257447
  },
  "1;3|9": {
    "kci": 0.4581667253295638
  },
  "1;4|0": {
    "kci": 0.042647941363745834
  },
  "1;4|2": {
    "kci": 0.0038271404018643818
  },
  "1;4|3": {
    "kci": 0.034397845771918956
  },
  "1;4|5": {
    "kci": 0.007259560086289807
  },
  "1;4|6": {
    "kci": 0.02347375702006671
  },
  "1;4|7": {
    "kci": 0.029980186685636068
  },
  "1;4|8": {
    "kci": 0.027809105721871008
  },
  "1;4|9": {
    "kci": 0.011227645892947558
  },
  "1;5|0": {
    "kci": 0.24367800857117328
  },
  "1;5|2": {
    "kci": 0.20938623119091493
  },
  "1;5|3": {
    "kci": 0.18542826409491298
  },
  "1;5|4": {
    "kci": 0.304065781486909
  },
  "1;5|6": {
    "kci": 0.3383442956496453
  },
  "1;5|7": {
    "kci": 0.25422791799566
  },
  "1;5|8": {
    "kci": 0.37453888343623043
  },
  "1;5|9": {
    "kci": 0.12212451812585101
  },
  "1;6|0": {
    "kci": 0.3230620311856506
  },
  "1;6|2": {
    "kci": 0.3272934570453686
  },
  "1;6|3": {
    "kci": 0.32280484746834925
  },
  "1;6|4": {
    "kci": 0.3238766370850732
  },
  "1;6|5": {
    "kci": 0.29412861104511256
  },
  "1;6|7": {
    "kci": 0.32170407450975125
  },
  "1;6|8": {
    "kci": 0.32358444183984836
  },
  "1;6|9": {
    "kci": 0.15286027721430862
  },
  "1;7|0": {
    "kci": 0.10944848478683245
  },
  "1;7|2": {
    "kci": 0.16630915359943477
  },
  "1;7|3": {
    "kci": 0.022736495376193155
  },
  "1;7|4": {
    "kci": 0.23513876549704127
  },
  "1;7|5": {
    "kci": 0.2533265798540285
  },
  "1;7|6": {
    "kci": 0.12758303628463774
  },
  "1;7|8": {
    "kci": 0.09227260028884021
  },
  "1;7|9": {
    "kci": 0.16986928331702678
  },
  "1;8|0": {
    "kci": 0.4773675712291975
  },
  "1;8|2": {
    "kci": 0.4895722772837231
  },
  "1;8|3": {
    "kci": 0.4566553228637169
  },
  "1;8|4": {
    "kci": 0.5862279075458309
  },
  "1;8|5": {
    "kci": 0.2496346100976794
  },
  "1;8|6": {
    "kci": 0.486961306263186
  },