{
  "data_hash": "127a32d5438be7069846426d2b33372d",
  "0;1": {
    "d_separation": 0.0
  },
  "0;2": {
    "d_separation": 0.0
  },
  "0;3": {
    "d_separation": 0.0
  },
  "0;4": {
    "d_separation": 0.0
  },
  "0;5": {
    "d_separation": 0.0
  },
  "0;6": {
    "d_separation": 0.0
  },
  "0;7": {
    "d_separation": 0.0
  },
  "0;8": {
    "d_separation": 0.0
  },
  "0;9": {
    "d_separation": 0.0
  },
  "1;2": {
    "d_separation": 0.0
  },
  "1;3": {
    "d_separation": 0.0
  },
  "1;4": {
    "d_separation": 0.0
  },
  "1;5": {
    "d_separation": 0.0
  },
  "1;6": {
    "d_separation": 0.0
  },
  "1;7": {
    "d_separation": 0.0
  },
  "1;8": {
    "d_separation": 0.0
  },
  "1;9": {
    "d_separation": 0.0
  },
  "2;3": {
    "d_separation": 0.0
  },
  "2;4": {
    "d_separation": 0.0
  },
  "2;5": {
    "d_separation": 0.0
  },
  "2;6": {
    "d_separation": 0.0
  },
  "2;7": {
    "d_separation": 0.0
  },
  "2;8": {
    "d_separation": 0.0
  },
  "2;9": {
    "d_separation": 0.0
  },
  "3;4": {
    "d_separation": 0.0
  },
  "3;5": {
    "d_separation": 0.0
  },
  "3;6": {
    "d_separation": 0.0
  },
  "3;7": {
    "d_separation": 0.0
  },
  "3;8": {
    "d_separation": 0.0
  },
  "3;9": {
    "d_separation": 0.0
  },
  "4;5": {
    "d_separation": 0.0
  },
  "4;6": {
    "d_separation": 0.0
  },
  "4;7": {
    "d_separation": 0.0
  },
  "4;8": {
    "d_separation": 0.0
  },
  "4;9": {
    "d_separation": 0.0
  },
  "5;6": {
    "d_separation": 0.0
  },
  "5;7": {
    "d_separation": 0.0
  },
  "5;8": {
    "d_separation": 0.0
  },
  "5;9": {
    "d_separation": 0.0
  },
  "6;7": {
    "d_separation": 0.0
  },
  "6;8": {
    "d_separation": 0.0
  },
  "6;9": {
    "d_separation": 0.0
  },
  "7;8": {
    "d_separation": 0.0
  },
  "7;9": {
    "d_separation": 0.0
  },
  "8;9": {
    "d_separation": 0.0
  },
  "0;1|2": {
    "kci": 0.12571265896881312
  },
  "0;1|3": {
    "kci": 0.11846434353333546
  },
  "0;1|4": {
    "kci": 0.13049617044030148
  },
  "0;1|5": {
    "kci": 0.06319661001702137
  },
  "0;1|6": {
    "kci": 0.356214506317977
  },
  "0;1|7": {
    "kci": 0.20325862510905557
  },
  "0;1|8": {
    "kci": 0.027235606468716145
  },
  "0;1|9": {
    "kci": 0.043628784281472544
  },
  "0;2|1": {
    "kci": 0.10580835273482325
  },
  "0;2|3": {
    "kci": 0.1424012375447128
  },
  "0;2|4": {
    "kci": 0.26678911607137
  },
  "0;2|5": {
    "kci": 0.2708883689712952
  },
  "0;2|6": {
    "kci": 0.1871700925982187
  },
  "0;2|7": {
    "kci": 0.4340951072065522
  },
  "0;2|8": {
    "kci": 0.11744535562825453
  },
  "0;2|9": {
    "kci": 0.23033407207159673
  },
  "0;3|1": {
    "kci": 0.28552446313619684
  },
  "0;3|2": {
    "kci": 0.16359116824705522
  },
  "0;3|4": {
    "kci": 0.18473784376645663
  },
  "0;3|5": {
    "kci": 0.00042623076862280396
  },
  "0;3|6": {
    "kci": 0.2778959378022887
  },
  "0;3|7": {
    "kci": 0.09113529127022169
  },
  "0;3|8": {
    "kci": 0.2527692286653158
  },
  "0;3|9": {
    "kci": 0.28962587374526294
  },
  "0;4|1": {
    "kci": 0.7370499800053347
  },
  "0;4|2": {
    "kci": 0.6605691808265144
  },
  "0;4|3": {
    "kci": 0.6249141499510966
  },
  "0;4|5": {
    "kci": 0.23957443730598327
  },
  "0;4|6": {
    "kci": 0.46224116830136475
  },
  "0;4|7": {
    "kci": 0.7053063854888018
  },
  "0;4|8": {
    "kci": 0.5083020780914783
  },
  "0;4|9": {
    "kci": 0.8000642623020927
  },
  "0;5|1": {
    "kci": 0.0
  },
  "0;5|2": {
    "kci": 0.0
  },
  "0;5|3": {
    "kci": 0.0
  },
  "0;5|4": {
    "kci": 0.0
  },
  "0;5|6": {
    "kci": 0.0
  },
  "0;5|7": {
    "kci": 0.0
  },
  "0;5|8": {
    "kci": 0.0
  },
  "0;5|9": {
    "kci": 0.0
  },
  "0;6|1": {
    "kci": 0.6102710317290642
  },
  "0;6|2": {
    "kci": 0.5797342719915396
  },
  "0;6|3": {
    "kci": 0.6481823037267258
  },
  "0;6|4": {
    "kci": 0.6277997883170328
  },
  "0;6|5": {
    "kci": 0.4171351816265453
  },
  "0;6|7": {
    "kci": 0.7109485660775121
  },
  "0;6|8": {
    "kci": 0.5072723831811353
  },
  "0;6|9": {
    "kci": 0.6770852935328747
  },
  "0;7|1": {
    "kci": 0.017737738405788628
  },
  "0;7|2": {
    "kci": 0.009234247788443062
  },
  "0;7|3": {
    "kci": 0.00035430378027057063
  },
  "0;7|4": {
    "kci": 0.0034139025227530873
  },
  "0;7|5": {
    "kci": 0.09103749376779136
  },
  "0;7|6": {
    "kci": 0.01553887821558464
  },
  "0;7|8": {
    "kci": 0.001958644988804048
  },
  "0;7|9": {
    "kci": 0.019901582708717447
  },
  "0;8|1": {
    "kci": 0.8124895236001766
  },
  "0;8|2": {
    "kci": 0.813554678889366
  },
  "0;8|3": {
    "kci": 0.7665247709818427
  },
  "0;8|4": {
    "kci": 0.6686287929849435
  },
  "0;8|5": {
    "kci": 0.44095533924293173
  },
  "0;8|6": {
    "kci": 0.7630424163814968
  },
  "0;8|7": {
    "kci": 0.75635205558573
  },
  "0;8|9": {
    "kci": 0.7902372516980616
  },
  "0;9|1": {
    "kci": 0.0028011619545647015
  },
  "0;9|2": {
    "kci": 0.2115968014663695
  },
  "0;9|3": {
    "kci": 0.2040472623882349
  },
  "0;9|4": {
    "kci": 0.24287962015110076
  },
  "0;9|5": {
    "kci": 0.33025127558678036
  },
  "0;9|6": {
    "kci": 0.24285628735395082
  },
  "0;9|7": {
    "kci": 0.19390792733558282
  },
  "0;9|8": {
    "kci": 0.26950416290248724
  },
  "1;2|0": {
    "kci": 0.5686030337534154
  },
  "1;2|3": {
    "kci": 0.366689322323413
  },
  "1;2|4": {
    "kci": 0.5599887401594303
  },
  "1;2|5": {
    "kci": 0.40870843911735766
  },
  "1;2|6": {
    "kci": 0.529684616320367
  },
  "1;2|7": {
    "kci": 0.6174277619185985
  },
  "1;2|8": {
    "kci": 0.4775818136080313
  },
  "1;2|9": {
    "kci": 0.6193101973869095
  },
  "1;3|0": {
    "kci": 0.37610216411514164
  },
  "1;3|2": {
    "kci": 0.41845362368516215
  },
  "1;3|4": {
    "kci": 0.4210179145418448
  },
  "1;3|5": {
    "kci": 0.45716240411842124
  },
  "1;3|6": {
    "kci": 0.41497257747025595
  },
  "1;3|7": {
    "kci": 0.37685295556404497
  },
  "1;3|8": {
    "kci": 0.4111251140417287
  },
  "1;3|9": {
    "kci": 0.4595142448592008
  },
  "1;4|0": {
    "kci": 0.0026162855048132982
  },
  "1;4|2": {
    "kci": 0.002888841224661931
  },
  "1;4|3": {
    "kci": 0.0005975003560176884
  },
  "1;4|5": {
    "kci": 0.00402112233999119
  },
  "1;4|6": {
    "kci": 0.0023442767244232776
  },
  "1;4|7": {
    "kci": 0.005519899356324687
  },
  "1;4|8": {
    "kci": 0.007834287581470978
  },
  "1;4|9": {
    "kci": 0.007660941635211249
  },
  "1;5|0": {
    "kci": 0.10305164556086588
  },
  "1;5|2": {
    "kci": 0.5688025212994328
  },
  "1;5|3": {
    "kci": 0.5642831972022114
  },
  "1;5|4": {
    "kci": 0.6274152614753892
  },
  "1;5|6": {
    "kci": 0.5679859452934426
  },
  "1;5|7": {
    "kci": 0.5216478746997405
  },
  "1;5|8": {
    "kci": 0.6111490860364774
  },
  "1;5|9": {
    "kci": 0.2546972824204268
  },
  "1;6|0": {
    "kci": 0.30675543050458476
  },
  "1;6|2": {
    "kci": 0.2580444406639164
  },
  "1;6|3": {
    "kci": 0.2534387266801267
  },
  "1;6|4": {
    "kci": 0.3060697011396133
  },
  "1;6|5": {
    "kci": 0.2542334989181001
  },
  "1;6|7": {
    "kci": 0.19115021756531636
  },
  "1;6|8": {
    "kci": 0.26033942282407196
  },
  "1;6|9": {
    "kci": 0.19638040998447348
  },
  "1;7|0": {
    "kci": 0.018435336854066064
  },
  "1;7|2": {
    "kci": 0.003561963548318281
  },
  "1;7|3": {
    "kci": 0.00023732313774982305
  },
  "1;7|4": {
    "kci": 0.003839355290101709
  },
  "1;7|5": {
    "kci": 7.601140774826654e-05
  },
  "1;7|6": {
    "kci": 0.0006981589403568522
  },
  "1;7|8": {
    "kci": 0.0071725496604898575
  },
  "1;7|9": {
    "kci": 0.0031784643743415497
  },
  "1;8|0": {
    "kci": 0.3001264361298229
  },
  "1;8|2": {
    "kci": 0.17125414634030678
  },
  "1;8|3": {
    "kci": 0.15526531939914623
  },
  "1;8|4": {
    "kci": 0.2385878097745977
  },
  "1;8|5": {
    "kci": 0.3449323936926936
  },
  "1;8|6": {
    "kci": 0.06536097772098282
  },
  "1;8|7": {
    "kci": 0.2971353809821158
  },
  "1;8|9": {
    "kci": 0.3645273488640014
  },