{
  "data_hash": "1395fc244797006e727f120bb11387cf",
  "0;1": {
    "d_separation": 1.0
  },
  "0;2": {
    "d_separation": 0.0
  },
  "0;3": {
    "d_separation": 0.0
  },
  "0;4": {
    "d_separation": 0.0
  },
  "0;5": {
    "d_separation": 0.0
  },
  "0;6": {
    "d_separation": 0.0
  },
  "0;7": {
    "d_separation": 0.0
  },
  "0;8": {
    "d_separation": 0.0
  },
  "0;9": {
    "d_separation": 0.0
  },
  "1;2": {
    "d_separation": 0.0
  },
  "1;3": {
    "d_separation": 1.0
  },
  "1;4": {
    "d_separation": 0.0
  },
  "1;5": {
    "d_separation": 0.0
  },
  "1;6": {
    "d_separation": 1.0
  },
  "1;7": {
    "d_separation": 1.0
  },
  "1;8": {
    "d_separation": 1.0
  },
  "1;9": {
    "d_separation": 0.0
  },
  "2;3": {
    "d_separation": 0.0
  },
  "2;4": {
    "d_separation": 0.0
  },
  "2;5": {
    "d_separation": 0.0
  },
  "2;6": {
    "d_separation": 0.0
  },
  "2;7": {
    "d_separation": 0.0
  },
  "2;8": {
    "d_separation": 0.0
  },
  "2;9": {
    "d_separation": 0.0
  },
  "3;4": {
    "d_separation": 0.0
  },
  "3;5": {
    "d_separation": 0.0
  },
  "3;6": {
    "d_separation": 0.0
  },
  "3;7": {
    "d_separation": 0.0
  },
  "3;8": {
    "d_separation": 0.0
  },
  "3;9": {
    "d_separation": 0.0
  },
  "4;5": {
    "d_separation": 0.0
  },
  "4;6": {
    "d_separation": 0.0
  },
  "4;7": {
    "d_separation": 0.0
  },
  "4;8": {
    "d_separation": 0.0
  },
  "4;9": {
    "d_separation": 0.0
  },
  "5;6": {
    "d_separation": 0.0
  },
  "5;7": {
    "d_separation": 0.0
  },
  "5;8": {
    "d_separation": 0.0
  },
  "5;9": {
    "d_separation": 0.0
  },
  "6;7": {
    "d_separation": 0.0
  },
  "6;8": {
    "d_separation": 0.0
  },
  "6;9": {
    "d_separation": 0.0
  },
  "7;8": {
    "d_separation": 0.0
  },
  "7;9": {
    "d_separation": 0.0
  },
  "8;9": {
    "d_separation": 0.0
  },
  "0;2|3": {
    "kci": 0.251931705098583
  },
  "0;2|4": {
    "kci": 0.5252596771423017
  },
  "0;2|5": {
    "kci": 0.7446149272111661
  },
  "0;2|6": {
    "kci": 0.41617641276034967
  },
  "0;2|7": {
    "kci": 0.4579598174703491
  },
  "0;2|8": {
    "kci": 0.5855658654998379
  },
  "0;2|9": {
    "kci": 0.6255636742692957
  },
  "0;3|2": {
    "kci": 5.887696996609293e-10
  },
  "0;3|4": {
    "kci": 5.937135227895851e-09
  },
  "0;3|5": {
    "kci": 1.8492640752043599e-10
  },
  "0;3|6": {
    "kci": 0.4690049271221892
  },
  "0;3|7": {
    "kci": 0.00201190035532961
  },
  "0;3|8": {
    "kci": 6.025365573147923e-08
  },
  "0;3|9": {
    "kci": 2.5572099993098618e-11
  },
  "0;4|2": {
    "kci": 0.02048092206625285
  },
  "0;4|3": {
    "kci": 0.9285234484426019
  },
  "0;4|5": {
    "kci": 0.04362812142767902
  },
  "0;4|6": {
    "kci": 0.6882022446567587
  },
  "0;4|7": {
    "kci": 0.21884757133289545
  },
  "0;4|8": {
    "kci": 0.5321321183028098
  },
  "0;4|9": {
    "kci": 0.05952119422875635
  },
  "0;5|2": {
    "kci": 0.646845754553588
  },
  "0;5|3": {
    "kci": 0.7290824463821868
  },
  "0;5|4": {
    "kci": 0.5870248776286999
  },
  "0;5|6": {
    "kci": 0.6381818305296103
  },
  "0;5|7": {
    "kci": 0.5086977922312916
  },
  "0;5|8": {
    "kci": 0.7540645356623379
  },
  "0;5|9": {
    "kci": 0.7237636082576073
  },
  "0;6|2": {
    "kci": 8.084755087622852e-12
  },
  "0;6|3": {
    "kci": 5.717918737990768e-05
  },
  "0;6|4": {
    "kci": 1.8129941992128806e-13
  },
  "0;6|5": {
    "kci": 1.0316192344816955e-12
  },
  "0;6|7": {
    "kci": 5.055229346240253e-08
  },
  "0;6|8": {
    "kci": 1.995625886763719e-12
  },
  "0;6|9": {
    "kci": 2.4868995751603507e-13
  },
  "0;7|2": {
    "kci": 6.661338147750939e-16
  },
  "0;7|3": {
    "kci": 5.586531237611325e-12
  },
  "0;7|4": {
    "kci": 0.0
  },
  "0;7|5": {
    "kci": 0.0
  },
  "0;7|6": {
    "kci": 1.1029063368472869e-05
  },
  "0;7|8": {
    "kci": 2.220446049250313e-15
  },
  "0;7|9": {
    "kci": 0.0
  },
  "0;8|2": {
    "kci": 0.004831069097468554
  },
  "0;8|3": {
    "kci": 0.45064807554173836
  },
  "0;8|4": {
    "kci": 0.030378767253867456
  },
  "0;8|5": {
    "kci": 0.010402247820614163
  },
  "0;8|6": {
    "kci": 0.5479862027909392
  },
  "0;8|7": {
    "kci": 0.11278299964413319
  },
  "0;8|9": {
    "kci": 0.0029201796749562803
  },
  "0;9|2": {
    "kci": 0.05198143031379687
  },
  "0;9|3": {
    "kci": 0.12819765674741457
  },
  "0;9|4": {
    "kci": 0.05800762540800575
  },
  "0;9|5": {
    "kci": 0.10438476747296588
  },
  "0;9|6": {
    "kci": 0.4792865205013894
  },
  "0;9|7": {
    "kci": 0.004532159826230675
  },
  "0;9|8": {
    "kci": 0.24459482323268222
  },
  "1;2|4": {
    "kci": 0.14334493506811719
  },
  "1;2|5": {
    "kci": 0.2811694471367503
  },
  "1;2|9": {
    "kci": 0.20742076285833988
  },
  "1;4|2": {
    "kci": 0.0005761428730820528
  },
  "1;4|5": {
    "kci": 0.0004909164396171839
  },
  "1;4|9": {
    "kci": 0.00870198985633408
  },
  "1;5|2": {
    "kci": 0.27101833935637054
  },
  "1;5|4": {
    "kci": 0.6470644678172621
  },
  "1;5|9": {
    "kci": 0.4131988510230842
  },
  "1;9|2": {
    "kci": 0.0016420005858720499
  },
  "1;9|4": {
    "kci": 0.009929352816670844
  },
  "1;9|5": {
    "kci": 0.005604519533800367
  },
  "0;2|1": {
    "kci": 0.7578174260262199
  },
  "1;2|0": {
    "kci": 0.42531583794505856
  },
  "1;2|3": {
    "kci": 0.49428763954221433
  },
  "1;2|6": {
    "kci": 0.3415978196936842
  },
  "1;2|7": {
    "kci": 0.3036370501812258
  },
  "1;2|8": {
    "kci": 0.24475009904541423
  },
  "2;3|0": {
    "kci": 0.027639102506252122
  },
  "2;3|1": {
    "kci": 0.11901119889348133
  },
  "2;3|4": {
    "kci": 0.2895476342383354
  },
  "2;3|5": {
    "kci": 0.07522094948934999
  },
  "2;3|6": {
    "kci": 0.2254548566355321
  },
  "2;3|7": {
    "kci": 0.021468143866542055
  },
  "2;3|8": {
    "kci": 0.14468792975307765
  },
  "2;3|9": {
    "kci": 0.1358858375162172
  },
  "2;4|0": {
    "kci": 0.15937515963713855
  },
  "2;4|1": {
    "kci": 0.1470197245634951
  },
  "2;4|3": {
    "kci": 0.3711976251896807
  },
  "2;4|5": {
    "kci": 0.19445164736307263
  },
  "2;4|6": {
    "kci": 0.2700204353595421
  },
  "2;4|7": {
    "kci": 0.15053269584320605
  },
  "2;4|8": {
    "kci": 0.20900779075385678
  },
  "2;4|9": {
    "kci": 0.3171052605267881
  },
  "2;5|0": {
    "kci": 0.3983196742334141
  },
  "2;5|1": {
    "kci": 0.17877945709813836
  },
  "2;5|3": {
    "kci": 0.6227781796238269
  },
  "2;5|4": {
    "kci": 0.6369114226501175
  },
  "2;5|6": {
    "kci": 0.14739721807012596
  },
  "2;5|7": {
    "kci": 0.22171921948748297
  },
  "2;5|8": {
    "kci": 0.4064088993960133
  },
  "2;5|9": {
    "kci": 0.2646011920765188
  },
  "2;6|0": {
    "kci": 0.09910184553289525
  },
  "2;6|1": {
    "kci": 0.28563524301785503
  },
  "2;6|3": {
    "kci": 0.26556128508553634
  },
  "2;6|4": {
    "kci": 0.7028068625685016
  },
  "2;6|5": {
    "kci": 0.5011359564079094
  },
  "2;6|7": {
    "kci": 0.1451855131396078
  },
  "2;6|8": {
    "kci": 0.5082897921748024
  },
  "2;6|9": {
    "kci": 0.5917338055073267
  },
  "2;7|0": {
    "kci": 0.7682502028491082
  },
  "2;7|1": {
    "kci": 0.5657257930168913
  },
  "2;7|3": {
    "kci": 0.043505275404851274
  },
  "2;7|4": {
    "kci": 0.12735929944897717
  },
  "2;7|5": {
    "kci": 0.43936452647604196
  },
  "2;7|6": {
    "kci": 0.012572354808318864
  },
  "2;7|8": {
    "kci": 0.2518635366908659
  },
  "2;7|9": {
    "kci": 0.40372069267529065
  },
  "2;8|0": {
    "kci": 0.16027529154910392
  },
  "2;8|1": {
    "kci": 0.20314970171474045
  },
  "2;8|3": {
    "kci": 0.13779104315540436
  },
  "2;8|4": {
    "kci": 0.2390247547696538
  },
  "2;8|5": {
    "kci": 0.29425601752053754
  },
  "2;8|6": {
    "kci": 0.13400206419674732
  },
  "2;8|7": {
    "kci": 0.1976720581239697
  },
  "2;8|9": {
    "kci": 0.21027555141359033
  },
  "2;9|0": {
    "kci": 0.17497429658851327
  },
  "2;9|1": {
    "kci": 0.19053030778978997
  },
  "2;9|3": {
    "kci": 0.16996303155186743
  },
  "2;9|4": {
    "kci": 0.30871252400455196
  },