{
  "data_hash": "1522a7227c345ba024fe5631b4eae037",
  "0;1": {
    "d_separation": 0.0
  },
  "0;2": {
    "d_separation": 0.0
  },
  "0;3": {
    "d_separation": 0.0
  },
  "0;4": {
    "d_separation": 0.0
  },
  "0;5": {
    "d_separation": 0.0
  },
  "0;6": {
    "d_separation": 0.0
  },
  "0;7": {
    "d_separation": 0.0
  },
  "0;8": {
    "d_separation": 0.0
  },
  "0;9": {
    "d_separation": 0.0
  },
  "1;2": {
    "d_separation": 0.0
  },
  "1;3": {
    "d_separation": 0.0
  },
  "1;4": {
    "d_separation": 0.0
  },
  "1;5": {
    "d_separation": 0.0
  },
  "1;6": {
    "d_separation": 0.0
  },
  "1;7": {
    "d_separation": 0.0
  },
  "1;8": {
    "d_separation": 0.0
  },
  "1;9": {
    "d_separation": 0.0
  },
  "2;3": {
    "d_separation": 0.0
  },
  "2;4": {
    "d_separation": 0.0
  },
  "2;5": {
    "d_separation": 0.0
  },
  "2;6": {
    "d_separation": 0.0
  },
  "2;7": {
    "d_separation": 0.0
  },
  "2;8": {
    "d_separation": 0.0
  },
  "2;9": {
    "d_separation": 0.0
  },
  "3;4": {
    "d_separation": 0.0
  },
  "3;5": {
    "d_separation": 0.0
  },
  "3;6": {
    "d_separation": 0.0
  },
  "3;7": {
    "d_separation": 0.0
  },
  "3;8": {
    "d_separation": 0.0
  },
  "3;9": {
    "d_separation": 1.0
  },
  "4;5": {
    "d_separation": 0.0
  },
  "4;6": {
    "d_separation": 0.0
  },
  "4;7": {
    "d_separation": 0.0
  },
  "4;8": {
    "d_separation": 0.0
  },
  "4;9": {
    "d_separation": 1.0
  },
  "5;6": {
    "d_separation": 0.0
  },
  "5;7": {
    "d_separation": 0.0
  },
  "5;8": {
    "d_separation": 0.0
  },
  "5;9": {
    "d_separation": 0.0
  },
  "6;7": {
    "d_separation": 0.0
  },
  "6;8": {
    "d_separation": 0.0
  },
  "6;9": {
    "d_separation": 0.0
  },
  "7;8": {
    "d_separation": 0.0
  },
  "7;9": {
    "d_separation": 0.0
  },
  "8;9": {
    "d_separation": 0.0
  },
  "0;1|2": {
    "kci": 0.41663010778473886
  },
  "0;1|3": {
    "kci": 0.3822759370637612
  },
  "0;1|4": {
    "kci": 0.3727877134406109
  },
  "0;1|5": {
    "kci": 0.41426645647449223
  },
  "0;1|6": {
    "kci": 0.42112921227940414
  },
  "0;1|7": {
    "kci": 0.39212880753066126
  },
  "0;1|8": {
    "kci": 0.4021192392445323
  },
  "0;1|9": {
    "kci": 0.3859155692478208
  },
  "0;2|1": {
    "kci": 0.30396683393131907
  },
  "0;2|3": {
    "kci": 0.34999606486600476
  },
  "0;2|4": {
    "kci": 0.3535685749580182
  },
  "0;2|5": {
    "kci": 0.3249807376057212
  },
  "0;2|6": {
    "kci": 0.35218747772741854
  },
  "0;2|7": {
    "kci": 0.3603829211946188
  },
  "0;2|8": {
    "kci": 0.2758485780375345
  },
  "0;2|9": {
    "kci": 0.32182297925470615
  },
  "0;3|1": {
    "kci": 0.15885307118320258
  },
  "0;3|2": {
    "kci": 0.23974747295149845
  },
  "0;3|4": {
    "kci": 0.18726911263066248
  },
  "0;3|5": {
    "kci": 0.12212776765257838
  },
  "0;3|6": {
    "kci": 0.06875246745822905
  },
  "0;3|7": {
    "kci": 0.12738449710630684
  },
  "0;3|8": {
    "kci": 0.05416024178863288
  },
  "0;3|9": {
    "kci": 0.1824735627666193
  },
  "0;4|1": {
    "kci": 8.40948872016245e-05
  },
  "0;4|2": {
    "kci": 0.00025908775649252647
  },
  "0;4|3": {
    "kci": 0.002298095652638832
  },
  "0;4|5": {
    "kci": 0.00022725602757989183
  },
  "0;4|6": {
    "kci": 8.068955847873038e-05
  },
  "0;4|7": {
    "kci": 0.0008568043972899675
  },
  "0;4|8": {
    "kci": 0.00017466301488677782
  },
  "0;4|9": {
    "kci": 0.0009549002658342243
  },
  "0;5|1": {
    "kci": 0.41174792664655857
  },
  "0;5|2": {
    "kci": 0.3944340932679937
  },
  "0;5|3": {
    "kci": 0.2679619269845225
  },
  "0;5|4": {
    "kci": 0.4059593929188027
  },
  "0;5|6": {
    "kci": 0.523281841591537
  },
  "0;5|7": {
    "kci": 0.3331814151345417
  },
  "0;5|8": {
    "kci": 0.35589995029006305
  },
  "0;5|9": {
    "kci": 0.36934539864297367
  },
  "0;6|1": {
    "kci": 0.11069995163976354
  },
  "0;6|2": {
    "kci": 0.15702343940940122
  },
  "0;6|3": {
    "kci": 0.08312470136535721
  },
  "0;6|4": {
    "kci": 0.07187481238950955
  },
  "0;6|5": {
    "kci": 0.09412962541121217
  },
  "0;6|7": {
    "kci": 0.09883708759573961
  },
  "0;6|8": {
    "kci": 0.05970245928525175
  },
  "0;6|9": {
    "kci": 0.10635759680570922
  },
  "0;7|1": {
    "kci": 0.005468081479639952
  },
  "0;7|2": {
    "kci": 0.0022446774105862044
  },
  "0;7|3": {
    "kci": 0.006530869377974202
  },
  "0;7|4": {
    "kci": 0.0014197283363786006
  },
  "0;7|5": {
    "kci": 0.006354228924531857
  },
  "0;7|6": {
    "kci": 0.003017000306321238
  },
  "0;7|8": {
    "kci": 0.004755022603462167
  },
  "0;7|9": {
    "kci": 0.0015123156405525418
  },
  "0;8|1": {
    "kci": 0.4525701334032144
  },
  "0;8|2": {
    "kci": 0.36030636375228586
  },
  "0;8|3": {
    "kci": 0.4554649259148337
  },
  "0;8|4": {
    "kci": 0.3100871546553394
  },
  "0;8|5": {
    "kci": 0.4626210787300463
  },
  "0;8|6": {
    "kci": 0.36336022156804715
  },
  "0;8|7": {
    "kci": 0.3725106177726636
  },
  "0;8|9": {
    "kci": 0.5086688391011498
  },
  "0;9|1": {
    "kci": 0.30269791296657045
  },
  "0;9|2": {
    "kci": 0.3588046260521779
  },
  "0;9|3": {
    "kci": 0.2448045169809714
  },
  "0;9|4": {
    "kci": 0.23379094040766846
  },
  "0;9|5": {
    "kci": 0.2567670065083876
  },
  "0;9|6": {
    "kci": 0.15953060077793602
  },
  "0;9|7": {
    "kci": 0.23850803092985084
  },
  "0;9|8": {
    "kci": 0.27012981298042604
  },
  "1;2|0": {
    "kci": 0.45149442336295176
  },
  "1;2|3": {
    "kci": 0.4348587154569594
  },
  "1;2|4": {
    "kci": 0.23055103619787387
  },
  "1;2|5": {
    "kci": 0.3413735670549618
  },
  "1;2|6": {
    "kci": 0.22555691082054374
  },
  "1;2|7": {
    "kci": 0.4154826159646714
  },
  "1;2|8": {
    "kci": 0.5717121527645705
  },
  "1;2|9": {
    "kci": 0.34441537262260624
  },
  "1;3|0": {
    "kci": 0.5990764499339536
  },
  "1;3|2": {
    "kci": 0.49968186662136094
  },
  "1;3|4": {
    "kci": 0.4345861059691052
  },
  "1;3|5": {
    "kci": 0.5342843722058952
  },
  "1;3|6": {
    "kci": 0.351177283815836
  },
  "1;3|7": {
    "kci": 0.28465339021700564
  },
  "1;3|8": {
    "kci": 0.45710781809210244
  },
  "1;3|9": {
    "kci": 0.47568860411879
  },
  "1;4|0": {
    "kci": 0.06425981696611927
  },
  "1;4|2": {
    "kci": 0.09480056503235201
  },
  "1;4|3": {
    "kci": 0.12808081068699795
  },
  "1;4|5": {
    "kci": 0.19416309487845607
  },
  "1;4|6": {
    "kci": 0.10422094679794547
  },
  "1;4|7": {
    "kci": 0.02749738560848647
  },
  "1;4|8": {
    "kci": 0.06314227531950489
  },
  "1;4|9": {
    "kci": 0.249777789419257
  },
  "1;5|0": {
    "kci": 0.40267040268372756
  },
  "1;5|2": {
    "kci": 0.44223343000023163
  },
  "1;5|3": {
    "kci": 0.596538743153074
  },
  "1;5|4": {
    "kci": 0.48303690512037223
  },
  "1;5|6": {
    "kci": 0.33248221790690113
  },
  "1;5|7": {
    "kci": 0.4734264192342985
  },
  "1;5|8": {
    "kci": 0.5492678889913911
  },
  "1;5|9": {
    "kci": 0.5301576173856392
  },
  "1;6|0": {
    "kci": 0.5336223112979173
  },
  "1;6|2": {
    "kci": 0.7321662129437065
  },
  "1;6|3": {
    "kci": 0.15745300015981412
  },
  "1;6|4": {
    "kci": 0.5654699409159458
  },
  "1;6|5": {
    "kci": 0.6716858896372071
  },
  "1;6|7": {
    "kci": 0.382242252483464
  },
  "1;6|8": {
    "kci": 0.5751522947850058
  },
  "1;6|9": {
    "kci": 0.31103979845919727
  },
  "1;7|0": {
    "kci": 0.585211371708485
  },
  "1;7|2": {
    "kci": 0.5539236587942444
  },
  "1;7|3": {
    "kci": 0.6706187733451414
  },
  "1;7|4": {
    "kci": 0.6697125217794184
  },
  "1;7|5": {
    "kci": 0.6584311831000043
  },
  "1;7|6": {
    "kci": 0.6842467877507521
  },
  "1;7|8": {
    "kci": 0.6627625426735506
  },
  "1;7|9": {
    "kci": 0.6383004790103476
  },
  "1;8|0": {
    "kci": 0.13893938113354598
  },
  "1;8|2": {
    "kci": 0.1644595404527991
  },
  "1;8|3": {
    "kci": 0.06923562821586027
  },
  "1;8|4": {
    "kci": 0.0742045123736913
  },
  "1;8|5": {
    "kci": 0.1246939327740334
  },
  "1;8|6": {
    "kci": 0.11469150550624185
  },