{
  "data_hash": "1572dce765e9585837467013ac6522df",
  "0;1": {
    "d_separation": 0.0
  },
  "0;2": {
    "d_separation": 0.0
  },
  "0;3": {
    "d_separation": 0.0
  },
  "0;4": {
    "d_separation": 0.0
  },
  "0;5": {
    "d_separation": 0.0
  },
  "0;6": {
    "d_separation": 0.0
  },
  "0;7": {
    "d_separation": 0.0
  },
  "0;8": {
    "d_separation": 0.0
  },
  "0;9": {
    "d_separation": 0.0
  },
  "1;2": {
    "d_separation": 0.0
  },
  "1;3": {
    "d_separation": 0.0
  },
  "1;4": {
    "d_separation": 0.0
  },
  "1;5": {
    "d_separation": 0.0
  },
  "1;6": {
    "d_separation": 0.0
  },
  "1;7": {
    "d_separation": 0.0
  },
  "1;8": {
    "d_separation": 0.0
  },
  "1;9": {
    "d_separation": 0.0
  },
  "2;3": {
    "d_separation": 0.0
  },
  "2;4": {
    "d_separation": 0.0
  },
  "2;5": {
    "d_separation": 0.0
  },
  "2;6": {
    "d_separation": 0.0
  },
  "2;7": {
    "d_separation": 0.0
  },
  "2;8": {
    "d_separation": 0.0
  },
  "2;9": {
    "d_separation": 0.0
  },
  "3;4": {
    "d_separation": 0.0
  },
  "3;5": {
    "d_separation": 0.0
  },
  "3;6": {
    "d_separation": 0.0
  },
  "3;7": {
    "d_separation": 0.0
  },
  "3;8": {
    "d_separation": 0.0
  },
  "3;9": {
    "d_separation": 0.0
  },
  "4;5": {
    "d_separation": 0.0
  },
  "4;6": {
    "d_separation": 0.0
  },
  "4;7": {
    "d_separation": 0.0
  },
  "4;8": {
    "d_separation": 0.0
  },
  "4;9": {
    "d_separation": 0.0
  },
  "5;6": {
    "d_separation": 0.0
  },
  "5;7": {
    "d_separation": 0.0
  },
  "5;8": {
    "d_separation": 0.0
  },
  "5;9": {
    "d_separation": 0.0
  },
  "6;7": {
    "d_separation": 0.0
  },
  "6;8": {
    "d_separation": 0.0
  },
  "6;9": {
    "d_separation": 0.0
  },
  "7;8": {
    "d_separation": 0.0
  },
  "7;9": {
    "d_separation": 0.0
  },
  "8;9": {
    "d_separation": 0.0
  },
  "0;1|2": {
    "kci": 0.056834245043470566
  },
  "0;1|3": {
    "kci": 0.2525374253828109
  },
  "0;1|4": {
    "kci": 0.1276335110667265
  },
  "0;1|5": {
    "kci": 0.01726502313901379
  },
  "0;1|6": {
    "kci": 0.05758157332877645
  },
  "0;1|7": {
    "kci": 0.04137779447832213
  },
  "0;1|8": {
    "kci": 0.05612885957602787
  },
  "0;1|9": {
    "kci": 0.06375555804533006
  },
  "0;2|1": {
    "kci": 0.5845440877290247
  },
  "0;2|3": {
    "kci": 0.5621278706426429
  },
  "0;2|4": {
    "kci": 0.15355867809731671
  },
  "0;2|5": {
    "kci": 0.5630710158362227
  },
  "0;2|6": {
    "kci": 0.5547205324230532
  },
  "0;2|7": {
    "kci": 0.5157140981353061
  },
  "0;2|8": {
    "kci": 0.5053552103624295
  },
  "0;2|9": {
    "kci": 0.46117912046619725
  },
  "0;3|1": {
    "kci": 0.011910339470043496
  },
  "0;3|2": {
    "kci": 8.334776467444627e-06
  },
  "0;3|4": {
    "kci": 0.0005040829193629914
  },
  "0;3|5": {
    "kci": 0.0009372541852065153
  },
  "0;3|6": {
    "kci": 5.6460252115586584e-05
  },
  "0;3|7": {
    "kci": 0.000284581794924077
  },
  "0;3|8": {
    "kci": 2.8523561262372432e-05
  },
  "0;3|9": {
    "kci": 2.440909008250003e-05
  },
  "0;4|1": {
    "kci": 0.41340128592367587
  },
  "0;4|2": {
    "kci": 0.35467909392721886
  },
  "0;4|3": {
    "kci": 0.36477043989582214
  },
  "0;4|5": {
    "kci": 0.2208005632690453
  },
  "0;4|6": {
    "kci": 0.3643129340840645
  },
  "0;4|7": {
    "kci": 0.4196874982327402
  },
  "0;4|8": {
    "kci": 0.38449020436953063
  },
  "0;4|9": {
    "kci": 0.3823696280298855
  },
  "0;5|1": {
    "kci": 0.02782017146644178
  },
  "0;5|2": {
    "kci": 0.10643500751257262
  },
  "0;5|3": {
    "kci": 0.2959737405716567
  },
  "0;5|4": {
    "kci": 0.017748694407721644
  },
  "0;5|6": {
    "kci": 0.1160378376230522
  },
  "0;5|7": {
    "kci": 0.07098998955872782
  },
  "0;5|8": {
    "kci": 0.0469709226327113
  },
  "0;5|9": {
    "kci": 0.09217272032339197
  },
  "0;6|1": {
    "kci": 0.25293375140852925
  },
  "0;6|2": {
    "kci": 0.20795565863048115
  },
  "0;6|3": {
    "kci": 0.23541439943047715
  },
  "0;6|4": {
    "kci": 0.1929920099816259
  },
  "0;6|5": {
    "kci": 0.2456993377451555
  },
  "0;6|7": {
    "kci": 0.14778788652174057
  },
  "0;6|8": {
    "kci": 0.13176184305469096
  },
  "0;6|9": {
    "kci": 0.15986710100921597
  },
  "0;7|1": {
    "kci": 0.20417974214787293
  },
  "0;7|2": {
    "kci": 0.15546895748690592
  },
  "0;7|3": {
    "kci": 0.2900629345023602
  },
  "0;7|4": {
    "kci": 0.28193902831743267
  },
  "0;7|5": {
    "kci": 0.17361051828878304
  },
  "0;7|6": {
    "kci": 0.08906478237312176
  },
  "0;7|8": {
    "kci": 0.16208502431185812
  },
  "0;7|9": {
    "kci": 0.1598723198969474
  },
  "0;8|1": {
    "kci": 0.0208775751230853
  },
  "0;8|2": {
    "kci": 0.0011892953524814676
  },
  "0;8|3": {
    "kci": 0.04422584583603073
  },
  "0;8|4": {
    "kci": 0.0003319044004321814
  },
  "0;8|5": {
    "kci": 0.0815827253111896
  },
  "0;8|6": {
    "kci": 0.0002706354950070544
  },
  "0;8|7": {
    "kci": 0.0005023773806898113
  },
  "0;8|9": {
    "kci": 0.00244878786099767
  },
  "0;9|1": {
    "kci": 0.663483713452715
  },
  "0;9|2": {
    "kci": 0.39226489374488505
  },
  "0;9|3": {
    "kci": 0.2653091846830775
  },
  "0;9|4": {
    "kci": 0.45317637804570743
  },
  "0;9|5": {
    "kci": 0.49489532670010206
  },
  "0;9|6": {
    "kci": 0.6049023353965466
  },
  "0;9|7": {
    "kci": 0.24197999522562597
  },
  "0;9|8": {
    "kci": 0.6353882562417216
  },
  "1;2|0": {
    "kci": 0.022245528572127027
  },
  "1;2|3": {
    "kci": 0.026739005055892995
  },
  "1;2|4": {
    "kci": 0.027978333777785136
  },
  "1;2|5": {
    "kci": 0.028481407563085037
  },
  "1;2|6": {
    "kci": 0.019544548821209817
  },
  "1;2|7": {
    "kci": 0.019965591781316183
  },
  "1;2|8": {
    "kci": 0.023514718307745874
  },
  "1;2|9": {
    "kci": 0.03162108540003017
  },
  "1;3|0": {
    "kci": 9.471148776363236e-08
  },
  "1;3|2": {
    "kci": 3.731369828408049e-05
  },
  "1;3|4": {
    "kci": 5.810496602975945e-06
  },
  "1;3|5": {
    "kci": 8.47515559954104e-08
  },
  "1;3|6": {
    "kci": 2.844068226481866e-06
  },
  "1;3|7": {
    "kci": 1.8835786763649054e-07
  },
  "1;3|8": {
    "kci": 8.165856369979352e-07
  },
  "1;3|9": {
    "kci": 4.823379895491087e-07
  },
  "1;4|0": {
    "kci": 0.38059614069613734
  },
  "1;4|2": {
    "kci": 0.3635386338471567
  },
  "1;4|3": {
    "kci": 0.3148050978325905
  },
  "1;4|5": {
    "kci": 0.36129238374805983
  },
  "1;4|6": {
    "kci": 0.3863680972785982
  },
  "1;4|7": {
    "kci": 0.3281168489971187
  },
  "1;4|8": {
    "kci": 0.3560675613698031
  },
  "1;4|9": {
    "kci": 0.379080307500012
  },
  "1;5|0": {
    "kci": 0.24640084168861764
  },
  "1;5|2": {
    "kci": 0.4014742512657532
  },
  "1;5|3": {
    "kci": 0.29006973356589283
  },
  "1;5|4": {
    "kci": 0.25379666880347707
  },
  "1;5|6": {
    "kci": 0.2804925465355004
  },
  "1;5|7": {
    "kci": 0.2511583547711397
  },
  "1;5|8": {
    "kci": 0.25619029262866244
  },
  "1;5|9": {
    "kci": 0.2641668663332427
  },
  "1;6|0": {
    "kci": 0.522827947374738
  },
  "1;6|2": {
    "kci": 0.7081659600057588
  },
  "1;6|3": {
    "kci": 0.3950059693458866
  },
  "1;6|4": {
    "kci": 0.696846920650819
  },
  "1;6|5": {
    "kci": 0.5022072429474607
  },
  "1;6|7": {
    "kci": 0.5402887465851367
  },
  "1;6|8": {
    "kci": 0.4915247810981046
  },
  "1;6|9": {
    "kci": 0.30867940961611817
  },
  "1;7|0": {
    "kci": 0.21954035449345533
  },
  "1;7|2": {
    "kci": 0.3767313491568973
  },
  "1;7|3": {
    "kci": 0.15461867992550982
  },
  "1;7|4": {
    "kci": 0.3410524769394887
  },
  "1;7|5": {
    "kci": 0.43628430733699486
  },
  "1;7|6": {
    "kci": 0.22501582996653124
  },
  "1;7|8": {
    "kci": 0.2729968491298034
  },
  "1;7|9": {
    "kci": 0.45351867335675033
  },
  "1;8|0": {
    "kci": 0.4468354609517461
  },
  "1;8|2": {
    "kci": 0.38658786734784467
  },
  "1;8|3": {
    "kci": 0.6852319701688776
  },
  "1;8|4": {
    "kci": 0.30194347812655487
  },
  "1;8|5": {
    "kci": 0.3606477012192306
  },