{
  "data_hash": "157b11dd4b0bceda64ec7b9810fd362c",
  "0;1": {
    "d_separation": 0.0
  },
  "0;2": {
    "d_separation": 0.0
  },
  "0;3": {
    "d_separation": 0.0
  },
  "0;4": {
    "d_separation": 0.0
  },
  "0;5": {
    "d_separation": 0.0
  },
  "0;6": {
    "d_separation": 0.0
  },
  "0;7": {
    "d_separation": 0.0
  },
  "0;8": {
    "d_separation": 0.0
  },
  "0;9": {
    "d_separation": 0.0
  },
  "1;2": {
    "d_separation": 0.0
  },
  "1;3": {
    "d_separation": 0.0
  },
  "1;4": {
    "d_separation": 0.0
  },
  "1;5": {
    "d_separation": 0.0
  },
  "1;6": {
    "d_separation": 0.0
  },
  "1;7": {
    "d_separation": 0.0
  },
  "1;8": {
    "d_separation": 0.0
  },
  "1;9": {
    "d_separation": 0.0
  },
  "2;3": {
    "d_separation": 0.0
  },
  "2;4": {
    "d_separation": 0.0
  },
  "2;5": {
    "d_separation": 0.0
  },
  "2;6": {
    "d_separation": 0.0
  },
  "2;7": {
    "d_separation": 0.0
  },
  "2;8": {
    "d_separation": 0.0
  },
  "2;9": {
    "d_separation": 0.0
  },
  "3;4": {
    "d_separation": 0.0
  },
  "3;5": {
    "d_separation": 0.0
  },
  "3;6": {
    "d_separation": 0.0
  },
  "3;7": {
    "d_separation": 0.0
  },
  "3;8": {
    "d_separation": 0.0
  },
  "3;9": {
    "d_separation": 0.0
  },
  "4;5": {
    "d_separation": 0.0
  },
  "4;6": {
    "d_separation": 0.0
  },
  "4;7": {
    "d_separation": 0.0
  },
  "4;8": {
    "d_separation": 0.0
  },
  "4;9": {
    "d_separation": 0.0
  },
  "5;6": {
    "d_separation": 0.0
  },
  "5;7": {
    "d_separation": 0.0
  },
  "5;8": {
    "d_separation": 0.0
  },
  "5;9": {
    "d_separation": 0.0
  },
  "6;7": {
    "d_separation": 0.0
  },
  "6;8": {
    "d_separation": 0.0
  },
  "6;9": {
    "d_separation": 0.0
  },
  "7;8": {
    "d_separation": 0.0
  },
  "7;9": {
    "d_separation": 0.0
  },
  "8;9": {
    "d_separation": 0.0
  },
  "0;1|2": {
    "kci": 0.0011185329455751791
  },
  "0;1|3": {
    "kci": 0.002116134597413555
  },
  "0;1|4": {
    "kci": 0.0013929524993994136
  },
  "0;1|5": {
    "kci": 0.004393670083505219
  },
  "0;1|6": {
    "kci": 0.0005318928577098259
  },
  "0;1|7": {
    "kci": 0.00499508437664542
  },
  "0;1|8": {
    "kci": 0.010900915981106096
  },
  "0;1|9": {
    "kci": 0.0005115643444716378
  },
  "0;2|1": {
    "kci": 0.5200983673684811
  },
  "0;2|3": {
    "kci": 0.5674949810437063
  },
  "0;2|4": {
    "kci": 0.44113306744223324
  },
  "0;2|5": {
    "kci": 0.5640763452456645
  },
  "0;2|6": {
    "kci": 0.584437662170141
  },
  "0;2|7": {
    "kci": 0.5537940688791028
  },
  "0;2|8": {
    "kci": 0.6925543003702815
  },
  "0;2|9": {
    "kci": 0.5088696113178315
  },
  "0;3|1": {
    "kci": 0.10077102666192994
  },
  "0;3|2": {
    "kci": 0.24323441930895273
  },
  "0;3|4": {
    "kci": 0.247824907823756
  },
  "0;3|5": {
    "kci": 0.30635008331393787
  },
  "0;3|6": {
    "kci": 0.17362122200521923
  },
  "0;3|7": {
    "kci": 0.29050378535590604
  },
  "0;3|8": {
    "kci": 0.3570307840103696
  },
  "0;3|9": {
    "kci": 0.2001034967969968
  },
  "0;4|1": {
    "kci": 0.2953524471994209
  },
  "0;4|2": {
    "kci": 0.17046738294137365
  },
  "0;4|3": {
    "kci": 0.17019766607756115
  },
  "0;4|5": {
    "kci": 0.27518445639920364
  },
  "0;4|6": {
    "kci": 0.11273599327583006
  },
  "0;4|7": {
    "kci": 0.19113005395723404
  },
  "0;4|8": {
    "kci": 0.11330729010560125
  },
  "0;4|9": {
    "kci": 0.23827076802279357
  },
  "0;5|1": {
    "kci": 0.04876162766052139
  },
  "0;5|2": {
    "kci": 0.02860134996923802
  },
  "0;5|3": {
    "kci": 0.09283509106949761
  },
  "0;5|4": {
    "kci": 0.05679189232588511
  },
  "0;5|6": {
    "kci": 0.02186757520323368
  },
  "0;5|7": {
    "kci": 0.07021247070760261
  },
  "0;5|8": {
    "kci": 0.023151438646356826
  },
  "0;5|9": {
    "kci": 0.050174152367479685
  },
  "0;6|1": {
    "kci": 0.32093582605611004
  },
  "0;6|2": {
    "kci": 0.3805699974263699
  },
  "0;6|3": {
    "kci": 0.3318528963141778
  },
  "0;6|4": {
    "kci": 0.3338794505604531
  },
  "0;6|5": {
    "kci": 0.5017238035221356
  },
  "0;6|7": {
    "kci": 0.3209318698241225
  },
  "0;6|8": {
    "kci": 0.3301175909787535
  },
  "0;6|9": {
    "kci": 0.33625140432418543
  },
  "0;7|1": {
    "kci": 0.07597545860526633
  },
  "0;7|2": {
    "kci": 0.07405380995946409
  },
  "0;7|3": {
    "kci": 0.1223743631451899
  },
  "0;7|4": {
    "kci": 0.07504380789329534
  },
  "0;7|5": {
    "kci": 0.006764930140613301
  },
  "0;7|6": {
    "kci": 0.06175544324438964
  },
  "0;7|8": {
    "kci": 0.09635164079398062
  },
  "0;7|9": {
    "kci": 0.10879409516703908
  },
  "0;8|1": {
    "kci": 0.29431766178449137
  },
  "0;8|2": {
    "kci": 0.2516516506105444
  },
  "0;8|3": {
    "kci": 0.2889669518576923
  },
  "0;8|4": {
    "kci": 0.2997406212014935
  },
  "0;8|5": {
    "kci": 0.31896587630018214
  },
  "0;8|6": {
    "kci": 0.2509947107956234
  },
  "0;8|7": {
    "kci": 0.28765758024035404
  },
  "0;8|9": {
    "kci": 0.312900378928727
  },
  "0;9|1": {
    "kci": 0.0676105807540518
  },
  "0;9|2": {
    "kci": 0.024797205502562814
  },
  "0;9|3": {
    "kci": 0.0579574320302183
  },
  "0;9|4": {
    "kci": 0.1323177344269687
  },
  "0;9|5": {
    "kci": 0.04170451064017178
  },
  "0;9|6": {
    "kci": 0.038443738626618096
  },
  "0;9|7": {
    "kci": 0.09061272494145955
  },
  "0;9|8": {
    "kci": 0.024081301783590803
  },
  "1;2|0": {
    "kci": 0.4580660267636265
  },
  "1;2|3": {
    "kci": 0.6420969984022813
  },
  "1;2|4": {
    "kci": 0.19079125756965887
  },
  "1;2|5": {
    "kci": 0.5377309431411788
  },
  "1;2|6": {
    "kci": 0.5614059842467107
  },
  "1;2|7": {
    "kci": 0.7453511094938012
  },
  "1;2|8": {
    "kci": 0.3762704490976825
  },
  "1;2|9": {
    "kci": 0.6365065996762813
  },
  "1;3|0": {
    "kci": 0.12527298003826215
  },
  "1;3|2": {
    "kci": 0.09675748812218143
  },
  "1;3|4": {
    "kci": 0.1894215445093541
  },
  "1;3|5": {
    "kci": 0.0465782824310883
  },
  "1;3|6": {
    "kci": 0.0668593467626254
  },
  "1;3|7": {
    "kci": 0.03863481963869242
  },
  "1;3|8": {
    "kci": 0.10819276329460892
  },
  "1;3|9": {
    "kci": 0.07560088921751851
  },
  "1;4|0": {
    "kci": 0.014367677294602976
  },
  "1;4|2": {
    "kci": 0.002982435943728712
  },
  "1;4|3": {
    "kci": 0.028792326755568975
  },
  "1;4|5": {
    "kci": 0.00743983961184469
  },
  "1;4|6": {
    "kci": 0.0028778338184526353
  },
  "1;4|7": {
    "kci": 0.008556815876256785
  },
  "1;4|8": {
    "kci": 0.0023415813339344727
  },
  "1;4|9": {
    "kci": 0.01679170801869112
  },
  "1;5|0": {
    "kci": 0.06957006601423887
  },
  "1;5|2": {
    "kci": 0.04829811279716656
  },
  "1;5|3": {
    "kci": 0.11885792071852141
  },
  "1;5|4": {
    "kci": 0.07339077394873461
  },
  "1;5|6": {
    "kci": 0.021426660233447303
  },
  "1;5|7": {
    "kci": 0.03594253214178422
  },
  "1;5|8": {
    "kci": 0.16326072138207504
  },
  "1;5|9": {
    "kci": 0.06576995157459564
  },
  "1;6|0": {
    "kci": 0.32109966921510535
  },
  "1;6|2": {
    "kci": 0.30707837577431507
  },
  "1;6|3": {
    "kci": 0.31539938541302537
  },
  "1;6|4": {
    "kci": 0.3126514712197196
  },
  "1;6|5": {
    "kci": 0.3062390005862323
  },
  "1;6|7": {
    "kci": 0.31796480870913835
  },
  "1;6|8": {
    "kci": 0.3201897524218219
  },
  "1;6|9": {
    "kci": 0.3120540952019947
  },
  "1;7|0": {
    "kci": 0.40624697236132346
  },
  "1;7|2": {
    "kci": 0.1938732871604545
  },
  "1;7|3": {
    "kci": 0.06326887484844912
  },
  "1;7|4": {
    "kci": 0.1693060123818001
  },
  "1;7|5": {
    "kci": 0.19534257488930828
  },
  "1;7|6": {
    "kci": 0.14912148667811453
  },
  "1;7|8": {
    "kci": 0.24822947494489955
  },
  "1;7|9": {
    "kci": 0.21300011002021468
  },
  "1;8|0": {
    "kci": 2.5501528988502997e-05
  },
  "1;8|2": {
    "kci": 1.0982597083986079e-06
  },
  "1;8|3": {
    "kci": 4.773711262395786e-06
  },
  "1;8|4": {
    "kci": 7.990099179067123e-06
  },
  "1;8|5": {
    "kci": 8.089932746591089e-06
  },