{
  "data_hash": "181715e1bccaa8488adfbd113c5fa52c",
  "0;1": {
    "d_separation": 0.0
  },
  "0;2": {
    "d_separation": 0.0
  },
  "0;3": {
    "d_separation": 0.0
  },
  "0;4": {
    "d_separation": 0.0
  },
  "0;5": {
    "d_separation": 0.0
  },
  "0;6": {
    "d_separation": 0.0
  },
  "0;7": {
    "d_separation": 0.0
  },
  "0;8": {
    "d_separation": 0.0
  },
  "0;9": {
    "d_separation": 0.0
  },
  "1;2": {
    "d_separation": 0.0
  },
  "1;3": {
    "d_separation": 0.0
  },
  "1;4": {
    "d_separation": 0.0
  },
  "1;5": {
    "d_separation": 0.0
  },
  "1;6": {
    "d_separation": 0.0
  },
  "1;7": {
    "d_separation": 0.0
  },
  "1;8": {
    "d_separation": 0.0
  },
  "1;9": {
    "d_separation": 0.0
  },
  "2;3": {
    "d_separation": 0.0
  },
  "2;4": {
    "d_separation": 0.0
  },
  "2;5": {
    "d_separation": 0.0
  },
  "2;6": {
    "d_separation": 0.0
  },
  "2;7": {
    "d_separation": 0.0
  },
  "2;8": {
    "d_separation": 0.0
  },
  "2;9": {
    "d_separation": 0.0
  },
  "3;4": {
    "d_separation": 0.0
  },
  "3;5": {
    "d_separation": 0.0
  },
  "3;6": {
    "d_separation": 0.0
  },
  "3;7": {
    "d_separation": 0.0
  },
  "3;8": {
    "d_separation": 0.0
  },
  "3;9": {
    "d_separation": 0.0
  },
  "4;5": {
    "d_separation": 0.0
  },
  "4;6": {
    "d_separation": 0.0
  },
  "4;7": {
    "d_separation": 0.0
  },
  "4;8": {
    "d_separation": 0.0
  },
  "4;9": {
    "d_separation": 0.0
  },
  "5;6": {
    "d_separation": 0.0
  },
  "5;7": {
    "d_separation": 0.0
  },
  "5;8": {
    "d_separation": 0.0
  },
  "5;9": {
    "d_separation": 0.0
  },
  "6;7": {
    "d_separation": 0.0
  },
  "6;8": {
    "d_separation": 0.0
  },
  "6;9": {
    "d_separation": 0.0
  },
  "7;8": {
    "d_separation": 0.0
  },
  "7;9": {
    "d_separation": 0.0
  },
  "8;9": {
    "d_separation": 0.0
  },
  "0;1|2": {
    "kci": 0.12700585545996534
  },
  "0;1|3": {
    "kci": 0.2941493546461126
  },
  "0;1|4": {
    "kci": 0.1643172627977929
  },
  "0;1|5": {
    "kci": 0.2778698661183966
  },
  "0;1|6": {
    "kci": 0.17210693465078686
  },
  "0;1|7": {
    "kci": 0.08210444022202867
  },
  "0;1|8": {
    "kci": 0.0854816064874212
  },
  "0;1|9": {
    "kci": 0.09447978041385896
  },
  "0;2|1": {
    "kci": 0.334976236815385
  },
  "0;2|3": {
    "kci": 0.45424143998871314
  },
  "0;2|4": {
    "kci": 0.4493088362414981
  },
  "0;2|5": {
    "kci": 0.2646501342783143
  },
  "0;2|6": {
    "kci": 0.40967668264476786
  },
  "0;2|7": {
    "kci": 0.3805789228762888
  },
  "0;2|8": {
    "kci": 0.3868364115255365
  },
  "0;2|9": {
    "kci": 0.32237805880216597
  },
  "0;3|1": {
    "kci": 0.4782632370290276
  },
  "0;3|2": {
    "kci": 0.48229289680830045
  },
  "0;3|4": {
    "kci": 0.2982298875811804
  },
  "0;3|5": {
    "kci": 0.523379676767849
  },
  "0;3|6": {
    "kci": 0.38373470750431016
  },
  "0;3|7": {
    "kci": 0.3700261702511729
  },
  "0;3|8": {
    "kci": 0.43237505551920263
  },
  "0;3|9": {
    "kci": 0.3529400347678062
  },
  "0;4|1": {
    "kci": 0.0927619277628764
  },
  "0;4|2": {
    "kci": 0.16271525797615694
  },
  "0;4|3": {
    "kci": 0.059971688823601044
  },
  "0;4|5": {
    "kci": 0.5074375582789015
  },
  "0;4|6": {
    "kci": 0.09959481964243655
  },
  "0;4|7": {
    "kci": 0.12903997303126902
  },
  "0;4|8": {
    "kci": 0.0808094304039304
  },
  "0;4|9": {
    "kci": 0.3863457500184183
  },
  "0;5|1": {
    "kci": 0.16839407497040182
  },
  "0;5|2": {
    "kci": 0.11513026618905964
  },
  "0;5|3": {
    "kci": 0.2469309617976725
  },
  "0;5|4": {
    "kci": 0.18696470619656758
  },
  "0;5|6": {
    "kci": 0.21713372468142833
  },
  "0;5|7": {
    "kci": 0.12227851817697377
  },
  "0;5|8": {
    "kci": 0.10016768469238657
  },
  "0;5|9": {
    "kci": 0.7101665600205845
  },
  "0;6|1": {
    "kci": 0.38528468097054236
  },
  "0;6|2": {
    "kci": 0.5562048285491938
  },
  "0;6|3": {
    "kci": 0.4849862933210193
  },
  "0;6|4": {
    "kci": 0.5113409898639569
  },
  "0;6|5": {
    "kci": 0.389424832107486
  },
  "0;6|7": {
    "kci": 0.3603369636916087
  },
  "0;6|8": {
    "kci": 0.28769354529763735
  },
  "0;6|9": {
    "kci": 0.45262417830739754
  },
  "0;7|1": {
    "kci": 0.5091673620390029
  },
  "0;7|2": {
    "kci": 0.5816913284486023
  },
  "0;7|3": {
    "kci": 0.5061648431804339
  },
  "0;7|4": {
    "kci": 0.49372160898985007
  },
  "0;7|5": {
    "kci": 0.4875959263735741
  },
  "0;7|6": {
    "kci": 0.5281901371796932
  },
  "0;7|8": {
    "kci": 0.665840929839225
  },
  "0;7|9": {
    "kci": 0.39513404787480844
  },
  "0;8|1": {
    "kci": 0.43726741771346433
  },
  "0;8|2": {
    "kci": 0.24380797918955222
  },
  "0;8|3": {
    "kci": 0.25491755528544413
  },
  "0;8|4": {
    "kci": 0.3981450193002486
  },
  "0;8|5": {
    "kci": 0.4892470332511115
  },
  "0;8|6": {
    "kci": 0.38965312710892497
  },
  "0;8|7": {
    "kci": 0.4053850307712271
  },
  "0;8|9": {
    "kci": 0.4280372945919668
  },
  "0;9|1": {
    "kci": 0.12953540143361453
  },
  "0;9|2": {
    "kci": 0.255892478550213
  },
  "0;9|3": {
    "kci": 0.14828079358945967
  },
  "0;9|4": {
    "kci": 0.20244650834213396
  },
  "0;9|5": {
    "kci": 0.38572497088801816
  },
  "0;9|6": {
    "kci": 0.1619650304014304
  },
  "0;9|7": {
    "kci": 0.13567463516520717
  },
  "0;9|8": {
    "kci": 0.1287096845320318
  },
  "1;2|0": {
    "kci": 0.5924882133876452
  },
  "1;2|3": {
    "kci": 0.6660162567783865
  },
  "1;2|4": {
    "kci": 0.7445723774058164
  },
  "1;2|5": {
    "kci": 0.5452856986755891
  },
  "1;2|6": {
    "kci": 0.7651695152988457
  },
  "1;2|7": {
    "kci": 0.7463808318229745
  },
  "1;2|8": {
    "kci": 0.8795814616370302
  },
  "1;2|9": {
    "kci": 0.4020107780098441
  },
  "1;3|0": {
    "kci": 0.41165836311516335
  },
  "1;3|2": {
    "kci": 0.5291371289915997
  },
  "1;3|4": {
    "kci": 0.22751355927289274
  },
  "1;3|5": {
    "kci": 0.21974314773949222
  },
  "1;3|6": {
    "kci": 0.2265218599976866
  },
  "1;3|7": {
    "kci": 0.2754840068443094
  },
  "1;3|8": {
    "kci": 0.23411116184803382
  },
  "1;3|9": {
    "kci": 0.30094046164251276
  },
  "1;4|0": {
    "kci": 0.7875246479027793
  },
  "1;4|2": {
    "kci": 0.7625670340240153
  },
  "1;4|3": {
    "kci": 0.7178763523088023
  },
  "1;4|5": {
    "kci": 0.7218964476770912
  },
  "1;4|6": {
    "kci": 0.9103139507117557
  },
  "1;4|7": {
    "kci": 0.8321096899126095
  },
  "1;4|8": {
    "kci": 0.8622729499116162
  },
  "1;4|9": {
    "kci": 0.8387763768052182
  },
  "1;5|0": {
    "kci": 0.3528493904364709
  },
  "1;5|2": {
    "kci": 0.2539860514678549
  },
  "1;5|3": {
    "kci": 0.36246195251785485
  },
  "1;5|4": {
    "kci": 0.14290175908242053
  },
  "1;5|6": {
    "kci": 0.25202614104935783
  },
  "1;5|7": {
    "kci": 0.2601909621209628
  },
  "1;5|8": {
    "kci": 0.16301683170810033
  },
  "1;5|9": {
    "kci": 0.38160033572945296
  },
  "1;6|0": {
    "kci": 0.7209228942184758
  },
  "1;6|2": {
    "kci": 0.6044584152179717
  },
  "1;6|3": {
    "kci": 0.6884554538709824
  },
  "1;6|4": {
    "kci": 0.6944363242588303
  },
  "1;6|5": {
    "kci": 0.6149851104977371
  },
  "1;6|7": {
    "kci": 0.6935120294551562
  },
  "1;6|8": {
    "kci": 0.6322997538538961
  },
  "1;6|9": {
    "kci": 0.5854571445735819
  },
  "1;7|0": {
    "kci": 0.23639740814888377
  },
  "1;7|2": {
    "kci": 0.38065353392150647
  },
  "1;7|3": {
    "kci": 0.24357262454147688
  },
  "1;7|4": {
    "kci": 0.19431844505908413
  },
  "1;7|5": {
    "kci": 0.2883788193339234
  },
  "1;7|6": {
    "kci": 0.22600612938778708
  },
  "1;7|8": {
    "kci": 0.15257764063089874
  },
  "1;7|9": {
    "kci": 0.3969444903498477
  },
  "1;8|0": {
    "kci": 0.3818885121830873
  },
  "1;8|2": {
    "kci": 0.5870408637420234
  },
  "1;8|3": {
    "kci": 0.6308819567501596
  },
  "1;8|4": {
    "kci": 0.329151423673828
  },
  "1;8|5": {
    "kci": 0.30373990067822687
  },
  "1;8|6": {
    "kci": 0.49011909926096553
  },
  "1;8|7": {
    "kci": 0.3944244539025412
  },