{
  "data_hash": "18e5a56087c3cb678dc245401cd15d7b",
  "0;1": {
    "d_separation": 0.0
  },
  "0;2": {
    "d_separation": 0.0
  },
  "0;3": {
    "d_separation": 0.0
  },
  "0;4": {
    "d_separation": 0.0
  },
  "0;5": {
    "d_separation": 0.0
  },
  "0;6": {
    "d_separation": 0.0
  },
  "0;7": {
    "d_separation": 0.0
  },
  "0;8": {
    "d_separation": 0.0
  },
  "0;9": {
    "d_separation": 0.0
  },
  "1;2": {
    "d_separation": 0.0
  },
  "1;3": {
    "d_separation": 0.0
  },
  "1;4": {
    "d_separation": 0.0
  },
  "1;5": {
    "d_separation": 0.0
  },
  "1;6": {
    "d_separation": 0.0
  },
  "1;7": {
    "d_separation": 0.0
  },
  "1;8": {
    "d_separation": 0.0
  },
  "1;9": {
    "d_separation": 0.0
  },
  "2;3": {
    "d_separation": 0.0
  },
  "2;4": {
    "d_separation": 0.0
  },
  "2;5": {
    "d_separation": 0.0
  },
  "2;6": {
    "d_separation": 0.0
  },
  "2;7": {
    "d_separation": 0.0
  },
  "2;8": {
    "d_separation": 0.0
  },
  "2;9": {
    "d_separation": 0.0
  },
  "3;4": {
    "d_separation": 0.0
  },
  "3;5": {
    "d_separation": 0.0
  },
  "3;6": {
    "d_separation": 0.0
  },
  "3;7": {
    "d_separation": 0.0
  },
  "3;8": {
    "d_separation": 0.0
  },
  "3;9": {
    "d_separation": 0.0
  },
  "4;5": {
    "d_separation": 0.0
  },
  "4;6": {
    "d_separation": 0.0
  },
  "4;7": {
    "d_separation": 0.0
  },
  "4;8": {
    "d_separation": 0.0
  },
  "4;9": {
    "d_separation": 0.0
  },
  "5;6": {
    "d_separation": 0.0
  },
  "5;7": {
    "d_separation": 0.0
  },
  "5;8": {
    "d_separation": 0.0
  },
  "5;9": {
    "d_separation": 0.0
  },
  "6;7": {
    "d_separation": 1.0
  },
  "6;8": {
    "d_separation": 1.0
  },
  "6;9": {
    "d_separation": 0.0
  },
  "7;8": {
    "d_separation": 1.0
  },
  "7;9": {
    "d_separation": 0.0
  },
  "8;9": {
    "d_separation": 0.0
  },
  "0;1|2": {
    "kci": 0.0001855091143193599
  },
  "0;1|3": {
    "kci": 0.06726776667215895
  },
  "0;1|4": {
    "kci": 0.0006880347918266638
  },
  "0;1|5": {
    "kci": 0.0012459674811721166
  },
  "0;1|6": {
    "kci": 0.0004051835657866709
  },
  "0;1|7": {
    "kci": 0.00022613084611244894
  },
  "0;1|8": {
    "kci": 0.006356730011226164
  },
  "0;1|9": {
    "kci": 7.857530855426287e-05
  },
  "0;2|1": {
    "kci": 2.2093438190040615e-14
  },
  "0;2|3": {
    "kci": 5.133543370394733e-07
  },
  "0;2|4": {
    "kci": 0.4567023838244232
  },
  "0;2|5": {
    "kci": 2.933758791456853e-08
  },
  "0;2|6": {
    "kci": 8.24831269952142e-09
  },
  "0;2|7": {
    "kci": 1.2180567665609487e-10
  },
  "0;2|8": {
    "kci": 1.262501214682743e-11
  },
  "0;2|9": {
    "kci": 2.1933344029889668e-11
  },
  "0;3|1": {
    "kci": 1.1126726384702579e-07
  },
  "0;3|2": {
    "kci": 1.960857176630526e-08
  },
  "0;3|4": {
    "kci": 0.005423844944537626
  },
  "0;3|5": {
    "kci": 1.8512851251983875e-09
  },
  "0;3|6": {
    "kci": 3.040170104551265e-08
  },
  "0;3|7": {
    "kci": 2.7966338134177704e-09
  },
  "0;3|8": {
    "kci": 6.414156761280765e-09
  },
  "0;3|9": {
    "kci": 6.806066821241075e-11
  },
  "0;4|1": {
    "kci": 0.0
  },
  "0;4|2": {
    "kci": 8.906842722256059e-07
  },
  "0;4|3": {
    "kci": 7.771561172376096e-16
  },
  "0;4|5": {
    "kci": 0.0
  },
  "0;4|6": {
    "kci": 0.0
  },
  "0;4|7": {
    "kci": 0.0
  },
  "0;4|8": {
    "kci": 0.0
  },
  "0;4|9": {
    "kci": 0.0
  },
  "0;5|1": {
    "kci": 1.091664484831334e-05
  },
  "0;5|2": {
    "kci": 4.3568755465517306e-05
  },
  "0;5|3": {
    "kci": 0.0020105422322234112
  },
  "0;5|4": {
    "kci": 0.0007631872618376612
  },
  "0;5|6": {
    "kci": 6.051745969792854e-06
  },
  "0;5|7": {
    "kci": 0.0004437825532443984
  },
  "0;5|8": {
    "kci": 0.00010050242090731132
  },
  "0;5|9": {
    "kci": 1.593291057311319e-06
  },
  "0;6|1": {
    "kci": 0.3506120080777907
  },
  "0;6|2": {
    "kci": 0.5629686538125351
  },
  "0;6|3": {
    "kci": 0.26857004293106923
  },
  "0;6|4": {
    "kci": 0.4445133255968594
  },
  "0;6|5": {
    "kci": 0.44303360709889295
  },
  "0;6|7": {
    "kci": 0.7042484792817117
  },
  "0;6|8": {
    "kci": 0.4038607476354761
  },
  "0;6|9": {
    "kci": 0.24535532331148957
  },
  "0;7|1": {
    "kci": 0.032920009303590514
  },
  "0;7|2": {
    "kci": 0.10371324610593191
  },
  "0;7|3": {
    "kci": 0.026248135148893015
  },
  "0;7|4": {
    "kci": 0.30120027441581176
  },
  "0;7|5": {
    "kci": 0.008430689079528597
  },
  "0;7|6": {
    "kci": 0.037405781573455865
  },
  "0;7|8": {
    "kci": 0.00426221648611147
  },
  "0;7|9": {
    "kci": 0.009202977744435792
  },
  "0;8|1": {
    "kci": 0.39437921519097285
  },
  "0;8|2": {
    "kci": 0.22770855793481015
  },
  "0;8|3": {
    "kci": 0.5146365268296691
  },
  "0;8|4": {
    "kci": 0.06188696456607301
  },
  "0;8|5": {
    "kci": 0.346033022989753
  },
  "0;8|6": {
    "kci": 0.15582223174028154
  },
  "0;8|7": {
    "kci": 0.5354432043579511
  },
  "0;8|9": {
    "kci": 0.1176229353616508
  },
  "0;9|1": {
    "kci": 0.0768629229151343
  },
  "0;9|2": {
    "kci": 0.27486367541587764
  },
  "0;9|3": {
    "kci": 0.05305481650545307
  },
  "0;9|4": {
    "kci": 0.2800380319794329
  },
  "0;9|5": {
    "kci": 0.1659964522856172
  },
  "0;9|6": {
    "kci": 0.12498549083019006
  },
  "0;9|7": {
    "kci": 0.380002930638317
  },
  "0;9|8": {
    "kci": 0.2790343095633421
  },
  "1;2|0": {
    "kci": 0.01796762322563339
  },
  "1;2|3": {
    "kci": 0.2137166485962565
  },
  "1;2|4": {
    "kci": 0.2185009485571574
  },
  "1;2|5": {
    "kci": 0.25717335691672294
  },
  "1;2|6": {
    "kci": 0.4833166403733168
  },
  "1;2|7": {
    "kci": 0.47261296419289534
  },
  "1;2|8": {
    "kci": 0.3155547532618117
  },
  "1;2|9": {
    "kci": 0.4091410930027435
  },
  "1;3|0": {
    "kci": 0.18692742401544094
  },
  "1;3|2": {
    "kci": 0.0004097302899541688
  },
  "1;3|4": {
    "kci": 0.0031961483744350483
  },
  "1;3|5": {
    "kci": 0.010290193455263497
  },
  "1;3|6": {
    "kci": 0.005773202674787314
  },
  "1;3|7": {
    "kci": 0.0005368459992245445
  },
  "1;3|8": {
    "kci": 0.05320427118771631
  },
  "1;3|9": {
    "kci": 0.0022665072595003943
  },
  "1;4|0": {
    "kci": 0.030112395323057206
  },
  "1;4|2": {
    "kci": 0.3127084693491964
  },
  "1;4|3": {
    "kci": 0.5624851022073616
  },
  "1;4|5": {
    "kci": 0.7882837649048482
  },
  "1;4|6": {
    "kci": 0.7956494814631587
  },
  "1;4|7": {
    "kci": 0.6135466720264142
  },
  "1;4|8": {
    "kci": 0.5088674685326158
  },
  "1;4|9": {
    "kci": 0.7245453627264719
  },
  "1;5|0": {
    "kci": 0.5344620926137673
  },
  "1;5|2": {
    "kci": 0.34556826463073986
  },
  "1;5|3": {
    "kci": 0.3007734431201543
  },
  "1;5|4": {
    "kci": 0.26250596180600994
  },
  "1;5|6": {
    "kci": 0.22292173824443884
  },
  "1;5|7": {
    "kci": 0.5259151507978446
  },
  "1;5|8": {
    "kci": 0.3496189367435376
  },
  "1;5|9": {
    "kci": 0.2666529701873699
  },
  "1;6|0": {
    "kci": 0.7278190211188551
  },
  "1;6|2": {
    "kci": 0.8017175089375399
  },
  "1;6|3": {
    "kci": 0.8751428414646376
  },
  "1;6|4": {
    "kci": 0.8374101535509879
  },
  "1;6|5": {
    "kci": 0.8341448616666387
  },
  "1;6|7": {
    "kci": 0.7359777866146722
  },
  "1;6|8": {
    "kci": 0.773036360218617
  },
  "1;6|9": {
    "kci": 0.7411355293647873
  },
  "1;7|0": {
    "kci": 0.08671596160497175
  },
  "1;7|2": {
    "kci": 0.018593834809846777
  },
  "1;7|3": {
    "kci": 0.11869314908193218
  },
  "1;7|4": {
    "kci": 0.08739503126510806
  },
  "1;7|5": {
    "kci": 0.054576015563816416
  },
  "1;7|6": {
    "kci": 0.16219240866452367
  },
  "1;7|8": {
    "kci": 0.07913129264469188
  },
  "1;7|9": {
    "kci": 0.019502559831340305
  },
  "1;8|0": {
    "kci": 0.03325365343613407
  },
  "1;8|2": {
    "kci": 0.0038110523143938257
  },
  "1;8|3": {
    "kci": 0.010581141611993083
  },
  "1;8|4": {
    "kci": 0.0021407996301059384
  },
  "1;8|5": {
    "kci": 0.002010734045955642
  },
  "1;8|6": {
    "kci": 0.008358488588470658
  },