{
  "data_hash": "1a97b79d3c1e97d569bf49e23867a883",
  "0;1": {
    "d_separation": 0.0
  },
  "0;2": {
    "d_separation": 0.0
  },
  "0;3": {
    "d_separation": 0.0
  },
  "0;4": {
    "d_separation": 0.0
  },
  "0;5": {
    "d_separation": 0.0
  },
  "0;6": {
    "d_separation": 0.0
  },
  "0;7": {
    "d_separation": 0.0
  },
  "0;8": {
    "d_separation": 0.0
  },
  "0;9": {
    "d_separation": 0.0
  },
  "1;2": {
    "d_separation": 0.0
  },
  "1;3": {
    "d_separation": 0.0
  },
  "1;4": {
    "d_separation": 0.0
  },
  "1;5": {
    "d_separation": 0.0
  },
  "1;6": {
    "d_separation": 0.0
  },
  "1;7": {
    "d_separation": 1.0
  },
  "1;8": {
    "d_separation": 0.0
  },
  "1;9": {
    "d_separation": 0.0
  },
  "2;3": {
    "d_separation": 0.0
  },
  "2;4": {
    "d_separation": 0.0
  },
  "2;5": {
    "d_separation": 0.0
  },
  "2;6": {
    "d_separation": 0.0
  },
  "2;7": {
    "d_separation": 1.0
  },
  "2;8": {
    "d_separation": 0.0
  },
  "2;9": {
    "d_separation": 0.0
  },
  "3;4": {
    "d_separation": 0.0
  },
  "3;5": {
    "d_separation": 0.0
  },
  "3;6": {
    "d_separation": 0.0
  },
  "3;7": {
    "d_separation": 0.0
  },
  "3;8": {
    "d_separation": 0.0
  },
  "3;9": {
    "d_separation": 0.0
  },
  "4;5": {
    "d_separation": 0.0
  },
  "4;6": {
    "d_separation": 0.0
  },
  "4;7": {
    "d_separation": 0.0
  },
  "4;8": {
    "d_separation": 0.0
  },
  "4;9": {
    "d_separation": 0.0
  },
  "5;6": {
    "d_separation": 0.0
  },
  "5;7": {
    "d_separation": 1.0
  },
  "5;8": {
    "d_separation": 0.0
  },
  "5;9": {
    "d_separation": 0.0
  },
  "6;7": {
    "d_separation": 0.0
  },
  "6;8": {
    "d_separation": 0.0
  },
  "6;9": {
    "d_separation": 0.0
  },
  "7;8": {
    "d_separation": 0.0
  },
  "7;9": {
    "d_separation": 0.0
  },
  "8;9": {
    "d_separation": 0.0
  },
  "0;1|2": {
    "kci": 0.6427963544675733
  },
  "0;1|3": {
    "kci": 0.6650484423177997
  },
  "0;1|4": {
    "kci": 0.5663461110489643
  },
  "0;1|5": {
    "kci": 0.5817925189885432
  },
  "0;1|6": {
    "kci": 0.6468126469493674
  },
  "0;1|7": {
    "kci": 0.7120883934404425
  },
  "0;1|8": {
    "kci": 0.678502891139483
  },
  "0;1|9": {
    "kci": 0.7133267423047719
  },
  "0;2|1": {
    "kci": 0.5361595578742793
  },
  "0;2|3": {
    "kci": 0.3635493568790473
  },
  "0;2|4": {
    "kci": 0.4177540491659094
  },
  "0;2|5": {
    "kci": 0.6010545096307589
  },
  "0;2|6": {
    "kci": 0.4761194924504837
  },
  "0;2|7": {
    "kci": 0.5244361376233388
  },
  "0;2|8": {
    "kci": 0.38852083411735494
  },
  "0;2|9": {
    "kci": 0.335041751049892
  },
  "0;3|1": {
    "kci": 0.35121713838102053
  },
  "0;3|2": {
    "kci": 0.3217688562685631
  },
  "0;3|4": {
    "kci": 0.2193641798498479
  },
  "0;3|5": {
    "kci": 0.4555481039142263
  },
  "0;3|6": {
    "kci": 0.3033168656112124
  },
  "0;3|7": {
    "kci": 0.6230329179410142
  },
  "0;3|8": {
    "kci": 0.6517276825829073
  },
  "0;3|9": {
    "kci": 0.721151978474961
  },
  "0;4|1": {
    "kci": 0.21154145131406044
  },
  "0;4|2": {
    "kci": 0.08863048224883918
  },
  "0;4|3": {
    "kci": 0.4815922735060706
  },
  "0;4|5": {
    "kci": 0.0791148342878647
  },
  "0;4|6": {
    "kci": 0.11253023692640984
  },
  "0;4|7": {
    "kci": 0.28311193242984745
  },
  "0;4|8": {
    "kci": 0.20562319061636136
  },
  "0;4|9": {
    "kci": 0.12851601602710105
  },
  "0;5|1": {
    "kci": 0.2061074012997679
  },
  "0;5|2": {
    "kci": 0.29049325921331093
  },
  "0;5|3": {
    "kci": 0.3365310199873357
  },
  "0;5|4": {
    "kci": 0.1962481534857794
  },
  "0;5|6": {
    "kci": 0.2760881724281702
  },
  "0;5|7": {
    "kci": 0.42299704264776083
  },
  "0;5|8": {
    "kci": 0.4016601297108794
  },
  "0;5|9": {
    "kci": 0.23407069620014354
  },
  "0;6|1": {
    "kci": 0.08539635961472947
  },
  "0;6|2": {
    "kci": 0.12913278145485552
  },
  "0;6|3": {
    "kci": 0.07936881794801998
  },
  "0;6|4": {
    "kci": 0.13872576982953955
  },
  "0;6|5": {
    "kci": 0.16003697398013184
  },
  "0;6|7": {
    "kci": 0.13687010556404233
  },
  "0;6|8": {
    "kci": 0.15501533519272626
  },
  "0;6|9": {
    "kci": 0.316195126080544
  },
  "0;7|1": {
    "kci": 0.12564559820979915
  },
  "0;7|2": {
    "kci": 0.10177130915462973
  },
  "0;7|3": {
    "kci": 0.19464529481481974
  },
  "0;7|4": {
    "kci": 0.09902205418234378
  },
  "0;7|5": {
    "kci": 0.1315122431650373
  },
  "0;7|6": {
    "kci": 0.1832079287376711
  },
  "0;7|8": {
    "kci": 0.27477893843627776
  },
  "0;7|9": {
    "kci": 0.3021710649058804
  },
  "0;8|1": {
    "kci": 0.26837478539850135
  },
  "0;8|2": {
    "kci": 0.32283225915120217
  },
  "0;8|3": {
    "kci": 0.3537547777571942
  },
  "0;8|4": {
    "kci": 0.30080098887736506
  },
  "0;8|5": {
    "kci": 0.4108124694791897
  },
  "0;8|6": {
    "kci": 0.5187274733866456
  },
  "0;8|7": {
    "kci": 0.4629876267910408
  },
  "0;8|9": {
    "kci": 0.6252523324190363
  },
  "0;9|1": {
    "kci": 0.05969794323833655
  },
  "0;9|2": {
    "kci": 0.04117620890240892
  },
  "0;9|3": {
    "kci": 0.21503745830980148
  },
  "0;9|4": {
    "kci": 0.038351704049727764
  },
  "0;9|5": {
    "kci": 0.16278704461897076
  },
  "0;9|6": {
    "kci": 0.053993471230963874
  },
  "0;9|7": {
    "kci": 0.3486545773989098
  },
  "0;9|8": {
    "kci": 0.3366251310188
  },
  "1;2|0": {
    "kci": 0.44817341930825827
  },
  "1;2|3": {
    "kci": 0.42005794124654783
  },
  "1;2|4": {
    "kci": 0.48002122376212764
  },
  "1;2|5": {
    "kci": 0.3043252537342709
  },
  "1;2|6": {
    "kci": 0.4530356116194453
  },
  "1;2|8": {
    "kci": 0.31534840646913187
  },
  "1;2|9": {
    "kci": 0.41133392570219374
  },
  "1;3|0": {
    "kci": 0.3249279859360188
  },
  "1;3|2": {
    "kci": 0.034565320020804036
  },
  "1;3|4": {
    "kci": 0.1339308796257419
  },
  "1;3|5": {
    "kci": 0.16638077750085034
  },
  "1;3|6": {
    "kci": 0.0340482327265168
  },
  "1;3|8": {
    "kci": 0.06501012727755673
  },
  "1;3|9": {
    "kci": 0.25538668619120586
  },
  "1;4|0": {
    "kci": 0.34123574568740755
  },
  "1;4|2": {
    "kci": 0.3326410404034166
  },
  "1;4|3": {
    "kci": 0.20838963854323223
  },
  "1;4|5": {
    "kci": 0.37268312594135944
  },
  "1;4|6": {
    "kci": 0.3605263805043195
  },
  "1;4|8": {
    "kci": 0.2440293978976028
  },
  "1;4|9": {
    "kci": 0.45250730558530194
  },
  "1;5|0": {
    "kci": 0.0005340911825054695
  },
  "1;5|2": {
    "kci": 9.259985893184108e-06
  },
  "1;5|3": {
    "kci": 1.4453422550020356e-05
  },
  "1;5|4": {
    "kci": 5.9506122481733925e-06
  },
  "1;5|6": {
    "kci": 1.1553692791377301e-06
  },
  "1;5|8": {
    "kci": 8.848857697596468e-05
  },
  "1;5|9": {
    "kci": 5.904785938648516e-06
  },
  "1;6|0": {
    "kci": 0.23334007597822848
  },
  "1;6|2": {
    "kci": 0.5318785169897122
  },
  "1;6|3": {
    "kci": 0.1579744204786171
  },
  "1;6|4": {
    "kci": 0.507240651143501
  },
  "1;6|5": {
    "kci": 0.1457237816712994
  },
  "1;6|8": {
    "kci": 0.3633766096609923
  },
  "1;6|9": {
    "kci": 0.11215184908138331
  },
  "1;8|0": {
    "kci": 0.5873289272116748
  },
  "1;8|2": {
    "kci": 0.7319850329917259
  },
  "1;8|3": {
    "kci": 0.2255216966966297
  },
  "1;8|4": {
    "kci": 0.7258288323939942
  },
  "1;8|5": {
    "kci": 0.399720572605601
  },
  "1;8|6": {
    "kci": 0.7625557973097323
  },
  "1;8|9": {
    "kci": 0.26860270149046883
  },
  "1;9|0": {
    "kci": 0.21458857417537702
  },
  "1;9|2": {
    "kci": 0.04769773052448001
  },
  "1;9|3": {
    "kci": 0.4101743526615551
  },
  "1;9|4": {
    "kci": 0.06157406840417312
  },
  "1;9|5": {
    "kci": 0.6436674067753849
  },
  "1;9|6": {
    "kci": 0.011458246443761477
  },
  "1;9|8": {
    "kci": 0.0752809874755066
  },
  "2;3|0": {
    "kci": 0.2210965187904872
  },
  "2;3|1": {
    "kci": 0.2188278211686654
  },
  "2;3|4": {
    "kci": 0.20181954344088204
  },
  "2;3|5": {
    "kci": 0.2734485114780536
  },
  "2;3|6": {
    "kci": 0.24729311061167447
  },