{
  "data_hash": "1b0afe6a44eac1d9f4d9e7a1c8af2d27",
  "0;1": {
    "d_separation": 0.0
  },
  "0;2": {
    "d_separation": 0.0
  },
  "0;3": {
    "d_separation": 0.0
  },
  "0;4": {
    "d_separation": 0.0
  },
  "0;5": {
    "d_separation": 0.0
  },
  "0;6": {
    "d_separation": 0.0
  },
  "0;7": {
    "d_separation": 0.0
  },
  "0;8": {
    "d_separation": 0.0
  },
  "0;9": {
    "d_separation": 0.0
  },
  "1;2": {
    "d_separation": 0.0
  },
  "1;3": {
    "d_separation": 0.0
  },
  "1;4": {
    "d_separation": 0.0
  },
  "1;5": {
    "d_separation": 0.0
  },
  "1;6": {
    "d_separation": 0.0
  },
  "1;7": {
    "d_separation": 0.0
  },
  "1;8": {
    "d_separation": 0.0
  },
  "1;9": {
    "d_separation": 0.0
  },
  "2;3": {
    "d_separation": 0.0
  },
  "2;4": {
    "d_separation": 0.0
  },
  "2;5": {
    "d_separation": 0.0
  },
  "2;6": {
    "d_separation": 0.0
  },
  "2;7": {
    "d_separation": 0.0
  },
  "2;8": {
    "d_separation": 0.0
  },
  "2;9": {
    "d_separation": 0.0
  },
  "3;4": {
    "d_separation": 0.0
  },
  "3;5": {
    "d_separation": 0.0
  },
  "3;6": {
    "d_separation": 0.0
  },
  "3;7": {
    "d_separation": 0.0
  },
  "3;8": {
    "d_separation": 0.0
  },
  "3;9": {
    "d_separation": 0.0
  },
  "4;5": {
    "d_separation": 0.0
  },
  "4;6": {
    "d_separation": 0.0
  },
  "4;7": {
    "d_separation": 0.0
  },
  "4;8": {
    "d_separation": 0.0
  },
  "4;9": {
    "d_separation": 0.0
  },
  "5;6": {
    "d_separation": 0.0
  },
  "5;7": {
    "d_separation": 0.0
  },
  "5;8": {
    "d_separation": 0.0
  },
  "5;9": {
    "d_separation": 0.0
  },
  "6;7": {
    "d_separation": 0.0
  },
  "6;8": {
    "d_separation": 0.0
  },
  "6;9": {
    "d_separation": 0.0
  },
  "7;8": {
    "d_separation": 0.0
  },
  "7;9": {
    "d_separation": 0.0
  },
  "8;9": {
    "d_separation": 0.0
  },
  "0;1|2": {
    "kci": 0.19087165346228707
  },
  "0;1|3": {
    "kci": 0.28786137245295607
  },
  "0;1|4": {
    "kci": 0.09657877167919116
  },
  "0;1|5": {
    "kci": 0.052727987511185015
  },
  "0;1|6": {
    "kci": 0.11309455948477498
  },
  "0;1|7": {
    "kci": 0.1655676243305192
  },
  "0;1|8": {
    "kci": 0.12315680400234374
  },
  "0;1|9": {
    "kci": 0.026510842839866156
  },
  "0;2|1": {
    "kci": 0.8372258189001921
  },
  "0;2|3": {
    "kci": 0.37328484662499584
  },
  "0;2|4": {
    "kci": 0.500186071241705
  },
  "0;2|5": {
    "kci": 0.6864803254317283
  },
  "0;2|6": {
    "kci": 0.5994463848606317
  },
  "0;2|7": {
    "kci": 0.5860903623590983
  },
  "0;2|8": {
    "kci": 0.5614008257990537
  },
  "0;2|9": {
    "kci": 0.7360335446374686
  },
  "0;3|1": {
    "kci": 4.129911475392323e-05
  },
  "0;3|2": {
    "kci": 5.157766403673936e-05
  },
  "0;3|4": {
    "kci": 9.618195272120822e-05
  },
  "0;3|5": {
    "kci": 8.745681068744737e-05
  },
  "0;3|6": {
    "kci": 0.001067431081863246
  },
  "0;3|7": {
    "kci": 0.00037496811520054685
  },
  "0;3|8": {
    "kci": 0.00016445554244415295
  },
  "0;3|9": {
    "kci": 1.5774265273993393e-06
  },
  "0;4|1": {
    "kci": 0.14138186333036096
  },
  "0;4|2": {
    "kci": 0.11690324615032133
  },
  "0;4|3": {
    "kci": 0.3992114520657961
  },
  "0;4|5": {
    "kci": 0.06565049706916837
  },
  "0;4|6": {
    "kci": 0.12189587169601646
  },
  "0;4|7": {
    "kci": 0.11773192293946755
  },
  "0;4|8": {
    "kci": 0.21771192561579855
  },
  "0;4|9": {
    "kci": 0.1858723166407027
  },
  "0;5|1": {
    "kci": 0.0018828073325889427
  },
  "0;5|2": {
    "kci": 0.004863792276988743
  },
  "0;5|3": {
    "kci": 0.001213241206015625
  },
  "0;5|4": {
    "kci": 0.009949583528108485
  },
  "0;5|6": {
    "kci": 0.01577549274223533
  },
  "0;5|7": {
    "kci": 0.004877453709681734
  },
  "0;5|8": {
    "kci": 0.004625728937824758
  },
  "0;5|9": {
    "kci": 0.02165538082184748
  },
  "0;6|1": {
    "kci": 0.04801557675756829
  },
  "0;6|2": {
    "kci": 0.057507738717419876
  },
  "0;6|3": {
    "kci": 0.4846850230246973
  },
  "0;6|4": {
    "kci": 0.03095685879319454
  },
  "0;6|5": {
    "kci": 0.013836058366734738
  },
  "0;6|7": {
    "kci": 0.0844599197917536
  },
  "0;6|8": {
    "kci": 0.04827203688148529
  },
  "0;6|9": {
    "kci": 0.025003490172891496
  },
  "0;7|1": {
    "kci": 0.3285560471224114
  },
  "0;7|2": {
    "kci": 0.36553302497313456
  },
  "0;7|3": {
    "kci": 0.41448607647542346
  },
  "0;7|4": {
    "kci": 0.28918549394661897
  },
  "0;7|5": {
    "kci": 0.3874303629752903
  },
  "0;7|6": {
    "kci": 0.46458413230642026
  },
  "0;7|8": {
    "kci": 0.3729829641165695
  },
  "0;7|9": {
    "kci": 0.3513364578969087
  },
  "0;8|1": {
    "kci": 0.3271529568530881
  },
  "0;8|2": {
    "kci": 0.3547392966479752
  },
  "0;8|3": {
    "kci": 0.40949663168230765
  },
  "0;8|4": {
    "kci": 0.3419972596641053
  },
  "0;8|5": {
    "kci": 0.3320191532105131
  },
  "0;8|6": {
    "kci": 0.37556639462698793
  },
  "0;8|7": {
    "kci": 0.369478549096252
  },
  "0;8|9": {
    "kci": 0.37855330464988957
  },
  "0;9|1": {
    "kci": 0.10312434165840856
  },
  "0;9|2": {
    "kci": 0.058087892565309884
  },
  "0;9|3": {
    "kci": 0.4797588580021852
  },
  "0;9|4": {
    "kci": 0.2693123042127047
  },
  "0;9|5": {
    "kci": 0.11374042839128418
  },
  "0;9|6": {
    "kci": 0.04784756818472147
  },
  "0;9|7": {
    "kci": 0.2133437234343175
  },
  "0;9|8": {
    "kci": 0.18372607082683134
  },
  "1;2|0": {
    "kci": 0.4631555808116016
  },
  "1;2|3": {
    "kci": 0.6018180131631032
  },
  "1;2|4": {
    "kci": 0.18913904120560543
  },
  "1;2|5": {
    "kci": 0.3361712283909024
  },
  "1;2|6": {
    "kci": 0.3874150869403149
  },
  "1;2|7": {
    "kci": 0.32794090349468175
  },
  "1;2|8": {
    "kci": 0.44087129104629397
  },
  "1;2|9": {
    "kci": 0.3903166498968862
  },
  "1;3|0": {
    "kci": 0.26601380198878277
  },
  "1;3|2": {
    "kci": 0.010321182196372902
  },
  "1;3|4": {
    "kci": 0.04522287505084566
  },
  "1;3|5": {
    "kci": 0.0037491116326726637
  },
  "1;3|6": {
    "kci": 0.012870793149419413
  },
  "1;3|7": {
    "kci": 0.04840492075498681
  },
  "1;3|8": {
    "kci": 0.032926847983264174
  },
  "1;3|9": {
    "kci": 0.023881394540716805
  },
  "1;4|0": {
    "kci": 0.7818589136098842
  },
  "1;4|2": {
    "kci": 0.6159231352188563
  },
  "1;4|3": {
    "kci": 0.6036676624028372
  },
  "1;4|5": {
    "kci": 0.6944380548109356
  },
  "1;4|6": {
    "kci": 0.7187128055840053
  },
  "1;4|7": {
    "kci": 0.7044160690911283
  },
  "1;4|8": {
    "kci": 0.7471825372953149
  },
  "1;4|9": {
    "kci": 0.6332166943252393
  },
  "1;5|0": {
    "kci": 0.1705401689728281
  },
  "1;5|2": {
    "kci": 0.27291044770972306
  },
  "1;5|3": {
    "kci": 0.2528220857954886
  },
  "1;5|4": {
    "kci": 0.2425950026365633
  },
  "1;5|6": {
    "kci": 0.24054333417471419
  },
  "1;5|7": {
    "kci": 0.19802179047134216
  },
  "1;5|8": {
    "kci": 0.1689440703534415
  },
  "1;5|9": {
    "kci": 0.19588559630177904
  },
  "1;6|0": {
    "kci": 0.5978994580917646
  },
  "1;6|2": {
    "kci": 0.6374947763686694
  },
  "1;6|3": {
    "kci": 0.1313953108757273
  },
  "1;6|4": {
    "kci": 0.7510569912151452
  },
  "1;6|5": {
    "kci": 0.26032591632921065
  },
  "1;6|7": {
    "kci": 0.6248459969439295
  },
  "1;6|8": {
    "kci": 0.6304030972914475
  },
  "1;6|9": {
    "kci": 0.5443749092922092
  },
  "1;7|0": {
    "kci": 0.4878283706364769
  },
  "1;7|2": {
    "kci": 0.5429409422470377
  },
  "1;7|3": {
    "kci": 0.6231706133426556
  },
  "1;7|4": {
    "kci": 0.5472528258330855
  },
  "1;7|5": {
    "kci": 0.508420650763175
  },
  "1;7|6": {
    "kci": 0.6445712635069576
  },
  "1;7|8": {
    "kci": 0.6070587197749528
  },
  "1;7|9": {
    "kci": 0.582278827783318
  },
  "1;8|0": {
    "kci": 0.30772506198328464
  },
  "1;8|2": {
    "kci": 0.3782539044493435
  },
  "1;8|3": {
    "kci": 0.38352630118764974
  },
  "1;8|4": {
    "kci": 0.35155210012265226
  },
  "1;8|5": {
    "kci": 0.33567974466254547
  },