{
  "data_hash": "1c697db85d23a9501c7743b059e2f3c2",
  "0;1": {
    "d_separation": 0.0
  },
  "0;2": {
    "d_separation": 0.0
  },
  "0;3": {
    "d_separation": 0.0
  },
  "0;4": {
    "d_separation": 0.0
  },
  "0;5": {
    "d_separation": 0.0
  },
  "0;6": {
    "d_separation": 0.0
  },
  "0;7": {
    "d_separation": 0.0
  },
  "0;8": {
    "d_separation": 0.0
  },
  "0;9": {
    "d_separation": 0.0
  },
  "1;2": {
    "d_separation": 0.0
  },
  "1;3": {
    "d_separation": 0.0
  },
  "1;4": {
    "d_separation": 0.0
  },
  "1;5": {
    "d_separation": 0.0
  },
  "1;6": {
    "d_separation": 0.0
  },
  "1;7": {
    "d_separation": 0.0
  },
  "1;8": {
    "d_separation": 0.0
  },
  "1;9": {
    "d_separation": 0.0
  },
  "2;3": {
    "d_separation": 0.0
  },
  "2;4": {
    "d_separation": 0.0
  },
  "2;5": {
    "d_separation": 0.0
  },
  "2;6": {
    "d_separation": 0.0
  },
  "2;7": {
    "d_separation": 0.0
  },
  "2;8": {
    "d_separation": 0.0
  },
  "2;9": {
    "d_separation": 0.0
  },
  "3;4": {
    "d_separation": 0.0
  },
  "3;5": {
    "d_separation": 0.0
  },
  "3;6": {
    "d_separation": 0.0
  },
  "3;7": {
    "d_separation": 0.0
  },
  "3;8": {
    "d_separation": 0.0
  },
  "3;9": {
    "d_separation": 0.0
  },
  "4;5": {
    "d_separation": 0.0
  },
  "4;6": {
    "d_separation": 0.0
  },
  "4;7": {
    "d_separation": 0.0
  },
  "4;8": {
    "d_separation": 0.0
  },
  "4;9": {
    "d_separation": 0.0
  },
  "5;6": {
    "d_separation": 0.0
  },
  "5;7": {
    "d_separation": 0.0
  },
  "5;8": {
    "d_separation": 0.0
  },
  "5;9": {
    "d_separation": 0.0
  },
  "6;7": {
    "d_separation": 0.0
  },
  "6;8": {
    "d_separation": 0.0
  },
  "6;9": {
    "d_separation": 0.0
  },
  "7;8": {
    "d_separation": 0.0
  },
  "7;9": {
    "d_separation": 0.0
  },
  "8;9": {
    "d_separation": 0.0
  },
  "0;1|2": {
    "kci": 1.0759256374726078e-08
  },
  "0;1|3": {
    "kci": 2.0546286894074228e-10
  },
  "0;1|4": {
    "kci": 2.875317837047753e-06
  },
  "0;1|5": {
    "kci": 0.0900483344582359
  },
  "0;1|6": {
    "kci": 4.291697186520338e-08
  },
  "0;1|7": {
    "kci": 1.2147695183095664e-08
  },
  "0;1|8": {
    "kci": 1.5921354346026817e-08
  },
  "0;1|9": {
    "kci": 1.0133838805881368e-06
  },
  "0;2|1": {
    "kci": 9.034406247554472e-07
  },
  "0;2|3": {
    "kci": 6.741409982691238e-06
  },
  "0;2|4": {
    "kci": 5.281874700946432e-07
  },
  "0;2|5": {
    "kci": 5.850194000345255e-07
  },
  "0;2|6": {
    "kci": 2.45868063908361e-07
  },
  "0;2|7": {
    "kci": 6.926405227147825e-08
  },
  "0;2|8": {
    "kci": 8.248821241618742e-07
  },
  "0;2|9": {
    "kci": 6.335477296115499e-07
  },
  "0;3|1": {
    "kci": 0.0019219170739490643
  },
  "0;3|2": {
    "kci": 0.04045915238966169
  },
  "0;3|4": {
    "kci": 0.1854807849904857
  },
  "0;3|5": {
    "kci": 0.04620013799978251
  },
  "0;3|6": {
    "kci": 0.10417752397430424
  },
  "0;3|7": {
    "kci": 0.38284459154979267
  },
  "0;3|8": {
    "kci": 0.26188337540795303
  },
  "0;3|9": {
    "kci": 0.21207524832314806
  },
  "0;4|1": {
    "kci": 0.5119491814925995
  },
  "0;4|2": {
    "kci": 0.26742562502267053
  },
  "0;4|3": {
    "kci": 0.18238957489123342
  },
  "0;4|5": {
    "kci": 0.5226503107519032
  },
  "0;4|6": {
    "kci": 0.20005646120530562
  },
  "0;4|7": {
    "kci": 0.34834629237573167
  },
  "0;4|8": {
    "kci": 0.3486284338010388
  },
  "0;4|9": {
    "kci": 0.2867773156914879
  },
  "0;5|1": {
    "kci": 0.2699167880012113
  },
  "0;5|2": {
    "kci": 0.000269248689913959
  },
  "0;5|3": {
    "kci": 3.512107604741743e-08
  },
  "0;5|4": {
    "kci": 0.000698663148657519
  },
  "0;5|6": {
    "kci": 3.94912969359229e-06
  },
  "0;5|7": {
    "kci": 5.55242881582485e-05
  },
  "0;5|8": {
    "kci": 1.5971078580645504e-05
  },
  "0;5|9": {
    "kci": 0.00043523147866963985
  },
  "0;6|1": {
    "kci": 0.14472494277124126
  },
  "0;6|2": {
    "kci": 0.06265823793355507
  },
  "0;6|3": {
    "kci": 0.01569540695792704
  },
  "0;6|4": {
    "kci": 0.026718748321450714
  },
  "0;6|5": {
    "kci": 0.06095709285417483
  },
  "0;6|7": {
    "kci": 0.02297000679166017
  },
  "0;6|8": {
    "kci": 0.04604231326744734
  },
  "0;6|9": {
    "kci": 0.03205681387175863
  },
  "0;7|1": {
    "kci": 0.5681009961915736
  },
  "0;7|2": {
    "kci": 0.5497831768843363
  },
  "0;7|3": {
    "kci": 0.6536810186051811
  },
  "0;7|4": {
    "kci": 0.43186644857758594
  },
  "0;7|5": {
    "kci": 0.4450331698034219
  },
  "0;7|6": {
    "kci": 0.4185132388354189
  },
  "0;7|8": {
    "kci": 0.5206662274867357
  },
  "0;7|9": {
    "kci": 0.49131548625888544
  },
  "0;8|1": {
    "kci": 0.6464953528246804
  },
  "0;8|2": {
    "kci": 0.18506503328985102
  },
  "0;8|3": {
    "kci": 0.5664918818122722
  },
  "0;8|4": {
    "kci": 0.5810536900374046
  },
  "0;8|5": {
    "kci": 0.533693824110679
  },
  "0;8|6": {
    "kci": 0.5858785800303737
  },
  "0;8|7": {
    "kci": 0.4112701854271603
  },
  "0;8|9": {
    "kci": 0.4794088108331074
  },
  "0;9|1": {
    "kci": 0.7738513169358144
  },
  "0;9|2": {
    "kci": 0.5836450793432908
  },
  "0;9|3": {
    "kci": 0.3290056582913252
  },
  "0;9|4": {
    "kci": 0.2386655784316427
  },
  "0;9|5": {
    "kci": 0.5429836330284055
  },
  "0;9|6": {
    "kci": 0.30897897829794574
  },
  "0;9|7": {
    "kci": 0.28093842015544834
  },
  "0;9|8": {
    "kci": 0.22966654378645435
  },
  "1;2|0": {
    "kci": 5.2692804020537665e-05
  },
  "1;2|3": {
    "kci": 0.03212678930316171
  },
  "1;2|4": {
    "kci": 0.012668313317465763
  },
  "1;2|5": {
    "kci": 0.000388787147959202
  },
  "1;2|6": {
    "kci": 0.013677359251145771
  },
  "1;2|7": {
    "kci": 0.008068279915884213
  },
  "1;2|8": {
    "kci": 0.027268894778501918
  },
  "1;2|9": {
    "kci": 0.02524900362730953
  },
  "1;3|0": {
    "kci": 0.004976365475492628
  },
  "1;3|2": {
    "kci": 0.0066440591143333005
  },
  "1;3|4": {
    "kci": 0.026266830100398875
  },
  "1;3|5": {
    "kci": 0.018932816279308873
  },
  "1;3|6": {
    "kci": 0.03254490476653693
  },
  "1;3|7": {
    "kci": 0.004964007226879397
  },
  "1;3|8": {
    "kci": 0.004069403284912676
  },
  "1;3|9": {
    "kci": 0.0288775822600279
  },
  "1;4|0": {
    "kci": 0.0042935513951034565
  },
  "1;4|2": {
    "kci": 0.0007694324837239641
  },
  "1;4|3": {
    "kci": 0.00040590954105235166
  },
  "1;4|5": {
    "kci": 0.12048555678276107
  },
  "1;4|6": {
    "kci": 0.00010701978717131411
  },
  "1;4|7": {
    "kci": 0.001843593103368124
  },
  "1;4|8": {
    "kci": 0.0008695276152824727
  },
  "1;4|9": {
    "kci": 0.001760471550899867
  },
  "1;5|0": {
    "kci": 0.0
  },
  "1;5|2": {
    "kci": 0.0
  },
  "1;5|3": {
    "kci": 0.0
  },
  "1;5|4": {
    "kci": 0.0
  },
  "1;5|6": {
    "kci": 0.0
  },
  "1;5|7": {
    "kci": 0.0
  },
  "1;5|8": {
    "kci": 0.0
  },
  "1;5|9": {
    "kci": 0.0
  },
  "1;6|0": {
    "kci": 0.2682856208282667
  },
  "1;6|2": {
    "kci": 0.24688338580157854
  },
  "1;6|3": {
    "kci": 0.3983877375031717
  },
  "1;6|4": {
    "kci": 0.24894214674654236
  },
  "1;6|5": {
    "kci": 0.4776872842789176
  },
  "1;6|7": {
    "kci": 0.241851935463974
  },
  "1;6|8": {
    "kci": 0.2524154008253302
  },
  "1;6|9": {
    "kci": 0.280543909425648
  },
  "1;7|0": {
    "kci": 0.42173908354490364
  },
  "1;7|2": {
    "kci": 0.8639887162005375
  },
  "1;7|3": {
    "kci": 0.41171880230827285
  },
  "1;7|4": {
    "kci": 0.7625021746520946
  },
  "1;7|5": {
    "kci": 0.5361808604403551
  },
  "1;7|6": {
    "kci": 0.32013665423864013
  },
  "1;7|8": {
    "kci": 0.43580334150152567
  },
  "1;7|9": {
    "kci": 0.31858645615117875
  },
  "1;8|0": {
    "kci": 0.3535245131027738
  },
  "1;8|2": {
    "kci": 0.21169516933548693
  },
  "1;8|3": {
    "kci": 0.3963295530080255
  },
  "1;8|4": {
    "kci": 0.35595897753335093
  },
  "1;8|5": {
    "kci": 0.5110274156693644
  },
  "1;8|6": {
    "kci": 0.22074662983261018
  },
  "1;8|7": {
    "kci": 0.24334581256251753
  },