{
  "data_hash": "1d7a28683a56281010e28c7f387f2a8a",
  "0;1": {
    "d_separation": 0.0
  },
  "0;2": {
    "d_separation": 0.0
  },
  "0;3": {
    "d_separation": 0.0
  },
  "0;4": {
    "d_separation": 0.0
  },
  "0;5": {
    "d_separation": 0.0
  },
  "0;6": {
    "d_separation": 0.0
  },
  "0;7": {
    "d_separation": 0.0
  },
  "0;8": {
    "d_separation": 0.0
  },
  "0;9": {
    "d_separation": 0.0
  },
  "1;2": {
    "d_separation": 0.0
  },
  "1;3": {
    "d_separation": 0.0
  },
  "1;4": {
    "d_separation": 0.0
  },
  "1;5": {
    "d_separation": 0.0
  },
  "1;6": {
    "d_separation": 0.0
  },
  "1;7": {
    "d_separation": 0.0
  },
  "1;8": {
    "d_separation": 0.0
  },
  "1;9": {
    "d_separation": 0.0
  },
  "2;3": {
    "d_separation": 0.0
  },
  "2;4": {
    "d_separation": 0.0
  },
  "2;5": {
    "d_separation": 0.0
  },
  "2;6": {
    "d_separation": 0.0
  },
  "2;7": {
    "d_separation": 0.0
  },
  "2;8": {
    "d_separation": 0.0
  },
  "2;9": {
    "d_separation": 0.0
  },
  "3;4": {
    "d_separation": 0.0
  },
  "3;5": {
    "d_separation": 0.0
  },
  "3;6": {
    "d_separation": 0.0
  },
  "3;7": {
    "d_separation": 0.0
  },
  "3;8": {
    "d_separation": 0.0
  },
  "3;9": {
    "d_separation": 0.0
  },
  "4;5": {
    "d_separation": 0.0
  },
  "4;6": {
    "d_separation": 0.0
  },
  "4;7": {
    "d_separation": 0.0
  },
  "4;8": {
    "d_separation": 0.0
  },
  "4;9": {
    "d_separation": 0.0
  },
  "5;6": {
    "d_separation": 0.0
  },
  "5;7": {
    "d_separation": 0.0
  },
  "5;8": {
    "d_separation": 0.0
  },
  "5;9": {
    "d_separation": 0.0
  },
  "6;7": {
    "d_separation": 0.0
  },
  "6;8": {
    "d_separation": 0.0
  },
  "6;9": {
    "d_separation": 0.0
  },
  "7;8": {
    "d_separation": 0.0
  },
  "7;9": {
    "d_separation": 0.0
  },
  "8;9": {
    "d_separation": 0.0
  },
  "0;1|2": {
    "kci": 0.2756654984504592
  },
  "0;1|3": {
    "kci": 0.0796349632446236
  },
  "0;1|4": {
    "kci": 0.008805063319639705
  },
  "0;1|5": {
    "kci": 0.540692852114987
  },
  "0;1|6": {
    "kci": 0.1128527377090569
  },
  "0;1|7": {
    "kci": 0.08794629230855888
  },
  "0;1|8": {
    "kci": 0.009014818737075991
  },
  "0;1|9": {
    "kci": 0.054180657564542156
  },
  "0;2|1": {
    "kci": 0.8998936092016917
  },
  "0;2|3": {
    "kci": 0.8877270689612509
  },
  "0;2|4": {
    "kci": 0.7230113847321018
  },
  "0;2|5": {
    "kci": 0.7942840835846081
  },
  "0;2|6": {
    "kci": 0.7516939461776107
  },
  "0;2|7": {
    "kci": 0.7595510490434016
  },
  "0;2|8": {
    "kci": 0.6842260544458343
  },
  "0;2|9": {
    "kci": 0.7471582777021679
  },
  "0;3|1": {
    "kci": 5.188735968364444e-05
  },
  "0;3|2": {
    "kci": 2.0723618779916464e-05
  },
  "0;3|4": {
    "kci": 0.0013143646800928277
  },
  "0;3|5": {
    "kci": 2.586208777688448e-06
  },
  "0;3|6": {
    "kci": 1.5873539666921843e-05
  },
  "0;3|7": {
    "kci": 1.9450268455845077e-06
  },
  "0;3|8": {
    "kci": 2.144721624630641e-06
  },
  "0;3|9": {
    "kci": 6.671021912652009e-07
  },
  "0;4|1": {
    "kci": 0.00033761101300366914
  },
  "0;4|2": {
    "kci": 0.014189090895485923
  },
  "0;4|3": {
    "kci": 0.004952316007442392
  },
  "0;4|5": {
    "kci": 0.28431521027261974
  },
  "0;4|6": {
    "kci": 0.0009887920531381766
  },
  "0;4|7": {
    "kci": 0.0023915542749638474
  },
  "0;4|8": {
    "kci": 0.021232249180030083
  },
  "0;4|9": {
    "kci": 0.028146995012620968
  },
  "0;5|1": {
    "kci": 0.0
  },
  "0;5|2": {
    "kci": 0.0
  },
  "0;5|3": {
    "kci": 0.0
  },
  "0;5|4": {
    "kci": 0.0
  },
  "0;5|6": {
    "kci": 0.0
  },
  "0;5|7": {
    "kci": 0.0
  },
  "0;5|8": {
    "kci": 0.0
  },
  "0;5|9": {
    "kci": 0.0
  },
  "0;6|1": {
    "kci": 0.7036277241832871
  },
  "0;6|2": {
    "kci": 0.7174679413862628
  },
  "0;6|3": {
    "kci": 0.7293643574232813
  },
  "0;6|4": {
    "kci": 0.28835077114853513
  },
  "0;6|5": {
    "kci": 0.4921262097696316
  },
  "0;6|7": {
    "kci": 0.562246835675297
  },
  "0;6|8": {
    "kci": 0.5211559481496044
  },
  "0;6|9": {
    "kci": 0.5814246242497363
  },
  "0;7|1": {
    "kci": 0.9182545489214013
  },
  "0;7|2": {
    "kci": 0.9280929826067612
  },
  "0;7|3": {
    "kci": 0.8566957412754165
  },
  "0;7|4": {
    "kci": 0.9277276215057969
  },
  "0;7|5": {
    "kci": 0.8694025754638006
  },
  "0;7|6": {
    "kci": 0.9276798263583232
  },
  "0;7|8": {
    "kci": 0.7657053530604185
  },
  "0;7|9": {
    "kci": 0.931961010527264
  },
  "0;8|1": {
    "kci": 0.2709498189605185
  },
  "0;8|2": {
    "kci": 0.5175114752293897
  },
  "0;8|3": {
    "kci": 0.3732256837786292
  },
  "0;8|4": {
    "kci": 0.6313114511822279
  },
  "0;8|5": {
    "kci": 0.8232248044368958
  },
  "0;8|6": {
    "kci": 0.4119144254003031
  },
  "0;8|7": {
    "kci": 0.5155845613377598
  },
  "0;8|9": {
    "kci": 0.8322103504386968
  },
  "0;9|1": {
    "kci": 4.554700712844362e-05
  },
  "0;9|2": {
    "kci": 0.006480944587259452
  },
  "0;9|3": {
    "kci": 0.001786818791843281
  },
  "0;9|4": {
    "kci": 0.0003642851757601484
  },
  "0;9|5": {
    "kci": 0.012076703654363308
  },
  "0;9|6": {
    "kci": 8.404717017407304e-05
  },
  "0;9|7": {
    "kci": 0.00019326291135324247
  },
  "0;9|8": {
    "kci": 2.7824456204417203e-05
  },
  "1;2|0": {
    "kci": 0.00021934507483589716
  },
  "1;2|3": {
    "kci": 0.00011255304075696859
  },
  "1;2|4": {
    "kci": 6.583934095694133e-05
  },
  "1;2|5": {
    "kci": 0.0006591721110484894
  },
  "1;2|6": {
    "kci": 0.00020053292767141517
  },
  "1;2|7": {
    "kci": 0.00010405801421453642
  },
  "1;2|8": {
    "kci": 0.0024981567101071134
  },
  "1;2|9": {
    "kci": 0.0002122199155990545
  },
  "1;3|0": {
    "kci": 0.1472983094688851
  },
  "1;3|2": {
    "kci": 0.2384636464356491
  },
  "1;3|4": {
    "kci": 0.009971549956911963
  },
  "1;3|5": {
    "kci": 0.3333935612213794
  },
  "1;3|6": {
    "kci": 0.3187199918619613
  },
  "1;3|7": {
    "kci": 0.18539515505602577
  },
  "1;3|8": {
    "kci": 0.5162808533343441
  },
  "1;3|9": {
    "kci": 0.1852573778890071
  },
  "1;4|0": {
    "kci": 0.17183689361247567
  },
  "1;4|2": {
    "kci": 0.23078424213877358
  },
  "1;4|3": {
    "kci": 0.09069535000401174
  },
  "1;4|5": {
    "kci": 0.19270279755199216
  },
  "1;4|6": {
    "kci": 0.14368108824399162
  },
  "1;4|7": {
    "kci": 0.19825381727601177
  },
  "1;4|8": {
    "kci": 0.3559882852200016
  },
  "1;4|9": {
    "kci": 0.22125036744578697
  },
  "1;5|0": {
    "kci": 0.37539563396542874
  },
  "1;5|2": {
    "kci": 0.44019693544524163
  },
  "1;5|3": {
    "kci": 0.7174692385008254
  },
  "1;5|4": {
    "kci": 0.7802629635692689
  },
  "1;5|6": {
    "kci": 0.7777585964991756
  },
  "1;5|7": {
    "kci": 0.8589258047434526
  },
  "1;5|8": {
    "kci": 0.4554261645129546
  },
  "1;5|9": {
    "kci": 0.7426493644300833
  },
  "1;6|0": {
    "kci": 0.47941292970179006
  },
  "1;6|2": {
    "kci": 0.5764812213425052
  },
  "1;6|3": {
    "kci": 0.8792810078243676
  },
  "1;6|4": {
    "kci": 0.19413678888434172
  },
  "1;6|5": {
    "kci": 0.7743216883581726
  },
  "1;6|7": {
    "kci": 0.7758567831382586
  },
  "1;6|8": {
    "kci": 0.39440284025668115
  },
  "1;6|9": {
    "kci": 0.5442160539567783
  },
  "1;7|0": {
    "kci": 0.22406628858054412
  },
  "1;7|2": {
    "kci": 0.3505045744865082
  },
  "1;7|3": {
    "kci": 0.06017689154300132
  },
  "1;7|4": {
    "kci": 0.22018385402282525
  },
  "1;7|5": {
    "kci": 0.40751059991759986
  },
  "1;7|6": {
    "kci": 0.2848276310560014
  },
  "1;7|8": {
    "kci": 0.3621175760956836
  },
  "1;7|9": {
    "kci": 0.16136379548838953
  },
  "1;8|0": {
    "kci": 7.109522703885318e-08
  },
  "1;8|2": {
    "kci": 7.702307554868781e-06
  },
  "1;8|3": {
    "kci": 2.658532127775004e-08
  },
  "1;8|4": {
    "kci": 2.8343586001566834e-06
  },
  "1;8|5": {
    "kci": 3.5014888544182554e-08
  },
  "1;8|6": {
    "kci": 3.905761103428773e-08
  },
  "1;8|7": {
    "kci": 4.119197750784842e-06
  },