{
  "data_hash": "1f566522cebd512526e911dc2377a396",
  "0;1": {
    "d_separation": 0.0
  },
  "0;2": {
    "d_separation": 0.0
  },
  "0;3": {
    "d_separation": 0.0
  },
  "0;4": {
    "d_separation": 0.0
  },
  "0;5": {
    "d_separation": 0.0
  },
  "0;6": {
    "d_separation": 0.0
  },
  "0;7": {
    "d_separation": 1.0
  },
  "0;8": {
    "d_separation": 0.0
  },
  "0;9": {
    "d_separation": 0.0
  },
  "1;2": {
    "d_separation": 0.0
  },
  "1;3": {
    "d_separation": 0.0
  },
  "1;4": {
    "d_separation": 0.0
  },
  "1;5": {
    "d_separation": 0.0
  },
  "1;6": {
    "d_separation": 0.0
  },
  "1;7": {
    "d_separation": 0.0
  },
  "1;8": {
    "d_separation": 0.0
  },
  "1;9": {
    "d_separation": 0.0
  },
  "2;3": {
    "d_separation": 0.0
  },
  "2;4": {
    "d_separation": 0.0
  },
  "2;5": {
    "d_separation": 0.0
  },
  "2;6": {
    "d_separation": 0.0
  },
  "2;7": {
    "d_separation": 0.0
  },
  "2;8": {
    "d_separation": 0.0
  },
  "2;9": {
    "d_separation": 0.0
  },
  "3;4": {
    "d_separation": 0.0
  },
  "3;5": {
    "d_separation": 0.0
  },
  "3;6": {
    "d_separation": 0.0
  },
  "3;7": {
    "d_separation": 0.0
  },
  "3;8": {
    "d_separation": 0.0
  },
  "3;9": {
    "d_separation": 0.0
  },
  "4;5": {
    "d_separation": 0.0
  },
  "4;6": {
    "d_separation": 0.0
  },
  "4;7": {
    "d_separation": 1.0
  },
  "4;8": {
    "d_separation": 0.0
  },
  "4;9": {
    "d_separation": 0.0
  },
  "5;6": {
    "d_separation": 0.0
  },
  "5;7": {
    "d_separation": 0.0
  },
  "5;8": {
    "d_separation": 0.0
  },
  "5;9": {
    "d_separation": 0.0
  },
  "6;7": {
    "d_separation": 0.0
  },
  "6;8": {
    "d_separation": 0.0
  },
  "6;9": {
    "d_separation": 0.0
  },
  "7;8": {
    "d_separation": 0.0
  },
  "7;9": {
    "d_separation": 1.0
  },
  "8;9": {
    "d_separation": 0.0
  },
  "0;1|2": {
    "fisherz": 0.002565033574736697
  },
  "0;1|3": {
    "fisherz": 0.0032182941827563205
  },
  "0;1|4": {
    "fisherz": 0.002829851665619776
  },
  "0;1|5": {
    "fisherz": 0.0032526937728305505
  },
  "0;1|6": {
    "fisherz": 0.0025899362375183532
  },
  "0;1|8": {
    "fisherz": 0.0033094033653504606
  },
  "0;1|9": {
    "fisherz": 0.0016764246915286218
  },
  "0;2|1": {
    "fisherz": 0.3613172638586435
  },
  "0;2|3": {
    "fisherz": 0.5102853173038073
  },
  "0;2|4": {
    "fisherz": 0.5309790911346697
  },
  "0;2|5": {
    "fisherz": 0.5037362326071597
  },
  "0;2|6": {
    "fisherz": 0.49008561437538223
  },
  "0;2|8": {
    "fisherz": 0.455708407654591
  },
  "0;2|9": {
    "fisherz": 0.47902995532766846
  },
  "0;3|1": {
    "fisherz": 0.9744024090463219
  },
  "0;3|2": {
    "fisherz": 0.9214932543626784
  },
  "0;3|4": {
    "fisherz": 0.9221777379918592
  },
  "0;3|5": {
    "fisherz": 0.9279639498141072
  },
  "0;3|6": {
    "fisherz": 0.9103478158395739
  },
  "0;3|8": {
    "fisherz": 0.9126889004424314
  },
  "0;3|9": {
    "fisherz": 0.9012777821248859
  },
  "0;4|1": {
    "fisherz": 0.37665905752864126
  },
  "0;4|2": {
    "fisherz": 0.47177324443028956
  },
  "0;4|3": {
    "fisherz": 0.454815348523645
  },
  "0;4|5": {
    "fisherz": 0.45533371294218083
  },
  "0;4|6": {
    "fisherz": 0.4503103255832088
  },
  "0;4|8": {
    "fisherz": 0.37578185330704694
  },
  "0;4|9": {
    "fisherz": 0.40558763732990966
  },
  "0;5|1": {
    "fisherz": 0.820817781980758
  },
  "0;5|2": {
    "fisherz": 0.7608402010746054
  },
  "0;5|3": {
    "fisherz": 0.7806589265839712
  },
  "0;5|4": {
    "fisherz": 0.7805371181666845
  },
  "0;5|6": {
    "fisherz": 0.7960135217186886
  },
  "0;5|8": {
    "fisherz": 0.8576026309077298
  },
  "0;5|9": {
    "fisherz": 0.8566957806109756
  },
  "0;6|1": {
    "fisherz": 0.5010028055884648
  },
  "0;6|2": {
    "fisherz": 0.736221506601189
  },
  "0;6|3": {
    "fisherz": 0.7861485923860727
  },
  "0;6|4": {
    "fisherz": 0.7749877672615111
  },
  "0;6|5": {
    "fisherz": 0.8090535216282779
  },
  "0;6|8": {
    "fisherz": 0.9660458000560115
  },
  "0;6|9": {
    "fisherz": 0.829318452232815
  },
  "0;8|1": {
    "fisherz": 0.11855215733914082
  },
  "0;8|2": {
    "fisherz": 0.10560640952524891
  },
  "0;8|3": {
    "fisherz": 0.11401092143629987
  },
  "0;8|4": {
    "fisherz": 0.09898574672016802
  },
  "0;8|5": {
    "fisherz": 0.1176502286472223
  },
  "0;8|6": {
    "fisherz": 0.1193151582784513
  },
  "0;8|9": {
    "fisherz": 0.16473793869623266
  },
  "0;9|1": {
    "fisherz": 0.17946161526060056
  },
  "0;9|2": {
    "fisherz": 0.40279503523876237
  },
  "0;9|3": {
    "fisherz": 0.4244230390079957
  },
  "0;9|4": {
    "fisherz": 0.3816825725229831
  },
  "0;9|5": {
    "fisherz": 0.44403193064233437
  },
  "0;9|6": {
    "fisherz": 0.43548192632562177
  },
  "0;9|8": {
    "fisherz": 0.792917491318218
  },
  "0;1|7": {
    "fisherz": 0.00034391842797476535
  },
  "1;2|0": {
    "fisherz": 0.20326924681290226
  },
  "1;2|3": {
    "fisherz": 0.2652740990419389
  },
  "1;2|4": {
    "fisherz": 0.27977273746945874
  },
  "1;2|5": {
    "fisherz": 0.27247027208941965
  },
  "1;2|6": {
    "fisherz": 0.19328476381436221
  },
  "1;2|7": {
    "fisherz": 0.6245591816905667
  },
  "1;2|8": {
    "fisherz": 0.27413907522849046
  },
  "1;2|9": {
    "fisherz": 0.20740993012629283
  },
  "1;3|0": {
    "fisherz": 0.7078601073249635
  },
  "1;3|2": {
    "fisherz": 0.6785851966420955
  },
  "1;3|4": {
    "fisherz": 0.6883453604036205
  },
  "1;3|5": {
    "fisherz": 0.7136955716755962
  },
  "1;3|6": {
    "fisherz": 0.6957111905542874
  },
  "1;3|7": {
    "fisherz": 0.8272713656924773
  },
  "1;3|8": {
    "fisherz": 0.6969837107688694
  },
  "1;3|9": {
    "fisherz": 0.7184370385351595
  },
  "1;4|0": {
    "fisherz": 0.46943716759937093
  },
  "1;4|2": {
    "fisherz": 0.6167108315268548
  },
  "1;4|3": {
    "fisherz": 0.5762172712365199
  },
  "1;4|5": {
    "fisherz": 0.5792608636133092
  },
  "1;4|6": {
    "fisherz": 0.5544970083747149
  },
  "1;4|7": {
    "fisherz": 0.9923825069107328
  },
  "1;4|8": {
    "fisherz": 0.5948387476877479
  },
  "1;4|9": {
    "fisherz": 0.4259172787841732
  },
  "1;5|0": {
    "fisherz": 0.7960586553491951
  },
  "1;5|2": {
    "fisherz": 0.776612956003224
  },
  "1;5|3": {
    "fisherz": 0.7771830648146583
  },
  "1;5|4": {
    "fisherz": 0.7501636729910954
  },
  "1;5|6": {
    "fisherz": 0.6040414655114033
  },
  "1;5|7": {
    "fisherz": 0.299488564055332
  },
  "1;5|8": {
    "fisherz": 0.7678707370546456
  },
  "1;5|9": {
    "fisherz": 0.5158491521010462
  },
  "1;6|0": {
    "fisherz": 0.051551025756324975
  },
  "1;6|2": {
    "fisherz": 0.04881394705563302
  },
  "1;6|3": {
    "fisherz": 0.06480897107263983
  },
  "1;6|4": {
    "fisherz": 0.06306397693672583
  },
  "1;6|5": {
    "fisherz": 0.058433582457669386
  },
  "1;6|7": {
    "fisherz": 0.0032942055133646786
  },
  "1;6|8": {
    "fisherz": 0.05263299684494971
  },
  "1;6|9": {
    "fisherz": 0.5439101983975734
  },
  "1;7|0": {
    "fisherz": 1.9984014443252818e-15
  },
  "1;7|2": {
    "fisherz": 3.219646771412954e-14
  },
  "1;7|3": {
    "fisherz": 1.9761969838327786e-14
  },
  "1;7|4": {
    "fisherz": 2.220446049250313e-14
  },
  "1;7|5": {
    "fisherz": 1.0880185641326534e-14
  },
  "1;7|6": {
    "fisherz": 1.1102230246251565e-15
  },
  "1;7|8": {
    "fisherz": 1.4654943925052066e-14
  },
  "1;7|9": {
    "fisherz": 1.509903313490213e-14
  },
  "1;8|0": {
    "fisherz": 0.9438601086218412
  },
  "1;8|2": {
    "fisherz": 0.8388252904176849
  },
  "1;8|3": {
    "fisherz": 0.7968096753040113
  },
  "1;8|4": {
    "fisherz": 0.830139310473661
  },
  "1;8|5": {
    "fisherz": 0.8124134569733636
  },
  "1;8|6": {
    "fisherz": 0.5212665362639368
  },
  "1;8|7": {
    "fisherz": 0.48022758656436926
  },
  "1;8|9": {
    "fisherz": 0.2352312283657163
  },
  "1;9|0": {
    "fisherz": 0.008360877376711207
  },
  "1;9|2": {
    "fisherz": 0.013152426100938586
  },
  "1;9|3": {
    "fisherz": 0.016439111767119652
  },