{
  "data_hash": "1f815ebdcec458df69454a00e96ff273",
  "0;1": {
    "d_separation": 0.0
  },
  "0;2": {
    "d_separation": 0.0
  },
  "0;3": {
    "d_separation": 0.0
  },
  "0;4": {
    "d_separation": 0.0
  },
  "0;5": {
    "d_separation": 0.0
  },
  "0;6": {
    "d_separation": 0.0
  },
  "0;7": {
    "d_separation": 0.0
  },
  "0;8": {
    "d_separation": 0.0
  },
  "0;9": {
    "d_separation": 0.0
  },
  "1;2": {
    "d_separation": 0.0
  },
  "1;3": {
    "d_separation": 0.0
  },
  "1;4": {
    "d_separation": 0.0
  },
  "1;5": {
    "d_separation": 0.0
  },
  "1;6": {
    "d_separation": 0.0
  },
  "1;7": {
    "d_separation": 0.0
  },
  "1;8": {
    "d_separation": 0.0
  },
  "1;9": {
    "d_separation": 0.0
  },
  "2;3": {
    "d_separation": 0.0
  },
  "2;4": {
    "d_separation": 0.0
  },
  "2;5": {
    "d_separation": 0.0
  },
  "2;6": {
    "d_separation": 0.0
  },
  "2;7": {
    "d_separation": 0.0
  },
  "2;8": {
    "d_separation": 0.0
  },
  "2;9": {
    "d_separation": 0.0
  },
  "3;4": {
    "d_separation": 0.0
  },
  "3;5": {
    "d_separation": 0.0
  },
  "3;6": {
    "d_separation": 0.0
  },
  "3;7": {
    "d_separation": 0.0
  },
  "3;8": {
    "d_separation": 0.0
  },
  "3;9": {
    "d_separation": 0.0
  },
  "4;5": {
    "d_separation": 0.0
  },
  "4;6": {
    "d_separation": 0.0
  },
  "4;7": {
    "d_separation": 0.0
  },
  "4;8": {
    "d_separation": 0.0
  },
  "4;9": {
    "d_separation": 0.0
  },
  "5;6": {
    "d_separation": 0.0
  },
  "5;7": {
    "d_separation": 0.0
  },
  "5;8": {
    "d_separation": 0.0
  },
  "5;9": {
    "d_separation": 0.0
  },
  "6;7": {
    "d_separation": 1.0
  },
  "6;8": {
    "d_separation": 1.0
  },
  "6;9": {
    "d_separation": 0.0
  },
  "7;8": {
    "d_separation": 1.0
  },
  "7;9": {
    "d_separation": 0.0
  },
  "8;9": {
    "d_separation": 0.0
  },
  "0;1|2": {
    "fisherz": 0.7824530960201426
  },
  "0;1|3": {
    "fisherz": 0.8692998407579386
  },
  "0;1|4": {
    "fisherz": 0.8482265253077952
  },
  "0;1|5": {
    "fisherz": 0.901598268307656
  },
  "0;1|6": {
    "fisherz": 0.8476882407087165
  },
  "0;1|7": {
    "fisherz": 0.8287702384009032
  },
  "0;1|8": {
    "fisherz": 0.8464458932032228
  },
  "0;1|9": {
    "fisherz": 0.8466512437826339
  },
  "0;2|1": {
    "fisherz": 0.08279340195878815
  },
  "0;2|3": {
    "fisherz": 0.09675443433811592
  },
  "0;2|4": {
    "fisherz": 0.07327027080751503
  },
  "0;2|5": {
    "fisherz": 0.08389062627446009
  },
  "0;2|6": {
    "fisherz": 0.08494765303487362
  },
  "0;2|7": {
    "fisherz": 0.09486907494748342
  },
  "0;2|8": {
    "fisherz": 0.07897046343120628
  },
  "0;2|9": {
    "fisherz": 0.08289863892123339
  },
  "0;3|1": {
    "fisherz": 0.4782313564388003
  },
  "0;3|2": {
    "fisherz": 0.5825113244485514
  },
  "0;3|4": {
    "fisherz": 0.4690776256983338
  },
  "0;3|5": {
    "fisherz": 0.4526553636515227
  },
  "0;3|6": {
    "fisherz": 0.47220796610420024
  },
  "0;3|7": {
    "fisherz": 0.46489803729966583
  },
  "0;3|8": {
    "fisherz": 0.4743811822074182
  },
  "0;3|9": {
    "fisherz": 0.45536178123992976
  },
  "0;4|1": {
    "fisherz": 0.6925810521497466
  },
  "0;4|2": {
    "fisherz": 0.5302122757116523
  },
  "0;4|3": {
    "fisherz": 0.6819009654339268
  },
  "0;4|5": {
    "fisherz": 0.868647776776035
  },
  "0;4|6": {
    "fisherz": 0.6924660745632618
  },
  "0;4|7": {
    "fisherz": 0.741158735467689
  },
  "0;4|8": {
    "fisherz": 0.6885903579705142
  },
  "0;4|9": {
    "fisherz": 0.7036269705716871
  },
  "0;5|1": {
    "fisherz": 0.42097895873933866
  },
  "0;5|2": {
    "fisherz": 0.40706462425127743
  },
  "0;5|3": {
    "fisherz": 0.39598040830742987
  },
  "0;5|4": {
    "fisherz": 0.4624846624177623
  },
  "0;5|6": {
    "fisherz": 0.4140495843512304
  },
  "0;5|7": {
    "fisherz": 0.44132688179561663
  },
  "0;5|8": {
    "fisherz": 0.41322206606683887
  },
  "0;5|9": {
    "fisherz": 0.4223802496687097
  },
  "0;6|1": {
    "fisherz": 0.9615689994919117
  },
  "0;6|2": {
    "fisherz": 0.9864214565346028
  },
  "0;6|3": {
    "fisherz": 0.9362046483208488
  },
  "0;6|4": {
    "fisherz": 0.9627471403819214
  },
  "0;6|5": {
    "fisherz": 0.9871392051959755
  },
  "0;6|7": {
    "fisherz": 0.9873205372848881
  },
  "0;6|8": {
    "fisherz": 0.956581186037623
  },
  "0;6|9": {
    "fisherz": 0.9650496602771954
  },
  "0;7|1": {
    "fisherz": 0.5482928005233505
  },
  "0;7|2": {
    "fisherz": 0.6788762499242207
  },
  "0;7|3": {
    "fisherz": 0.5419989840576316
  },
  "0;7|4": {
    "fisherz": 0.5819958087021728
  },
  "0;7|5": {
    "fisherz": 0.6005565222146432
  },
  "0;7|6": {
    "fisherz": 0.5550074364959356
  },
  "0;7|8": {
    "fisherz": 0.5542163121669019
  },
  "0;7|9": {
    "fisherz": 0.5603449729501446
  },
  "0;8|1": {
    "fisherz": 0.9675214709876148
  },
  "0;8|2": {
    "fisherz": 0.7325521462770199
  },
  "0;8|3": {
    "fisherz": 0.9927218116375063
  },
  "0;8|4": {
    "fisherz": 0.9431146914200055
  },
  "0;8|5": {
    "fisherz": 0.9706904259317215
  },
  "0;8|6": {
    "fisherz": 0.9672234665963888
  },
  "0;8|7": {
    "fisherz": 0.984628531321589
  },
  "0;8|9": {
    "fisherz": 0.9650302258474548
  },
  "0;9|1": {
    "fisherz": 0.8654460065578067
  },
  "0;9|2": {
    "fisherz": 0.7979958838430457
  },
  "0;9|3": {
    "fisherz": 0.787416992543343
  },
  "0;9|4": {
    "fisherz": 0.8982189451455307
  },
  "0;9|5": {
    "fisherz": 0.9585178219975712
  },
  "0;9|6": {
    "fisherz": 0.8675805391873641
  },
  "0;9|7": {
    "fisherz": 0.8968040014969783
  },
  "0;9|8": {
    "fisherz": 0.8645998913185018
  },
  "1;2|0": {
    "fisherz": 0.49247897709330957
  },
  "1;2|3": {
    "fisherz": 0.4719947440067347
  },
  "1;2|4": {
    "fisherz": 0.5131412295354745
  },
  "1;2|5": {
    "fisherz": 0.5113714520239907
  },
  "1;2|6": {
    "fisherz": 0.506270329921527
  },
  "1;2|7": {
    "fisherz": 0.5459709311830134
  },
  "1;2|8": {
    "fisherz": 0.5205969138447217
  },
  "1;2|9": {
    "fisherz": 0.510089634938399
  },
  "1;3|0": {
    "fisherz": 0.5757861414159966
  },
  "1;3|2": {
    "fisherz": 0.5227435747320492
  },
  "1;3|4": {
    "fisherz": 0.5686661336430974
  },
  "1;3|5": {
    "fisherz": 0.5355016452156431
  },
  "1;3|6": {
    "fisherz": 0.5607063031922044
  },
  "1;3|7": {
    "fisherz": 0.5775815721768067
  },
  "1;3|8": {
    "fisherz": 0.5623629534829706
  },
  "1;3|9": {
    "fisherz": 0.5668861827722824
  },
  "1;4|0": {
    "fisherz": 0.9492444564199769
  },
  "1;4|2": {
    "fisherz": 0.9874011441694808
  },
  "1;4|3": {
    "fisherz": 0.9366462522909969
  },
  "1;4|5": {
    "fisherz": 0.7675006679252705
  },
  "1;4|6": {
    "fisherz": 0.9489074100665373
  },
  "1;4|7": {
    "fisherz": 0.894985793241164
  },
  "1;4|8": {
    "fisherz": 0.9538187555097968
  },
  "1;4|9": {
    "fisherz": 0.9437532525143455
  },
  "1;5|0": {
    "fisherz": 0.23114904217765164
  },
  "1;5|2": {
    "fisherz": 0.2277328679315811
  },
  "1;5|3": {
    "fisherz": 0.21813863680115864
  },
  "1;5|4": {
    "fisherz": 0.2148072797866747
  },
  "1;5|6": {
    "fisherz": 0.23278171892424782
  },
  "1;5|7": {
    "fisherz": 0.20777549415587382
  },
  "1;5|8": {
    "fisherz": 0.22063161073876403
  },
  "1;5|9": {
    "fisherz": 0.22213051820133778
  },
  "1;6|0": {
    "fisherz": 0.7416536744873876
  },
  "1;6|2": {
    "fisherz": 0.7304316511109383
  },
  "1;6|3": {
    "fisherz": 0.7244808718114562
  },
  "1;6|4": {
    "fisherz": 0.7418938553784897
  },
  "1;6|5": {
    "fisherz": 0.7812637705339134
  },
  "1;6|7": {
    "fisherz": 0.7153078923930818
  },
  "1;6|8": {
    "fisherz": 0.745428492330726
  },
  "1;6|9": {
    "fisherz": 0.7403777053294542
  },
  "1;7|0": {
    "fisherz": 0.5858170684132156
  },
  "1;7|2": {
    "fisherz": 0.6391086389427123
  },
  "1;7|3": {
    "fisherz": 0.6004753531739186
  },
  "1;7|4": {
    "fisherz": 0.5837895208953741
  },
  "1;7|5": {
    "fisherz": 0.5178363289512886
  },