{
  "data_hash": "2155661530c038fb3ca837c1825be35f",
  "0;1": {
    "d_separation": 0.0
  },
  "0;2": {
    "d_separation": 0.0
  },
  "0;3": {
    "d_separation": 0.0
  },
  "0;4": {
    "d_separation": 0.0
  },
  "0;5": {
    "d_separation": 0.0
  },
  "0;6": {
    "d_separation": 0.0
  },
  "0;7": {
    "d_separation": 0.0
  },
  "0;8": {
    "d_separation": 0.0
  },
  "0;9": {
    "d_separation": 0.0
  },
  "1;2": {
    "d_separation": 0.0
  },
  "1;3": {
    "d_separation": 0.0
  },
  "1;4": {
    "d_separation": 0.0
  },
  "1;5": {
    "d_separation": 0.0
  },
  "1;6": {
    "d_separation": 0.0
  },
  "1;7": {
    "d_separation": 1.0
  },
  "1;8": {
    "d_separation": 0.0
  },
  "1;9": {
    "d_separation": 0.0
  },
  "2;3": {
    "d_separation": 0.0
  },
  "2;4": {
    "d_separation": 0.0
  },
  "2;5": {
    "d_separation": 0.0
  },
  "2;6": {
    "d_separation": 0.0
  },
  "2;7": {
    "d_separation": 0.0
  },
  "2;8": {
    "d_separation": 0.0
  },
  "2;9": {
    "d_separation": 0.0
  },
  "3;4": {
    "d_separation": 0.0
  },
  "3;5": {
    "d_separation": 0.0
  },
  "3;6": {
    "d_separation": 0.0
  },
  "3;7": {
    "d_separation": 1.0
  },
  "3;8": {
    "d_separation": 0.0
  },
  "3;9": {
    "d_separation": 0.0
  },
  "4;5": {
    "d_separation": 0.0
  },
  "4;6": {
    "d_separation": 0.0
  },
  "4;7": {
    "d_separation": 1.0
  },
  "4;8": {
    "d_separation": 0.0
  },
  "4;9": {
    "d_separation": 0.0
  },
  "5;6": {
    "d_separation": 0.0
  },
  "5;7": {
    "d_separation": 0.0
  },
  "5;8": {
    "d_separation": 0.0
  },
  "5;9": {
    "d_separation": 0.0
  },
  "6;7": {
    "d_separation": 0.0
  },
  "6;8": {
    "d_separation": 0.0
  },
  "6;9": {
    "d_separation": 0.0
  },
  "7;8": {
    "d_separation": 0.0
  },
  "7;9": {
    "d_separation": 0.0
  },
  "8;9": {
    "d_separation": 0.0
  },
  "0;1|2": {
    "fisherz": 0.794076190120508
  },
  "0;1|3": {
    "fisherz": 0.8080421499316837
  },
  "0;1|4": {
    "fisherz": 0.8201178615099161
  },
  "0;1|5": {
    "fisherz": 0.8763327438983395
  },
  "0;1|6": {
    "fisherz": 0.7954768335840314
  },
  "0;1|7": {
    "fisherz": 0.8194066627366574
  },
  "0;1|8": {
    "fisherz": 0.8284293187823872
  },
  "0;1|9": {
    "fisherz": 0.8259522339076648
  },
  "0;2|1": {
    "fisherz": 0.9396844706677479
  },
  "0;2|3": {
    "fisherz": 0.952264268371922
  },
  "0;2|4": {
    "fisherz": 0.9555111988597829
  },
  "0;2|5": {
    "fisherz": 0.9207176408138664
  },
  "0;2|6": {
    "fisherz": 0.9013018701297499
  },
  "0;2|7": {
    "fisherz": 0.832921883952638
  },
  "0;2|8": {
    "fisherz": 0.9260585053818298
  },
  "0;2|9": {
    "fisherz": 0.9214042417640012
  },
  "0;3|1": {
    "fisherz": 0.7353911445771206
  },
  "0;3|2": {
    "fisherz": 0.7277542122387324
  },
  "0;3|4": {
    "fisherz": 0.7471676222187214
  },
  "0;3|5": {
    "fisherz": 0.7647271040616839
  },
  "0;3|6": {
    "fisherz": 0.7248517753804389
  },
  "0;3|7": {
    "fisherz": 0.6666663691395158
  },
  "0;3|8": {
    "fisherz": 0.7224798338201914
  },
  "0;3|9": {
    "fisherz": 0.7791289669598902
  },
  "0;4|1": {
    "fisherz": 0.6642786705736712
  },
  "0;4|2": {
    "fisherz": 0.6529655556596288
  },
  "0;4|3": {
    "fisherz": 0.6667783649755901
  },
  "0;4|5": {
    "fisherz": 0.6726166473511113
  },
  "0;4|6": {
    "fisherz": 0.651218822932973
  },
  "0;4|7": {
    "fisherz": 0.5439051299688353
  },
  "0;4|8": {
    "fisherz": 0.6562639541318287
  },
  "0;4|9": {
    "fisherz": 0.6625597039439906
  },
  "0;5|1": {
    "fisherz": 0.26741243769586864
  },
  "0;5|2": {
    "fisherz": 0.25824021142328357
  },
  "0;5|3": {
    "fisherz": 0.2654415960411516
  },
  "0;5|4": {
    "fisherz": 0.2639941554024965
  },
  "0;5|6": {
    "fisherz": 0.26766909524202553
  },
  "0;5|7": {
    "fisherz": 0.3698148748442809
  },
  "0;5|8": {
    "fisherz": 0.26444660366570094
  },
  "0;5|9": {
    "fisherz": 0.2662333663379537
  },
  "0;6|1": {
    "fisherz": 0.5841210334022346
  },
  "0;6|2": {
    "fisherz": 0.5775426435981157
  },
  "0;6|3": {
    "fisherz": 0.5831747695134728
  },
  "0;6|4": {
    "fisherz": 0.5837973891415178
  },
  "0;6|5": {
    "fisherz": 0.6133565870385222
  },
  "0;6|7": {
    "fisherz": 0.7047382627281902
  },
  "0;6|8": {
    "fisherz": 0.5899866964304161
  },
  "0;6|9": {
    "fisherz": 0.6102740358974008
  },
  "0;7|1": {
    "fisherz": 0.06504797050410005
  },
  "0;7|2": {
    "fisherz": 0.06291364986557912
  },
  "0;7|3": {
    "fisherz": 0.06202443627599852
  },
  "0;7|4": {
    "fisherz": 0.05832778190064736
  },
  "0;7|5": {
    "fisherz": 0.08595939960279919
  },
  "0;7|6": {
    "fisherz": 0.07090032458321538
  },
  "0;7|8": {
    "fisherz": 0.06845026980824276
  },
  "0;7|9": {
    "fisherz": 0.06123499017455569
  },
  "0;8|1": {
    "fisherz": 0.7268978318750872
  },
  "0;8|2": {
    "fisherz": 0.7023528021719487
  },
  "0;8|3": {
    "fisherz": 0.7024350745460894
  },
  "0;8|4": {
    "fisherz": 0.7118395839970799
  },
  "0;8|5": {
    "fisherz": 0.7350174135996417
  },
  "0;8|6": {
    "fisherz": 0.7153917231942979
  },
  "0;8|7": {
    "fisherz": 0.8345250794472601
  },
  "0;8|9": {
    "fisherz": 0.7447450804610907
  },
  "0;9|1": {
    "fisherz": 0.5544051571186779
  },
  "0;9|2": {
    "fisherz": 0.5412195185600561
  },
  "0;9|3": {
    "fisherz": 0.5688667086754684
  },
  "0;9|4": {
    "fisherz": 0.5513514484061486
  },
  "0;9|5": {
    "fisherz": 0.5648327311679364
  },
  "0;9|6": {
    "fisherz": 0.5665560296027543
  },
  "0;9|7": {
    "fisherz": 0.5011038182770087
  },
  "0;9|8": {
    "fisherz": 0.5644192441851394
  },
  "1;2|0": {
    "fisherz": 0.9912082901460664
  },
  "1;2|3": {
    "fisherz": 0.9660720831138745
  },
  "1;2|4": {
    "fisherz": 0.9551286281660032
  },
  "1;2|5": {
    "fisherz": 0.9853581626648187
  },
  "1;2|6": {
    "fisherz": 0.9958138310578295
  },
  "1;2|8": {
    "fisherz": 0.9455774862931119
  },
  "1;2|9": {
    "fisherz": 0.9784602878725268
  },
  "1;3|0": {
    "fisherz": 0.46602823717747865
  },
  "1;3|2": {
    "fisherz": 0.46153048067340796
  },
  "1;3|4": {
    "fisherz": 0.5036175672286574
  },
  "1;3|5": {
    "fisherz": 0.4988346823711698
  },
  "1;3|6": {
    "fisherz": 0.4622061151358683
  },
  "1;3|8": {
    "fisherz": 0.44832374233098005
  },
  "1;3|9": {
    "fisherz": 0.5318438459700223
  },
  "1;4|0": {
    "fisherz": 0.2905183239911755
  },
  "1;4|2": {
    "fisherz": 0.2863459827713597
  },
  "1;4|3": {
    "fisherz": 0.30773035265875714
  },
  "1;4|5": {
    "fisherz": 0.30179816905749046
  },
  "1;4|6": {
    "fisherz": 0.2870288723250001
  },
  "1;4|8": {
    "fisherz": 0.2993003579490461
  },
  "1;4|9": {
    "fisherz": 0.2978876581041634
  },
  "1;5|0": {
    "fisherz": 0.1897154153077958
  },
  "1;5|2": {
    "fisherz": 0.18411601191143223
  },
  "1;5|3": {
    "fisherz": 0.19484229926846708
  },
  "1;5|4": {
    "fisherz": 0.1927653405721701
  },
  "1;5|6": {
    "fisherz": 0.18445862249384115
  },
  "1;5|8": {
    "fisherz": 0.20202507068437559
  },
  "1;5|9": {
    "fisherz": 0.1927726452355185
  },
  "1;6|0": {
    "fisherz": 0.9681735729504766
  },
  "1;6|2": {
    "fisherz": 0.960582522025293
  },
  "1;6|3": {
    "fisherz": 0.9593929862314772
  },
  "1;6|4": {
    "fisherz": 0.9611695196402406
  },
  "1;6|5": {
    "fisherz": 0.9978229554279585
  },
  "1;6|8": {
    "fisherz": 0.9948447353413357
  },
  "1;6|9": {
    "fisherz": 0.9891989183418921
  },
  "1;8|0": {
    "fisherz": 0.0887809408387481
  },
  "1;8|2": {
    "fisherz": 0.0873703549845235
  },
  "1;8|3": {
    "fisherz": 0.08576380709801068
  },
  "1;8|4": {
    "fisherz": 0.09074684521038323
  },
  "1;8|5": {
    "fisherz": 0.09537972855985521
  },
  "1;8|6": {
    "fisherz": 0.08775391322353387
  },
  "1;8|9": {
    "fisherz": 0.102848746218823
  },
  "1;9|0": {
    "fisherz": 0.3398164684396683
  },
  "1;9|2": {
    "fisherz": 0.3344633459314319
  },
  "1;9|3": {
    "fisherz": 0.37677209778724974
  },