{
  "data_hash": "217346c9de41c4d0ca61518f4bb8c0f1",
  "0;1": {
    "d_separation": 1.0
  },
  "0;2": {
    "d_separation": 0.0
  },
  "0;3": {
    "d_separation": 0.0
  },
  "0;4": {
    "d_separation": 0.0
  },
  "0;5": {
    "d_separation": 0.0
  },
  "0;6": {
    "d_separation": 0.0
  },
  "0;7": {
    "d_separation": 0.0
  },
  "0;8": {
    "d_separation": 0.0
  },
  "0;9": {
    "d_separation": 0.0
  },
  "1;2": {
    "d_separation": 0.0
  },
  "1;3": {
    "d_separation": 1.0
  },
  "1;4": {
    "d_separation": 0.0
  },
  "1;5": {
    "d_separation": 0.0
  },
  "1;6": {
    "d_separation": 1.0
  },
  "1;7": {
    "d_separation": 1.0
  },
  "1;8": {
    "d_separation": 1.0
  },
  "1;9": {
    "d_separation": 0.0
  },
  "2;3": {
    "d_separation": 0.0
  },
  "2;4": {
    "d_separation": 0.0
  },
  "2;5": {
    "d_separation": 0.0
  },
  "2;6": {
    "d_separation": 0.0
  },
  "2;7": {
    "d_separation": 0.0
  },
  "2;8": {
    "d_separation": 0.0
  },
  "2;9": {
    "d_separation": 0.0
  },
  "3;4": {
    "d_separation": 0.0
  },
  "3;5": {
    "d_separation": 0.0
  },
  "3;6": {
    "d_separation": 0.0
  },
  "3;7": {
    "d_separation": 0.0
  },
  "3;8": {
    "d_separation": 0.0
  },
  "3;9": {
    "d_separation": 0.0
  },
  "4;5": {
    "d_separation": 0.0
  },
  "4;6": {
    "d_separation": 0.0
  },
  "4;7": {
    "d_separation": 0.0
  },
  "4;8": {
    "d_separation": 0.0
  },
  "4;9": {
    "d_separation": 0.0
  },
  "5;6": {
    "d_separation": 0.0
  },
  "5;7": {
    "d_separation": 0.0
  },
  "5;8": {
    "d_separation": 0.0
  },
  "5;9": {
    "d_separation": 0.0
  },
  "6;7": {
    "d_separation": 0.0
  },
  "6;8": {
    "d_separation": 0.0
  },
  "6;9": {
    "d_separation": 0.0
  },
  "7;8": {
    "d_separation": 0.0
  },
  "7;9": {
    "d_separation": 0.0
  },
  "8;9": {
    "d_separation": 0.0
  },
  "0;2|3": {
    "fisherz": 0.028436562318267855
  },
  "0;2|4": {
    "fisherz": 0.0398916651973118
  },
  "0;2|5": {
    "fisherz": 0.032512249420264316
  },
  "0;2|6": {
    "fisherz": 0.03226414858181914
  },
  "0;2|7": {
    "fisherz": 0.034904650812356275
  },
  "0;2|8": {
    "fisherz": 0.030338206397859002
  },
  "0;2|9": {
    "fisherz": 0.03123024618326986
  },
  "0;3|2": {
    "fisherz": 0.29085093583072386
  },
  "0;3|4": {
    "fisherz": 0.4018473308048409
  },
  "0;3|5": {
    "fisherz": 0.34907145237552206
  },
  "0;3|6": {
    "fisherz": 0.3544523360589191
  },
  "0;3|7": {
    "fisherz": 0.3949490286460715
  },
  "0;3|8": {
    "fisherz": 0.3418281479426053
  },
  "0;3|9": {
    "fisherz": 0.3578729330391688
  },
  "0;4|2": {
    "fisherz": 0.1462285057933932
  },
  "0;4|3": {
    "fisherz": 0.1315574360893672
  },
  "0;4|5": {
    "fisherz": 0.11576189625289368
  },
  "0;4|6": {
    "fisherz": 0.10322087588805462
  },
  "0;4|7": {
    "fisherz": 0.12274913678446508
  },
  "0;4|8": {
    "fisherz": 0.12068407684161109
  },
  "0;4|9": {
    "fisherz": 0.11518804033799679
  },
  "0;5|2": {
    "fisherz": 0.9051127980912745
  },
  "0;5|3": {
    "fisherz": 0.9491254289342184
  },
  "0;5|4": {
    "fisherz": 0.8643674644787036
  },
  "0;5|6": {
    "fisherz": 0.918890964723875
  },
  "0;5|7": {
    "fisherz": 0.911999424314403
  },
  "0;5|8": {
    "fisherz": 0.9399860234112287
  },
  "0;5|9": {
    "fisherz": 0.9183266665527634
  },
  "0;6|2": {
    "fisherz": 0.8223372538712022
  },
  "0;6|3": {
    "fisherz": 0.9291519140668751
  },
  "0;6|4": {
    "fisherz": 0.6293558095518481
  },
  "0;6|5": {
    "fisherz": 0.8546620015817648
  },
  "0;6|7": {
    "fisherz": 0.9162033515379537
  },
  "0;6|8": {
    "fisherz": 0.8556065563777038
  },
  "0;6|9": {
    "fisherz": 0.8614891768651844
  },
  "0;7|2": {
    "fisherz": 0.4459875657317165
  },
  "0;7|3": {
    "fisherz": 0.46317838704998726
  },
  "0;7|4": {
    "fisherz": 0.4292367557346273
  },
  "0;7|5": {
    "fisherz": 0.40295633687030996
  },
  "0;7|6": {
    "fisherz": 0.41126786516753056
  },
  "0;7|8": {
    "fisherz": 0.4170770007287872
  },
  "0;7|9": {
    "fisherz": 0.396413800722367
  },
  "0;8|2": {
    "fisherz": 0.4943206089275294
  },
  "0;8|3": {
    "fisherz": 0.5453175790924205
  },
  "0;8|4": {
    "fisherz": 0.584450000340752
  },
  "0;8|5": {
    "fisherz": 0.5594473879819859
  },
  "0;8|6": {
    "fisherz": 0.5569994506055624
  },
  "0;8|7": {
    "fisherz": 0.5799680247399872
  },
  "0;8|9": {
    "fisherz": 0.5719833598205357
  },
  "0;9|2": {
    "fisherz": 0.6922201422258671
  },
  "0;9|3": {
    "fisherz": 0.8289995651066693
  },
  "0;9|4": {
    "fisherz": 0.739023153881845
  },
  "0;9|5": {
    "fisherz": 0.7712401396596595
  },
  "0;9|6": {
    "fisherz": 0.7755673098328177
  },
  "0;9|7": {
    "fisherz": 0.7448523702520231
  },
  "0;9|8": {
    "fisherz": 0.8090222786890502
  },
  "1;2|4": {
    "fisherz": 0.2882388637375253
  },
  "1;2|5": {
    "fisherz": 0.3375553558963118
  },
  "1;2|9": {
    "fisherz": 0.2972394716573321
  },
  "1;4|2": {
    "fisherz": 0.09949899797165407
  },
  "1;4|5": {
    "fisherz": 0.11838618071108686
  },
  "1;4|9": {
    "fisherz": 0.12163360259833511
  },
  "1;5|2": {
    "fisherz": 0.6294999011497748
  },
  "1;5|4": {
    "fisherz": 0.6830828941933569
  },
  "1;5|9": {
    "fisherz": 0.6291129943228666
  },
  "1;9|2": {
    "fisherz": 0.08521396025131067
  },
  "1;9|4": {
    "fisherz": 0.10120762078031853
  },
  "1;9|5": {
    "fisherz": 0.09451786003019169
  },
  "0;2|1": {
    "fisherz": 0.030091028166900013
  },
  "1;2|0": {
    "fisherz": 0.30608777979736956
  },
  "1;2|3": {
    "fisherz": 0.3426096941989525
  },
  "1;2|6": {
    "fisherz": 0.3070206277010985
  },
  "1;2|7": {
    "fisherz": 0.33820036474729753
  },
  "1;2|8": {
    "fisherz": 0.29165141281086093
  },
  "2;3|0": {
    "fisherz": 0.40563877595745734
  },
  "2;3|1": {
    "fisherz": 0.5032034773790555
  },
  "2;3|4": {
    "fisherz": 0.4584652892730794
  },
  "2;3|5": {
    "fisherz": 0.5004407700503428
  },
  "2;3|6": {
    "fisherz": 0.5283692876025041
  },
  "2;3|7": {
    "fisherz": 0.45593099295404027
  },
  "2;3|8": {
    "fisherz": 0.4915133180638518
  },
  "2;3|9": {
    "fisherz": 0.5307690091874906
  },
  "2;4|0": {
    "fisherz": 0.5178149539480921
  },
  "2;4|1": {
    "fisherz": 0.32292084658882114
  },
  "2;4|3": {
    "fisherz": 0.3561375156093658
  },
  "2;4|5": {
    "fisherz": 0.3851520036803797
  },
  "2;4|6": {
    "fisherz": 0.4012927910023898
  },
  "2;4|7": {
    "fisherz": 0.3920196801375646
  },
  "2;4|8": {
    "fisherz": 0.3735687583286822
  },
  "2;4|9": {
    "fisherz": 0.39185136771336904
  },
  "2;5|0": {
    "fisherz": 0.9010730718647271
  },
  "2;5|1": {
    "fisherz": 0.8885374031087094
  },
  "2;5|3": {
    "fisherz": 0.9360199835206089
  },
  "2;5|4": {
    "fisherz": 0.9444363434898986
  },
  "2;5|6": {
    "fisherz": 0.914079393766076
  },
  "2;5|7": {
    "fisherz": 0.9188659565462396
  },
  "2;5|8": {
    "fisherz": 0.9348309265494446
  },
  "2;5|9": {
    "fisherz": 0.912539829657266
  },
  "2;6|0": {
    "fisherz": 0.7734711039446565
  },
  "2;6|1": {
    "fisherz": 0.6566698307021697
  },
  "2;6|3": {
    "fisherz": 0.9472421474199642
  },
  "2;6|4": {
    "fisherz": 0.9221759917211156
  },
  "2;6|5": {
    "fisherz": 0.7972321307029353
  },
  "2;6|7": {
    "fisherz": 0.7570086016076636
  },
  "2;6|8": {
    "fisherz": 0.7981087829373072
  },
  "2;6|9": {
    "fisherz": 0.812355786145057
  },
  "2;7|0": {
    "fisherz": 0.672978958601326
  },
  "2;7|1": {
    "fisherz": 0.5835980657129771
  },
  "2;7|3": {
    "fisherz": 0.5314946392705828
  },
  "2;7|4": {
    "fisherz": 0.605619580828628
  },
  "2;7|5": {
    "fisherz": 0.5879024957601664
  },
  "2;7|6": {
    "fisherz": 0.568837632994386
  },
  "2;7|8": {
    "fisherz": 0.5696408740631471
  },
  "2;7|9": {
    "fisherz": 0.6052946445034411
  },
  "2;8|0": {
    "fisherz": 0.5007368668683627
  },
  "2;8|1": {
    "fisherz": 0.46586342473651854
  },
  "2;8|3": {
    "fisherz": 0.5565742787470243
  },