{
  "data_hash": "21f51700787402b4adfef28ffbb210b9",
  "0;1": {
    "d_separation": 0.0
  },
  "0;2": {
    "d_separation": 0.0
  },
  "0;3": {
    "d_separation": 0.0
  },
  "0;4": {
    "d_separation": 0.0
  },
  "0;5": {
    "d_separation": 0.0
  },
  "0;6": {
    "d_separation": 0.0
  },
  "0;7": {
    "d_separation": 0.0
  },
  "0;8": {
    "d_separation": 0.0
  },
  "0;9": {
    "d_separation": 0.0
  },
  "1;2": {
    "d_separation": 0.0
  },
  "1;3": {
    "d_separation": 0.0
  },
  "1;4": {
    "d_separation": 0.0
  },
  "1;5": {
    "d_separation": 0.0
  },
  "1;6": {
    "d_separation": 0.0
  },
  "1;7": {
    "d_separation": 0.0
  },
  "1;8": {
    "d_separation": 0.0
  },
  "1;9": {
    "d_separation": 0.0
  },
  "2;3": {
    "d_separation": 0.0
  },
  "2;4": {
    "d_separation": 0.0
  },
  "2;5": {
    "d_separation": 0.0
  },
  "2;6": {
    "d_separation": 0.0
  },
  "2;7": {
    "d_separation": 0.0
  },
  "2;8": {
    "d_separation": 0.0
  },
  "2;9": {
    "d_separation": 0.0
  },
  "3;4": {
    "d_separation": 0.0
  },
  "3;5": {
    "d_separation": 0.0
  },
  "3;6": {
    "d_separation": 0.0
  },
  "3;7": {
    "d_separation": 0.0
  },
  "3;8": {
    "d_separation": 0.0
  },
  "3;9": {
    "d_separation": 0.0
  },
  "4;5": {
    "d_separation": 0.0
  },
  "4;6": {
    "d_separation": 0.0
  },
  "4;7": {
    "d_separation": 0.0
  },
  "4;8": {
    "d_separation": 0.0
  },
  "4;9": {
    "d_separation": 0.0
  },
  "5;6": {
    "d_separation": 0.0
  },
  "5;7": {
    "d_separation": 0.0
  },
  "5;8": {
    "d_separation": 0.0
  },
  "5;9": {
    "d_separation": 0.0
  },
  "6;7": {
    "d_separation": 0.0
  },
  "6;8": {
    "d_separation": 0.0
  },
  "6;9": {
    "d_separation": 0.0
  },
  "7;8": {
    "d_separation": 0.0
  },
  "7;9": {
    "d_separation": 0.0
  },
  "8;9": {
    "d_separation": 0.0
  },
  "0;1|2": {
    "kci": 0.01992487307769375
  },
  "0;1|3": {
    "kci": 7.004719378034263e-05
  },
  "0;1|4": {
    "kci": 0.005333124699352765
  },
  "0;1|5": {
    "kci": 0.039529220042956226
  },
  "0;1|6": {
    "kci": 0.03140940805626358
  },
  "0;1|7": {
    "kci": 0.0016912506037568553
  },
  "0;1|8": {
    "kci": 0.020566330134979216
  },
  "0;1|9": {
    "kci": 0.0021741640691969044
  },
  "0;2|1": {
    "kci": 0.7397579089805641
  },
  "0;2|3": {
    "kci": 0.8289644962343161
  },
  "0;2|4": {
    "kci": 0.7394846921497674
  },
  "0;2|5": {
    "kci": 0.24635191151596525
  },
  "0;2|6": {
    "kci": 0.7183780021755869
  },
  "0;2|7": {
    "kci": 0.42638090599916045
  },
  "0;2|8": {
    "kci": 0.7487291456876528
  },
  "0;2|9": {
    "kci": 0.4264135856554184
  },
  "0;3|1": {
    "kci": 0.0
  },
  "0;3|2": {
    "kci": 0.0
  },
  "0;3|4": {
    "kci": 0.0
  },
  "0;3|5": {
    "kci": 1.1031953128792793e-11
  },
  "0;3|6": {
    "kci": 0.0
  },
  "0;3|7": {
    "kci": 0.0
  },
  "0;3|8": {
    "kci": 0.0
  },
  "0;3|9": {
    "kci": 0.0
  },
  "0;4|1": {
    "kci": 0.28653469602163084
  },
  "0;4|2": {
    "kci": 0.25813134757392775
  },
  "0;4|3": {
    "kci": 0.5784850350380956
  },
  "0;4|5": {
    "kci": 0.5778761509325057
  },
  "0;4|6": {
    "kci": 0.07341587316035736
  },
  "0;4|7": {
    "kci": 0.5977427197629788
  },
  "0;4|8": {
    "kci": 0.2339554133187427
  },
  "0;4|9": {
    "kci": 0.19550907424878572
  },
  "0;5|1": {
    "kci": 0.0
  },
  "0;5|2": {
    "kci": 0.0
  },
  "0;5|3": {
    "kci": 0.0007913755002812994
  },
  "0;5|4": {
    "kci": 3.3306690738754696e-16
  },
  "0;5|6": {
    "kci": 3.3306690738754696e-16
  },
  "0;5|7": {
    "kci": 1.568011276376069e-10
  },
  "0;5|8": {
    "kci": 0.0
  },
  "0;5|9": {
    "kci": 6.661338147750939e-16
  },
  "0;6|1": {
    "kci": 0.013403721950376979
  },
  "0;6|2": {
    "kci": 0.025181775985396393
  },
  "0;6|3": {
    "kci": 0.8391375676814259
  },
  "0;6|4": {
    "kci": 0.01694586972156442
  },
  "0;6|5": {
    "kci": 0.2667119461254175
  },
  "0;6|7": {
    "kci": 0.0069388138620023465
  },
  "0;6|8": {
    "kci": 0.18457060874376863
  },
  "0;6|9": {
    "kci": 0.04759260849635638
  },
  "0;7|1": {
    "kci": 3.022078143288809e-10
  },
  "0;7|2": {
    "kci": 1.6952598214103887e-09
  },
  "0;7|3": {
    "kci": 0.0020155994344932537
  },
  "0;7|4": {
    "kci": 4.034654055296016e-09
  },
  "0;7|5": {
    "kci": 0.0718677381000965
  },
  "0;7|6": {
    "kci": 2.8190558776231e-09
  },
  "0;7|8": {
    "kci": 4.52972936937357e-09
  },
  "0;7|9": {
    "kci": 4.869442476351793e-06
  },
  "0;8|1": {
    "kci": 0.1721311976926232
  },
  "0;8|2": {
    "kci": 0.02562794254344858
  },
  "0;8|3": {
    "kci": 0.3322711090271131
  },
  "0;8|4": {
    "kci": 0.08191835392326441
  },
  "0;8|5": {
    "kci": 0.5070824138816314
  },
  "0;8|6": {
    "kci": 0.1345753557596293
  },
  "0;8|7": {
    "kci": 0.43720314527369175
  },
  "0;8|9": {
    "kci": 0.09233053419625714
  },
  "0;9|1": {
    "kci": 0.0008180545307288067
  },
  "0;9|2": {
    "kci": 0.002872800137354914
  },
  "0;9|3": {
    "kci": 0.17482712427581848
  },
  "0;9|4": {
    "kci": 0.0038490298413567103
  },
  "0;9|5": {
    "kci": 0.2570730840468969
  },
  "0;9|6": {
    "kci": 0.0011661474147640627
  },
  "0;9|7": {
    "kci": 0.19383756633039295
  },
  "0;9|8": {
    "kci": 0.004438777724359855
  },
  "1;2|0": {
    "kci": 0.7857687897072032
  },
  "1;2|3": {
    "kci": 0.7613593484070194
  },
  "1;2|4": {
    "kci": 0.49117056853442076
  },
  "1;2|5": {
    "kci": 0.500661250925701
  },
  "1;2|6": {
    "kci": 0.6171423923761437
  },
  "1;2|7": {
    "kci": 0.5224146561846743
  },
  "1;2|8": {
    "kci": 0.6196008947442286
  },
  "1;2|9": {
    "kci": 0.3997847265643617
  },
  "1;3|0": {
    "kci": 0.0003097634789982484
  },
  "1;3|2": {
    "kci": 0.47962606144474096
  },
  "1;3|4": {
    "kci": 0.6247565120221215
  },
  "1;3|5": {
    "kci": 0.43092007630060114
  },
  "1;3|6": {
    "kci": 0.29120319058676003
  },
  "1;3|7": {
    "kci": 0.3645542648252731
  },
  "1;3|8": {
    "kci": 0.40958183592008446
  },
  "1;3|9": {
    "kci": 0.37859161134505104
  },
  "1;4|0": {
    "kci": 0.033802272103310216
  },
  "1;4|2": {
    "kci": 0.09559253558742009
  },
  "1;4|3": {
    "kci": 0.12279189898053589
  },
  "1;4|5": {
    "kci": 0.18497539275649766
  },
  "1;4|6": {
    "kci": 0.06612356529130248
  },
  "1;4|7": {
    "kci": 0.1496127185104329
  },
  "1;4|8": {
    "kci": 0.1504226270903266
  },
  "1;4|9": {
    "kci": 0.056338159905055085
  },
  "1;5|0": {
    "kci": 0.10437416887255502
  },
  "1;5|2": {
    "kci": 0.2829061519325544
  },
  "1;5|3": {
    "kci": 0.2288838874068837
  },
  "1;5|4": {
    "kci": 0.3060887967691035
  },
  "1;5|6": {
    "kci": 0.44872873869312635
  },
  "1;5|7": {
    "kci": 0.19273868647096526
  },
  "1;5|8": {
    "kci": 0.2638329326004891
  },
  "1;5|9": {
    "kci": 0.19171308306697532
  },
  "1;6|0": {
    "kci": 0.06992900561921023
  },
  "1;6|2": {
    "kci": 0.08465138491122015
  },
  "1;6|3": {
    "kci": 0.07668189049170482
  },
  "1;6|4": {
    "kci": 0.03332518306285159
  },
  "1;6|5": {
    "kci": 0.19315260125812317
  },
  "1;6|7": {
    "kci": 0.03376877170998305
  },
  "1;6|8": {
    "kci": 0.15368475693913197
  },
  "1;6|9": {
    "kci": 0.10440958829933256
  },
  "1;7|0": {
    "kci": 0.0022487484005777603
  },
  "1;7|2": {
    "kci": 0.21411900740022138
  },
  "1;7|3": {
    "kci": 0.10976889018219793
  },
  "1;7|4": {
    "kci": 0.07134346166546435
  },
  "1;7|5": {
    "kci": 0.1103514803324045
  },
  "1;7|6": {
    "kci": 0.01767523243893787
  },
  "1;7|8": {
    "kci": 0.021051675749186538
  },
  "1;7|9": {
    "kci": 0.14636230057805166
  },
  "1;8|0": {
    "kci": 0.2680053061039125
  },
  "1;8|2": {
    "kci": 0.23595348521480064
  },
  "1;8|3": {
    "kci": 0.21711029490604905
  },
  "1;8|4": {
    "kci": 0.2323211002495842
  },
  "1;8|5": {
    "kci": 0.19509443554532346
  },
  "1;8|6": {
    "kci": 0.1799071944552234
  },
  "1;8|7": {
    "kci": 0.09816886055223162
  },
  "1;8|9": {
    "kci": 0.3654066564613657
  },