{
  "data_hash": "225b73e8f074c8bc5a192e39e2a534c4",
  "0;1": {
    "d_separation": 0.0
  },
  "0;2": {
    "d_separation": 0.0
  },
  "0;3": {
    "d_separation": 0.0
  },
  "0;4": {
    "d_separation": 0.0
  },
  "0;5": {
    "d_separation": 0.0
  },
  "0;6": {
    "d_separation": 0.0
  },
  "0;7": {
    "d_separation": 0.0
  },
  "0;8": {
    "d_separation": 0.0
  },
  "0;9": {
    "d_separation": 0.0
  },
  "1;2": {
    "d_separation": 0.0
  },
  "1;3": {
    "d_separation": 0.0
  },
  "1;4": {
    "d_separation": 0.0
  },
  "1;5": {
    "d_separation": 0.0
  },
  "1;6": {
    "d_separation": 0.0
  },
  "1;7": {
    "d_separation": 0.0
  },
  "1;8": {
    "d_separation": 0.0
  },
  "1;9": {
    "d_separation": 0.0
  },
  "2;3": {
    "d_separation": 0.0
  },
  "2;4": {
    "d_separation": 0.0
  },
  "2;5": {
    "d_separation": 0.0
  },
  "2;6": {
    "d_separation": 0.0
  },
  "2;7": {
    "d_separation": 0.0
  },
  "2;8": {
    "d_separation": 0.0
  },
  "2;9": {
    "d_separation": 0.0
  },
  "3;4": {
    "d_separation": 0.0
  },
  "3;5": {
    "d_separation": 0.0
  },
  "3;6": {
    "d_separation": 0.0
  },
  "3;7": {
    "d_separation": 0.0
  },
  "3;8": {
    "d_separation": 0.0
  },
  "3;9": {
    "d_separation": 0.0
  },
  "4;5": {
    "d_separation": 0.0
  },
  "4;6": {
    "d_separation": 0.0
  },
  "4;7": {
    "d_separation": 0.0
  },
  "4;8": {
    "d_separation": 0.0
  },
  "4;9": {
    "d_separation": 0.0
  },
  "5;6": {
    "d_separation": 0.0
  },
  "5;7": {
    "d_separation": 0.0
  },
  "5;8": {
    "d_separation": 0.0
  },
  "5;9": {
    "d_separation": 0.0
  },
  "6;7": {
    "d_separation": 0.0
  },
  "6;8": {
    "d_separation": 0.0
  },
  "6;9": {
    "d_separation": 0.0
  },
  "7;8": {
    "d_separation": 0.0
  },
  "7;9": {
    "d_separation": 0.0
  },
  "8;9": {
    "d_separation": 0.0
  },
  "0;1|2": {
    "kci": 1.6762950800441878e-05
  },
  "0;1|3": {
    "kci": 2.634896001385556e-08
  },
  "0;1|4": {
    "kci": 0.0006721296525297182
  },
  "0;1|5": {
    "kci": 0.3684862259113867
  },
  "0;1|6": {
    "kci": 1.1180640970054334e-05
  },
  "0;1|7": {
    "kci": 3.718292340693097e-11
  },
  "0;1|8": {
    "kci": 1.1976306649508217e-05
  },
  "0;1|9": {
    "kci": 3.38706003024658e-05
  },
  "0;2|1": {
    "kci": 4.3308359176652544e-07
  },
  "0;2|3": {
    "kci": 3.1358560887984055e-06
  },
  "0;2|4": {
    "kci": 1.553534145770641e-08
  },
  "0;2|5": {
    "kci": 0.8226306115589319
  },
  "0;2|6": {
    "kci": 6.425502575568842e-07
  },
  "0;2|7": {
    "kci": 0.0006953649422535291
  },
  "0;2|8": {
    "kci": 0.00018401080182040008
  },
  "0;2|9": {
    "kci": 3.231250671476005e-07
  },
  "0;3|1": {
    "kci": 0.0
  },
  "0;3|2": {
    "kci": 0.0
  },
  "0;3|4": {
    "kci": 0.0
  },
  "0;3|5": {
    "kci": 2.076522287453031e-10
  },
  "0;3|6": {
    "kci": 0.0
  },
  "0;3|7": {
    "kci": 0.0
  },
  "0;3|8": {
    "kci": 0.0
  },
  "0;3|9": {
    "kci": 0.0
  },
  "0;4|1": {
    "kci": 0.0018604239300223924
  },
  "0;4|2": {
    "kci": 0.0018717733012472149
  },
  "0;4|3": {
    "kci": 0.00021502773454307178
  },
  "0;4|5": {
    "kci": 0.08477606304942276
  },
  "0;4|6": {
    "kci": 0.02578613372836558
  },
  "0;4|7": {
    "kci": 0.0003460665640667715
  },
  "0;4|8": {
    "kci": 0.0004818208980913452
  },
  "0;4|9": {
    "kci": 0.025280386451997705
  },
  "0;5|1": {
    "kci": 0.0
  },
  "0;5|2": {
    "kci": 0.0
  },
  "0;5|3": {
    "kci": 0.0
  },
  "0;5|4": {
    "kci": 0.0
  },
  "0;5|6": {
    "kci": 0.0
  },
  "0;5|7": {
    "kci": 0.0
  },
  "0;5|8": {
    "kci": 0.0
  },
  "0;5|9": {
    "kci": 0.0
  },
  "0;6|1": {
    "kci": 1.5731767420534837e-05
  },
  "0;6|2": {
    "kci": 0.00014826380539456618
  },
  "0;6|3": {
    "kci": 6.723350809423323e-08
  },
  "0;6|4": {
    "kci": 0.010465799989661684
  },
  "0;6|5": {
    "kci": 0.034453468066320325
  },
  "0;6|7": {
    "kci": 0.0013638495092953562
  },
  "0;6|8": {
    "kci": 0.0012957880877429995
  },
  "0;6|9": {
    "kci": 0.0010274668449054003
  },
  "0;7|1": {
    "kci": 0.0
  },
  "0;7|2": {
    "kci": 0.0
  },
  "0;7|3": {
    "kci": 0.0
  },
  "0;7|4": {
    "kci": 0.0
  },
  "0;7|5": {
    "kci": 0.10043298543231449
  },
  "0;7|6": {
    "kci": 0.0
  },
  "0;7|8": {
    "kci": 0.0
  },
  "0;7|9": {
    "kci": 0.0
  },
  "0;8|1": {
    "kci": 0.0006438896583544906
  },
  "0;8|2": {
    "kci": 0.00686313495709634
  },
  "0;8|3": {
    "kci": 0.010726291471226834
  },
  "0;8|4": {
    "kci": 0.00012062591312078652
  },
  "0;8|5": {
    "kci": 0.00648497603152165
  },
  "0;8|6": {
    "kci": 0.00042138557530790877
  },
  "0;8|7": {
    "kci": 0.0015469480581868922
  },
  "0;8|9": {
    "kci": 6.26832205843364e-05
  },
  "0;9|1": {
    "kci": 4.8027167390496395e-05
  },
  "0;9|2": {
    "kci": 8.517913104488795e-05
  },
  "0;9|3": {
    "kci": 3.910564713727194e-05
  },
  "0;9|4": {
    "kci": 0.0012848049372512493
  },
  "0;9|5": {
    "kci": 0.04775428343311483
  },
  "0;9|6": {
    "kci": 8.94437546250515e-09
  },
  "0;9|7": {
    "kci": 2.6702572346715137e-05
  },
  "0;9|8": {
    "kci": 2.5704205944832026e-06
  },
  "1;2|0": {
    "kci": 4.2144407985666987e-07
  },
  "1;2|3": {
    "kci": 0.00011190053381515686
  },
  "1;2|4": {
    "kci": 2.3333420753113288e-05
  },
  "1;2|5": {
    "kci": 1.0367471077188384e-06
  },
  "1;2|6": {
    "kci": 4.658868150964057e-05
  },
  "1;2|7": {
    "kci": 4.1806378435316205e-05
  },
  "1;2|8": {
    "kci": 3.686308915229475e-06
  },
  "1;2|9": {
    "kci": 1.7070241936645303e-06
  },
  "1;3|0": {
    "kci": 7.35400609297443e-08
  },
  "1;3|2": {
    "kci": 0.0005593183470389285
  },
  "1;3|4": {
    "kci": 0.0003640151368423661
  },
  "1;3|5": {
    "kci": 9.929972062616699e-06
  },
  "1;3|6": {
    "kci": 0.001188456904314683
  },
  "1;3|7": {
    "kci": 2.0800501088658052e-05
  },
  "1;3|8": {
    "kci": 0.00010786084569502918
  },
  "1;3|9": {
    "kci": 7.850309852430737e-05
  },
  "1;4|0": {
    "kci": 1.0544164467884976e-05
  },
  "1;4|2": {
    "kci": 9.517080639009912e-06
  },
  "1;4|3": {
    "kci": 0.001093103411726748
  },
  "1;4|5": {
    "kci": 0.00023175796585095387
  },
  "1;4|6": {
    "kci": 8.711764757352025e-05
  },
  "1;4|7": {
    "kci": 0.0042152602144810425
  },
  "1;4|8": {
    "kci": 0.0003863448862257979
  },
  "1;4|9": {
    "kci": 0.0007437411522949189
  },
  "1;5|0": {
    "kci": 0.30478705506198867
  },
  "1;5|2": {
    "kci": 0.0003256857640897559
  },
  "1;5|3": {
    "kci": 6.438375854678213e-08
  },
  "1;5|4": {
    "kci": 0.009918981512726188
  },
  "1;5|6": {
    "kci": 0.0010972498199393055
  },
  "1;5|7": {
    "kci": 0.00036792825801412743
  },
  "1;5|8": {
    "kci": 0.0047792483944851805
  },
  "1;5|9": {
    "kci": 0.003306709613147607
  },
  "1;6|0": {
    "kci": 0.38831803340578985
  },
  "1;6|2": {
    "kci": 0.30843584917828726
  },
  "1;6|3": {
    "kci": 0.740430396250954
  },
  "1;6|4": {
    "kci": 0.3247900912980036
  },
  "1;6|5": {
    "kci": 0.6638305118070023
  },
  "1;6|7": {
    "kci": 0.12404236926155154
  },
  "1;6|8": {
    "kci": 0.6258282394452606
  },
  "1;6|9": {
    "kci": 0.1410949051625756
  },
  "1;7|0": {
    "kci": 3.4561603579064126e-09
  },
  "1;7|2": {
    "kci": 0.00016460159076392422
  },
  "1;7|3": {
    "kci": 5.279514861289414e-06
  },
  "1;7|4": {
    "kci": 0.006508841452237513
  },
  "1;7|5": {
    "kci": 2.416069023403189e-06
  },
  "1;7|6": {
    "kci": 4.0144035809097645e-05
  },
  "1;7|8": {
    "kci": 4.285421550065394e-06
  },
  "1;7|9": {
    "kci": 0.0009010205535607829
  },
  "1;8|0": {
    "kci": 0.0997158278695438
  },
  "1;8|2": {
    "kci": 0.12128320860995523
  },
  "1;8|3": {
    "kci": 0.10436666149313911
  },
  "1;8|4": {
    "kci": 0.22721260562458667
  },
  "1;8|5": {
    "kci": 0.2421355725231107
  },
  "1;8|6": {
    "kci": 0.15537262706548516
  },
  "1;8|7": {
    "kci": 0.0060813616724528785
  },
  "1;8|9": {
    "kci": 0.048644872653957116
  },
  "1;9|0": {
    "kci": 3.076422330328121e-05
  },