{
  "data_hash": "22aca92bf66691e15b264c6068cfeb98",
  "0;1": {
    "d_separation": 0.0
  },
  "0;2": {
    "d_separation": 0.0
  },
  "0;3": {
    "d_separation": 0.0
  },
  "0;4": {
    "d_separation": 0.0
  },
  "0;5": {
    "d_separation": 0.0
  },
  "0;6": {
    "d_separation": 0.0
  },
  "0;7": {
    "d_separation": 0.0
  },
  "0;8": {
    "d_separation": 0.0
  },
  "0;9": {
    "d_separation": 0.0
  },
  "1;2": {
    "d_separation": 0.0
  },
  "1;3": {
    "d_separation": 0.0
  },
  "1;4": {
    "d_separation": 0.0
  },
  "1;5": {
    "d_separation": 0.0
  },
  "1;6": {
    "d_separation": 0.0
  },
  "1;7": {
    "d_separation": 0.0
  },
  "1;8": {
    "d_separation": 0.0
  },
  "1;9": {
    "d_separation": 0.0
  },
  "2;3": {
    "d_separation": 0.0
  },
  "2;4": {
    "d_separation": 0.0
  },
  "2;5": {
    "d_separation": 0.0
  },
  "2;6": {
    "d_separation": 0.0
  },
  "2;7": {
    "d_separation": 0.0
  },
  "2;8": {
    "d_separation": 0.0
  },
  "2;9": {
    "d_separation": 0.0
  },
  "3;4": {
    "d_separation": 0.0
  },
  "3;5": {
    "d_separation": 0.0
  },
  "3;6": {
    "d_separation": 0.0
  },
  "3;7": {
    "d_separation": 0.0
  },
  "3;8": {
    "d_separation": 0.0
  },
  "3;9": {
    "d_separation": 0.0
  },
  "4;5": {
    "d_separation": 0.0
  },
  "4;6": {
    "d_separation": 0.0
  },
  "4;7": {
    "d_separation": 0.0
  },
  "4;8": {
    "d_separation": 0.0
  },
  "4;9": {
    "d_separation": 0.0
  },
  "5;6": {
    "d_separation": 0.0
  },
  "5;7": {
    "d_separation": 0.0
  },
  "5;8": {
    "d_separation": 0.0
  },
  "5;9": {
    "d_separation": 0.0
  },
  "6;7": {
    "d_separation": 0.0
  },
  "6;8": {
    "d_separation": 0.0
  },
  "6;9": {
    "d_separation": 0.0
  },
  "7;8": {
    "d_separation": 0.0
  },
  "7;9": {
    "d_separation": 0.0
  },
  "8;9": {
    "d_separation": 0.0
  },
  "0;1|2": {
    "kci": 0.4218742145703872
  },
  "0;1|3": {
    "kci": 0.45543893232367194
  },
  "0;1|4": {
    "kci": 0.47054422708046206
  },
  "0;1|5": {
    "kci": 0.2518118211533842
  },
  "0;1|6": {
    "kci": 0.49038576584183313
  },
  "0;1|7": {
    "kci": 0.4423827404725382
  },
  "0;1|8": {
    "kci": 0.37778470072650117
  },
  "0;1|9": {
    "kci": 0.38168184241063763
  },
  "0;2|1": {
    "kci": 0.17749449154832697
  },
  "0;2|3": {
    "kci": 0.22003835696961405
  },
  "0;2|4": {
    "kci": 0.2786747291028955
  },
  "0;2|5": {
    "kci": 0.415704475735454
  },
  "0;2|6": {
    "kci": 0.171388486584221
  },
  "0;2|7": {
    "kci": 0.25773534726008307
  },
  "0;2|8": {
    "kci": 0.24727180491130762
  },
  "0;2|9": {
    "kci": 0.2562075833562467
  },
  "0;3|1": {
    "kci": 0.6645966411742019
  },
  "0;3|2": {
    "kci": 0.3685528182868354
  },
  "0;3|4": {
    "kci": 0.6078103492044475
  },
  "0;3|5": {
    "kci": 0.48086841824706505
  },
  "0;3|6": {
    "kci": 0.7046860073457986
  },
  "0;3|7": {
    "kci": 0.7241422555860967
  },
  "0;3|8": {
    "kci": 0.6106487534305862
  },
  "0;3|9": {
    "kci": 0.5437545538258731
  },
  "0;4|1": {
    "kci": 0.2675234423154744
  },
  "0;4|2": {
    "kci": 0.22607566653766387
  },
  "0;4|3": {
    "kci": 0.2229368014693497
  },
  "0;4|5": {
    "kci": 0.21158691688240772
  },
  "0;4|6": {
    "kci": 0.3151343148996151
  },
  "0;4|7": {
    "kci": 0.31687749274415045
  },
  "0;4|8": {
    "kci": 0.36687540241213257
  },
  "0;4|9": {
    "kci": 0.4357282966851783
  },
  "0;5|1": {
    "kci": 5.911053650997644e-07
  },
  "0;5|2": {
    "kci": 0.00023838267247044964
  },
  "0;5|3": {
    "kci": 3.499263467321434e-06
  },
  "0;5|4": {
    "kci": 7.939116598798535e-06
  },
  "0;5|6": {
    "kci": 3.1296863477470183e-06
  },
  "0;5|7": {
    "kci": 0.000986759420734229
  },
  "0;5|8": {
    "kci": 9.788981524483376e-06
  },
  "0;5|9": {
    "kci": 8.043667266699472e-06
  },
  "0;6|1": {
    "kci": 0.4151322356493745
  },
  "0;6|2": {
    "kci": 0.4419868254960384
  },
  "0;6|3": {
    "kci": 0.44340320765990715
  },
  "0;6|4": {
    "kci": 0.29246922063971614
  },
  "0;6|5": {
    "kci": 0.4480257919976629
  },
  "0;6|7": {
    "kci": 0.4442505771565539
  },
  "0;6|8": {
    "kci": 0.3902047318986863
  },
  "0;6|9": {
    "kci": 0.4354560300920628
  },
  "0;7|1": {
    "kci": 0.014492254122491444
  },
  "0;7|2": {
    "kci": 0.042356109529342656
  },
  "0;7|3": {
    "kci": 0.02026301980546452
  },
  "0;7|4": {
    "kci": 0.0012365840376107329
  },
  "0;7|5": {
    "kci": 0.4877859587201865
  },
  "0;7|6": {
    "kci": 0.0005416467628192034
  },
  "0;7|8": {
    "kci": 0.018790638761325584
  },
  "0;7|9": {
    "kci": 0.07514883228440516
  },
  "0;8|1": {
    "kci": 0.34487843196209567
  },
  "0;8|2": {
    "kci": 0.2883434517248995
  },
  "0;8|3": {
    "kci": 0.26212501066575733
  },
  "0;8|4": {
    "kci": 0.11864525762954548
  },
  "0;8|5": {
    "kci": 0.01630997983560234
  },
  "0;8|6": {
    "kci": 0.13150077275217864
  },
  "0;8|7": {
    "kci": 0.1616036775570937
  },
  "0;8|9": {
    "kci": 0.09039648419325386
  },
  "0;9|1": {
    "kci": 0.11667158896194285
  },
  "0;9|2": {
    "kci": 0.2704896941699606
  },
  "0;9|3": {
    "kci": 0.19050297558592444
  },
  "0;9|4": {
    "kci": 0.20016806388882058
  },
  "0;9|5": {
    "kci": 0.14942444293049517
  },
  "0;9|6": {
    "kci": 0.12651452578857836
  },
  "0;9|7": {
    "kci": 0.36043163990891536
  },
  "0;9|8": {
    "kci": 0.3480900354204919
  },
  "1;2|0": {
    "kci": 0.31937632706359986
  },
  "1;2|3": {
    "kci": 0.33346262886656475
  },
  "1;2|4": {
    "kci": 0.3503693568909869
  },
  "1;2|5": {
    "kci": 0.27601170048678814
  },
  "1;2|6": {
    "kci": 0.33579442402256265
  },
  "1;2|7": {
    "kci": 0.3387365551438807
  },
  "1;2|8": {
    "kci": 0.329649701931073
  },
  "1;2|9": {
    "kci": 0.33196720109380884
  },
  "1;3|0": {
    "kci": 0.3345932718329554
  },
  "1;3|2": {
    "kci": 0.33227706152013237
  },
  "1;3|4": {
    "kci": 0.3515319818073357
  },
  "1;3|5": {
    "kci": 0.32044235359378126
  },
  "1;3|6": {
    "kci": 0.33910810624914145
  },
  "1;3|7": {
    "kci": 0.34644944382928444
  },
  "1;3|8": {
    "kci": 0.2932696135953061
  },
  "1;3|9": {
    "kci": 0.31255481983659916
  },
  "1;4|0": {
    "kci": 0.131101634310947
  },
  "1;4|2": {
    "kci": 0.17977918650917002
  },
  "1;4|3": {
    "kci": 0.29372716003375043
  },
  "1;4|5": {
    "kci": 0.24617725545714486
  },
  "1;4|6": {
    "kci": 0.09030562260142216
  },
  "1;4|7": {
    "kci": 0.13365262046606818
  },
  "1;4|8": {
    "kci": 0.16961841591656146
  },
  "1;4|9": {
    "kci": 0.22945287668725944
  },
  "1;5|0": {
    "kci": 0.6291408432845003
  },
  "1;5|2": {
    "kci": 0.6408574148246975
  },
  "1;5|3": {
    "kci": 0.6253350254209175
  },
  "1;5|4": {
    "kci": 0.6608785483081838
  },
  "1;5|6": {
    "kci": 0.7041477689131691
  },
  "1;5|7": {
    "kci": 0.7403476025112787
  },
  "1;5|8": {
    "kci": 0.6036437875103047
  },
  "1;5|9": {
    "kci": 0.6365229617678203
  },
  "1;6|0": {
    "kci": 0.6495351303831147
  },
  "1;6|2": {
    "kci": 0.482302274316458
  },
  "1;6|3": {
    "kci": 0.6763191556740734
  },
  "1;6|4": {
    "kci": 0.5502149045218219
  },
  "1;6|5": {
    "kci": 0.4700541448248684
  },
  "1;6|7": {
    "kci": 0.5876634765941067
  },
  "1;6|8": {
    "kci": 0.45366541218529643
  },
  "1;6|9": {
    "kci": 0.5882828233648253
  },
  "1;7|0": {
    "kci": 0.4782942757598837
  },
  "1;7|2": {
    "kci": 0.4708580638454207
  },
  "1;7|3": {
    "kci": 0.4644627444491931
  },
  "1;7|4": {
    "kci": 0.45125868562216276
  },
  "1;7|5": {
    "kci": 0.7115623335420809
  },
  "1;7|6": {
    "kci": 0.49745129896203577
  },
  "1;7|8": {
    "kci": 0.5099514986688011
  },
  "1;7|9": {
    "kci": 0.48736332042926345
  },
  "1;8|0": {
    "kci": 0.40499071733403413
  },
  "1;8|2": {
    "kci": 0.45752302195765504
  },
  "1;8|3": {
    "kci": 0.4386225304181697
  },
  "1;8|4": {
    "kci": 0.4992160366953191
  },
  "1;8|5": {
    "kci": 0.3939026427510578
  },
  "1;8|6": {
    "kci": 0.5295140126805187
  },