{
  "data_hash": "23de0cb4be9f23725eec8e64ad0977b2",
  "0;1": {
    "d_separation": 0.0
  },
  "0;2": {
    "d_separation": 0.0
  },
  "0;3": {
    "d_separation": 0.0
  },
  "0;4": {
    "d_separation": 0.0
  },
  "0;5": {
    "d_separation": 0.0
  },
  "0;6": {
    "d_separation": 0.0
  },
  "0;7": {
    "d_separation": 1.0
  },
  "0;8": {
    "d_separation": 0.0
  },
  "0;9": {
    "d_separation": 0.0
  },
  "1;2": {
    "d_separation": 0.0
  },
  "1;3": {
    "d_separation": 0.0
  },
  "1;4": {
    "d_separation": 0.0
  },
  "1;5": {
    "d_separation": 0.0
  },
  "1;6": {
    "d_separation": 0.0
  },
  "1;7": {
    "d_separation": 0.0
  },
  "1;8": {
    "d_separation": 0.0
  },
  "1;9": {
    "d_separation": 0.0
  },
  "2;3": {
    "d_separation": 0.0
  },
  "2;4": {
    "d_separation": 0.0
  },
  "2;5": {
    "d_separation": 0.0
  },
  "2;6": {
    "d_separation": 0.0
  },
  "2;7": {
    "d_separation": 0.0
  },
  "2;8": {
    "d_separation": 0.0
  },
  "2;9": {
    "d_separation": 0.0
  },
  "3;4": {
    "d_separation": 0.0
  },
  "3;5": {
    "d_separation": 0.0
  },
  "3;6": {
    "d_separation": 0.0
  },
  "3;7": {
    "d_separation": 0.0
  },
  "3;8": {
    "d_separation": 0.0
  },
  "3;9": {
    "d_separation": 0.0
  },
  "4;5": {
    "d_separation": 1.0
  },
  "4;6": {
    "d_separation": 0.0
  },
  "4;7": {
    "d_separation": 1.0
  },
  "4;8": {
    "d_separation": 0.0
  },
  "4;9": {
    "d_separation": 0.0
  },
  "5;6": {
    "d_separation": 0.0
  },
  "5;7": {
    "d_separation": 1.0
  },
  "5;8": {
    "d_separation": 1.0
  },
  "5;9": {
    "d_separation": 0.0
  },
  "6;7": {
    "d_separation": 0.0
  },
  "6;8": {
    "d_separation": 0.0
  },
  "6;9": {
    "d_separation": 0.0
  },
  "7;8": {
    "d_separation": 1.0
  },
  "7;9": {
    "d_separation": 0.0
  },
  "8;9": {
    "d_separation": 0.0
  },
  "0;1|2": {
    "kci": 0.19320139098058475
  },
  "0;1|3": {
    "kci": 0.31563663557367905
  },
  "0;1|4": {
    "kci": 0.4078362518963341
  },
  "0;1|5": {
    "kci": 0.3192651457473792
  },
  "0;1|6": {
    "kci": 0.20563153889202668
  },
  "0;1|8": {
    "kci": 0.16666294727696718
  },
  "0;1|9": {
    "kci": 0.11653158876161374
  },
  "0;2|1": {
    "kci": 0.5368481172794513
  },
  "0;2|3": {
    "kci": 0.4001720290090913
  },
  "0;2|4": {
    "kci": 0.44227277615268623
  },
  "0;2|5": {
    "kci": 0.3088880533315883
  },
  "0;2|6": {
    "kci": 0.5604009704553476
  },
  "0;2|8": {
    "kci": 0.3664377959077749
  },
  "0;2|9": {
    "kci": 0.6642296611736638
  },
  "0;3|1": {
    "kci": 0.0005849009284859541
  },
  "0;3|2": {
    "kci": 0.0011031010480895276
  },
  "0;3|4": {
    "kci": 0.0014762856125799528
  },
  "0;3|5": {
    "kci": 0.0003278702314406523
  },
  "0;3|6": {
    "kci": 0.0018233383414290039
  },
  "0;3|8": {
    "kci": 0.29046043337584715
  },
  "0;3|9": {
    "kci": 0.030489609829731035
  },
  "0;4|1": {
    "kci": 0.00023554944263937116
  },
  "0;4|2": {
    "kci": 3.90455931997824e-06
  },
  "0;4|3": {
    "kci": 0.0014696635861031204
  },
  "0;4|5": {
    "kci": 0.0003234935596010402
  },
  "0;4|6": {
    "kci": 4.803112150775224e-05
  },
  "0;4|8": {
    "kci": 7.080415638716087e-05
  },
  "0;4|9": {
    "kci": 1.033156645990907e-05
  },
  "0;5|1": {
    "kci": 0.2643064768492235
  },
  "0;5|2": {
    "kci": 0.38468994533951584
  },
  "0;5|3": {
    "kci": 0.3759763919611714
  },
  "0;5|4": {
    "kci": 0.3134031823653636
  },
  "0;5|6": {
    "kci": 0.3543222272047182
  },
  "0;5|8": {
    "kci": 0.2835405017977026
  },
  "0;5|9": {
    "kci": 0.23844041723908338
  },
  "0;6|1": {
    "kci": 0.2608155891463262
  },
  "0;6|2": {
    "kci": 0.3786017354164356
  },
  "0;6|3": {
    "kci": 0.43296190240920174
  },
  "0;6|4": {
    "kci": 0.34622470087500323
  },
  "0;6|5": {
    "kci": 0.39641001426750566
  },
  "0;6|8": {
    "kci": 0.3855327162717631
  },
  "0;6|9": {
    "kci": 0.3645309742399727
  },
  "0;8|1": {
    "kci": 4.7778442475943095e-05
  },
  "0;8|2": {
    "kci": 0.00016680809984015443
  },
  "0;8|3": {
    "kci": 0.03488135549906102
  },
  "0;8|4": {
    "kci": 0.0003258674623837221
  },
  "0;8|5": {
    "kci": 1.2795125644338157e-05
  },
  "0;8|6": {
    "kci": 4.982189457214403e-05
  },
  "0;8|9": {
    "kci": 0.0005408721564468255
  },
  "0;9|1": {
    "kci": 0.0015473482929208027
  },
  "0;9|2": {
    "kci": 0.038997732510732575
  },
  "0;9|3": {
    "kci": 0.15794826832433573
  },
  "0;9|4": {
    "kci": 0.09054749726026157
  },
  "0;9|5": {
    "kci": 0.06287886039013091
  },
  "0;9|6": {
    "kci": 0.021310980466766716
  },
  "0;9|8": {
    "kci": 0.19009117023194833
  },
  "0;1|7": {
    "kci": 0.2112160570285868
  },
  "1;2|0": {
    "kci": 0.4250889515431636
  },
  "1;2|3": {
    "kci": 0.6001867160887409
  },
  "1;2|4": {
    "kci": 0.4853216108937114
  },
  "1;2|5": {
    "kci": 0.2456545915822954
  },
  "1;2|6": {
    "kci": 0.5627221835127397
  },
  "1;2|7": {
    "kci": 0.46612857104384875
  },
  "1;2|8": {
    "kci": 0.4703959041369814
  },
  "1;2|9": {
    "kci": 0.34220237202393566
  },
  "1;3|0": {
    "kci": 0.35111237410224483
  },
  "1;3|2": {
    "kci": 0.2621539824521848
  },
  "1;3|4": {
    "kci": 0.6084858654953904
  },
  "1;3|5": {
    "kci": 0.5499846013268661
  },
  "1;3|6": {
    "kci": 0.6668904025866231
  },
  "1;3|7": {
    "kci": 0.5553304577773597
  },
  "1;3|8": {
    "kci": 0.26308664020309447
  },
  "1;3|9": {
    "kci": 0.4112843502337463
  },
  "1;4|0": {
    "kci": 0.39128311528960324
  },
  "1;4|2": {
    "kci": 0.4049156933977244
  },
  "1;4|3": {
    "kci": 0.35285569386995497
  },
  "1;4|5": {
    "kci": 0.25859269819259945
  },
  "1;4|6": {
    "kci": 0.26621327525322336
  },
  "1;4|7": {
    "kci": 0.3132410314376375
  },
  "1;4|8": {
    "kci": 0.2764256372432574
  },
  "1;4|9": {
    "kci": 0.3483765456927864
  },
  "1;5|0": {
    "kci": 0.49157946951198117
  },
  "1;5|2": {
    "kci": 0.4901505623323057
  },
  "1;5|3": {
    "kci": 0.5510574795575424
  },
  "1;5|4": {
    "kci": 0.37563399144814624
  },
  "1;5|6": {
    "kci": 0.5334459870161801
  },
  "1;5|7": {
    "kci": 0.49506067547236965
  },
  "1;5|8": {
    "kci": 0.5232462417344428
  },
  "1;5|9": {
    "kci": 0.5479750395130703
  },
  "1;6|0": {
    "kci": 0.21911818408238326
  },
  "1;6|2": {
    "kci": 0.209029012851909
  },
  "1;6|3": {
    "kci": 0.24338165167589676
  },
  "1;6|4": {
    "kci": 0.36380521183084347
  },
  "1;6|5": {
    "kci": 0.2828361101246676
  },
  "1;6|7": {
    "kci": 0.3014094057297013
  },
  "1;6|8": {
    "kci": 0.2363565949922748
  },
  "1;6|9": {
    "kci": 0.2379422669120561
  },
  "1;7|0": {
    "kci": 0.7758663994286832
  },
  "1;7|2": {
    "kci": 0.756021556323871
  },
  "1;7|3": {
    "kci": 0.8302633269410882
  },
  "1;7|4": {
    "kci": 0.6772729960993172
  },
  "1;7|5": {
    "kci": 0.7059271742044397
  },
  "1;7|6": {
    "kci": 0.7936910851099316
  },
  "1;7|8": {
    "kci": 0.7763543301429345
  },
  "1;7|9": {
    "kci": 0.7384195022040398
  },
  "1;8|0": {
    "kci": 0.03858399552558167
  },
  "1;8|2": {
    "kci": 0.17813285400656764
  },
  "1;8|3": {
    "kci": 0.10593943975209164
  },
  "1;8|4": {
    "kci": 0.5451430504928789
  },
  "1;8|5": {
    "kci": 0.12651282897264193
  },
  "1;8|6": {
    "kci": 0.2207662434433193
  },
  "1;8|7": {
    "kci": 0.1904120628071999
  },
  "1;8|9": {
    "kci": 0.1938525116704367
  },
  "1;9|0": {
    "kci": 0.02914417177049844
  },
  "1;9|2": {
    "kci": 0.21079147533765408
  },
  "1;9|3": {
    "kci": 0.0666182680326326
  },
  "1;9|4": {
    "kci": 0.10070895295065141
  },
  "1;9|5": {
    "kci": 0.1112357273645721
  },
  "1;9|6": {
    "kci": 0.0636403347812915
  },
  "1;9|7": {
    "kci": 0.2477341964544355
  },
  "1;9|8": {
    "kci": 0.04157057550237975
  },
  "0;2|7": {
    "kci": 0.5340061474601069
  },
  "2;3|0": {
    "kci": 0.380112160641209
  },
  "2;3|1": {
    "kci": 0.33265300863468006
  },
  "2;3|4": {
    "kci": 0.25377541476507215
  },