{
  "data_hash": "24a27f836b1f4e6d8c8bcd8eeb72e01e",
  "0;1": {
    "d_separation": 0.0
  },
  "0;2": {
    "d_separation": 0.0
  },
  "0;3": {
    "d_separation": 0.0
  },
  "0;4": {
    "d_separation": 0.0
  },
  "0;5": {
    "d_separation": 0.0
  },
  "0;6": {
    "d_separation": 0.0
  },
  "0;7": {
    "d_separation": 0.0
  },
  "0;8": {
    "d_separation": 0.0
  },
  "0;9": {
    "d_separation": 0.0
  },
  "1;2": {
    "d_separation": 0.0
  },
  "1;3": {
    "d_separation": 0.0
  },
  "1;4": {
    "d_separation": 0.0
  },
  "1;5": {
    "d_separation": 0.0
  },
  "1;6": {
    "d_separation": 0.0
  },
  "1;7": {
    "d_separation": 0.0
  },
  "1;8": {
    "d_separation": 0.0
  },
  "1;9": {
    "d_separation": 0.0
  },
  "2;3": {
    "d_separation": 0.0
  },
  "2;4": {
    "d_separation": 0.0
  },
  "2;5": {
    "d_separation": 0.0
  },
  "2;6": {
    "d_separation": 0.0
  },
  "2;7": {
    "d_separation": 0.0
  },
  "2;8": {
    "d_separation": 0.0
  },
  "2;9": {
    "d_separation": 0.0
  },
  "3;4": {
    "d_separation": 0.0
  },
  "3;5": {
    "d_separation": 0.0
  },
  "3;6": {
    "d_separation": 0.0
  },
  "3;7": {
    "d_separation": 0.0
  },
  "3;8": {
    "d_separation": 0.0
  },
  "3;9": {
    "d_separation": 0.0
  },
  "4;5": {
    "d_separation": 0.0
  },
  "4;6": {
    "d_separation": 0.0
  },
  "4;7": {
    "d_separation": 0.0
  },
  "4;8": {
    "d_separation": 0.0
  },
  "4;9": {
    "d_separation": 0.0
  },
  "5;6": {
    "d_separation": 0.0
  },
  "5;7": {
    "d_separation": 0.0
  },
  "5;8": {
    "d_separation": 0.0
  },
  "5;9": {
    "d_separation": 0.0
  },
  "6;7": {
    "d_separation": 0.0
  },
  "6;8": {
    "d_separation": 0.0
  },
  "6;9": {
    "d_separation": 0.0
  },
  "7;8": {
    "d_separation": 0.0
  },
  "7;9": {
    "d_separation": 0.0
  },
  "8;9": {
    "d_separation": 0.0
  },
  "0;1|2": {
    "kci": 3.3957652245675263e-07
  },
  "0;1|3": {
    "kci": 1.068028887551975e-09
  },
  "0;1|4": {
    "kci": 2.75539642213829e-08
  },
  "0;1|5": {
    "kci": 5.723029758986087e-07
  },
  "0;1|6": {
    "kci": 3.67811057166989e-08
  },
  "0;1|7": {
    "kci": 3.51213136351447e-09
  },
  "0;1|8": {
    "kci": 1.4747536525305804e-11
  },
  "0;1|9": {
    "kci": 6.8762019411749975e-09
  },
  "0;2|1": {
    "kci": 0.3389233752113303
  },
  "0;2|3": {
    "kci": 0.0006749062550140961
  },
  "0;2|4": {
    "kci": 9.034361853899053e-05
  },
  "0;2|5": {
    "kci": 0.015398833031855186
  },
  "0;2|6": {
    "kci": 0.0070889367543746085
  },
  "0;2|7": {
    "kci": 0.0006701628830864115
  },
  "0;2|8": {
    "kci": 0.0002494371178822785
  },
  "0;2|9": {
    "kci": 0.006578602743347983
  },
  "0;3|1": {
    "kci": 0.8027929648580272
  },
  "0;3|2": {
    "kci": 0.5717783329710879
  },
  "0;3|4": {
    "kci": 0.6019447782176718
  },
  "0;3|5": {
    "kci": 0.542993722201693
  },
  "0;3|6": {
    "kci": 0.8445174348507929
  },
  "0;3|7": {
    "kci": 0.5653499383859004
  },
  "0;3|8": {
    "kci": 0.6723858052479881
  },
  "0;3|9": {
    "kci": 0.7867892904214694
  },
  "0;4|1": {
    "kci": 0.02723241853238556
  },
  "0;4|2": {
    "kci": 0.01938048481697152
  },
  "0;4|3": {
    "kci": 0.005029325859473688
  },
  "0;4|5": {
    "kci": 0.0014026778939060236
  },
  "0;4|6": {
    "kci": 0.006540536925807583
  },
  "0;4|7": {
    "kci": 2.2950415143885294e-05
  },
  "0;4|8": {
    "kci": 2.8368668788969487e-05
  },
  "0;4|9": {
    "kci": 0.009274211001789157
  },
  "0;5|1": {
    "kci": 3.5146842595312755e-05
  },
  "0;5|2": {
    "kci": 2.2767227103592802e-07
  },
  "0;5|3": {
    "kci": 1.0301610009477713e-08
  },
  "0;5|4": {
    "kci": 1.6462341489997812e-09
  },
  "0;5|6": {
    "kci": 1.5404165387700175e-08
  },
  "0;5|7": {
    "kci": 2.419583977619766e-09
  },
  "0;5|8": {
    "kci": 3.1690983171017706e-10
  },
  "0;5|9": {
    "kci": 7.697385295823977e-08
  },
  "0;6|1": {
    "kci": 0.37081145917045233
  },
  "0;6|2": {
    "kci": 0.3216659855418763
  },
  "0;6|3": {
    "kci": 0.3133838443787851
  },
  "0;6|4": {
    "kci": 0.3159471623395548
  },
  "0;6|5": {
    "kci": 0.3247733628304723
  },
  "0;6|7": {
    "kci": 0.322463097028167
  },
  "0;6|8": {
    "kci": 0.3097321753304132
  },
  "0;6|9": {
    "kci": 0.31221261309818005
  },
  "0;7|1": {
    "kci": 0.8965331395721662
  },
  "0;7|2": {
    "kci": 0.6926553315478294
  },
  "0;7|3": {
    "kci": 0.07337063796078669
  },
  "0;7|4": {
    "kci": 0.09145664716623902
  },
  "0;7|5": {
    "kci": 0.11653452150716181
  },
  "0;7|6": {
    "kci": 0.2898957380336531
  },
  "0;7|8": {
    "kci": 0.49664685914134576
  },
  "0;7|9": {
    "kci": 0.19007160247334398
  },
  "0;8|1": {
    "kci": 0.0027629612628992106
  },
  "0;8|2": {
    "kci": 0.008203370232295226
  },
  "0;8|3": {
    "kci": 0.08562981752517662
  },
  "0;8|4": {
    "kci": 0.0577032363905563
  },
  "0;8|5": {
    "kci": 0.004455739338033893
  },
  "0;8|6": {
    "kci": 0.02200150192918071
  },
  "0;8|7": {
    "kci": 0.030605369943557448
  },
  "0;8|9": {
    "kci": 0.035880825183658316
  },
  "0;9|1": {
    "kci": 0.05229197128953966
  },
  "0;9|2": {
    "kci": 0.1954909347483239
  },
  "0;9|3": {
    "kci": 0.23959948611083026
  },
  "0;9|4": {
    "kci": 0.03744382966818882
  },
  "0;9|5": {
    "kci": 0.3090727763361535
  },
  "0;9|6": {
    "kci": 0.1431476435068696
  },
  "0;9|7": {
    "kci": 0.08151725570012114
  },
  "0;9|8": {
    "kci": 0.08416279852129571
  },
  "1;2|0": {
    "kci": 0.00010552499103844148
  },
  "1;2|3": {
    "kci": 4.7049891538364363e-08
  },
  "1;2|4": {
    "kci": 7.390770773163524e-07
  },
  "1;2|5": {
    "kci": 6.412837546543315e-07
  },
  "1;2|6": {
    "kci": 3.142086932528265e-06
  },
  "1;2|7": {
    "kci": 3.282844496244053e-08
  },
  "1;2|8": {
    "kci": 1.7254921380605026e-08
  },
  "1;2|9": {
    "kci": 3.268596361349907e-07
  },
  "1;3|0": {
    "kci": 0.38272604422654066
  },
  "1;3|2": {
    "kci": 0.19623598375186257
  },
  "1;3|4": {
    "kci": 0.3376406231694561
  },
  "1;3|5": {
    "kci": 0.20084932571727376
  },
  "1;3|6": {
    "kci": 0.100298619782351
  },
  "1;3|7": {
    "kci": 0.17219935737659953
  },
  "1;3|8": {
    "kci": 0.11707482936963842
  },
  "1;3|9": {
    "kci": 0.2620828213278259
  },
  "1;4|0": {
    "kci": 0.21925747844978583
  },
  "1;4|2": {
    "kci": 0.07690741546279611
  },
  "1;4|3": {
    "kci": 0.022928405359954773
  },
  "1;4|5": {
    "kci": 0.06264151662883866
  },
  "1;4|6": {
    "kci": 0.058624669535902396
  },
  "1;4|7": {
    "kci": 0.0032872887795860617
  },
  "1;4|8": {
    "kci": 0.02894465336487395
  },
  "1;4|9": {
    "kci": 0.13125280728608868
  },
  "1;5|0": {
    "kci": 0.007692787459413375
  },
  "1;5|2": {
    "kci": 0.00044649611199076844
  },
  "1;5|3": {
    "kci": 0.00119828609937922
  },
  "1;5|4": {
    "kci": 4.927076665772745e-06
  },
  "1;5|6": {
    "kci": 9.918296966260343e-05
  },
  "1;5|7": {
    "kci": 2.801656730833102e-06
  },
  "1;5|8": {
    "kci": 7.03805495394505e-05
  },
  "1;5|9": {
    "kci": 0.0004902525680677838
  },
  "1;6|0": {
    "kci": 0.2129870993486428
  },
  "1;6|2": {
    "kci": 0.224663774423418
  },
  "1;6|3": {
    "kci": 0.25792315956558276
  },
  "1;6|4": {
    "kci": 0.21853106299201952
  },
  "1;6|5": {
    "kci": 0.2825517344612539
  },
  "1;6|7": {
    "kci": 0.23042128503223813
  },
  "1;6|8": {
    "kci": 0.24607315005401653
  },
  "1;6|9": {
    "kci": 0.2580127530726426
  },
  "1;7|0": {
    "kci": 0.054908609089198035
  },
  "1;7|2": {
    "kci": 0.05297616733561672
  },
  "1;7|3": {
    "kci": 4.7589290136262896e-05
  },
  "1;7|4": {
    "kci": 0.005981577008417949
  },
  "1;7|5": {
    "kci": 0.0005100218600265771
  },
  "1;7|6": {
    "kci": 0.00039482812044755455
  },
  "1;7|8": {
    "kci": 0.0005346639273189346
  },
  "1;7|9": {
    "kci": 0.0005541174463485898
  },
  "1;8|0": {
    "kci": 0.029698429649505753
  },
  "1;8|2": {
    "kci": 0.5914143519497118
  },
  "1;8|3": {
    "kci": 0.013596745096578822
  },