{
  "data_hash": "25fb634d9cb19163c2d5acc98adcce3f",
  "0;1": {
    "d_separation": 0.0
  },
  "0;2": {
    "d_separation": 0.0
  },
  "0;3": {
    "d_separation": 0.0
  },
  "0;4": {
    "d_separation": 0.0
  },
  "0;5": {
    "d_separation": 0.0
  },
  "0;6": {
    "d_separation": 0.0
  },
  "0;7": {
    "d_separation": 0.0
  },
  "0;8": {
    "d_separation": 0.0
  },
  "0;9": {
    "d_separation": 0.0
  },
  "1;2": {
    "d_separation": 0.0
  },
  "1;3": {
    "d_separation": 0.0
  },
  "1;4": {
    "d_separation": 0.0
  },
  "1;5": {
    "d_separation": 0.0
  },
  "1;6": {
    "d_separation": 0.0
  },
  "1;7": {
    "d_separation": 0.0
  },
  "1;8": {
    "d_separation": 0.0
  },
  "1;9": {
    "d_separation": 0.0
  },
  "2;3": {
    "d_separation": 0.0
  },
  "2;4": {
    "d_separation": 0.0
  },
  "2;5": {
    "d_separation": 0.0
  },
  "2;6": {
    "d_separation": 0.0
  },
  "2;7": {
    "d_separation": 0.0
  },
  "2;8": {
    "d_separation": 0.0
  },
  "2;9": {
    "d_separation": 0.0
  },
  "3;4": {
    "d_separation": 0.0
  },
  "3;5": {
    "d_separation": 0.0
  },
  "3;6": {
    "d_separation": 0.0
  },
  "3;7": {
    "d_separation": 0.0
  },
  "3;8": {
    "d_separation": 0.0
  },
  "3;9": {
    "d_separation": 0.0
  },
  "4;5": {
    "d_separation": 0.0
  },
  "4;6": {
    "d_separation": 0.0
  },
  "4;7": {
    "d_separation": 0.0
  },
  "4;8": {
    "d_separation": 0.0
  },
  "4;9": {
    "d_separation": 0.0
  },
  "5;6": {
    "d_separation": 0.0
  },
  "5;7": {
    "d_separation": 0.0
  },
  "5;8": {
    "d_separation": 0.0
  },
  "5;9": {
    "d_separation": 0.0
  },
  "6;7": {
    "d_separation": 0.0
  },
  "6;8": {
    "d_separation": 0.0
  },
  "6;9": {
    "d_separation": 0.0
  },
  "7;8": {
    "d_separation": 0.0
  },
  "7;9": {
    "d_separation": 0.0
  },
  "8;9": {
    "d_separation": 0.0
  },
  "0;1|2": {
    "kci": 0.35856320183094303
  },
  "0;1|3": {
    "kci": 0.35565105223505855
  },
  "0;1|4": {
    "kci": 0.3572013174305514
  },
  "0;1|5": {
    "kci": 0.5590581756263967
  },
  "0;1|6": {
    "kci": 0.617721547599853
  },
  "0;1|7": {
    "kci": 0.33671065439379866
  },
  "0;1|8": {
    "kci": 0.32393760198675337
  },
  "0;1|9": {
    "kci": 0.28018521405510566
  },
  "0;2|1": {
    "kci": 0.3108164440136554
  },
  "0;2|3": {
    "kci": 0.30166136543762756
  },
  "0;2|4": {
    "kci": 0.29649684238202245
  },
  "0;2|5": {
    "kci": 0.020898258329874464
  },
  "0;2|6": {
    "kci": 0.04755026639844773
  },
  "0;2|7": {
    "kci": 0.31216991468100086
  },
  "0;2|8": {
    "kci": 0.31427581703582486
  },
  "0;2|9": {
    "kci": 0.2444329840995999
  },
  "0;3|1": {
    "kci": 0.3149857164450105
  },
  "0;3|2": {
    "kci": 0.29818628229221256
  },
  "0;3|4": {
    "kci": 0.3141741242420789
  },
  "0;3|5": {
    "kci": 0.2920363102829524
  },
  "0;3|6": {
    "kci": 0.40069724958619846
  },
  "0;3|7": {
    "kci": 0.3171272053043336
  },
  "0;3|8": {
    "kci": 0.31585508579279253
  },
  "0;3|9": {
    "kci": 0.30337111398656313
  },
  "0;4|1": {
    "kci": 0.3162148277637751
  },
  "0;4|2": {
    "kci": 0.29593519182730976
  },
  "0;4|3": {
    "kci": 0.3106222179309953
  },
  "0;4|5": {
    "kci": 0.5134715603277311
  },
  "0;4|6": {
    "kci": 0.3668737832149874
  },
  "0;4|7": {
    "kci": 0.3184790469845824
  },
  "0;4|8": {
    "kci": 0.31225351125135326
  },
  "0;4|9": {
    "kci": 0.23803949858730677
  },
  "0;5|1": {
    "kci": 0.31162497206750006
  },
  "0;5|2": {
    "kci": 0.2678268284853418
  },
  "0;5|3": {
    "kci": 0.30058878886023976
  },
  "0;5|4": {
    "kci": 0.2933891365556962
  },
  "0;5|6": {
    "kci": 0.5229081969456556
  },
  "0;5|7": {
    "kci": 0.31355495576588055
  },
  "0;5|8": {
    "kci": 0.3138434156560671
  },
  "0;5|9": {
    "kci": 0.2251883448676384
  },
  "0;6|1": {
    "kci": 0.31278552771493706
  },
  "0;6|2": {
    "kci": 0.2666833489896251
  },
  "0;6|3": {
    "kci": 0.3016743042200767
  },
  "0;6|4": {
    "kci": 0.2964449159185737
  },
  "0;6|5": {
    "kci": 0.5364361934464987
  },
  "0;6|7": {
    "kci": 0.3139834735473759
  },
  "0;6|8": {
    "kci": 0.31386484423093974
  },
  "0;6|9": {
    "kci": 0.22617180444518192
  },
  "0;7|1": {
    "kci": 0.34036321541729386
  },
  "0;7|2": {
    "kci": 0.4577368833453106
  },
  "0;7|3": {
    "kci": 0.3310018079175111
  },
  "0;7|4": {
    "kci": 0.4172294562666542
  },
  "0;7|5": {
    "kci": 0.4746443288892751
  },
  "0;7|6": {
    "kci": 0.48194573760068316
  },
  "0;7|8": {
    "kci": 0.3485329153874498
  },
  "0;7|9": {
    "kci": 0.41607015892702803
  },
  "0;8|1": {
    "kci": 0.3414532858699403
  },
  "0;8|2": {
    "kci": 0.4031386626719474
  },
  "0;8|3": {
    "kci": 0.35049163209585077
  },
  "0;8|4": {
    "kci": 0.3216368237208924
  },
  "0;8|5": {
    "kci": 0.42626488825623277
  },
  "0;8|6": {
    "kci": 0.48629140177615093
  },
  "0;8|7": {
    "kci": 0.3321317648243145
  },
  "0;8|9": {
    "kci": 0.6567799120607731
  },
  "0;9|1": {
    "kci": 0.30994192890933236
  },
  "0;9|2": {
    "kci": 0.26671524580436434
  },
  "0;9|3": {
    "kci": 0.3013051393164947
  },
  "0;9|4": {
    "kci": 0.2963659341131487
  },
  "0;9|5": {
    "kci": 0.6570167745047547
  },
  "0;9|6": {
    "kci": 0.6314552883042779
  },
  "0;9|7": {
    "kci": 0.31467077279452993
  },
  "0;9|8": {
    "kci": 0.31441338048330525
  },
  "1;2|0": {
    "kci": 0.022467513955163998
  },
  "1;2|3": {
    "kci": 0.7632406832059434
  },
  "1;2|4": {
    "kci": 0.08595164829987334
  },
  "1;2|5": {
    "kci": 0.09456882539166322
  },
  "1;2|6": {
    "kci": 0.015120709535353605
  },
  "1;2|7": {
    "kci": 0.021862207233332653
  },
  "1;2|8": {
    "kci": 0.05443909074167119
  },
  "1;2|9": {
    "kci": 0.0075338779821148005
  },
  "1;3|0": {
    "kci": 7.4487083168151e-11
  },
  "1;3|2": {
    "kci": 5.713873818535831e-12
  },
  "1;3|4": {
    "kci": 8.774625470664432e-11
  },
  "1;3|5": {
    "kci": 4.357131322407781e-10
  },
  "1;3|6": {
    "kci": 1.5356882432371322e-10
  },
  "1;3|7": {
    "kci": 5.6267435155632484e-11
  },
  "1;3|8": {
    "kci": 2.3667012682970778e-08
  },
  "1;3|9": {
    "kci": 1.524124271234939e-09
  },
  "1;4|0": {
    "kci": 0.24585985011545386
  },
  "1;4|2": {
    "kci": 0.3436317187173743
  },
  "1;4|3": {
    "kci": 0.33720872623393316
  },
  "1;4|5": {
    "kci": 0.2355753662617679
  },
  "1;4|6": {
    "kci": 0.24971000498098395
  },
  "1;4|7": {
    "kci": 0.3994917723279374
  },
  "1;4|8": {
    "kci": 0.28550486700964584
  },
  "1;4|9": {
    "kci": 0.25868472366286355
  },
  "1;5|0": {
    "kci": 0.021211956511288377
  },
  "1;5|2": {
    "kci": 0.01820952641320095
  },
  "1;5|3": {
    "kci": 0.4252829629565902
  },
  "1;5|4": {
    "kci": 0.01714494856672999
  },
  "1;5|6": {
    "kci": 0.007164245932063218
  },
  "1;5|7": {
    "kci": 0.015808584597094
  },
  "1;5|8": {
    "kci": 0.023747725123934527
  },
  "1;5|9": {
    "kci": 0.036182546488349066
  },
  "1;6|0": {
    "kci": 0.3403832609517441
  },
  "1;6|2": {
    "kci": 0.4420081036076795
  },
  "1;6|3": {
    "kci": 0.41060453161963906
  },
  "1;6|4": {
    "kci": 0.388435107971135
  },
  "1;6|5": {
    "kci": 0.2643267266333722
  },
  "1;6|7": {
    "kci": 0.608767259607552
  },
  "1;6|8": {
    "kci": 0.564805142486797
  },
  "1;6|9": {
    "kci": 0.29425725643712
  },
  "1;7|0": {
    "kci": 0.12024642900949478
  },
  "1;7|2": {
    "kci": 0.16995132252464973
  },
  "1;7|3": {
    "kci": 0.14520966394961532
  },
  "1;7|4": {
    "kci": 0.30699251773946545
  },
  "1;7|5": {
    "kci": 0.11878108375527086
  },
  "1;7|6": {
    "kci": 0.2917168187395519
  },
  "1;7|8": {
    "kci": 0.20091927151948896
  },
  "1;7|9": {
    "kci": 0.11429307985384174
  },
  "1;8|0": {
    "kci": 0.21944369692410592
  },
  "1;8|2": {
    "kci": 0.19518564251749604
  },
  "1;8|3": {
    "kci": 0.10379590655254167
  },
  "1;8|4": {
    "kci": 0.24894112220674358
  },
  "1;8|5": {
    "kci": 0.15406243457785118
  },
  "1;8|6": {
    "kci": 0.32762585985951476
  },