{
  "data_hash": "2877603cfa77446f32f3408bfc1698ba",
  "0;1": {
    "d_separation": 0.0
  },
  "0;2": {
    "d_separation": 0.0
  },
  "0;3": {
    "d_separation": 0.0
  },
  "0;4": {
    "d_separation": 0.0
  },
  "0;5": {
    "d_separation": 0.0
  },
  "0;6": {
    "d_separation": 0.0
  },
  "0;7": {
    "d_separation": 0.0
  },
  "0;8": {
    "d_separation": 0.0
  },
  "0;9": {
    "d_separation": 0.0
  },
  "1;2": {
    "d_separation": 0.0
  },
  "1;3": {
    "d_separation": 0.0
  },
  "1;4": {
    "d_separation": 0.0
  },
  "1;5": {
    "d_separation": 0.0
  },
  "1;6": {
    "d_separation": 0.0
  },
  "1;7": {
    "d_separation": 0.0
  },
  "1;8": {
    "d_separation": 0.0
  },
  "1;9": {
    "d_separation": 0.0
  },
  "2;3": {
    "d_separation": 0.0
  },
  "2;4": {
    "d_separation": 0.0
  },
  "2;5": {
    "d_separation": 0.0
  },
  "2;6": {
    "d_separation": 0.0
  },
  "2;7": {
    "d_separation": 0.0
  },
  "2;8": {
    "d_separation": 0.0
  },
  "2;9": {
    "d_separation": 0.0
  },
  "3;4": {
    "d_separation": 0.0
  },
  "3;5": {
    "d_separation": 0.0
  },
  "3;6": {
    "d_separation": 0.0
  },
  "3;7": {
    "d_separation": 0.0
  },
  "3;8": {
    "d_separation": 0.0
  },
  "3;9": {
    "d_separation": 0.0
  },
  "4;5": {
    "d_separation": 0.0
  },
  "4;6": {
    "d_separation": 0.0
  },
  "4;7": {
    "d_separation": 0.0
  },
  "4;8": {
    "d_separation": 0.0
  },
  "4;9": {
    "d_separation": 0.0
  },
  "5;6": {
    "d_separation": 0.0
  },
  "5;7": {
    "d_separation": 0.0
  },
  "5;8": {
    "d_separation": 0.0
  },
  "5;9": {
    "d_separation": 0.0
  },
  "6;7": {
    "d_separation": 0.0
  },
  "6;8": {
    "d_separation": 0.0
  },
  "6;9": {
    "d_separation": 0.0
  },
  "7;8": {
    "d_separation": 0.0
  },
  "7;9": {
    "d_separation": 0.0
  },
  "8;9": {
    "d_separation": 0.0
  },
  "0;1|2": {
    "kci": 0.00586670614441509
  },
  "0;1|3": {
    "kci": 0.3765992279104995
  },
  "0;1|4": {
    "kci": 0.03357539093767725
  },
  "0;1|5": {
    "kci": 0.6873022433696228
  },
  "0;1|6": {
    "kci": 0.023824939818760882
  },
  "0;1|7": {
    "kci": 0.0366747593145077
  },
  "0;1|8": {
    "kci": 0.006869539554248738
  },
  "0;1|9": {
    "kci": 0.009874416125920438
  },
  "0;2|1": {
    "kci": 0.4074068219045601
  },
  "0;2|3": {
    "kci": 0.2847473141198489
  },
  "0;2|4": {
    "kci": 0.2605121368439184
  },
  "0;2|5": {
    "kci": 0.2889213882804561
  },
  "0;2|6": {
    "kci": 0.23182650545240868
  },
  "0;2|7": {
    "kci": 0.11635686470518147
  },
  "0;2|8": {
    "kci": 0.27387396045424395
  },
  "0;2|9": {
    "kci": 0.07533076648936321
  },
  "0;3|1": {
    "kci": 0.0
  },
  "0;3|2": {
    "kci": 0.0
  },
  "0;3|4": {
    "kci": 0.0
  },
  "0;3|5": {
    "kci": 0.0006681994384704071
  },
  "0;3|6": {
    "kci": 0.0
  },
  "0;3|7": {
    "kci": 0.0
  },
  "0;3|8": {
    "kci": 0.0
  },
  "0;3|9": {
    "kci": 0.0
  },
  "0;4|1": {
    "kci": 0.7202960757793221
  },
  "0;4|2": {
    "kci": 0.6968015756403587
  },
  "0;4|3": {
    "kci": 0.6728642357707874
  },
  "0;4|5": {
    "kci": 0.33488629071085974
  },
  "0;4|6": {
    "kci": 0.3411340120858918
  },
  "0;4|7": {
    "kci": 0.42923812530097294
  },
  "0;4|8": {
    "kci": 0.3234575701367365
  },
  "0;4|9": {
    "kci": 0.306222631349512
  },
  "0;5|1": {
    "kci": 0.0
  },
  "0;5|2": {
    "kci": 0.0
  },
  "0;5|3": {
    "kci": 1.6669824187687254e-08
  },
  "0;5|4": {
    "kci": 0.0
  },
  "0;5|6": {
    "kci": 0.0
  },
  "0;5|7": {
    "kci": 0.0
  },
  "0;5|8": {
    "kci": 0.0
  },
  "0;5|9": {
    "kci": 0.0
  },
  "0;6|1": {
    "kci": 0.35559258295119034
  },
  "0;6|2": {
    "kci": 0.3397871727585625
  },
  "0;6|3": {
    "kci": 0.47167007740961064
  },
  "0;6|4": {
    "kci": 0.3254232362798576
  },
  "0;6|5": {
    "kci": 0.5876626507620644
  },
  "0;6|7": {
    "kci": 0.3228904778751345
  },
  "0;6|8": {
    "kci": 0.3418864973611363
  },
  "0;6|9": {
    "kci": 0.33799042271535695
  },
  "0;7|1": {
    "kci": 0.02431399239633003
  },
  "0;7|2": {
    "kci": 0.017264349475225593
  },
  "0;7|3": {
    "kci": 0.0006212392920915688
  },
  "0;7|4": {
    "kci": 0.003903103667372676
  },
  "0;7|5": {
    "kci": 0.00517597253550417
  },
  "0;7|6": {
    "kci": 0.003480696099867675
  },
  "0;7|8": {
    "kci": 0.0016756886301095841
  },
  "0;7|9": {
    "kci": 0.0031259974226223175
  },
  "0;8|1": {
    "kci": 0.010952970870374945
  },
  "0;8|2": {
    "kci": 0.1079126709921926
  },
  "0;8|3": {
    "kci": 0.4756222649319646
  },
  "0;8|4": {
    "kci": 0.19673700809038208
  },
  "0;8|5": {
    "kci": 0.14774065179980078
  },
  "0;8|6": {
    "kci": 0.15083442044265816
  },
  "0;8|7": {
    "kci": 0.14015396001282665
  },
  "0;8|9": {
    "kci": 0.2967640846802916
  },
  "0;9|1": {
    "kci": 0.19394032939052663
  },
  "0;9|2": {
    "kci": 0.22666156559555906
  },
  "0;9|3": {
    "kci": 0.4009950070378856
  },
  "0;9|4": {
    "kci": 0.4606961676968381
  },
  "0;9|5": {
    "kci": 0.5197374392787941
  },
  "0;9|6": {
    "kci": 0.31250751414771316
  },
  "0;9|7": {
    "kci": 0.3112677018868427
  },
  "0;9|8": {
    "kci": 0.3563377437495361
  },
  "1;2|0": {
    "kci": 0.1608018147647391
  },
  "1;2|3": {
    "kci": 0.11962851962225296
  },
  "1;2|4": {
    "kci": 0.06329906560987841
  },
  "1;2|5": {
    "kci": 0.07928936364000205
  },
  "1;2|6": {
    "kci": 0.154869892240321
  },
  "1;2|7": {
    "kci": 0.2678408191617565
  },
  "1;2|8": {
    "kci": 0.18655231686384766
  },
  "1;2|9": {
    "kci": 0.25287463380432773
  },
  "1;3|0": {
    "kci": 0.38559527791561954
  },
  "1;3|2": {
    "kci": 0.002387689590614195
  },
  "1;3|4": {
    "kci": 0.03630278598759995
  },
  "1;3|5": {
    "kci": 0.3171156798126803
  },
  "1;3|6": {
    "kci": 0.03634566973412623
  },
  "1;3|7": {
    "kci": 0.008114470018586228
  },
  "1;3|8": {
    "kci": 0.016367825069304454
  },
  "1;3|9": {
    "kci": 0.04855790457385256
  },
  "1;4|0": {
    "kci": 0.24696148483078506
  },
  "1;4|2": {
    "kci": 0.03288120939442274
  },
  "1;4|3": {
    "kci": 0.1117944719831172
  },
  "1;4|5": {
    "kci": 0.11685983701161529
  },
  "1;4|6": {
    "kci": 0.19281239434203412
  },
  "1;4|7": {
    "kci": 0.20208917724749698
  },
  "1;4|8": {
    "kci": 0.255459167502909
  },
  "1;4|9": {
    "kci": 0.3112454766863023
  },
  "1;5|0": {
    "kci": 0.5213844216220755
  },
  "1;5|2": {
    "kci": 0.03730957320904227
  },
  "1;5|3": {
    "kci": 0.557851285299527
  },
  "1;5|4": {
    "kci": 0.11683550305713453
  },
  "1;5|6": {
    "kci": 0.0515813797843504
  },
  "1;5|7": {
    "kci": 0.029328864818294886
  },
  "1;5|8": {
    "kci": 0.03740366091115477
  },
  "1;5|9": {
    "kci": 0.06747399375542162
  },
  "1;6|0": {
    "kci": 0.35953021935670515
  },
  "1;6|2": {
    "kci": 0.3333352984904754
  },
  "1;6|3": {
    "kci": 0.4877674555330077
  },
  "1;6|4": {
    "kci": 0.3443753423615612
  },
  "1;6|5": {
    "kci": 0.4250823519044934
  },
  "1;6|7": {
    "kci": 0.39882525008488434
  },
  "1;6|8": {
    "kci": 0.34911555754086576
  },
  "1;6|9": {
    "kci": 0.3735690707575493
  },
  "1;7|0": {
    "kci": 0.28627988297646656
  },
  "1;7|2": {
    "kci": 0.16168067287643106
  },
  "1;7|3": {
    "kci": 0.16770784011659545
  },
  "1;7|4": {
    "kci": 0.2224915918331658
  },
  "1;7|5": {
    "kci": 0.2535885735481167
  },
  "1;7|6": {
    "kci": 0.22700791025838596
  },
  "1;7|8": {
    "kci": 0.151742339090287
  },
  "1;7|9": {
    "kci": 0.2472270534104829
  },
  "1;8|0": {
    "kci": 2.5335933086956253e-05
  },
  "1;8|2": {
    "kci": 0.0041863675959785684
  },
  "1;8|3": {
    "kci": 0.00038397071188811527
  },
  "1;8|4": {
    "kci": 0.01571592754612494
  },
  "1;8|5": {
    "kci": 0.0005299885187478592
  },
  "1;8|6": {
    "kci": 0.003126830428249905
  },
  "1;8|7": {
    "kci": 0.01095084821074832
  },
  "1;8|9": {
    "kci": 0.020075931474088593
  },
  "1;9|0": {
    "kci": 0.44718271680785926
  },
  "1;9|2": {
    "kci": 0.7566816908167778
  },