{
  "data_hash": "2f1373aa1edea6d348e0044e879a85f2",
  "0;1": {
    "d_separation": 0.0
  },
  "0;2": {
    "d_separation": 0.0
  },
  "0;3": {
    "d_separation": 0.0
  },
  "0;4": {
    "d_separation": 0.0
  },
  "0;5": {
    "d_separation": 0.0
  },
  "0;6": {
    "d_separation": 0.0
  },
  "0;7": {
    "d_separation": 0.0
  },
  "0;8": {
    "d_separation": 0.0
  },
  "0;9": {
    "d_separation": 0.0
  },
  "1;2": {
    "d_separation": 0.0
  },
  "1;3": {
    "d_separation": 1.0
  },
  "1;4": {
    "d_separation": 0.0
  },
  "1;5": {
    "d_separation": 0.0
  },
  "1;6": {
    "d_separation": 1.0
  },
  "1;7": {
    "d_separation": 0.0
  },
  "1;8": {
    "d_separation": 0.0
  },
  "1;9": {
    "d_separation": 0.0
  },
  "2;3": {
    "d_separation": 0.0
  },
  "2;4": {
    "d_separation": 0.0
  },
  "2;5": {
    "d_separation": 0.0
  },
  "2;6": {
    "d_separation": 0.0
  },
  "2;7": {
    "d_separation": 0.0
  },
  "2;8": {
    "d_separation": 0.0
  },
  "2;9": {
    "d_separation": 0.0
  },
  "3;4": {
    "d_separation": 0.0
  },
  "3;5": {
    "d_separation": 0.0
  },
  "3;6": {
    "d_separation": 0.0
  },
  "3;7": {
    "d_separation": 0.0
  },
  "3;8": {
    "d_separation": 0.0
  },
  "3;9": {
    "d_separation": 0.0
  },
  "4;5": {
    "d_separation": 0.0
  },
  "4;6": {
    "d_separation": 0.0
  },
  "4;7": {
    "d_separation": 0.0
  },
  "4;8": {
    "d_separation": 0.0
  },
  "4;9": {
    "d_separation": 0.0
  },
  "5;6": {
    "d_separation": 0.0
  },
  "5;7": {
    "d_separation": 0.0
  },
  "5;8": {
    "d_separation": 0.0
  },
  "5;9": {
    "d_separation": 0.0
  },
  "6;7": {
    "d_separation": 0.0
  },
  "6;8": {
    "d_separation": 0.0
  },
  "6;9": {
    "d_separation": 0.0
  },
  "7;8": {
    "d_separation": 0.0
  },
  "7;9": {
    "d_separation": 0.0
  },
  "8;9": {
    "d_separation": 0.0
  },
  "0;1|2": {
    "fisherz": 0.014285456581967004
  },
  "0;1|3": {
    "fisherz": 0.013143293774565468
  },
  "0;1|4": {
    "fisherz": 0.014489770025594595
  },
  "0;1|5": {
    "fisherz": 0.011379156237848242
  },
  "0;1|6": {
    "fisherz": 0.015114557964078124
  },
  "0;1|7": {
    "fisherz": 0.015831788554752535
  },
  "0;1|8": {
    "fisherz": 0.013651181116657973
  },
  "0;1|9": {
    "fisherz": 0.022852409790790507
  },
  "0;2|1": {
    "fisherz": 0.6052468818195909
  },
  "0;2|3": {
    "fisherz": 0.7394771346885267
  },
  "0;2|4": {
    "fisherz": 0.7245148417190581
  },
  "0;2|5": {
    "fisherz": 0.7906184530025187
  },
  "0;2|6": {
    "fisherz": 0.7590852842225349
  },
  "0;2|7": {
    "fisherz": 0.7587516220237214
  },
  "0;2|8": {
    "fisherz": 0.7359889352985354
  },
  "0;2|9": {
    "fisherz": 0.85448368886201
  },
  "0;3|1": {
    "fisherz": 0.0760839403892557
  },
  "0;3|2": {
    "fisherz": 0.09177978036345147
  },
  "0;3|4": {
    "fisherz": 0.14347352462550012
  },
  "0;3|5": {
    "fisherz": 0.1237270324618629
  },
  "0;3|6": {
    "fisherz": 0.0883275841256248
  },
  "0;3|7": {
    "fisherz": 0.09414897692312185
  },
  "0;3|8": {
    "fisherz": 0.09551154108153326
  },
  "0;3|9": {
    "fisherz": 0.0924912077249791
  },
  "0;4|1": {
    "fisherz": 0.33303164265776397
  },
  "0;4|2": {
    "fisherz": 0.36551000186822846
  },
  "0;4|3": {
    "fisherz": 0.7463820411333146
  },
  "0;4|5": {
    "fisherz": 0.29562838331752594
  },
  "0;4|6": {
    "fisherz": 0.35558301586228036
  },
  "0;4|7": {
    "fisherz": 0.3805308278252191
  },
  "0;4|8": {
    "fisherz": 0.38899601212329094
  },
  "0;4|9": {
    "fisherz": 0.31612302827920624
  },
  "0;5|1": {
    "fisherz": 0.08450560951756958
  },
  "0;5|2": {
    "fisherz": 0.12305369095166241
  },
  "0;5|3": {
    "fisherz": 0.1631132228639025
  },
  "0;5|4": {
    "fisherz": 0.09988141535039352
  },
  "0;5|6": {
    "fisherz": 0.12475225823706859
  },
  "0;5|7": {
    "fisherz": 0.12295181490746132
  },
  "0;5|8": {
    "fisherz": 0.12014309798804423
  },
  "0;5|9": {
    "fisherz": 0.11887393598452589
  },
  "0;6|1": {
    "fisherz": 0.6554089707852306
  },
  "0;6|2": {
    "fisherz": 0.723955242763537
  },
  "0;6|3": {
    "fisherz": 0.6525030941489052
  },
  "0;6|4": {
    "fisherz": 0.6634008132557807
  },
  "0;6|5": {
    "fisherz": 0.7775108557978394
  },
  "0;6|7": {
    "fisherz": 0.7336224682072934
  },
  "0;6|8": {
    "fisherz": 0.7229723864777136
  },
  "0;6|9": {
    "fisherz": 0.741189938007367
  },
  "0;7|1": {
    "fisherz": 0.8735860812865361
  },
  "0;7|2": {
    "fisherz": 0.8577030785300559
  },
  "0;7|3": {
    "fisherz": 0.9302974704774214
  },
  "0;7|4": {
    "fisherz": 0.9120670522454808
  },
  "0;7|5": {
    "fisherz": 0.921904188171291
  },
  "0;7|6": {
    "fisherz": 0.8795685955529693
  },
  "0;7|8": {
    "fisherz": 0.8747708667028695
  },
  "0;7|9": {
    "fisherz": 0.8314694737604547
  },
  "0;8|1": {
    "fisherz": 0.5838998801805935
  },
  "0;8|2": {
    "fisherz": 0.7958289354725949
  },
  "0;8|3": {
    "fisherz": 0.9900754991070935
  },
  "0;8|4": {
    "fisherz": 0.9780463751068755
  },
  "0;8|5": {
    "fisherz": 0.8047915466830955
  },
  "0;8|6": {
    "fisherz": 0.8261355715616512
  },
  "0;8|7": {
    "fisherz": 0.8409305402282019
  },
  "0;8|9": {
    "fisherz": 0.7551109640774567
  },
  "0;9|1": {
    "fisherz": 0.21015221821799734
  },
  "0;9|2": {
    "fisherz": 0.14210359504693404
  },
  "0;9|3": {
    "fisherz": 0.13625001075750132
  },
  "0;9|4": {
    "fisherz": 0.11886073836505506
  },
  "0;9|5": {
    "fisherz": 0.1339550907925775
  },
  "0;9|6": {
    "fisherz": 0.13801724794589076
  },
  "0;9|7": {
    "fisherz": 0.13543496375653552
  },
  "0;9|8": {
    "fisherz": 0.13226365322798506
  },
  "1;2|0": {
    "fisherz": 6.882067871138986e-08
  },
  "1;2|4": {
    "fisherz": 8.192472433776743e-08
  },
  "1;2|5": {
    "fisherz": 5.853568318947566e-08
  },
  "1;2|7": {
    "fisherz": 7.589201622693054e-08
  },
  "1;2|8": {
    "fisherz": 2.0868477035307365e-07
  },
  "1;2|9": {
    "fisherz": 1.3582206381812512e-07
  },
  "1;4|0": {
    "fisherz": 0.5591491555660002
  },
  "1;4|2": {
    "fisherz": 0.8395891377743439
  },
  "1;4|5": {
    "fisherz": 0.5911397522277324
  },
  "1;4|7": {
    "fisherz": 0.6489749994369505
  },
  "1;4|8": {
    "fisherz": 0.8877089171922055
  },
  "1;4|9": {
    "fisherz": 0.7464145455807791
  },
  "1;5|0": {
    "fisherz": 0.21543943483481875
  },
  "1;5|2": {
    "fisherz": 0.23065431707058015
  },
  "1;5|4": {
    "fisherz": 0.30390811062788226
  },
  "1;5|7": {
    "fisherz": 0.3214841268717288
  },
  "1;5|8": {
    "fisherz": 0.30553733266648164
  },
  "1;5|9": {
    "fisherz": 0.32510520268334075
  },
  "1;7|0": {
    "fisherz": 0.8925420693836918
  },
  "1;7|2": {
    "fisherz": 0.9008796970578963
  },
  "1;7|4": {
    "fisherz": 0.8432729003928447
  },
  "1;7|5": {
    "fisherz": 0.8293241393135586
  },
  "1;7|8": {
    "fisherz": 0.6851430240246172
  },
  "1;7|9": {
    "fisherz": 0.8444425979280863
  },
  "1;8|0": {
    "fisherz": 0.032237050722952354
  },
  "1;8|2": {
    "fisherz": 0.11923136910579157
  },
  "1;8|4": {
    "fisherz": 0.041443551771211506
  },
  "1;8|5": {
    "fisherz": 0.035503610715242884
  },
  "1;8|7": {
    "fisherz": 0.03445209833690943
  },
  "1;8|9": {
    "fisherz": 0.04615894944032628
  },
  "1;9|0": {
    "fisherz": 0.1400793658024051
  },
  "1;9|2": {
    "fisherz": 0.18907152370375724
  },
  "1;9|4": {
    "fisherz": 0.09822074821084947
  },
  "1;9|5": {
    "fisherz": 0.09252061476920215
  },
  "1;9|7": {
    "fisherz": 0.09213902309877064
  },
  "1;9|8": {
    "fisherz": 0.11621262750994954
  },
  "1;2|3": {
    "fisherz": 7.705962423720791e-08
  },
  "1;2|6": {
    "fisherz": 7.241442334660064e-08
  },
  "2;3|0": {
    "fisherz": 0.810169086827579
  },
  "2;3|1": {
    "fisherz": 0.9535072912944282
  },
  "2;3|4": {
    "fisherz": 0.9496525909862839
  },
  "2;3|5": {
    "fisherz": 0.8003972369549186
  },
  "2;3|6": {
    "fisherz": 0.8405360845731293
  },
  "2;3|7": {
    "fisherz": 0.8181275238568291
  },