{
  "data_hash": "2f86e7e6e11e65bb71799bd2ea373e16",
  "0;1": {
    "d_separation": 0.0
  },
  "0;2": {
    "d_separation": 0.0
  },
  "0;3": {
    "d_separation": 0.0
  },
  "0;4": {
    "d_separation": 0.0
  },
  "0;5": {
    "d_separation": 0.0
  },
  "0;6": {
    "d_separation": 0.0
  },
  "0;7": {
    "d_separation": 0.0
  },
  "0;8": {
    "d_separation": 0.0
  },
  "0;9": {
    "d_separation": 0.0
  },
  "1;2": {
    "d_separation": 0.0
  },
  "1;3": {
    "d_separation": 0.0
  },
  "1;4": {
    "d_separation": 0.0
  },
  "1;5": {
    "d_separation": 0.0
  },
  "1;6": {
    "d_separation": 0.0
  },
  "1;7": {
    "d_separation": 0.0
  },
  "1;8": {
    "d_separation": 0.0
  },
  "1;9": {
    "d_separation": 0.0
  },
  "2;3": {
    "d_separation": 0.0
  },
  "2;4": {
    "d_separation": 0.0
  },
  "2;5": {
    "d_separation": 0.0
  },
  "2;6": {
    "d_separation": 0.0
  },
  "2;7": {
    "d_separation": 0.0
  },
  "2;8": {
    "d_separation": 0.0
  },
  "2;9": {
    "d_separation": 0.0
  },
  "3;4": {
    "d_separation": 0.0
  },
  "3;5": {
    "d_separation": 0.0
  },
  "3;6": {
    "d_separation": 0.0
  },
  "3;7": {
    "d_separation": 0.0
  },
  "3;8": {
    "d_separation": 0.0
  },
  "3;9": {
    "d_separation": 0.0
  },
  "4;5": {
    "d_separation": 0.0
  },
  "4;6": {
    "d_separation": 0.0
  },
  "4;7": {
    "d_separation": 0.0
  },
  "4;8": {
    "d_separation": 0.0
  },
  "4;9": {
    "d_separation": 0.0
  },
  "5;6": {
    "d_separation": 0.0
  },
  "5;7": {
    "d_separation": 0.0
  },
  "5;8": {
    "d_separation": 0.0
  },
  "5;9": {
    "d_separation": 0.0
  },
  "6;7": {
    "d_separation": 0.0
  },
  "6;8": {
    "d_separation": 0.0
  },
  "6;9": {
    "d_separation": 0.0
  },
  "7;8": {
    "d_separation": 0.0
  },
  "7;9": {
    "d_separation": 0.0
  },
  "8;9": {
    "d_separation": 0.0
  },
  "0;1|2": {
    "kci": 0.03987383811593559
  },
  "0;1|3": {
    "kci": 0.0005694223614162164
  },
  "0;1|4": {
    "kci": 0.03186314262386847
  },
  "0;1|5": {
    "kci": 0.21502674137168365
  },
  "0;1|6": {
    "kci": 0.00255194338829301
  },
  "0;1|7": {
    "kci": 0.005907777482327847
  },
  "0;1|8": {
    "kci": 0.0009641896439857023
  },
  "0;1|9": {
    "kci": 0.00952600074460408
  },
  "0;2|1": {
    "kci": 0.6973681776363515
  },
  "0;2|3": {
    "kci": 0.04889274348381489
  },
  "0;2|4": {
    "kci": 0.22648898569273657
  },
  "0;2|5": {
    "kci": 0.6708541262271176
  },
  "0;2|6": {
    "kci": 0.1367341847485667
  },
  "0;2|7": {
    "kci": 0.26508836233414534
  },
  "0;2|8": {
    "kci": 0.09906253950466692
  },
  "0;2|9": {
    "kci": 0.18000569071361838
  },
  "0;3|1": {
    "kci": 0.4831092189859859
  },
  "0;3|2": {
    "kci": 0.3621729381068367
  },
  "0;3|4": {
    "kci": 0.19863739962699611
  },
  "0;3|5": {
    "kci": 0.3935339855982728
  },
  "0;3|6": {
    "kci": 0.6081420522945489
  },
  "0;3|7": {
    "kci": 0.1132592108285273
  },
  "0;3|8": {
    "kci": 0.3876102925031564
  },
  "0;3|9": {
    "kci": 0.5016339039863753
  },
  "0;4|1": {
    "kci": 2.792997066958236e-08
  },
  "0;4|2": {
    "kci": 4.613368465022916e-09
  },
  "0;4|3": {
    "kci": 4.609627013429929e-09
  },
  "0;4|5": {
    "kci": 0.021011041014462495
  },
  "0;4|6": {
    "kci": 8.567724307795288e-11
  },
  "0;4|7": {
    "kci": 3.179968521838106e-08
  },
  "0;4|8": {
    "kci": 6.146143594065734e-10
  },
  "0;4|9": {
    "kci": 4.307438639106209e-08
  },
  "0;5|1": {
    "kci": 1.4946155424411245e-10
  },
  "0;5|2": {
    "kci": 1.566491381055357e-11
  },
  "0;5|3": {
    "kci": 9.778958753869915e-10
  },
  "0;5|4": {
    "kci": 4.174716128346745e-11
  },
  "0;5|6": {
    "kci": 5.338955944012014e-10
  },
  "0;5|7": {
    "kci": 8.243361548920802e-11
  },
  "0;5|8": {
    "kci": 7.330025475482671e-12
  },
  "0;5|9": {
    "kci": 3.0998981159768846e-11
  },
  "0;6|1": {
    "kci": 0.37301101346424714
  },
  "0;6|2": {
    "kci": 0.47408789228202686
  },
  "0;6|3": {
    "kci": 0.3531525125029855
  },
  "0;6|4": {
    "kci": 0.4844833695908587
  },
  "0;6|5": {
    "kci": 0.3868449418921105
  },
  "0;6|7": {
    "kci": 0.2923373544324708
  },
  "0;6|8": {
    "kci": 0.1446932922032118
  },
  "0;6|9": {
    "kci": 0.29029132576881866
  },
  "0;7|1": {
    "kci": 0.0019845764399909482
  },
  "0;7|2": {
    "kci": 0.0010553123717561563
  },
  "0;7|3": {
    "kci": 0.000678614289861379
  },
  "0;7|4": {
    "kci": 0.008676420711045685
  },
  "0;7|5": {
    "kci": 0.09049140096075359
  },
  "0;7|6": {
    "kci": 0.001304333700732796
  },
  "0;7|8": {
    "kci": 2.5397522371850556e-06
  },
  "0;7|9": {
    "kci": 8.617120339482476e-05
  },
  "0;8|1": {
    "kci": 0.06890970597686441
  },
  "0;8|2": {
    "kci": 0.09480168630846686
  },
  "0;8|3": {
    "kci": 0.09686435820714068
  },
  "0;8|4": {
    "kci": 0.016122244180563183
  },
  "0;8|5": {
    "kci": 0.05423857942800625
  },
  "0;8|6": {
    "kci": 0.07333254810969103
  },
  "0;8|7": {
    "kci": 0.04165441153573357
  },
  "0;8|9": {
    "kci": 0.05585490648783653
  },
  "0;9|1": {
    "kci": 0.25136630291100426
  },
  "0;9|2": {
    "kci": 0.2239067351943247
  },
  "0;9|3": {
    "kci": 0.1761433850493379
  },
  "0;9|4": {
    "kci": 0.31722581983526554
  },
  "0;9|5": {
    "kci": 0.6390974400621557
  },
  "0;9|6": {
    "kci": 0.14837761258837956
  },
  "0;9|7": {
    "kci": 0.4419113856048933
  },
  "0;9|8": {
    "kci": 0.012547854232356048
  },
  "1;2|0": {
    "kci": 1.3188349397119659e-05
  },
  "1;2|3": {
    "kci": 1.9247787075293843e-07
  },
  "1;2|4": {
    "kci": 1.8532481382060872e-05
  },
  "1;2|5": {
    "kci": 6.5935711143216835e-06
  },
  "1;2|6": {
    "kci": 9.129475143643262e-07
  },
  "1;2|7": {
    "kci": 9.633473892423083e-05
  },
  "1;2|8": {
    "kci": 6.733997791941171e-06
  },
  "1;2|9": {
    "kci": 7.098513008507723e-07
  },
  "1;3|0": {
    "kci": 0.6226170164603029
  },
  "1;3|2": {
    "kci": 0.42724849640685036
  },
  "1;3|4": {
    "kci": 0.5718553090059193
  },
  "1;3|5": {
    "kci": 0.6225023696168552
  },
  "1;3|6": {
    "kci": 0.5114846246900808
  },
  "1;3|7": {
    "kci": 0.5177695266288612
  },
  "1;3|8": {
    "kci": 0.6478116858640033
  },
  "1;3|9": {
    "kci": 0.5899482804470222
  },
  "1;4|0": {
    "kci": 0.024105816641223354
  },
  "1;4|2": {
    "kci": 0.21585788697546648
  },
  "1;4|3": {
    "kci": 0.006874083051524038
  },
  "1;4|5": {
    "kci": 0.1618503031780547
  },
  "1;4|6": {
    "kci": 0.004075108756051549
  },
  "1;4|7": {
    "kci": 0.002839915034642315
  },
  "1;4|8": {
    "kci": 0.004337533240339031
  },
  "1;4|9": {
    "kci": 0.02814275213760742
  },
  "1;5|0": {
    "kci": 0.4179581932616059
  },
  "1;5|2": {
    "kci": 0.3033882272186177
  },
  "1;5|3": {
    "kci": 0.37651398303731387
  },
  "1;5|4": {
    "kci": 0.637201161080446
  },
  "1;5|6": {
    "kci": 0.4964839547874983
  },
  "1;5|7": {
    "kci": 0.5296744754682581
  },
  "1;5|8": {
    "kci": 0.3868053249127341
  },
  "1;5|9": {
    "kci": 0.4417171520658636
  },
  "1;6|0": {
    "kci": 0.4988482168138393
  },
  "1;6|2": {
    "kci": 0.5647542406060521
  },
  "1;6|3": {
    "kci": 0.1578447159180687
  },
  "1;6|4": {
    "kci": 0.5329010421535556
  },
  "1;6|5": {
    "kci": 0.5229886304766056
  },
  "1;6|7": {
    "kci": 0.3170818100850953
  },
  "1;6|8": {
    "kci": 0.14906951796157508
  },
  "1;6|9": {
    "kci": 0.18026963720992872
  },
  "1;7|0": {
    "kci": 0.107833523099377
  },
  "1;7|2": {
    "kci": 0.07548690336488795
  },
  "1;7|3": {
    "kci": 0.014410752556948903
  },
  "1;7|4": {
    "kci": 0.06934686997027839
  },
  "1;7|5": {
    "kci": 0.07554088128575842
  },
  "1;7|6": {
    "kci": 0.035281960590425765
  },
  "1;7|8": {
    "kci": 0.030275863650776946
  },
  "1;7|9": {
    "kci": 0.08992158391909355
  },
  "1;8|0": {
    "kci": 0.5608023459386453
  },
  "1;8|2": {
    "kci": 0.6819661136828339
  },
  "1;8|3": {
    "kci": 0.699434333302531
  },
  "1;8|4": {
    "kci": 0.7876004738357507
  },