{
  "data_hash": "2f92680704a2fb8a26fd02160a04fb05",
  "0;1": {
    "d_separation": 0.0
  },
  "0;2": {
    "d_separation": 0.0
  },
  "0;3": {
    "d_separation": 0.0
  },
  "0;4": {
    "d_separation": 0.0
  },
  "0;5": {
    "d_separation": 0.0
  },
  "0;6": {
    "d_separation": 0.0
  },
  "0;7": {
    "d_separation": 0.0
  },
  "0;8": {
    "d_separation": 0.0
  },
  "0;9": {
    "d_separation": 0.0
  },
  "1;2": {
    "d_separation": 0.0
  },
  "1;3": {
    "d_separation": 0.0
  },
  "1;4": {
    "d_separation": 0.0
  },
  "1;5": {
    "d_separation": 0.0
  },
  "1;6": {
    "d_separation": 0.0
  },
  "1;7": {
    "d_separation": 0.0
  },
  "1;8": {
    "d_separation": 0.0
  },
  "1;9": {
    "d_separation": 0.0
  },
  "2;3": {
    "d_separation": 0.0
  },
  "2;4": {
    "d_separation": 0.0
  },
  "2;5": {
    "d_separation": 0.0
  },
  "2;6": {
    "d_separation": 0.0
  },
  "2;7": {
    "d_separation": 0.0
  },
  "2;8": {
    "d_separation": 0.0
  },
  "2;9": {
    "d_separation": 0.0
  },
  "3;4": {
    "d_separation": 0.0
  },
  "3;5": {
    "d_separation": 0.0
  },
  "3;6": {
    "d_separation": 0.0
  },
  "3;7": {
    "d_separation": 0.0
  },
  "3;8": {
    "d_separation": 0.0
  },
  "3;9": {
    "d_separation": 0.0
  },
  "4;5": {
    "d_separation": 0.0
  },
  "4;6": {
    "d_separation": 0.0
  },
  "4;7": {
    "d_separation": 0.0
  },
  "4;8": {
    "d_separation": 0.0
  },
  "4;9": {
    "d_separation": 0.0
  },
  "5;6": {
    "d_separation": 0.0
  },
  "5;7": {
    "d_separation": 0.0
  },
  "5;8": {
    "d_separation": 0.0
  },
  "5;9": {
    "d_separation": 0.0
  },
  "6;7": {
    "d_separation": 0.0
  },
  "6;8": {
    "d_separation": 0.0
  },
  "6;9": {
    "d_separation": 0.0
  },
  "7;8": {
    "d_separation": 0.0
  },
  "7;9": {
    "d_separation": 0.0
  },
  "8;9": {
    "d_separation": 0.0
  },
  "0;1|2": {
    "kci": 0.15554307722956395
  },
  "0;1|3": {
    "kci": 0.21853671169342848
  },
  "0;1|4": {
    "kci": 0.46183945658267744
  },
  "0;1|5": {
    "kci": 0.18597323578773228
  },
  "0;1|6": {
    "kci": 0.20069582220791526
  },
  "0;1|7": {
    "kci": 0.09508001431935087
  },
  "0;1|8": {
    "kci": 0.15750942250550182
  },
  "0;1|9": {
    "kci": 0.1873675712082996
  },
  "0;2|1": {
    "kci": 0.19374479830322366
  },
  "0;2|3": {
    "kci": 0.5584399331977795
  },
  "0;2|4": {
    "kci": 0.20880936676497375
  },
  "0;2|5": {
    "kci": 0.23537764110825643
  },
  "0;2|6": {
    "kci": 0.22645166998034183
  },
  "0;2|7": {
    "kci": 0.26541983937246294
  },
  "0;2|8": {
    "kci": 0.3042367287180594
  },
  "0;2|9": {
    "kci": 0.22275384091314065
  },
  "0;3|1": {
    "kci": 0.0
  },
  "0;3|2": {
    "kci": 0.0
  },
  "0;3|4": {
    "kci": 6.977751709769109e-13
  },
  "0;3|5": {
    "kci": 0.0
  },
  "0;3|6": {
    "kci": 2.4202861936828413e-14
  },
  "0;3|7": {
    "kci": 0.0
  },
  "0;3|8": {
    "kci": 0.0
  },
  "0;3|9": {
    "kci": 0.0
  },
  "0;4|1": {
    "kci": 1.8618574770812302e-07
  },
  "0;4|2": {
    "kci": 1.5791953866806097e-07
  },
  "0;4|3": {
    "kci": 0.6333790469499754
  },
  "0;4|5": {
    "kci": 5.814822415795007e-07
  },
  "0;4|6": {
    "kci": 0.00040957133082386576
  },
  "0;4|7": {
    "kci": 1.2506347759622116e-06
  },
  "0;4|8": {
    "kci": 1.96402479568647e-06
  },
  "0;4|9": {
    "kci": 1.2653661037309583e-05
  },
  "0;5|1": {
    "kci": 0.5061969182505349
  },
  "0;5|2": {
    "kci": 0.5516727995024127
  },
  "0;5|3": {
    "kci": 0.40274523987146704
  },
  "0;5|4": {
    "kci": 0.8388519311062363
  },
  "0;5|6": {
    "kci": 0.34146721810881586
  },
  "0;5|7": {
    "kci": 0.5754459747290852
  },
  "0;5|8": {
    "kci": 0.4723145617396113
  },
  "0;5|9": {
    "kci": 0.3673264091723396
  },
  "0;6|1": {
    "kci": 0.0007058092085127088
  },
  "0;6|2": {
    "kci": 0.00013271071687248615
  },
  "0;6|3": {
    "kci": 0.5203681065413317
  },
  "0;6|4": {
    "kci": 0.0034195740243787576
  },
  "0;6|5": {
    "kci": 0.00038414728227720296
  },
  "0;6|7": {
    "kci": 0.00030920776703469155
  },
  "0;6|8": {
    "kci": 0.0024109635128974904
  },
  "0;6|9": {
    "kci": 0.007368869295306113
  },
  "0;7|1": {
    "kci": 0.0674842559904999
  },
  "0;7|2": {
    "kci": 0.19570365726486316
  },
  "0;7|3": {
    "kci": 0.4024458223897166
  },
  "0;7|4": {
    "kci": 0.23567216374595523
  },
  "0;7|5": {
    "kci": 0.053868188900156544
  },
  "0;7|6": {
    "kci": 0.08005951852202875
  },
  "0;7|8": {
    "kci": 0.08018073823481076
  },
  "0;7|9": {
    "kci": 0.0630842647618175
  },
  "0;8|1": {
    "kci": 0.37147159492018134
  },
  "0;8|2": {
    "kci": 0.41127453848712214
  },
  "0;8|3": {
    "kci": 0.5828355132849299
  },
  "0;8|4": {
    "kci": 0.40031166081209424
  },
  "0;8|5": {
    "kci": 0.3198864999299783
  },
  "0;8|6": {
    "kci": 0.8174480324029676
  },
  "0;8|7": {
    "kci": 0.4669008074938096
  },
  "0;8|9": {
    "kci": 0.645412113794521
  },
  "0;9|1": {
    "kci": 0.002432296360017072
  },
  "0;9|2": {
    "kci": 0.0005466476798675624
  },
  "0;9|3": {
    "kci": 0.31602412692219806
  },
  "0;9|4": {
    "kci": 0.08087701124989433
  },
  "0;9|5": {
    "kci": 0.0016415627331318738
  },
  "0;9|6": {
    "kci": 0.15403671051762446
  },
  "0;9|7": {
    "kci": 0.0031454596137658886
  },
  "0;9|8": {
    "kci": 0.006973231702140037
  },
  "1;2|0": {
    "kci": 0.5559636341550148
  },
  "1;2|3": {
    "kci": 0.33393335288224035
  },
  "1;2|4": {
    "kci": 0.31328835492332974
  },
  "1;2|5": {
    "kci": 0.4341179752936911
  },
  "1;2|6": {
    "kci": 0.2734024549671006
  },
  "1;2|7": {
    "kci": 0.3199593869191609
  },
  "1;2|8": {
    "kci": 0.360311447734199
  },
  "1;2|9": {
    "kci": 0.43226438467674866
  },
  "1;3|0": {
    "kci": 0.3936832050222736
  },
  "1;3|2": {
    "kci": 0.21981233406778433
  },
  "1;3|4": {
    "kci": 0.467317280426762
  },
  "1;3|5": {
    "kci": 0.2100647190494329
  },
  "1;3|6": {
    "kci": 0.5530932419986125
  },
  "1;3|7": {
    "kci": 0.3163149205739293
  },
  "1;3|8": {
    "kci": 0.17833528301931212
  },
  "1;3|9": {
    "kci": 0.3487802354369145
  },
  "1;4|0": {
    "kci": 0.45229878644077526
  },
  "1;4|2": {
    "kci": 0.20073986817287748
  },
  "1;4|3": {
    "kci": 0.36510566315367576
  },
  "1;4|5": {
    "kci": 0.18849170124298298
  },
  "1;4|6": {
    "kci": 0.498595260318217
  },
  "1;4|7": {
    "kci": 0.16505456537091756
  },
  "1;4|8": {
    "kci": 0.2056971694752191
  },
  "1;4|9": {
    "kci": 0.3251625418798365
  },
  "1;5|0": {
    "kci": 0.33608528877473054
  },
  "1;5|2": {
    "kci": 0.5347520373351762
  },
  "1;5|3": {
    "kci": 0.4610996797578143
  },
  "1;5|4": {
    "kci": 0.618894990423089
  },
  "1;5|6": {
    "kci": 0.5951481714427148
  },
  "1;5|7": {
    "kci": 0.5867127832858954
  },
  "1;5|8": {
    "kci": 0.6149204997929395
  },
  "1;5|9": {
    "kci": 0.6044831343765626
  },
  "1;6|0": {
    "kci": 0.37027727835781055
  },
  "1;6|2": {
    "kci": 0.14593718022934876
  },
  "1;6|3": {
    "kci": 0.2908744243185175
  },
  "1;6|4": {
    "kci": 0.40115489706967633
  },
  "1;6|5": {
    "kci": 0.14040981981508527
  },
  "1;6|7": {
    "kci": 0.13367309036045327
  },
  "1;6|8": {
    "kci": 0.11457965597214526
  },
  "1;6|9": {
    "kci": 0.26588669334669446
  },
  "1;7|0": {
    "kci": 0.05958806314532239
  },
  "1;7|2": {
    "kci": 0.0768184975070143
  },
  "1;7|3": {
    "kci": 0.0482933184797969
  },
  "1;7|4": {
    "kci": 0.024856703979507455
  },
  "1;7|5": {
    "kci": 0.11606402929422455
  },
  "1;7|6": {
    "kci": 0.047942830822712
  },
  "1;7|8": {
    "kci": 0.0725896601974082
  },
  "1;7|9": {
    "kci": 0.06939375091440358
  },
  "1;8|0": {
    "kci": 0.07135808973656355
  },
  "1;8|2": {
    "kci": 0.24589280485670573
  },
  "1;8|3": {
    "kci": 0.17132957242563085
  },
  "1;8|4": {
    "kci": 0.2801502056742128
  },
  "1;8|5": {
    "kci": 0.2809273611689965
  },
  "1;8|6": {
    "kci": 0.16054746436992928
  },
  "1;8|7": {
    "kci": 0.44494774361962297
  },