{
  "data_hash": "2f973565c56e85772c6712291ced5c21",
  "0;1": {
    "d_separation": 0.0
  },
  "0;2": {
    "d_separation": 0.0
  },
  "0;3": {
    "d_separation": 0.0
  },
  "0;4": {
    "d_separation": 0.0
  },
  "0;5": {
    "d_separation": 0.0
  },
  "0;6": {
    "d_separation": 0.0
  },
  "0;7": {
    "d_separation": 0.0
  },
  "0;8": {
    "d_separation": 0.0
  },
  "0;9": {
    "d_separation": 0.0
  },
  "1;2": {
    "d_separation": 0.0
  },
  "1;3": {
    "d_separation": 0.0
  },
  "1;4": {
    "d_separation": 0.0
  },
  "1;5": {
    "d_separation": 0.0
  },
  "1;6": {
    "d_separation": 0.0
  },
  "1;7": {
    "d_separation": 0.0
  },
  "1;8": {
    "d_separation": 0.0
  },
  "1;9": {
    "d_separation": 0.0
  },
  "2;3": {
    "d_separation": 0.0
  },
  "2;4": {
    "d_separation": 0.0
  },
  "2;5": {
    "d_separation": 0.0
  },
  "2;6": {
    "d_separation": 0.0
  },
  "2;7": {
    "d_separation": 0.0
  },
  "2;8": {
    "d_separation": 0.0
  },
  "2;9": {
    "d_separation": 0.0
  },
  "3;4": {
    "d_separation": 0.0
  },
  "3;5": {
    "d_separation": 0.0
  },
  "3;6": {
    "d_separation": 0.0
  },
  "3;7": {
    "d_separation": 0.0
  },
  "3;8": {
    "d_separation": 0.0
  },
  "3;9": {
    "d_separation": 0.0
  },
  "4;5": {
    "d_separation": 0.0
  },
  "4;6": {
    "d_separation": 0.0
  },
  "4;7": {
    "d_separation": 0.0
  },
  "4;8": {
    "d_separation": 0.0
  },
  "4;9": {
    "d_separation": 0.0
  },
  "5;6": {
    "d_separation": 0.0
  },
  "5;7": {
    "d_separation": 0.0
  },
  "5;8": {
    "d_separation": 0.0
  },
  "5;9": {
    "d_separation": 0.0
  },
  "6;7": {
    "d_separation": 0.0
  },
  "6;8": {
    "d_separation": 0.0
  },
  "6;9": {
    "d_separation": 0.0
  },
  "7;8": {
    "d_separation": 0.0
  },
  "7;9": {
    "d_separation": 0.0
  },
  "8;9": {
    "d_separation": 0.0
  },
  "0;1|2": {
    "kci": 0.5391284719500604
  },
  "0;1|3": {
    "kci": 0.5729752816586793
  },
  "0;1|4": {
    "kci": 0.48618500538249254
  },
  "0;1|5": {
    "kci": 0.46647682502785437
  },
  "0;1|6": {
    "kci": 0.5665151739181356
  },
  "0;1|7": {
    "kci": 0.5954683926810953
  },
  "0;1|8": {
    "kci": 0.5424516302234883
  },
  "0;1|9": {
    "kci": 0.328974339199954
  },
  "0;2|1": {
    "kci": 0.23426154285182288
  },
  "0;2|3": {
    "kci": 0.3072848142336211
  },
  "0;2|4": {
    "kci": 0.36680553993654885
  },
  "0;2|5": {
    "kci": 0.12688309364827655
  },
  "0;2|6": {
    "kci": 0.46679952785103995
  },
  "0;2|7": {
    "kci": 0.38479038232954976
  },
  "0;2|8": {
    "kci": 0.4163191595612873
  },
  "0;2|9": {
    "kci": 0.5460426398181224
  },
  "0;3|1": {
    "kci": 7.109446226349903e-05
  },
  "0;3|2": {
    "kci": 2.202329912082135e-05
  },
  "0;3|4": {
    "kci": 0.00015220075794086796
  },
  "0;3|5": {
    "kci": 1.8974243767622134e-05
  },
  "0;3|6": {
    "kci": 5.874325081212106e-05
  },
  "0;3|7": {
    "kci": 0.0005273689361920963
  },
  "0;3|8": {
    "kci": 0.00028171204718885345
  },
  "0;3|9": {
    "kci": 0.0008538318561064351
  },
  "0;4|1": {
    "kci": 5.231975893416063e-06
  },
  "0;4|2": {
    "kci": 2.0293568898654968e-06
  },
  "0;4|3": {
    "kci": 5.473103481534736e-05
  },
  "0;4|5": {
    "kci": 4.298003603897538e-05
  },
  "0;4|6": {
    "kci": 2.8218890821163356e-05
  },
  "0;4|7": {
    "kci": 0.00016843137343092174
  },
  "0;4|8": {
    "kci": 1.2900297891027535e-05
  },
  "0;4|9": {
    "kci": 0.0009916501204871864
  },
  "0;5|1": {
    "kci": 0.00038308203640280425
  },
  "0;5|2": {
    "kci": 2.5268153540647376e-06
  },
  "0;5|3": {
    "kci": 3.852494327882816e-06
  },
  "0;5|4": {
    "kci": 7.440555590321196e-05
  },
  "0;5|6": {
    "kci": 4.704502382990583e-06
  },
  "0;5|7": {
    "kci": 3.2264984872742986e-07
  },
  "0;5|8": {
    "kci": 6.208341016611385e-05
  },
  "0;5|9": {
    "kci": 1.50801505482967e-06
  },
  "0;6|1": {
    "kci": 0.29778375292572945
  },
  "0;6|2": {
    "kci": 0.40891860597013585
  },
  "0;6|3": {
    "kci": 0.31053464338751957
  },
  "0;6|4": {
    "kci": 0.43213849363897794
  },
  "0;6|5": {
    "kci": 0.39959726914601656
  },
  "0;6|7": {
    "kci": 0.3504727741050625
  },
  "0;6|8": {
    "kci": 0.3429761100115416
  },
  "0;6|9": {
    "kci": 0.26880527506801666
  },
  "0;7|1": {
    "kci": 0.0003079151672524816
  },
  "0;7|2": {
    "kci": 5.5765627514858807e-05
  },
  "0;7|3": {
    "kci": 0.00016190379571723312
  },
  "0;7|4": {
    "kci": 0.0005910458457836221
  },
  "0;7|5": {
    "kci": 0.011800496823243356
  },
  "0;7|6": {
    "kci": 2.231518516615516e-05
  },
  "0;7|8": {
    "kci": 0.0008988247857497633
  },
  "0;7|9": {
    "kci": 0.010454498739539964
  },
  "0;8|1": {
    "kci": 0.09169644864960746
  },
  "0;8|2": {
    "kci": 0.061367972718522235
  },
  "0;8|3": {
    "kci": 0.00736743756524616
  },
  "0;8|4": {
    "kci": 0.29241096654250054
  },
  "0;8|5": {
    "kci": 0.47789937807933924
  },
  "0;8|6": {
    "kci": 0.09400745919142084
  },
  "0;8|7": {
    "kci": 0.03285837080553833
  },
  "0;8|9": {
    "kci": 0.20520006341837582
  },
  "0;9|1": {
    "kci": 0.017697290259631293
  },
  "0;9|2": {
    "kci": 0.038622684636237636
  },
  "0;9|3": {
    "kci": 0.01149887123396287
  },
  "0;9|4": {
    "kci": 0.11569789535874953
  },
  "0;9|5": {
    "kci": 0.15532075810579027
  },
  "0;9|6": {
    "kci": 0.05754084519137459
  },
  "0;9|7": {
    "kci": 0.3617819384718266
  },
  "0;9|8": {
    "kci": 0.15245223060803204
  },
  "1;2|0": {
    "kci": 0.001263283591261044
  },
  "1;2|3": {
    "kci": 0.00030515430967570367
  },
  "1;2|4": {
    "kci": 0.00018072201468177784
  },
  "1;2|5": {
    "kci": 0.0017275143469275278
  },
  "1;2|6": {
    "kci": 0.0005509786261995719
  },
  "1;2|7": {
    "kci": 3.315040059603813e-05
  },
  "1;2|8": {
    "kci": 0.0012385920118520577
  },
  "1;2|9": {
    "kci": 0.0387289555265663
  },
  "1;3|0": {
    "kci": 0.0003632454908051308
  },
  "1;3|2": {
    "kci": 0.0009734029472900918
  },
  "1;3|4": {
    "kci": 0.0004535763217639044
  },
  "1;3|5": {
    "kci": 6.378852482524788e-05
  },
  "1;3|6": {
    "kci": 0.00033140153984501097
  },
  "1;3|7": {
    "kci": 3.1655280428255494e-05
  },
  "1;3|8": {
    "kci": 0.000420497086051963
  },
  "1;3|9": {
    "kci": 0.0014332860645214218
  },
  "1;4|0": {
    "kci": 0.044212560216663754
  },
  "1;4|2": {
    "kci": 0.02068682194892768
  },
  "1;4|3": {
    "kci": 0.027712189766150197
  },
  "1;4|5": {
    "kci": 0.013815576925489959
  },
  "1;4|6": {
    "kci": 0.023650708416897204
  },
  "1;4|7": {
    "kci": 0.023519927742184032
  },
  "1;4|8": {
    "kci": 0.006305988281302244
  },
  "1;4|9": {
    "kci": 0.003257363223985288
  },
  "1;5|0": {
    "kci": 0.44096688607528833
  },
  "1;5|2": {
    "kci": 0.4943950406760891
  },
  "1;5|3": {
    "kci": 0.4049699831469662
  },
  "1;5|4": {
    "kci": 0.44339661779208994
  },
  "1;5|6": {
    "kci": 0.347251259970459
  },
  "1;5|7": {
    "kci": 0.4903689734916614
  },
  "1;5|8": {
    "kci": 0.41654164806687133
  },
  "1;5|9": {
    "kci": 0.29287813888059455
  },
  "1;6|0": {
    "kci": 0.42872218058183154
  },
  "1;6|2": {
    "kci": 0.4405610321121881
  },
  "1;6|3": {
    "kci": 0.3992023866841711
  },
  "1;6|4": {
    "kci": 0.3453137330110836
  },
  "1;6|5": {
    "kci": 0.38640116489735477
  },
  "1;6|7": {
    "kci": 0.40712976571564363
  },
  "1;6|8": {
    "kci": 0.36608983411902374
  },
  "1;6|9": {
    "kci": 0.3168999856965551
  },
  "1;7|0": {
    "kci": 0.06992890370420679
  },
  "1;7|2": {
    "kci": 0.13546686195016366
  },
  "1;7|3": {
    "kci": 0.09317545518156523
  },
  "1;7|4": {
    "kci": 0.02023114430096884
  },
  "1;7|5": {
    "kci": 0.06861275180909865
  },
  "1;7|6": {
    "kci": 0.10172849637280557
  },
  "1;7|8": {
    "kci": 0.38573805502788017
  },
  "1;7|9": {
    "kci": 0.8642064277146988
  },
  "1;8|0": {
    "kci": 0.41547287112875364
  },
  "1;8|2": {
    "kci": 0.4625882535863919
  },
  "1;8|3": {
    "kci": 0.37941214751752084
  },