{
  "data_hash": "2fa90d496516f722f96e94cf89866883",
  "0;1": {
    "d_separation": 0.0
  },
  "0;2": {
    "d_separation": 0.0
  },
  "0;3": {
    "d_separation": 0.0
  },
  "0;4": {
    "d_separation": 0.0
  },
  "0;5": {
    "d_separation": 0.0
  },
  "0;6": {
    "d_separation": 0.0
  },
  "0;7": {
    "d_separation": 0.0
  },
  "0;8": {
    "d_separation": 0.0
  },
  "0;9": {
    "d_separation": 0.0
  },
  "1;2": {
    "d_separation": 0.0
  },
  "1;3": {
    "d_separation": 1.0
  },
  "1;4": {
    "d_separation": 0.0
  },
  "1;5": {
    "d_separation": 0.0
  },
  "1;6": {
    "d_separation": 1.0
  },
  "1;7": {
    "d_separation": 0.0
  },
  "1;8": {
    "d_separation": 0.0
  },
  "1;9": {
    "d_separation": 0.0
  },
  "2;3": {
    "d_separation": 0.0
  },
  "2;4": {
    "d_separation": 0.0
  },
  "2;5": {
    "d_separation": 0.0
  },
  "2;6": {
    "d_separation": 0.0
  },
  "2;7": {
    "d_separation": 0.0
  },
  "2;8": {
    "d_separation": 0.0
  },
  "2;9": {
    "d_separation": 0.0
  },
  "3;4": {
    "d_separation": 0.0
  },
  "3;5": {
    "d_separation": 0.0
  },
  "3;6": {
    "d_separation": 0.0
  },
  "3;7": {
    "d_separation": 0.0
  },
  "3;8": {
    "d_separation": 0.0
  },
  "3;9": {
    "d_separation": 0.0
  },
  "4;5": {
    "d_separation": 0.0
  },
  "4;6": {
    "d_separation": 0.0
  },
  "4;7": {
    "d_separation": 0.0
  },
  "4;8": {
    "d_separation": 0.0
  },
  "4;9": {
    "d_separation": 0.0
  },
  "5;6": {
    "d_separation": 0.0
  },
  "5;7": {
    "d_separation": 0.0
  },
  "5;8": {
    "d_separation": 0.0
  },
  "5;9": {
    "d_separation": 0.0
  },
  "6;7": {
    "d_separation": 0.0
  },
  "6;8": {
    "d_separation": 0.0
  },
  "6;9": {
    "d_separation": 0.0
  },
  "7;8": {
    "d_separation": 0.0
  },
  "7;9": {
    "d_separation": 0.0
  },
  "8;9": {
    "d_separation": 0.0
  },
  "0;1|2": {
    "fisherz": 0.8875529190940048
  },
  "0;1|3": {
    "fisherz": 0.847255742781519
  },
  "0;1|4": {
    "fisherz": 0.8416327698837502
  },
  "0;1|5": {
    "fisherz": 0.8403671379619246
  },
  "0;1|6": {
    "fisherz": 0.8137659979497085
  },
  "0;1|7": {
    "fisherz": 0.8567084829958378
  },
  "0;1|8": {
    "fisherz": 0.8481395094830804
  },
  "0;1|9": {
    "fisherz": 0.8691078907660104
  },
  "0;2|1": {
    "fisherz": 0.2801493310440235
  },
  "0;2|3": {
    "fisherz": 0.2804076806779423
  },
  "0;2|4": {
    "fisherz": 0.28172271452632813
  },
  "0;2|5": {
    "fisherz": 0.3550058582302471
  },
  "0;2|6": {
    "fisherz": 0.362262807863613
  },
  "0;2|7": {
    "fisherz": 0.2779421079016824
  },
  "0;2|8": {
    "fisherz": 0.2764163311222543
  },
  "0;2|9": {
    "fisherz": 0.5048588996210017
  },
  "0;3|1": {
    "fisherz": 0.8912041317917461
  },
  "0;3|2": {
    "fisherz": 0.9850514764956801
  },
  "0;3|4": {
    "fisherz": 0.8897539151665792
  },
  "0;3|5": {
    "fisherz": 0.9853223079102675
  },
  "0;3|6": {
    "fisherz": 0.9067991166730012
  },
  "0;3|7": {
    "fisherz": 0.8920629243184772
  },
  "0;3|8": {
    "fisherz": 0.8919953618749252
  },
  "0;3|9": {
    "fisherz": 0.8550103789570811
  },
  "0;4|1": {
    "fisherz": 0.7464588609021545
  },
  "0;4|2": {
    "fisherz": 0.7813910277894374
  },
  "0;4|3": {
    "fisherz": 0.7491857906386701
  },
  "0;4|5": {
    "fisherz": 0.6946879651738997
  },
  "0;4|6": {
    "fisherz": 0.6921766934810087
  },
  "0;4|7": {
    "fisherz": 0.7505770283870201
  },
  "0;4|8": {
    "fisherz": 0.7502043426200999
  },
  "0;4|9": {
    "fisherz": 0.8812344519480559
  },
  "0;5|1": {
    "fisherz": 0.30027984414940123
  },
  "0;5|2": {
    "fisherz": 0.3891758948286088
  },
  "0;5|3": {
    "fisherz": 0.3052601339685532
  },
  "0;5|4": {
    "fisherz": 0.28950791552848454
  },
  "0;5|6": {
    "fisherz": 0.29361596113801336
  },
  "0;5|7": {
    "fisherz": 0.2974841004595834
  },
  "0;5|8": {
    "fisherz": 0.3014087153523488
  },
  "0;5|9": {
    "fisherz": 0.3869607902247725
  },
  "0;6|1": {
    "fisherz": 0.4716096778763168
  },
  "0;6|2": {
    "fisherz": 0.7016768304949816
  },
  "0;6|3": {
    "fisherz": 0.4817979473134335
  },
  "0;6|4": {
    "fisherz": 0.45633780013929925
  },
  "0;6|5": {
    "fisherz": 0.4652415566188104
  },
  "0;6|7": {
    "fisherz": 0.4833874296353322
  },
  "0;6|8": {
    "fisherz": 0.47893353451333875
  },
  "0;6|9": {
    "fisherz": 0.5111954970093096
  },
  "0;7|1": {
    "fisherz": 0.9362917294991473
  },
  "0;7|2": {
    "fisherz": 0.946409426531085
  },
  "0;7|3": {
    "fisherz": 0.9180294745869357
  },
  "0;7|4": {
    "fisherz": 0.9194618865940123
  },
  "0;7|5": {
    "fisherz": 0.8699102490165034
  },
  "0;7|6": {
    "fisherz": 0.961672038098816
  },
  "0;7|8": {
    "fisherz": 0.9183024492983998
  },
  "0;7|9": {
    "fisherz": 0.9388532749915683
  },
  "0;8|1": {
    "fisherz": 0.972797525018769
  },
  "0;8|2": {
    "fisherz": 0.9584653812566277
  },
  "0;8|3": {
    "fisherz": 0.970981039516005
  },
  "0;8|4": {
    "fisherz": 0.9718582411770291
  },
  "0;8|5": {
    "fisherz": 0.9931459286119526
  },
  "0;8|6": {
    "fisherz": 0.9556796860178476
  },
  "0;8|7": {
    "fisherz": 0.9720287734275253
  },
  "0;8|9": {
    "fisherz": 0.8320687589278131
  },
  "0;9|1": {
    "fisherz": 0.03884481536125839
  },
  "0;9|2": {
    "fisherz": 0.06008682584150593
  },
  "0;9|3": {
    "fisherz": 0.038282037317311834
  },
  "0;9|4": {
    "fisherz": 0.04047867411793682
  },
  "0;9|5": {
    "fisherz": 0.04673484730522115
  },
  "0;9|6": {
    "fisherz": 0.04020897391477063
  },
  "0;9|7": {
    "fisherz": 0.03873116626149731
  },
  "0;9|8": {
    "fisherz": 0.037637205300296905
  },
  "1;2|0": {
    "fisherz": 0.5193409799164217
  },
  "1;2|4": {
    "fisherz": 0.5019178282435703
  },
  "1;2|5": {
    "fisherz": 0.49077779570250923
  },
  "1;2|7": {
    "fisherz": 0.5447045874109304
  },
  "1;2|8": {
    "fisherz": 0.5099331302747085
  },
  "1;2|9": {
    "fisherz": 0.5288162641584044
  },
  "1;4|0": {
    "fisherz": 0.7236507638867009
  },
  "1;4|2": {
    "fisherz": 0.707537413023231
  },
  "1;4|5": {
    "fisherz": 0.7198814725574585
  },
  "1;4|7": {
    "fisherz": 0.7183494876804373
  },
  "1;4|8": {
    "fisherz": 0.7269431628366869
  },
  "1;4|9": {
    "fisherz": 0.7138019069531023
  },
  "1;5|0": {
    "fisherz": 0.890135710889133
  },
  "1;5|2": {
    "fisherz": 0.8095557920445315
  },
  "1;5|4": {
    "fisherz": 0.8820463385124762
  },
  "1;5|7": {
    "fisherz": 0.9808844065578615
  },
  "1;5|8": {
    "fisherz": 0.8979755391248776
  },
  "1;5|9": {
    "fisherz": 0.8875305240783311
  },
  "1;7|0": {
    "fisherz": 0.08608429986704924
  },
  "1;7|2": {
    "fisherz": 0.08941224415131388
  },
  "1;7|4": {
    "fisherz": 0.0854244461569027
  },
  "1;7|5": {
    "fisherz": 0.08665060844883987
  },
  "1;7|8": {
    "fisherz": 0.08593899958446793
  },
  "1;7|9": {
    "fisherz": 0.0878140878021143
  },
  "1;8|0": {
    "fisherz": 0.916649642421933
  },
  "1;8|2": {
    "fisherz": 0.9083002525377202
  },
  "1;8|4": {
    "fisherz": 0.9160132551496876
  },
  "1;8|5": {
    "fisherz": 0.9119988506146524
  },
  "1;8|7": {
    "fisherz": 0.921934476165923
  },
  "1;8|9": {
    "fisherz": 0.9027845885038797
  },
  "1;9|0": {
    "fisherz": 0.8651626843401952
  },
  "1;9|2": {
    "fisherz": 0.9552543084595375
  },
  "1;9|4": {
    "fisherz": 0.8211838606887036
  },
  "1;9|5": {
    "fisherz": 0.8354032714092969
  },
  "1;9|7": {
    "fisherz": 0.9615780912611784
  },
  "1;9|8": {
    "fisherz": 0.8370222010798316
  },
  "1;2|3": {
    "fisherz": 0.5024032655759156
  },
  "1;2|6": {
    "fisherz": 0.3265042495392696
  },
  "2;3|0": {
    "fisherz": 0.13141127117624407
  },
  "2;3|1": {
    "fisherz": 0.12839762259992904
  },
  "2;3|4": {
    "fisherz": 0.12827487879789
  },
  "2;3|5": {
    "fisherz": 0.20618937089338818
  },
  "2;3|6": {
    "fisherz": 0.14077681458603908
  },
  "2;3|7": {
    "fisherz": 0.12952335025386663
  },
  "2;3|8": {
    "fisherz": 0.13017204743928268
  },