{
  "data_hash": "30691a20e63aec519f59b96abe0fb8b0",
  "0;1": {
    "d_separation": 0.0
  },
  "0;2": {
    "d_separation": 0.0
  },
  "0;3": {
    "d_separation": 0.0
  },
  "0;4": {
    "d_separation": 0.0
  },
  "0;5": {
    "d_separation": 0.0
  },
  "0;6": {
    "d_separation": 0.0
  },
  "0;7": {
    "d_separation": 0.0
  },
  "0;8": {
    "d_separation": 0.0
  },
  "0;9": {
    "d_separation": 0.0
  },
  "1;2": {
    "d_separation": 0.0
  },
  "1;3": {
    "d_separation": 0.0
  },
  "1;4": {
    "d_separation": 0.0
  },
  "1;5": {
    "d_separation": 0.0
  },
  "1;6": {
    "d_separation": 0.0
  },
  "1;7": {
    "d_separation": 0.0
  },
  "1;8": {
    "d_separation": 0.0
  },
  "1;9": {
    "d_separation": 0.0
  },
  "2;3": {
    "d_separation": 0.0
  },
  "2;4": {
    "d_separation": 0.0
  },
  "2;5": {
    "d_separation": 0.0
  },
  "2;6": {
    "d_separation": 0.0
  },
  "2;7": {
    "d_separation": 0.0
  },
  "2;8": {
    "d_separation": 0.0
  },
  "2;9": {
    "d_separation": 0.0
  },
  "3;4": {
    "d_separation": 0.0
  },
  "3;5": {
    "d_separation": 0.0
  },
  "3;6": {
    "d_separation": 0.0
  },
  "3;7": {
    "d_separation": 0.0
  },
  "3;8": {
    "d_separation": 0.0
  },
  "3;9": {
    "d_separation": 0.0
  },
  "4;5": {
    "d_separation": 0.0
  },
  "4;6": {
    "d_separation": 0.0
  },
  "4;7": {
    "d_separation": 0.0
  },
  "4;8": {
    "d_separation": 0.0
  },
  "4;9": {
    "d_separation": 0.0
  },
  "5;6": {
    "d_separation": 0.0
  },
  "5;7": {
    "d_separation": 0.0
  },
  "5;8": {
    "d_separation": 0.0
  },
  "5;9": {
    "d_separation": 0.0
  },
  "6;7": {
    "d_separation": 0.0
  },
  "6;8": {
    "d_separation": 0.0
  },
  "6;9": {
    "d_separation": 0.0
  },
  "7;8": {
    "d_separation": 0.0
  },
  "7;9": {
    "d_separation": 0.0
  },
  "8;9": {
    "d_separation": 0.0
  },
  "0;1|2": {
    "kci": 0.4717665372816148
  },
  "0;1|3": {
    "kci": 0.3320596794195103
  },
  "0;1|4": {
    "kci": 0.5626797124513037
  },
  "0;1|5": {
    "kci": 0.5422991570033966
  },
  "0;1|6": {
    "kci": 0.5152011531700924
  },
  "0;1|7": {
    "kci": 0.4207272317791688
  },
  "0;1|8": {
    "kci": 0.5282281235090941
  },
  "0;1|9": {
    "kci": 0.5779554203219979
  },
  "0;2|1": {
    "kci": 0.44686912140018076
  },
  "0;2|3": {
    "kci": 0.5078345523400096
  },
  "0;2|4": {
    "kci": 0.4891994026863905
  },
  "0;2|5": {
    "kci": 0.5188367588573666
  },
  "0;2|6": {
    "kci": 0.4115074699743526
  },
  "0;2|7": {
    "kci": 0.46714760127796484
  },
  "0;2|8": {
    "kci": 0.5073507031941248
  },
  "0;2|9": {
    "kci": 0.4144139690845433
  },
  "0;3|1": {
    "kci": 0.5026570112603211
  },
  "0;3|2": {
    "kci": 0.5365789194253208
  },
  "0;3|4": {
    "kci": 0.46959660469986086
  },
  "0;3|5": {
    "kci": 0.5277703259255044
  },
  "0;3|6": {
    "kci": 0.5307178353890731
  },
  "0;3|7": {
    "kci": 0.48412901382658613
  },
  "0;3|8": {
    "kci": 0.5245532557283732
  },
  "0;3|9": {
    "kci": 0.5267522159716473
  },
  "0;4|1": {
    "kci": 0.5602438956881871
  },
  "0;4|2": {
    "kci": 0.47338201513488487
  },
  "0;4|3": {
    "kci": 0.19918592103931032
  },
  "0;4|5": {
    "kci": 0.4737747188317897
  },
  "0;4|6": {
    "kci": 0.4258307941715943
  },
  "0;4|7": {
    "kci": 0.28486282439973354
  },
  "0;4|8": {
    "kci": 0.47816049897669
  },
  "0;4|9": {
    "kci": 0.43862736954456694
  },
  "0;5|1": {
    "kci": 0.37986787768674835
  },
  "0;5|2": {
    "kci": 0.34953892919064
  },
  "0;5|3": {
    "kci": 0.3972698932547253
  },
  "0;5|4": {
    "kci": 0.7161560791869529
  },
  "0;5|6": {
    "kci": 0.3579613043378711
  },
  "0;5|7": {
    "kci": 0.4870208100608878
  },
  "0;5|8": {
    "kci": 0.35595260729824896
  },
  "0;5|9": {
    "kci": 0.3665645326943332
  },
  "0;6|1": {
    "kci": 0.3591500241654699
  },
  "0;6|2": {
    "kci": 0.33596524845560904
  },
  "0;6|3": {
    "kci": 0.30177230751715545
  },
  "0;6|4": {
    "kci": 0.336066935047587
  },
  "0;6|5": {
    "kci": 0.3754743757931436
  },
  "0;6|7": {
    "kci": 0.4158871289182391
  },
  "0;6|8": {
    "kci": 0.3794207975307221
  },
  "0;6|9": {
    "kci": 0.374252811434286
  },
  "0;7|1": {
    "kci": 0.6359530883442885
  },
  "0;7|2": {
    "kci": 0.4840263040297974
  },
  "0;7|3": {
    "kci": 0.7169793136449046
  },
  "0;7|4": {
    "kci": 0.655866158711996
  },
  "0;7|5": {
    "kci": 0.6615575042851604
  },
  "0;7|6": {
    "kci": 0.6209675667514621
  },
  "0;7|8": {
    "kci": 0.5330870552785034
  },
  "0;7|9": {
    "kci": 0.6491681184764808
  },
  "0;8|1": {
    "kci": 0.5201740045017478
  },
  "0;8|2": {
    "kci": 0.40741309261652503
  },
  "0;8|3": {
    "kci": 0.4303916907032763
  },
  "0;8|4": {
    "kci": 0.4576524900598774
  },
  "0;8|5": {
    "kci": 0.4297636673248617
  },
  "0;8|6": {
    "kci": 0.42996456922811466
  },
  "0;8|7": {
    "kci": 0.42426402149254006
  },
  "0;8|9": {
    "kci": 0.40293195551470873
  },
  "0;9|1": {
    "kci": 0.20478798555512956
  },
  "0;9|2": {
    "kci": 0.1514589783920982
  },
  "0;9|3": {
    "kci": 0.23210203011880082
  },
  "0;9|4": {
    "kci": 0.20786902738156832
  },
  "0;9|5": {
    "kci": 0.20785895213929506
  },
  "0;9|6": {
    "kci": 0.2159442908189022
  },
  "0;9|7": {
    "kci": 0.2670668524715746
  },
  "0;9|8": {
    "kci": 0.18967824574133418
  },
  "1;2|0": {
    "kci": 0.34059402650120973
  },
  "1;2|3": {
    "kci": 0.5467922686118905
  },
  "1;2|4": {
    "kci": 0.39788375455499914
  },
  "1;2|5": {
    "kci": 0.4003495394126203
  },
  "1;2|6": {
    "kci": 0.3288072180374565
  },
  "1;2|7": {
    "kci": 0.4123094897293774
  },
  "1;2|8": {
    "kci": 0.25894591943944767
  },
  "1;2|9": {
    "kci": 0.3988426592377299
  },
  "1;3|0": {
    "kci": 0.3991293884376508
  },
  "1;3|2": {
    "kci": 0.43253311778123327
  },
  "1;3|4": {
    "kci": 0.5997350483399786
  },
  "1;3|5": {
    "kci": 0.42029895780905124
  },
  "1;3|6": {
    "kci": 0.42549864477094723
  },
  "1;3|7": {
    "kci": 0.33509364793928487
  },
  "1;3|8": {
    "kci": 0.4172721821184595
  },
  "1;3|9": {
    "kci": 0.41668962878922944
  },
  "1;4|0": {
    "kci": 0.19153785139505763
  },
  "1;4|2": {
    "kci": 0.1955402674531206
  },
  "1;4|3": {
    "kci": 0.20989122002941474
  },
  "1;4|5": {
    "kci": 0.19688530169388252
  },
  "1;4|6": {
    "kci": 0.2017155906886826
  },
  "1;4|7": {
    "kci": 0.28100119206881824
  },
  "1;4|8": {
    "kci": 0.2105671812668798
  },
  "1;4|9": {
    "kci": 0.20122738300335663
  },
  "1;5|0": {
    "kci": 0.47185336996082605
  },
  "1;5|2": {
    "kci": 0.42176737887206706
  },
  "1;5|3": {
    "kci": 0.7262487354476739
  },
  "1;5|4": {
    "kci": 0.4787887711136256
  },
  "1;5|6": {
    "kci": 0.4289626861952922
  },
  "1;5|7": {
    "kci": 0.4476783865708418
  },
  "1;5|8": {
    "kci": 0.5156782970946211
  },
  "1;5|9": {
    "kci": 0.4564767692105973
  },
  "1;6|0": {
    "kci": 0.2202296624792035
  },
  "1;6|2": {
    "kci": 0.6596856157704577
  },
  "1;6|3": {
    "kci": 0.5075298026157612
  },
  "1;6|4": {
    "kci": 0.29287778902222805
  },
  "1;6|5": {
    "kci": 0.36427619145458967
  },
  "1;6|7": {
    "kci": 0.4866033245470023
  },
  "1;6|8": {
    "kci": 0.27534794203727175
  },
  "1;6|9": {
    "kci": 0.3832542161642215
  },
  "1;7|0": {
    "kci": 0.30864823782657713
  },
  "1;7|2": {
    "kci": 0.587418766557283
  },
  "1;7|3": {
    "kci": 0.47839443148839567
  },
  "1;7|4": {
    "kci": 0.38952491622241436
  },
  "1;7|5": {
    "kci": 0.3576445888707551
  },
  "1;7|6": {
    "kci": 0.3313422948918687
  },
  "1;7|8": {
    "kci": 0.39422813067341744
  },
  "1;7|9": {
    "kci": 0.3516005159653688
  },
  "1;8|0": {
    "kci": 0.26389524418292054
  },
  "1;8|2": {
    "kci": 0.28537822021901516
  },
  "1;8|3": {
    "kci": 0.30754356680777906
  },
  "1;8|4": {
    "kci": 0.31256367154810905
  },
  "1;8|5": {
    "kci": 0.3147648740451301
  },
  "1;8|6": {
    "kci": 0.2099748312476445
  },
  "1;8|7": {
    "kci": 0.31952313784702246
  },