{
  "data_hash": "31763148f6fe510fe9611ad5ffeee8d6",
  "0;1": {
    "d_separation": 0.0
  },
  "0;2": {
    "d_separation": 0.0
  },
  "0;3": {
    "d_separation": 0.0
  },
  "0;4": {
    "d_separation": 0.0
  },
  "0;5": {
    "d_separation": 0.0
  },
  "0;6": {
    "d_separation": 0.0
  },
  "0;7": {
    "d_separation": 0.0
  },
  "0;8": {
    "d_separation": 0.0
  },
  "0;9": {
    "d_separation": 0.0
  },
  "1;2": {
    "d_separation": 0.0
  },
  "1;3": {
    "d_separation": 0.0
  },
  "1;4": {
    "d_separation": 0.0
  },
  "1;5": {
    "d_separation": 0.0
  },
  "1;6": {
    "d_separation": 0.0
  },
  "1;7": {
    "d_separation": 0.0
  },
  "1;8": {
    "d_separation": 0.0
  },
  "1;9": {
    "d_separation": 0.0
  },
  "2;3": {
    "d_separation": 0.0
  },
  "2;4": {
    "d_separation": 0.0
  },
  "2;5": {
    "d_separation": 0.0
  },
  "2;6": {
    "d_separation": 0.0
  },
  "2;7": {
    "d_separation": 0.0
  },
  "2;8": {
    "d_separation": 0.0
  },
  "2;9": {
    "d_separation": 0.0
  },
  "3;4": {
    "d_separation": 0.0
  },
  "3;5": {
    "d_separation": 0.0
  },
  "3;6": {
    "d_separation": 0.0
  },
  "3;7": {
    "d_separation": 0.0
  },
  "3;8": {
    "d_separation": 0.0
  },
  "3;9": {
    "d_separation": 0.0
  },
  "4;5": {
    "d_separation": 0.0
  },
  "4;6": {
    "d_separation": 0.0
  },
  "4;7": {
    "d_separation": 0.0
  },
  "4;8": {
    "d_separation": 0.0
  },
  "4;9": {
    "d_separation": 0.0
  },
  "5;6": {
    "d_separation": 0.0
  },
  "5;7": {
    "d_separation": 0.0
  },
  "5;8": {
    "d_separation": 0.0
  },
  "5;9": {
    "d_separation": 0.0
  },
  "6;7": {
    "d_separation": 0.0
  },
  "6;8": {
    "d_separation": 0.0
  },
  "6;9": {
    "d_separation": 0.0
  },
  "7;8": {
    "d_separation": 0.0
  },
  "7;9": {
    "d_separation": 0.0
  },
  "8;9": {
    "d_separation": 0.0
  },
  "0;1|2": {
    "kci": 0.36128245903964706
  },
  "0;1|3": {
    "kci": 0.31015791995972475
  },
  "0;1|4": {
    "kci": 0.3927656389986742
  },
  "0;1|5": {
    "kci": 0.282441531984879
  },
  "0;1|6": {
    "kci": 0.3890439553355023
  },
  "0;1|7": {
    "kci": 0.27553124621515024
  },
  "0;1|8": {
    "kci": 0.2977932807809496
  },
  "0;1|9": {
    "kci": 0.3682742549910012
  },
  "0;2|1": {
    "kci": 0.3887990584535127
  },
  "0;2|3": {
    "kci": 0.1729989048607341
  },
  "0;2|4": {
    "kci": 0.4042010681037749
  },
  "0;2|5": {
    "kci": 0.2696770187949522
  },
  "0;2|6": {
    "kci": 0.16898236623977314
  },
  "0;2|7": {
    "kci": 0.21665139427235702
  },
  "0;2|8": {
    "kci": 0.30994871107189237
  },
  "0;2|9": {
    "kci": 0.34605190049568546
  },
  "0;3|1": {
    "kci": 0.2340455298816707
  },
  "0;3|2": {
    "kci": 0.23682289055187078
  },
  "0;3|4": {
    "kci": 0.22337822843717048
  },
  "0;3|5": {
    "kci": 0.29624163111663515
  },
  "0;3|6": {
    "kci": 0.24517915626185138
  },
  "0;3|7": {
    "kci": 0.30842750398788676
  },
  "0;3|8": {
    "kci": 0.2543659885974875
  },
  "0;3|9": {
    "kci": 0.233415571659904
  },
  "0;4|1": {
    "kci": 0.3272268258006048
  },
  "0;4|2": {
    "kci": 0.408257766873542
  },
  "0;4|3": {
    "kci": 0.07705319078478512
  },
  "0;4|5": {
    "kci": 0.3290482682534792
  },
  "0;4|6": {
    "kci": 0.24466257539742764
  },
  "0;4|7": {
    "kci": 0.1877859434011364
  },
  "0;4|8": {
    "kci": 0.21471973936872413
  },
  "0;4|9": {
    "kci": 0.3638253701353813
  },
  "0;5|1": {
    "kci": 0.39313810337729327
  },
  "0;5|2": {
    "kci": 0.3520956578656341
  },
  "0;5|3": {
    "kci": 0.5675425971566711
  },
  "0;5|4": {
    "kci": 0.3136268010829977
  },
  "0;5|6": {
    "kci": 0.3933030875541538
  },
  "0;5|7": {
    "kci": 0.5047609700777609
  },
  "0;5|8": {
    "kci": 0.44633724044264866
  },
  "0;5|9": {
    "kci": 0.48252839599597463
  },
  "0;6|1": {
    "kci": 0.31708194029025216
  },
  "0;6|2": {
    "kci": 0.2974882442549439
  },
  "0;6|3": {
    "kci": 0.14742016346530362
  },
  "0;6|4": {
    "kci": 0.32625331596402907
  },
  "0;6|5": {
    "kci": 0.22402996308486567
  },
  "0;6|7": {
    "kci": 0.1426707659782398
  },
  "0;6|8": {
    "kci": 0.5313891968769175
  },
  "0;6|9": {
    "kci": 0.25523410885471676
  },
  "0;7|1": {
    "kci": 0.010273674326546911
  },
  "0;7|2": {
    "kci": 1.7722074643344854e-06
  },
  "0;7|3": {
    "kci": 0.0856034435177393
  },
  "0;7|4": {
    "kci": 3.8897503981338843e-05
  },
  "0;7|5": {
    "kci": 0.22479088622049015
  },
  "0;7|6": {
    "kci": 0.00013264800337542404
  },
  "0;7|8": {
    "kci": 0.051383649825655464
  },
  "0;7|9": {
    "kci": 0.00014314155806938178
  },
  "0;8|1": {
    "kci": 0.0023805036885192754
  },
  "0;8|2": {
    "kci": 0.003576660961952194
  },
  "0;8|3": {
    "kci": 0.038938819073662145
  },
  "0;8|4": {
    "kci": 0.004152950922573395
  },
  "0;8|5": {
    "kci": 0.0675137984306644
  },
  "0;8|6": {
    "kci": 0.0028841421273821943
  },
  "0;8|7": {
    "kci": 0.04454719509940064
  },
  "0;8|9": {
    "kci": 0.004812315173572501
  },
  "0;9|1": {
    "kci": 0.3449225516449578
  },
  "0;9|2": {
    "kci": 0.34137369819328
  },
  "0;9|3": {
    "kci": 0.07991752240518513
  },
  "0;9|4": {
    "kci": 0.3491029752053135
  },
  "0;9|5": {
    "kci": 0.3097470939304433
  },
  "0;9|6": {
    "kci": 0.33778850820314144
  },
  "0;9|7": {
    "kci": 0.31875636423977505
  },
  "0;9|8": {
    "kci": 0.33785685350428984
  },
  "1;2|0": {
    "kci": 0.7750784976091745
  },
  "1;2|3": {
    "kci": 0.6562571877250261
  },
  "1;2|4": {
    "kci": 0.6085468561943648
  },
  "1;2|5": {
    "kci": 0.5138173085884172
  },
  "1;2|6": {
    "kci": 0.8146128678137796
  },
  "1;2|7": {
    "kci": 0.7706167716922747
  },
  "1;2|8": {
    "kci": 0.8131286663544915
  },
  "1;2|9": {
    "kci": 0.5692412114329193
  },
  "1;3|0": {
    "kci": 1.7910729122050384e-08
  },
  "1;3|2": {
    "kci": 9.453399226933001e-05
  },
  "1;3|4": {
    "kci": 0.0004037825582711152
  },
  "1;3|5": {
    "kci": 0.00014718977026306757
  },
  "1;3|6": {
    "kci": 5.4226551198133244e-05
  },
  "1;3|7": {
    "kci": 0.5358723008149295
  },
  "1;3|8": {
    "kci": 0.018576512104855336
  },
  "1;3|9": {
    "kci": 0.03490488930101643
  },
  "1;4|0": {
    "kci": 0.6799117898792586
  },
  "1;4|2": {
    "kci": 0.5928624014973252
  },
  "1;4|3": {
    "kci": 0.39663515238103786
  },
  "1;4|5": {
    "kci": 0.584585526345872
  },
  "1;4|6": {
    "kci": 0.6261259874673415
  },
  "1;4|7": {
    "kci": 0.46242181618486977
  },
  "1;4|8": {
    "kci": 0.60981789620786
  },
  "1;4|9": {
    "kci": 0.5813869476408172
  },
  "1;5|0": {
    "kci": 0.22450800426279638
  },
  "1;5|2": {
    "kci": 0.7298498598848996
  },
  "1;5|3": {
    "kci": 0.8050555446367162
  },
  "1;5|4": {
    "kci": 0.8094014450193545
  },
  "1;5|6": {
    "kci": 0.5443531048634591
  },
  "1;5|7": {
    "kci": 0.31990692909339535
  },
  "1;5|8": {
    "kci": 0.8014506096315054
  },
  "1;5|9": {
    "kci": 0.7206580981247328
  },
  "1;6|0": {
    "kci": 0.06661672018442988
  },
  "1;6|2": {
    "kci": 0.08776087822078149
  },
  "1;6|3": {
    "kci": 0.12685022578018812
  },
  "1;6|4": {
    "kci": 0.11752814851931692
  },
  "1;6|5": {
    "kci": 0.1675634400647651
  },
  "1;6|7": {
    "kci": 0.2670705524584729
  },
  "1;6|8": {
    "kci": 0.1355344294041183
  },
  "1;6|9": {
    "kci": 0.04402117444005216
  },
  "1;7|0": {
    "kci": 1.265209732537187e-07
  },
  "1;7|2": {
    "kci": 1.2552805441767845e-06
  },
  "1;7|3": {
    "kci": 0.0016335568527837685
  },
  "1;7|4": {
    "kci": 2.7212192569292526e-06
  },
  "1;7|5": {
    "kci": 4.2219672202747915e-11
  },
  "1;7|6": {
    "kci": 2.0237661862987366e-06
  },
  "1;7|8": {
    "kci": 0.020452375910432696
  },
  "1;7|9": {
    "kci": 4.720297907556681e-05
  },
  "1;8|0": {
    "kci": 3.1511648845850004e-10
  },
  "1;8|2": {
    "kci": 6.19940765389515e-10
  },
  "1;8|3": {
    "kci": 7.909908705805435e-08
  },
  "1;8|4": {
    "kci": 3.359947875480884e-10
  },
  "1;8|5": {
    "kci": 3.2611265909920917e-09
  },