{
  "data_hash": "32ff61bc32e265181818156659d5b92a",
  "0;1": {
    "d_separation": 0.0
  },
  "0;2": {
    "d_separation": 0.0
  },
  "0;3": {
    "d_separation": 0.0
  },
  "0;4": {
    "d_separation": 0.0
  },
  "0;5": {
    "d_separation": 0.0
  },
  "0;6": {
    "d_separation": 0.0
  },
  "0;7": {
    "d_separation": 0.0
  },
  "0;8": {
    "d_separation": 0.0
  },
  "0;9": {
    "d_separation": 0.0
  },
  "1;2": {
    "d_separation": 0.0
  },
  "1;3": {
    "d_separation": 0.0
  },
  "1;4": {
    "d_separation": 0.0
  },
  "1;5": {
    "d_separation": 0.0
  },
  "1;6": {
    "d_separation": 0.0
  },
  "1;7": {
    "d_separation": 0.0
  },
  "1;8": {
    "d_separation": 0.0
  },
  "1;9": {
    "d_separation": 0.0
  },
  "2;3": {
    "d_separation": 0.0
  },
  "2;4": {
    "d_separation": 0.0
  },
  "2;5": {
    "d_separation": 0.0
  },
  "2;6": {
    "d_separation": 0.0
  },
  "2;7": {
    "d_separation": 0.0
  },
  "2;8": {
    "d_separation": 0.0
  },
  "2;9": {
    "d_separation": 0.0
  },
  "3;4": {
    "d_separation": 0.0
  },
  "3;5": {
    "d_separation": 0.0
  },
  "3;6": {
    "d_separation": 0.0
  },
  "3;7": {
    "d_separation": 0.0
  },
  "3;8": {
    "d_separation": 0.0
  },
  "3;9": {
    "d_separation": 0.0
  },
  "4;5": {
    "d_separation": 0.0
  },
  "4;6": {
    "d_separation": 0.0
  },
  "4;7": {
    "d_separation": 0.0
  },
  "4;8": {
    "d_separation": 0.0
  },
  "4;9": {
    "d_separation": 0.0
  },
  "5;6": {
    "d_separation": 0.0
  },
  "5;7": {
    "d_separation": 0.0
  },
  "5;8": {
    "d_separation": 0.0
  },
  "5;9": {
    "d_separation": 0.0
  },
  "6;7": {
    "d_separation": 0.0
  },
  "6;8": {
    "d_separation": 0.0
  },
  "6;9": {
    "d_separation": 0.0
  },
  "7;8": {
    "d_separation": 0.0
  },
  "7;9": {
    "d_separation": 0.0
  },
  "8;9": {
    "d_separation": 0.0
  },
  "0;1|2": {
    "kci": 0.0010434423523961733
  },
  "0;1|3": {
    "kci": 0.00040425416109235446
  },
  "0;1|4": {
    "kci": 0.00027655243973501165
  },
  "0;1|5": {
    "kci": 0.02348995360707773
  },
  "0;1|6": {
    "kci": 0.0007685359010449755
  },
  "0;1|7": {
    "kci": 0.00030469103423136357
  },
  "0;1|8": {
    "kci": 0.0026960421633124287
  },
  "0;1|9": {
    "kci": 0.0012207048748752447
  },
  "0;2|1": {
    "kci": 0.47107674043766523
  },
  "0;2|3": {
    "kci": 0.6712749976790011
  },
  "0;2|4": {
    "kci": 0.6837385734322892
  },
  "0;2|5": {
    "kci": 0.6024389386067712
  },
  "0;2|6": {
    "kci": 0.7031183070686631
  },
  "0;2|7": {
    "kci": 0.5844877071825076
  },
  "0;2|8": {
    "kci": 0.6197974785893199
  },
  "0;2|9": {
    "kci": 0.5597247936401937
  },
  "0;3|1": {
    "kci": 0.23355516976533575
  },
  "0;3|2": {
    "kci": 0.4381216934984069
  },
  "0;3|4": {
    "kci": 0.3587951847822677
  },
  "0;3|5": {
    "kci": 0.4033498558241606
  },
  "0;3|6": {
    "kci": 0.43448802729662717
  },
  "0;3|7": {
    "kci": 0.46681251863890505
  },
  "0;3|8": {
    "kci": 0.3271398330209856
  },
  "0;3|9": {
    "kci": 0.5010082778142355
  },
  "0;4|1": {
    "kci": 0.3940130638492244
  },
  "0;4|2": {
    "kci": 0.3763310432490683
  },
  "0;4|3": {
    "kci": 0.2764737239959557
  },
  "0;4|5": {
    "kci": 0.559158600696933
  },
  "0;4|6": {
    "kci": 0.3764411890183471
  },
  "0;4|7": {
    "kci": 0.28591335456601064
  },
  "0;4|8": {
    "kci": 0.3369241997893765
  },
  "0;4|9": {
    "kci": 0.29195073633597
  },
  "0;5|1": {
    "kci": 0.12896558674688308
  },
  "0;5|2": {
    "kci": 0.017800978762006814
  },
  "0;5|3": {
    "kci": 0.014548352032590528
  },
  "0;5|4": {
    "kci": 0.014645513072752636
  },
  "0;5|6": {
    "kci": 0.012319970752826426
  },
  "0;5|7": {
    "kci": 0.009025708115257935
  },
  "0;5|8": {
    "kci": 0.020815175547842735
  },
  "0;5|9": {
    "kci": 0.04655396635707176
  },
  "0;6|1": {
    "kci": 0.12497350694184617
  },
  "0;6|2": {
    "kci": 0.10511813045305896
  },
  "0;6|3": {
    "kci": 0.11430252965351473
  },
  "0;6|4": {
    "kci": 0.11178082270304424
  },
  "0;6|5": {
    "kci": 0.18288454934670384
  },
  "0;6|7": {
    "kci": 0.11827290120598255
  },
  "0;6|8": {
    "kci": 0.0590165865908463
  },
  "0;6|9": {
    "kci": 0.22541557391129963
  },
  "0;7|1": {
    "kci": 0.21728707216754484
  },
  "0;7|2": {
    "kci": 0.23789218327771167
  },
  "0;7|3": {
    "kci": 0.23067974832790794
  },
  "0;7|4": {
    "kci": 0.21858429137750035
  },
  "0;7|5": {
    "kci": 0.04056518566903344
  },
  "0;7|6": {
    "kci": 0.2525312501834647
  },
  "0;7|8": {
    "kci": 0.24546850181391944
  },
  "0;7|9": {
    "kci": 0.28907442468788236
  },
  "0;8|1": {
    "kci": 0.3124819124797996
  },
  "0;8|2": {
    "kci": 0.27894977827942613
  },
  "0;8|3": {
    "kci": 0.27014743647445616
  },
  "0;8|4": {
    "kci": 0.28654969191584123
  },
  "0;8|5": {
    "kci": 0.36953276922563116
  },
  "0;8|6": {
    "kci": 0.3372229027797973
  },
  "0;8|7": {
    "kci": 0.2819101145157662
  },
  "0;8|9": {
    "kci": 0.2613846993904074
  },
  "0;9|1": {
    "kci": 0.28160701130747556
  },
  "0;9|2": {
    "kci": 0.2763318458675602
  },
  "0;9|3": {
    "kci": 0.2999512381346223
  },
  "0;9|4": {
    "kci": 0.2865304686382635
  },
  "0;9|5": {
    "kci": 0.2948054868910257
  },
  "0;9|6": {
    "kci": 0.3243780530928386
  },
  "0;9|7": {
    "kci": 0.39987512245765766
  },
  "0;9|8": {
    "kci": 0.1816297418090287
  },
  "1;2|0": {
    "kci": 0.0055762224401396665
  },
  "1;2|3": {
    "kci": 0.027785461302119785
  },
  "1;2|4": {
    "kci": 0.009554779647696354
  },
  "1;2|5": {
    "kci": 0.026742406578957212
  },
  "1;2|6": {
    "kci": 0.005004814385377587
  },
  "1;2|7": {
    "kci": 0.006420416998376699
  },
  "1;2|8": {
    "kci": 0.007543519339541116
  },
  "1;2|9": {
    "kci": 0.011254088678498864
  },
  "1;3|0": {
    "kci": 0.07272700936600174
  },
  "1;3|2": {
    "kci": 0.09640980434248192
  },
  "1;3|4": {
    "kci": 0.07667254802482659
  },
  "1;3|5": {
    "kci": 0.21718098763555815
  },
  "1;3|6": {
    "kci": 0.10219735553742959
  },
  "1;3|7": {
    "kci": 0.07874422873209841
  },
  "1;3|8": {
    "kci": 0.04617194720224649
  },
  "1;3|9": {
    "kci": 0.12984477702905683
  },
  "1;4|0": {
    "kci": 0.6036598887805416
  },
  "1;4|2": {
    "kci": 0.31592572893279647
  },
  "1;4|3": {
    "kci": 0.4567313722726545
  },
  "1;4|5": {
    "kci": 0.5524527214411261
  },
  "1;4|6": {
    "kci": 0.3767916603739574
  },
  "1;4|7": {
    "kci": 0.38959617654073986
  },
  "1;4|8": {
    "kci": 0.5504795475777534
  },
  "1;4|9": {
    "kci": 0.41674327666929234
  },
  "1;5|0": {
    "kci": 0.3852901375719642
  },
  "1;5|2": {
    "kci": 0.04531982050901573
  },
  "1;5|3": {
    "kci": 0.006167478521837411
  },
  "1;5|4": {
    "kci": 0.015788870207084527
  },
  "1;5|6": {
    "kci": 0.012885122232108581
  },
  "1;5|7": {
    "kci": 0.01334335840311951
  },
  "1;5|8": {
    "kci": 0.05820793636378496
  },
  "1;5|9": {
    "kci": 0.014722583667606592
  },
  "1;6|0": {
    "kci": 0.6250495918524753
  },
  "1;6|2": {
    "kci": 0.8710272625607235
  },
  "1;6|3": {
    "kci": 0.896533674617941
  },
  "1;6|4": {
    "kci": 0.794271909396381
  },
  "1;6|5": {
    "kci": 0.8998195803723308
  },
  "1;6|7": {
    "kci": 0.8103054512443686
  },
  "1;6|8": {
    "kci": 0.06608224411427432
  },
  "1;6|9": {
    "kci": 0.7537663259295879
  },
  "1;7|0": {
    "kci": 0.13861048502345985
  },
  "1;7|2": {
    "kci": 0.10877386013958068
  },
  "1;7|3": {
    "kci": 0.062460901851286055
  },
  "1;7|4": {
    "kci": 0.16874998738726155
  },
  "1;7|5": {
    "kci": 0.07890921853867372
  },
  "1;7|6": {
    "kci": 0.16601594614864068
  },
  "1;7|8": {
    "kci": 0.23303512506803847
  },
  "1;7|9": {
    "kci": 0.17578553612416292
  },
  "1;8|0": {
    "kci": 0.021523365931332417
  },
  "1;8|2": {
    "kci": 0.12300194665129638
  },
  "1;8|3": {
    "kci": 0.02892158662708444
  },
  "1;8|4": {
    "kci": 0.03170402145998563
  },
  "1;8|5": {
    "kci": 0.1580475297052012
  },