{
  "data_hash": "3314a606349dfc27c25ebd0f552b3a98",
  "0;1": {
    "d_separation": 0.0
  },
  "0;2": {
    "d_separation": 0.0
  },
  "0;3": {
    "d_separation": 0.0
  },
  "0;4": {
    "d_separation": 0.0
  },
  "0;5": {
    "d_separation": 0.0
  },
  "0;6": {
    "d_separation": 0.0
  },
  "0;7": {
    "d_separation": 0.0
  },
  "0;8": {
    "d_separation": 0.0
  },
  "0;9": {
    "d_separation": 0.0
  },
  "1;2": {
    "d_separation": 0.0
  },
  "1;3": {
    "d_separation": 0.0
  },
  "1;4": {
    "d_separation": 0.0
  },
  "1;5": {
    "d_separation": 0.0
  },
  "1;6": {
    "d_separation": 0.0
  },
  "1;7": {
    "d_separation": 0.0
  },
  "1;8": {
    "d_separation": 0.0
  },
  "1;9": {
    "d_separation": 0.0
  },
  "2;3": {
    "d_separation": 0.0
  },
  "2;4": {
    "d_separation": 0.0
  },
  "2;5": {
    "d_separation": 0.0
  },
  "2;6": {
    "d_separation": 0.0
  },
  "2;7": {
    "d_separation": 0.0
  },
  "2;8": {
    "d_separation": 0.0
  },
  "2;9": {
    "d_separation": 0.0
  },
  "3;4": {
    "d_separation": 0.0
  },
  "3;5": {
    "d_separation": 0.0
  },
  "3;6": {
    "d_separation": 0.0
  },
  "3;7": {
    "d_separation": 0.0
  },
  "3;8": {
    "d_separation": 0.0
  },
  "3;9": {
    "d_separation": 0.0
  },
  "4;5": {
    "d_separation": 0.0
  },
  "4;6": {
    "d_separation": 0.0
  },
  "4;7": {
    "d_separation": 0.0
  },
  "4;8": {
    "d_separation": 0.0
  },
  "4;9": {
    "d_separation": 0.0
  },
  "5;6": {
    "d_separation": 0.0
  },
  "5;7": {
    "d_separation": 0.0
  },
  "5;8": {
    "d_separation": 0.0
  },
  "5;9": {
    "d_separation": 0.0
  },
  "6;7": {
    "d_separation": 0.0
  },
  "6;8": {
    "d_separation": 0.0
  },
  "6;9": {
    "d_separation": 0.0
  },
  "7;8": {
    "d_separation": 0.0
  },
  "7;9": {
    "d_separation": 0.0
  },
  "8;9": {
    "d_separation": 0.0
  },
  "0;1|2": {
    "kci": 0.5602777514488821
  },
  "0;1|3": {
    "kci": 0.5496639143534581
  },
  "0;1|4": {
    "kci": 0.5944641255120475
  },
  "0;1|5": {
    "kci": 0.6125218510212878
  },
  "0;1|6": {
    "kci": 0.6344081261462413
  },
  "0;1|7": {
    "kci": 0.38212427070090627
  },
  "0;1|8": {
    "kci": 0.4620292472488391
  },
  "0;1|9": {
    "kci": 0.5261048911648356
  },
  "0;2|1": {
    "kci": 0.5076476061510475
  },
  "0;2|3": {
    "kci": 0.5960409838067309
  },
  "0;2|4": {
    "kci": 0.6206675342049486
  },
  "0;2|5": {
    "kci": 0.6148827908926522
  },
  "0;2|6": {
    "kci": 0.6012470475304581
  },
  "0;2|7": {
    "kci": 0.5561331045041491
  },
  "0;2|8": {
    "kci": 0.525208332701831
  },
  "0;2|9": {
    "kci": 0.5478908732874243
  },
  "0;3|1": {
    "kci": 0.3052443978263162
  },
  "0;3|2": {
    "kci": 0.35620809099511697
  },
  "0;3|4": {
    "kci": 0.3389393007482946
  },
  "0;3|5": {
    "kci": 0.3030893232535159
  },
  "0;3|6": {
    "kci": 0.3074098146890607
  },
  "0;3|7": {
    "kci": 0.41397446702995366
  },
  "0;3|8": {
    "kci": 0.32741884235182117
  },
  "0;3|9": {
    "kci": 0.31619229800911575
  },
  "0;4|1": {
    "kci": 0.33898577179041023
  },
  "0;4|2": {
    "kci": 0.3056024930675656
  },
  "0;4|3": {
    "kci": 0.32226979451127646
  },
  "0;4|5": {
    "kci": 0.3221691004658277
  },
  "0;4|6": {
    "kci": 0.3129774184913239
  },
  "0;4|7": {
    "kci": 0.299458590370123
  },
  "0;4|8": {
    "kci": 0.31627636002202486
  },
  "0;4|9": {
    "kci": 0.3139828567209979
  },
  "0;5|1": {
    "kci": 0.629641063156458
  },
  "0;5|2": {
    "kci": 0.5772041882273744
  },
  "0;5|3": {
    "kci": 0.5332842461225602
  },
  "0;5|4": {
    "kci": 0.5053735726888879
  },
  "0;5|6": {
    "kci": 0.5996990946255217
  },
  "0;5|7": {
    "kci": 0.6714988730878224
  },
  "0;5|8": {
    "kci": 0.3076924701479662
  },
  "0;5|9": {
    "kci": 0.4713598156733424
  },
  "0;6|1": {
    "kci": 0.5950010317040061
  },
  "0;6|2": {
    "kci": 0.6377848546832863
  },
  "0;6|3": {
    "kci": 0.43844141517078394
  },
  "0;6|4": {
    "kci": 0.4823133744730048
  },
  "0;6|5": {
    "kci": 0.5455239343609901
  },
  "0;6|7": {
    "kci": 0.5527637175405529
  },
  "0;6|8": {
    "kci": 0.5149669528813825
  },
  "0;6|9": {
    "kci": 0.5946039715999314
  },
  "0;7|1": {
    "kci": 0.5540882063320822
  },
  "0;7|2": {
    "kci": 0.417323517623587
  },
  "0;7|3": {
    "kci": 0.4972696211460269
  },
  "0;7|4": {
    "kci": 0.44264180443868817
  },
  "0;7|5": {
    "kci": 0.5316271574142957
  },
  "0;7|6": {
    "kci": 0.5210920704396165
  },
  "0;7|8": {
    "kci": 0.40996653466604205
  },
  "0;7|9": {
    "kci": 0.39358888192974706
  },
  "0;8|1": {
    "kci": 0.7627279511341536
  },
  "0;8|2": {
    "kci": 0.4441461607519739
  },
  "0;8|3": {
    "kci": 0.7929815472618933
  },
  "0;8|4": {
    "kci": 0.8574168054195396
  },
  "0;8|5": {
    "kci": 0.7564957497664027
  },
  "0;8|6": {
    "kci": 0.773742497790211
  },
  "0;8|7": {
    "kci": 0.37596311897713264
  },
  "0;8|9": {
    "kci": 0.69713248775982
  },
  "0;9|1": {
    "kci": 0.35184642585448533
  },
  "0;9|2": {
    "kci": 0.3837621003989157
  },
  "0;9|3": {
    "kci": 0.3493894089233558
  },
  "0;9|4": {
    "kci": 0.3959320269571214
  },
  "0;9|5": {
    "kci": 0.36779179580393206
  },
  "0;9|6": {
    "kci": 0.4200662091200186
  },
  "0;9|7": {
    "kci": 0.7506120429522959
  },
  "0;9|8": {
    "kci": 0.32314674624018025
  },
  "1;2|0": {
    "kci": 0.001807908233781852
  },
  "1;2|3": {
    "kci": 0.000421183771553979
  },
  "1;2|4": {
    "kci": 8.281633643114628e-05
  },
  "1;2|5": {
    "kci": 0.00018695914802002722
  },
  "1;2|6": {
    "kci": 3.258624777080499e-05
  },
  "1;2|7": {
    "kci": 0.4379051823932615
  },
  "1;2|8": {
    "kci": 0.01985688384178097
  },
  "1;2|9": {
    "kci": 0.0004003055532114663
  },
  "1;3|0": {
    "kci": 0.7155007855469053
  },
  "1;3|2": {
    "kci": 0.560921542335908
  },
  "1;3|4": {
    "kci": 0.7191593854322855
  },
  "1;3|5": {
    "kci": 0.7026914407287109
  },
  "1;3|6": {
    "kci": 0.6727287723800808
  },
  "1;3|7": {
    "kci": 0.5467814406176896
  },
  "1;3|8": {
    "kci": 0.5971083898395819
  },
  "1;3|9": {
    "kci": 0.5050380951972373
  },
  "1;4|0": {
    "kci": 0.2883874538621749
  },
  "1;4|2": {
    "kci": 0.24387281542135208
  },
  "1;4|3": {
    "kci": 0.3040261206609416
  },
  "1;4|5": {
    "kci": 0.3056848095636324
  },
  "1;4|6": {
    "kci": 0.2892659268420128
  },
  "1;4|7": {
    "kci": 0.2566494016585189
  },
  "1;4|8": {
    "kci": 0.29087846082766466
  },
  "1;4|9": {
    "kci": 0.30666786877244767
  },
  "1;5|0": {
    "kci": 0.555780814279691
  },
  "1;5|2": {
    "kci": 0.4208329368617931
  },
  "1;5|3": {
    "kci": 0.5066502550110679
  },
  "1;5|4": {
    "kci": 0.5398903934901882
  },
  "1;5|6": {
    "kci": 0.4859555114531431
  },
  "1;5|7": {
    "kci": 0.2802260233080105
  },
  "1;5|8": {
    "kci": 0.5625460712254706
  },
  "1;5|9": {
    "kci": 0.44773219852824897
  },
  "1;6|0": {
    "kci": 0.6686267740137473
  },
  "1;6|2": {
    "kci": 0.7829200886418604
  },
  "1;6|3": {
    "kci": 0.664335601714729
  },
  "1;6|4": {
    "kci": 0.7005996758624756
  },
  "1;6|5": {
    "kci": 0.6636856263584164
  },
  "1;6|7": {
    "kci": 0.4223217002793711
  },
  "1;6|8": {
    "kci": 0.6219450389717539
  },
  "1;6|9": {
    "kci": 0.5897633798431772
  },
  "1;7|0": {
    "kci": 1.265065921141062e-05
  },
  "1;7|2": {
    "kci": 3.0133213598904085e-05
  },
  "1;7|3": {
    "kci": 2.725557856630978e-06
  },
  "1;7|4": {
    "kci": 4.7014066184569714e-07
  },
  "1;7|5": {
    "kci": 4.842786162750912e-06
  },
  "1;7|6": {
    "kci": 2.1374850955879765e-06
  },
  "1;7|8": {
    "kci": 3.2148729265712994e-05
  },
  "1;7|9": {
    "kci": 3.209109216140149e-06
  },
  "1;8|0": {
    "kci": 0.3715154341284884
  },
  "1;8|2": {
    "kci": 0.4885817020044717
  },
  "1;8|3": {
    "kci": 0.4578400632413264
  },
  "1;8|4": {
    "kci": 0.5273547456405053
  },
  "1;8|5": {
    "kci": 0.4782740271056459
  },
  "1;8|6": {
    "kci": 0.4698010765789159
  },