{
  "data_hash": "36fcdced728b6509c8b8a4a39049c7d2",
  "0;1": {
    "d_separation": 0.0
  },
  "0;2": {
    "d_separation": 0.0
  },
  "0;3": {
    "d_separation": 0.0
  },
  "0;4": {
    "d_separation": 0.0
  },
  "0;5": {
    "d_separation": 0.0
  },
  "0;6": {
    "d_separation": 0.0
  },
  "0;7": {
    "d_separation": 0.0
  },
  "0;8": {
    "d_separation": 0.0
  },
  "0;9": {
    "d_separation": 0.0
  },
  "1;2": {
    "d_separation": 0.0
  },
  "1;3": {
    "d_separation": 0.0
  },
  "1;4": {
    "d_separation": 0.0
  },
  "1;5": {
    "d_separation": 0.0
  },
  "1;6": {
    "d_separation": 0.0
  },
  "1;7": {
    "d_separation": 0.0
  },
  "1;8": {
    "d_separation": 0.0
  },
  "1;9": {
    "d_separation": 0.0
  },
  "2;3": {
    "d_separation": 0.0
  },
  "2;4": {
    "d_separation": 0.0
  },
  "2;5": {
    "d_separation": 0.0
  },
  "2;6": {
    "d_separation": 0.0
  },
  "2;7": {
    "d_separation": 0.0
  },
  "2;8": {
    "d_separation": 0.0
  },
  "2;9": {
    "d_separation": 0.0
  },
  "3;4": {
    "d_separation": 0.0
  },
  "3;5": {
    "d_separation": 0.0
  },
  "3;6": {
    "d_separation": 0.0
  },
  "3;7": {
    "d_separation": 0.0
  },
  "3;8": {
    "d_separation": 0.0
  },
  "3;9": {
    "d_separation": 1.0
  },
  "4;5": {
    "d_separation": 0.0
  },
  "4;6": {
    "d_separation": 0.0
  },
  "4;7": {
    "d_separation": 0.0
  },
  "4;8": {
    "d_separation": 0.0
  },
  "4;9": {
    "d_separation": 1.0
  },
  "5;6": {
    "d_separation": 0.0
  },
  "5;7": {
    "d_separation": 0.0
  },
  "5;8": {
    "d_separation": 0.0
  },
  "5;9": {
    "d_separation": 0.0
  },
  "6;7": {
    "d_separation": 0.0
  },
  "6;8": {
    "d_separation": 0.0
  },
  "6;9": {
    "d_separation": 0.0
  },
  "7;8": {
    "d_separation": 0.0
  },
  "7;9": {
    "d_separation": 0.0
  },
  "8;9": {
    "d_separation": 0.0
  },
  "0;1|2": {
    "kci": 0.07343497857412817
  },
  "0;1|3": {
    "kci": 0.02618358169561119
  },
  "0;1|4": {
    "kci": 0.11591996004784433
  },
  "0;1|5": {
    "kci": 0.0019104435122317964
  },
  "0;1|6": {
    "kci": 0.06243330746245013
  },
  "0;1|7": {
    "kci": 0.0011342432516735501
  },
  "0;1|8": {
    "kci": 0.0026040267083534685
  },
  "0;1|9": {
    "kci": 0.0005121692332011873
  },
  "0;2|1": {
    "kci": 7.88780152305435e-12
  },
  "0;2|3": {
    "kci": 0.00048724123342980263
  },
  "0;2|4": {
    "kci": 0.056293217246127236
  },
  "0;2|5": {
    "kci": 1.493138945818373e-12
  },
  "0;2|6": {
    "kci": 0.05769541006068968
  },
  "0;2|7": {
    "kci": 1.9628743075372768e-13
  },
  "0;2|8": {
    "kci": 1.181998932175965e-06
  },
  "0;2|9": {
    "kci": 3.3306690738754696e-16
  },
  "0;3|1": {
    "kci": 2.55351295663786e-14
  },
  "0;3|2": {
    "kci": 0.0005075044883775526
  },
  "0;3|4": {
    "kci": 0.37073810043439026
  },
  "0;3|5": {
    "kci": 1.9939605522267811e-13
  },
  "0;3|6": {
    "kci": 0.002552597500177889
  },
  "0;3|7": {
    "kci": 1.1102230246251565e-16
  },
  "0;3|8": {
    "kci": 3.01530689306162e-10
  },
  "0;3|9": {
    "kci": 0.0
  },
  "0;4|1": {
    "kci": 0.0
  },
  "0;4|2": {
    "kci": 4.1955442997565484e-07
  },
  "0;4|3": {
    "kci": 0.005392922924683186
  },
  "0;4|5": {
    "kci": 0.0
  },
  "0;4|6": {
    "kci": 7.867691307683611e-05
  },
  "0;4|7": {
    "kci": 0.0
  },
  "0;4|8": {
    "kci": 2.9976021664879227e-15
  },
  "0;4|9": {
    "kci": 0.0
  },
  "0;5|1": {
    "kci": 0.0475693380590394
  },
  "0;5|2": {
    "kci": 0.2181986907399064
  },
  "0;5|3": {
    "kci": 0.12061300686788279
  },
  "0;5|4": {
    "kci": 0.01494090906992096
  },
  "0;5|6": {
    "kci": 0.10387838047008346
  },
  "0;5|7": {
    "kci": 0.04708959624608555
  },
  "0;5|8": {
    "kci": 0.0767109219432639
  },
  "0;5|9": {
    "kci": 0.01681754941025404
  },
  "0;6|1": {
    "kci": 0.0
  },
  "0;6|2": {
    "kci": 1.1435297153639112e-14
  },
  "0;6|3": {
    "kci": 0.0
  },
  "0;6|4": {
    "kci": 4.3575365538117694e-11
  },
  "0;6|5": {
    "kci": 0.0
  },
  "0;6|7": {
    "kci": 0.0
  },
  "0;6|8": {
    "kci": 0.0
  },
  "0;6|9": {
    "kci": 0.0
  },
  "0;7|1": {
    "kci": 0.2568066504146753
  },
  "0;7|2": {
    "kci": 0.12212201234810416
  },
  "0;7|3": {
    "kci": 0.12071223479662985
  },
  "0;7|4": {
    "kci": 0.005357736477544894
  },
  "0;7|5": {
    "kci": 0.5004965697920711
  },
  "0;7|6": {
    "kci": 0.7591791837821852
  },
  "0;7|8": {
    "kci": 0.22702600439768472
  },
  "0;7|9": {
    "kci": 0.26850778432886235
  },
  "0;8|1": {
    "kci": 1.4034901650306075e-05
  },
  "0;8|2": {
    "kci": 0.5018115360622908
  },
  "0;8|3": {
    "kci": 0.0038755153937309883
  },
  "0;8|4": {
    "kci": 0.09936717938150963
  },
  "0;8|5": {
    "kci": 5.42607759708158e-05
  },
  "0;8|6": {
    "kci": 0.2436393128948655
  },
  "0;8|7": {
    "kci": 0.00016861624098674088
  },
  "0;8|9": {
    "kci": 0.00010859372578164717
  },
  "0;9|1": {
    "kci": 0.6320147755032508
  },
  "0;9|2": {
    "kci": 0.5955134650835041
  },
  "0;9|3": {
    "kci": 0.3099562393802646
  },
  "0;9|4": {
    "kci": 0.6043623198389447
  },
  "0;9|5": {
    "kci": 0.9348122911188117
  },
  "0;9|6": {
    "kci": 0.8751166595696356
  },
  "0;9|7": {
    "kci": 0.8635260766469963
  },
  "0;9|8": {
    "kci": 0.7987816799962372
  },
  "1;2|0": {
    "kci": 0.018957174669038568
  },
  "1;2|3": {
    "kci": 0.00896482057448933
  },
  "1;2|4": {
    "kci": 0.02401830244695813
  },
  "1;2|5": {
    "kci": 0.0007514009839567626
  },
  "1;2|6": {
    "kci": 0.006360624251137148
  },
  "1;2|7": {
    "kci": 0.022919743098117618
  },
  "1;2|8": {
    "kci": 0.0009243483620093862
  },
  "1;2|9": {
    "kci": 0.0022832883038685914
  },
  "1;3|0": {
    "kci": 0.2341913488006626
  },
  "1;3|2": {
    "kci": 0.34281613338269834
  },
  "1;3|4": {
    "kci": 0.4505220867243538
  },
  "1;3|5": {
    "kci": 0.21363819455679456
  },
  "1;3|6": {
    "kci": 0.4365121038595624
  },
  "1;3|7": {
    "kci": 0.13830633516003332
  },
  "1;3|8": {
    "kci": 0.13301483616773058
  },
  "1;3|9": {
    "kci": 0.06257968925322077
  },
  "1;4|0": {
    "kci": 0.2920526621294225
  },
  "1;4|2": {
    "kci": 0.5275336180388669
  },
  "1;4|3": {
    "kci": 0.47154446393012195
  },
  "1;4|5": {
    "kci": 0.2726409379434389
  },
  "1;4|6": {
    "kci": 0.4818339036990167
  },
  "1;4|7": {
    "kci": 0.2473617587163871
  },
  "1;4|8": {
    "kci": 0.08884170508541023
  },
  "1;4|9": {
    "kci": 0.10506957447704213
  },
  "1;5|0": {
    "kci": 0.2927615704846609
  },
  "1;5|2": {
    "kci": 0.13492789370053382
  },
  "1;5|3": {
    "kci": 0.3315061422975215
  },
  "1;5|4": {
    "kci": 0.7340214059845871
  },
  "1;5|6": {
    "kci": 0.33018284124978114
  },
  "1;5|7": {
    "kci": 0.19862725234179268
  },
  "1;5|8": {
    "kci": 0.21800717723671714
  },
  "1;5|9": {
    "kci": 0.2884477235045064
  },
  "1;6|0": {
    "kci": 0.32805680966789397
  },
  "1;6|2": {
    "kci": 0.6472113261290557
  },
  "1;6|3": {
    "kci": 0.5152060635586339
  },
  "1;6|4": {
    "kci": 0.6038932625782638
  },
  "1;6|5": {
    "kci": 0.4047898813965919
  },
  "1;6|7": {
    "kci": 0.5633471610697947
  },
  "1;6|8": {
    "kci": 0.2651831709868031
  },
  "1;6|9": {
    "kci": 0.333812497942805
  },
  "1;7|0": {
    "kci": 8.014072969686481e-06
  },
  "1;7|2": {
    "kci": 0.0007643079270915898
  },
  "1;7|3": {
    "kci": 0.0004280419304746319
  },
  "1;7|4": {
    "kci": 0.00018616088048273305
  },
  "1;7|5": {
    "kci": 4.543419201086252e-05
  },
  "1;7|6": {
    "kci": 4.765853584443036e-06
  },
  "1;7|8": {
    "kci": 4.399490155082564e-05
  },
  "1;7|9": {
    "kci": 0.00020526240838592003
  },
  "1;8|0": {
    "kci": 0.4749621405233859
  },
  "1;8|2": {
    "kci": 0.14344322387447517
  },
  "1;8|3": {
    "kci": 0.1958342107322042
  },
  "1;8|4": {
    "kci": 0.3933268862800583
  },
  "1;8|5": {
    "kci": 0.5461438515731131
  },
  "1;8|6": {
    "kci": 0.5227273364445916
  },
  "1;8|7": {
    "kci": 0.5563017515542139
  },
  "1;8|9": {
    "kci": 0.48833584189496826
  },