{
  "data_hash": "39467e0c1808aa9b99af62bfce0ed469",
  "0;1": {
    "d_separation": 0.0
  },
  "0;2": {
    "d_separation": 0.0
  },
  "0;3": {
    "d_separation": 0.0
  },
  "0;4": {
    "d_separation": 0.0
  },
  "0;5": {
    "d_separation": 0.0
  },
  "0;6": {
    "d_separation": 0.0
  },
  "0;7": {
    "d_separation": 0.0
  },
  "0;8": {
    "d_separation": 0.0
  },
  "0;9": {
    "d_separation": 0.0
  },
  "1;2": {
    "d_separation": 0.0
  },
  "1;3": {
    "d_separation": 0.0
  },
  "1;4": {
    "d_separation": 0.0
  },
  "1;5": {
    "d_separation": 0.0
  },
  "1;6": {
    "d_separation": 0.0
  },
  "1;7": {
    "d_separation": 0.0
  },
  "1;8": {
    "d_separation": 0.0
  },
  "1;9": {
    "d_separation": 0.0
  },
  "2;3": {
    "d_separation": 0.0
  },
  "2;4": {
    "d_separation": 0.0
  },
  "2;5": {
    "d_separation": 0.0
  },
  "2;6": {
    "d_separation": 0.0
  },
  "2;7": {
    "d_separation": 0.0
  },
  "2;8": {
    "d_separation": 0.0
  },
  "2;9": {
    "d_separation": 0.0
  },
  "3;4": {
    "d_separation": 0.0
  },
  "3;5": {
    "d_separation": 0.0
  },
  "3;6": {
    "d_separation": 0.0
  },
  "3;7": {
    "d_separation": 0.0
  },
  "3;8": {
    "d_separation": 0.0
  },
  "3;9": {
    "d_separation": 0.0
  },
  "4;5": {
    "d_separation": 0.0
  },
  "4;6": {
    "d_separation": 0.0
  },
  "4;7": {
    "d_separation": 0.0
  },
  "4;8": {
    "d_separation": 0.0
  },
  "4;9": {
    "d_separation": 0.0
  },
  "5;6": {
    "d_separation": 0.0
  },
  "5;7": {
    "d_separation": 0.0
  },
  "5;8": {
    "d_separation": 0.0
  },
  "5;9": {
    "d_separation": 0.0
  },
  "6;7": {
    "d_separation": 0.0
  },
  "6;8": {
    "d_separation": 0.0
  },
  "6;9": {
    "d_separation": 0.0
  },
  "7;8": {
    "d_separation": 0.0
  },
  "7;9": {
    "d_separation": 0.0
  },
  "8;9": {
    "d_separation": 0.0
  },
  "0;1|2": {
    "kci": 1.4638290579682689e-12
  },
  "0;1|3": {
    "kci": 5.81756864903582e-14
  },
  "0;1|4": {
    "kci": 9.329759187437503e-12
  },
  "0;1|5": {
    "kci": 4.2978287595474285e-10
  },
  "0;1|6": {
    "kci": 2.289279876777073e-13
  },
  "0;1|7": {
    "kci": 7.311761270223371e-06
  },
  "0;1|8": {
    "kci": 9.105605158765684e-12
  },
  "0;1|9": {
    "kci": 4.536482300920852e-12
  },
  "0;2|1": {
    "kci": 0.4921913493920237
  },
  "0;2|3": {
    "kci": 0.19221114704613418
  },
  "0;2|4": {
    "kci": 0.09841312318512441
  },
  "0;2|5": {
    "kci": 0.34300327370419237
  },
  "0;2|6": {
    "kci": 0.11527091078971441
  },
  "0;2|7": {
    "kci": 0.1879641791392862
  },
  "0;2|8": {
    "kci": 0.16232012837837906
  },
  "0;2|9": {
    "kci": 0.07997532374784966
  },
  "0;3|1": {
    "kci": 0.00876705051869242
  },
  "0;3|2": {
    "kci": 0.006595973466145599
  },
  "0;3|4": {
    "kci": 0.00011899430059369998
  },
  "0;3|5": {
    "kci": 0.005091425805261007
  },
  "0;3|6": {
    "kci": 0.00020522739222594844
  },
  "0;3|7": {
    "kci": 0.015426559839773368
  },
  "0;3|8": {
    "kci": 0.002723775557500585
  },
  "0;3|9": {
    "kci": 0.0013058058325269295
  },
  "0;4|1": {
    "kci": 0.3806295052932863
  },
  "0;4|2": {
    "kci": 0.06268920403157285
  },
  "0;4|3": {
    "kci": 0.016246941524086567
  },
  "0;4|5": {
    "kci": 0.01760573138290522
  },
  "0;4|6": {
    "kci": 0.029850401904736312
  },
  "0;4|7": {
    "kci": 0.025784783211923124
  },
  "0;4|8": {
    "kci": 0.053833014472296825
  },
  "0;4|9": {
    "kci": 0.02515045178779951
  },
  "0;5|1": {
    "kci": 1.0863733026500455e-06
  },
  "0;5|2": {
    "kci": 6.884800995976548e-08
  },
  "0;5|3": {
    "kci": 1.5406782516436124e-09
  },
  "0;5|4": {
    "kci": 2.4179107716015835e-08
  },
  "0;5|6": {
    "kci": 7.500244203484385e-09
  },
  "0;5|7": {
    "kci": 4.320994684281487e-07
  },
  "0;5|8": {
    "kci": 1.4647687507363116e-09
  },
  "0;5|9": {
    "kci": 5.1884482044073366e-08
  },
  "0;6|1": {
    "kci": 0.2516622762719599
  },
  "0;6|2": {
    "kci": 0.6035023035818841
  },
  "0;6|3": {
    "kci": 0.10050251010813349
  },
  "0;6|4": {
    "kci": 0.12792501366865783
  },
  "0;6|5": {
    "kci": 0.1382152946815438
  },
  "0;6|7": {
    "kci": 0.40166743550778006
  },
  "0;6|8": {
    "kci": 0.37760555554523123
  },
  "0;6|9": {
    "kci": 0.21184212356822774
  },
  "0;7|1": {
    "kci": 0.06074252970233618
  },
  "0;7|2": {
    "kci": 1.2851875118569112e-06
  },
  "0;7|3": {
    "kci": 1.5379931207815112e-05
  },
  "0;7|4": {
    "kci": 6.061038976268307e-07
  },
  "0;7|5": {
    "kci": 3.3911777580164504e-05
  },
  "0;7|6": {
    "kci": 5.955967070647716e-07
  },
  "0;7|8": {
    "kci": 6.7714419105247e-07
  },
  "0;7|9": {
    "kci": 1.404441287267133e-06
  },
  "0;8|1": {
    "kci": 0.19087603820830024
  },
  "0;8|2": {
    "kci": 0.004332707404844149
  },
  "0;8|3": {
    "kci": 0.0016409458974544489
  },
  "0;8|4": {
    "kci": 0.00641919129213786
  },
  "0;8|5": {
    "kci": 0.10485661605614627
  },
  "0;8|6": {
    "kci": 0.006423076647449788
  },
  "0;8|7": {
    "kci": 0.003945492697156827
  },
  "0;8|9": {
    "kci": 0.009350182291432585
  },
  "0;9|1": {
    "kci": 0.4177051451076568
  },
  "0;9|2": {
    "kci": 0.5085125449238723
  },
  "0;9|3": {
    "kci": 0.27476567536794105
  },
  "0;9|4": {
    "kci": 0.5106905822343706
  },
  "0;9|5": {
    "kci": 0.36209663378121615
  },
  "0;9|6": {
    "kci": 0.3895688771825684
  },
  "0;9|7": {
    "kci": 0.6290312707591401
  },
  "0;9|8": {
    "kci": 0.47355138981337663
  },
  "1;2|0": {
    "kci": 0.005633903295344966
  },
  "1;2|3": {
    "kci": 0.0001870971100152996
  },
  "1;2|4": {
    "kci": 5.82257807015818e-05
  },
  "1;2|5": {
    "kci": 8.489524091981338e-05
  },
  "1;2|6": {
    "kci": 1.462718270506258e-05
  },
  "1;2|7": {
    "kci": 0.001559692388948375
  },
  "1;2|8": {
    "kci": 0.00029271237103534187
  },
  "1;2|9": {
    "kci": 4.3776850065180284e-05
  },
  "1;3|0": {
    "kci": 0.4187820194566083
  },
  "1;3|2": {
    "kci": 0.02812628560968955
  },
  "1;3|4": {
    "kci": 0.0007867824341476481
  },
  "1;3|5": {
    "kci": 0.03455753469425382
  },
  "1;3|6": {
    "kci": 0.009173701958692493
  },
  "1;3|7": {
    "kci": 0.39694553780592734
  },
  "1;3|8": {
    "kci": 0.08895232371029171
  },
  "1;3|9": {
    "kci": 0.014430387558365898
  },
  "1;4|0": {
    "kci": 0.00038340941519166005
  },
  "1;4|2": {
    "kci": 2.5510454602528654e-05
  },
  "1;4|3": {
    "kci": 6.202073072891778e-06
  },
  "1;4|5": {
    "kci": 0.0001040014412330148
  },
  "1;4|6": {
    "kci": 4.1692169385876277e-05
  },
  "1;4|7": {
    "kci": 8.192876115187264e-05
  },
  "1;4|8": {
    "kci": 4.472773258956675e-05
  },
  "1;4|9": {
    "kci": 2.116696061083001e-05
  },
  "1;5|0": {
    "kci": 0.31298062189396136
  },
  "1;5|2": {
    "kci": 0.015473792796983799
  },
  "1;5|3": {
    "kci": 0.0009560628467293331
  },
  "1;5|4": {
    "kci": 0.006714251548307959
  },
  "1;5|6": {
    "kci": 0.012548953301363075
  },
  "1;5|7": {
    "kci": 0.043693555013161745
  },
  "1;5|8": {
    "kci": 0.0039214415423914906
  },
  "1;5|9": {
    "kci": 0.033812200347249854
  },
  "1;6|0": {
    "kci": 0.05951922702505641
  },
  "1;6|2": {
    "kci": 0.08059728286468415
  },
  "1;6|3": {
    "kci": 0.1664574720447597
  },
  "1;6|4": {
    "kci": 0.354290238417849
  },
  "1;6|5": {
    "kci": 0.2625146902565212
  },
  "1;6|7": {
    "kci": 0.16428059058478728
  },
  "1;6|8": {
    "kci": 0.0744743934429064
  },
  "1;6|9": {
    "kci": 0.2032200764076384
  },
  "1;7|0": {
    "kci": 5.52169754364229e-10
  },
  "1;7|2": {
    "kci": 1.7504886429264843e-12
  },
  "1;7|3": {
    "kci": 3.3306690738754696e-16
  },
  "1;7|4": {
    "kci": 0.0
  },
  "1;7|5": {
    "kci": 6.661338147750939e-16
  },
  "1;7|6": {
    "kci": 0.0
  },
  "1;7|8": {
    "kci": 0.0
  },
  "1;7|9": {
    "kci": 6.439293542825908e-15
  },
  "1;8|0": {
    "kci": 0.026978789671907366
  },
  "1;8|2": {
    "kci": 0.0035505547717002983
  },
  "1;8|3": {
    "kci": 0.005480372098064512
  },