{
  "data_hash": "39a0dad11ad679432b179591b0ee42db",
  "0;1": {
    "d_separation": 0.0
  },
  "0;2": {
    "d_separation": 0.0
  },
  "0;3": {
    "d_separation": 0.0
  },
  "0;4": {
    "d_separation": 0.0
  },
  "0;5": {
    "d_separation": 0.0
  },
  "0;6": {
    "d_separation": 0.0
  },
  "0;7": {
    "d_separation": 0.0
  },
  "0;8": {
    "d_separation": 0.0
  },
  "0;9": {
    "d_separation": 0.0
  },
  "1;2": {
    "d_separation": 0.0
  },
  "1;3": {
    "d_separation": 0.0
  },
  "1;4": {
    "d_separation": 0.0
  },
  "1;5": {
    "d_separation": 0.0
  },
  "1;6": {
    "d_separation": 0.0
  },
  "1;7": {
    "d_separation": 0.0
  },
  "1;8": {
    "d_separation": 0.0
  },
  "1;9": {
    "d_separation": 0.0
  },
  "2;3": {
    "d_separation": 0.0
  },
  "2;4": {
    "d_separation": 0.0
  },
  "2;5": {
    "d_separation": 0.0
  },
  "2;6": {
    "d_separation": 0.0
  },
  "2;7": {
    "d_separation": 0.0
  },
  "2;8": {
    "d_separation": 0.0
  },
  "2;9": {
    "d_separation": 0.0
  },
  "3;4": {
    "d_separation": 0.0
  },
  "3;5": {
    "d_separation": 0.0
  },
  "3;6": {
    "d_separation": 0.0
  },
  "3;7": {
    "d_separation": 0.0
  },
  "3;8": {
    "d_separation": 0.0
  },
  "3;9": {
    "d_separation": 0.0
  },
  "4;5": {
    "d_separation": 0.0
  },
  "4;6": {
    "d_separation": 0.0
  },
  "4;7": {
    "d_separation": 0.0
  },
  "4;8": {
    "d_separation": 0.0
  },
  "4;9": {
    "d_separation": 0.0
  },
  "5;6": {
    "d_separation": 0.0
  },
  "5;7": {
    "d_separation": 0.0
  },
  "5;8": {
    "d_separation": 1.0
  },
  "5;9": {
    "d_separation": 0.0
  },
  "6;7": {
    "d_separation": 0.0
  },
  "6;8": {
    "d_separation": 0.0
  },
  "6;9": {
    "d_separation": 0.0
  },
  "7;8": {
    "d_separation": 0.0
  },
  "7;9": {
    "d_separation": 0.0
  },
  "8;9": {
    "d_separation": 0.0
  },
  "0;1|2": {
    "kci": 0.008933893769405343
  },
  "0;1|3": {
    "kci": 0.00045523563255289723
  },
  "0;1|4": {
    "kci": 0.0015188971701793896
  },
  "0;1|5": {
    "kci": 0.0180327846551932
  },
  "0;1|6": {
    "kci": 0.0006268580286248326
  },
  "0;1|7": {
    "kci": 0.0019242099121353773
  },
  "0;1|8": {
    "kci": 0.019760905993765565
  },
  "0;1|9": {
    "kci": 0.037342726793963665
  },
  "0;2|1": {
    "kci": 0.01406513114663388
  },
  "0;2|3": {
    "kci": 0.03451330172349043
  },
  "0;2|4": {
    "kci": 0.020697611593438192
  },
  "0;2|5": {
    "kci": 0.046662905746809424
  },
  "0;2|6": {
    "kci": 0.01495792975463639
  },
  "0;2|7": {
    "kci": 0.046552279128298624
  },
  "0;2|8": {
    "kci": 0.0528466492012607
  },
  "0;2|9": {
    "kci": 0.027280856682158294
  },
  "0;3|1": {
    "kci": 0.4778817528585171
  },
  "0;3|2": {
    "kci": 0.6423886144231226
  },
  "0;3|4": {
    "kci": 0.5167745183383913
  },
  "0;3|5": {
    "kci": 0.50392290905685
  },
  "0;3|6": {
    "kci": 0.39013082388421716
  },
  "0;3|7": {
    "kci": 0.5293914385564906
  },
  "0;3|8": {
    "kci": 0.14573784689941327
  },
  "0;3|9": {
    "kci": 0.4207319163408424
  },
  "0;4|1": {
    "kci": 0.6437004342904735
  },
  "0;4|2": {
    "kci": 0.5498038151185252
  },
  "0;4|3": {
    "kci": 0.5800393474785961
  },
  "0;4|5": {
    "kci": 0.6013714635893372
  },
  "0;4|6": {
    "kci": 0.44184142555906225
  },
  "0;4|7": {
    "kci": 0.5016414803802105
  },
  "0;4|8": {
    "kci": 0.5250618785264745
  },
  "0;4|9": {
    "kci": 0.32534224757249175
  },
  "0;5|1": {
    "kci": 0.23750435058383967
  },
  "0;5|2": {
    "kci": 0.10936870293063905
  },
  "0;5|3": {
    "kci": 0.3451893879317829
  },
  "0;5|4": {
    "kci": 0.09505756300969426
  },
  "0;5|6": {
    "kci": 0.12788803779896663
  },
  "0;5|7": {
    "kci": 0.42075087781781384
  },
  "0;5|8": {
    "kci": 0.30119473601696234
  },
  "0;5|9": {
    "kci": 0.11619307452040739
  },
  "0;6|1": {
    "kci": 0.28055581283822106
  },
  "0;6|2": {
    "kci": 0.22578283589049197
  },
  "0;6|3": {
    "kci": 0.2370495121631071
  },
  "0;6|4": {
    "kci": 0.1631249722534861
  },
  "0;6|5": {
    "kci": 0.271629691409047
  },
  "0;6|7": {
    "kci": 0.24120511282426282
  },
  "0;6|8": {
    "kci": 0.2406975241222089
  },
  "0;6|9": {
    "kci": 0.23076338801952356
  },
  "0;7|1": {
    "kci": 0.3497391762472344
  },
  "0;7|2": {
    "kci": 0.5256028293931265
  },
  "0;7|3": {
    "kci": 0.35044539232461225
  },
  "0;7|4": {
    "kci": 0.29979921718756763
  },
  "0;7|5": {
    "kci": 0.34792096883755297
  },
  "0;7|6": {
    "kci": 0.29674645411381695
  },
  "0;7|8": {
    "kci": 0.31554469097183446
  },
  "0;7|9": {
    "kci": 0.4396195818687607
  },
  "0;8|1": {
    "kci": 0.6382320389935219
  },
  "0;8|2": {
    "kci": 0.8202549063733872
  },
  "0;8|3": {
    "kci": 0.7055131957896181
  },
  "0;8|4": {
    "kci": 0.6382225023003332
  },
  "0;8|5": {
    "kci": 0.5901250735506287
  },
  "0;8|6": {
    "kci": 0.7082180432670337
  },
  "0;8|7": {
    "kci": 0.8283866986391181
  },
  "0;8|9": {
    "kci": 0.7522705364709306
  },
  "0;9|1": {
    "kci": 0.35565386781944486
  },
  "0;9|2": {
    "kci": 0.3335187624332189
  },
  "0;9|3": {
    "kci": 0.3739744518607635
  },
  "0;9|4": {
    "kci": 0.2944839668099023
  },
  "0;9|5": {
    "kci": 0.5419474044533461
  },
  "0;9|6": {
    "kci": 0.29573721871403635
  },
  "0;9|7": {
    "kci": 0.4508069303156854
  },
  "0;9|8": {
    "kci": 0.4167912397631185
  },
  "1;2|0": {
    "kci": 0.29481243882446906
  },
  "1;2|3": {
    "kci": 0.3148982849809272
  },
  "1;2|4": {
    "kci": 0.2907530337735208
  },
  "1;2|5": {
    "kci": 0.3056437930783864
  },
  "1;2|6": {
    "kci": 0.31884876525286077
  },
  "1;2|7": {
    "kci": 0.3388343695290861
  },
  "1;2|8": {
    "kci": 0.288157194921855
  },
  "1;2|9": {
    "kci": 0.3232317669677347
  },
  "1;3|0": {
    "kci": 0.3192685478783003
  },
  "1;3|2": {
    "kci": 0.31191483887465155
  },
  "1;3|4": {
    "kci": 0.4301845852759245
  },
  "1;3|5": {
    "kci": 0.36497333724541625
  },
  "1;3|6": {
    "kci": 0.4942521556222855
  },
  "1;3|7": {
    "kci": 0.3730433694349059
  },
  "1;3|8": {
    "kci": 0.5478456274518753
  },
  "1;3|9": {
    "kci": 0.3429920041275377
  },
  "1;4|0": {
    "kci": 0.5150995982773654
  },
  "1;4|2": {
    "kci": 0.4620919635712486
  },
  "1;4|3": {
    "kci": 0.34816337302841105
  },
  "1;4|5": {
    "kci": 0.2922687263268029
  },
  "1;4|6": {
    "kci": 0.20003222535187903
  },
  "1;4|7": {
    "kci": 0.5212717074929807
  },
  "1;4|8": {
    "kci": 0.38186401681288507
  },
  "1;4|9": {
    "kci": 0.35672923804478585
  },
  "1;5|0": {
    "kci": 0.22825848367779056
  },
  "1;5|2": {
    "kci": 0.08210630963232224
  },
  "1;5|3": {
    "kci": 0.11921559115566249
  },
  "1;5|4": {
    "kci": 0.12461574326651159
  },
  "1;5|6": {
    "kci": 0.18029386308297268
  },
  "1;5|7": {
    "kci": 0.12690911723063425
  },
  "1;5|8": {
    "kci": 0.15244647299978675
  },
  "1;5|9": {
    "kci": 0.15081742873654969
  },
  "1;6|0": {
    "kci": 0.03047527476410461
  },
  "1;6|2": {
    "kci": 0.05828954791639385
  },
  "1;6|3": {
    "kci": 0.012183278957798915
  },
  "1;6|4": {
    "kci": 0.0011045714330437661
  },
  "1;6|5": {
    "kci": 0.07667352158987528
  },
  "1;6|7": {
    "kci": 0.07039960910292531
  },
  "1;6|8": {
    "kci": 0.047965591344929503
  },
  "1;6|9": {
    "kci": 0.046720622758644526
  },
  "1;7|0": {
    "kci": 0.009382194214728412
  },
  "1;7|2": {
    "kci": 0.03572760797690544
  },
  "1;7|3": {
    "kci": 0.02149137646380539
  },
  "1;7|4": {
    "kci": 0.13379590048085344
  },
  "1;7|5": {
    "kci": 0.00012691109709361825
  },
  "1;7|6": {
    "kci": 0.024813568096756944
  },
  "1;7|8": {
    "kci": 0.2830907775044428
  },
  "1;7|9": {
    "kci": 0.0029015170380772837
  },
  "1;8|0": {
    "kci": 0.4218161500269808
  },
  "1;8|2": {
    "kci": 0.417949467790954
  },
  "1;8|3": {
    "kci": 0.4281506786026934
  },
  "1;8|4": {
    "kci": 0.5413991301414548
  },
  "1;8|5": {
    "kci": 0.3607884453275423
  },
  "1;8|6": {
    "kci": 0.44442144540673056
  },