{
  "data_hash": "39dd0622c3fcf35ef27ebd77f56feda7",
  "0;1": {
    "d_separation": 0.0
  },
  "0;2": {
    "d_separation": 0.0
  },
  "0;3": {
    "d_separation": 0.0
  },
  "0;4": {
    "d_separation": 0.0
  },
  "0;5": {
    "d_separation": 0.0
  },
  "0;6": {
    "d_separation": 0.0
  },
  "0;7": {
    "d_separation": 0.0
  },
  "0;8": {
    "d_separation": 0.0
  },
  "0;9": {
    "d_separation": 0.0
  },
  "1;2": {
    "d_separation": 0.0
  },
  "1;3": {
    "d_separation": 0.0
  },
  "1;4": {
    "d_separation": 0.0
  },
  "1;5": {
    "d_separation": 0.0
  },
  "1;6": {
    "d_separation": 0.0
  },
  "1;7": {
    "d_separation": 0.0
  },
  "1;8": {
    "d_separation": 0.0
  },
  "1;9": {
    "d_separation": 0.0
  },
  "2;3": {
    "d_separation": 0.0
  },
  "2;4": {
    "d_separation": 0.0
  },
  "2;5": {
    "d_separation": 0.0
  },
  "2;6": {
    "d_separation": 0.0
  },
  "2;7": {
    "d_separation": 0.0
  },
  "2;8": {
    "d_separation": 0.0
  },
  "2;9": {
    "d_separation": 0.0
  },
  "3;4": {
    "d_separation": 0.0
  },
  "3;5": {
    "d_separation": 0.0
  },
  "3;6": {
    "d_separation": 0.0
  },
  "3;7": {
    "d_separation": 0.0
  },
  "3;8": {
    "d_separation": 0.0
  },
  "3;9": {
    "d_separation": 0.0
  },
  "4;5": {
    "d_separation": 0.0
  },
  "4;6": {
    "d_separation": 0.0
  },
  "4;7": {
    "d_separation": 0.0
  },
  "4;8": {
    "d_separation": 0.0
  },
  "4;9": {
    "d_separation": 0.0
  },
  "5;6": {
    "d_separation": 0.0
  },
  "5;7": {
    "d_separation": 0.0
  },
  "5;8": {
    "d_separation": 0.0
  },
  "5;9": {
    "d_separation": 0.0
  },
  "6;7": {
    "d_separation": 0.0
  },
  "6;8": {
    "d_separation": 0.0
  },
  "6;9": {
    "d_separation": 0.0
  },
  "7;8": {
    "d_separation": 0.0
  },
  "7;9": {
    "d_separation": 0.0
  },
  "8;9": {
    "d_separation": 0.0
  },
  "0;1|2": {
    "kci": 0.518140129584231
  },
  "0;1|3": {
    "kci": 0.5970504379078615
  },
  "0;1|4": {
    "kci": 0.5475446489490867
  },
  "0;1|5": {
    "kci": 0.5095751576281644
  },
  "0;1|6": {
    "kci": 0.5957217168267283
  },
  "0;1|7": {
    "kci": 0.5181661765757969
  },
  "0;1|8": {
    "kci": 0.34432149888642005
  },
  "0;1|9": {
    "kci": 0.5477454038640577
  },
  "0;2|1": {
    "kci": 0.22861214756249426
  },
  "0;2|3": {
    "kci": 0.3889009097138798
  },
  "0;2|4": {
    "kci": 0.5860020682519329
  },
  "0;2|5": {
    "kci": 0.6911841306162209
  },
  "0;2|6": {
    "kci": 0.40629383058450197
  },
  "0;2|7": {
    "kci": 0.3403600609937387
  },
  "0;2|8": {
    "kci": 0.43740503109221684
  },
  "0;2|9": {
    "kci": 0.40672810601624687
  },
  "0;3|1": {
    "kci": 1.084488306835052e-05
  },
  "0;3|2": {
    "kci": 3.1691187290960876e-05
  },
  "0;3|4": {
    "kci": 3.1697412518072454e-06
  },
  "0;3|5": {
    "kci": 0.000871432964528851
  },
  "0;3|6": {
    "kci": 1.1033684709005342e-05
  },
  "0;3|7": {
    "kci": 0.0015392714140489705
  },
  "0;3|8": {
    "kci": 4.270627288804896e-06
  },
  "0;3|9": {
    "kci": 1.060844594069632e-05
  },
  "0;4|1": {
    "kci": 0.4031786273698328
  },
  "0;4|2": {
    "kci": 0.41536126486790304
  },
  "0;4|3": {
    "kci": 0.150836082324596
  },
  "0;4|5": {
    "kci": 0.31068164041888924
  },
  "0;4|6": {
    "kci": 0.37110033320490277
  },
  "0;4|7": {
    "kci": 0.5486067508130863
  },
  "0;4|8": {
    "kci": 0.4784442363470679
  },
  "0;4|9": {
    "kci": 0.4558786934228418
  },
  "0;5|1": {
    "kci": 6.84522737381954e-08
  },
  "0;5|2": {
    "kci": 2.5566265460241766e-07
  },
  "0;5|3": {
    "kci": 0.0007393489034261957
  },
  "0;5|4": {
    "kci": 4.175095301262033e-06
  },
  "0;5|6": {
    "kci": 3.6701939465366706e-07
  },
  "0;5|7": {
    "kci": 9.303360637424873e-09
  },
  "0;5|8": {
    "kci": 3.031569650868704e-08
  },
  "0;5|9": {
    "kci": 8.506187494372597e-07
  },
  "0;6|1": {
    "kci": 0.40249465276966545
  },
  "0;6|2": {
    "kci": 0.3562122703777426
  },
  "0;6|3": {
    "kci": 0.3316707299770987
  },
  "0;6|4": {
    "kci": 0.35235114127730716
  },
  "0;6|5": {
    "kci": 0.4024924792237995
  },
  "0;6|7": {
    "kci": 0.3925584347305888
  },
  "0;6|8": {
    "kci": 0.4137522495110121
  },
  "0;6|9": {
    "kci": 0.3613708785527453
  },
  "0;7|1": {
    "kci": 0.1809576175749824
  },
  "0;7|2": {
    "kci": 0.05680010763932164
  },
  "0;7|3": {
    "kci": 0.3264420165526274
  },
  "0;7|4": {
    "kci": 0.11352704039151629
  },
  "0;7|5": {
    "kci": 0.1084267605837228
  },
  "0;7|6": {
    "kci": 0.11467914484828334
  },
  "0;7|8": {
    "kci": 0.07849067454329661
  },
  "0;7|9": {
    "kci": 0.06631821337965582
  },
  "0;8|1": {
    "kci": 0.0676082631127658
  },
  "0;8|2": {
    "kci": 0.13261212881428175
  },
  "0;8|3": {
    "kci": 0.011999354506437632
  },
  "0;8|4": {
    "kci": 0.10892084845959471
  },
  "0;8|5": {
    "kci": 0.04179146926898103
  },
  "0;8|6": {
    "kci": 0.034473026737015466
  },
  "0;8|7": {
    "kci": 0.044040869976224695
  },
  "0;8|9": {
    "kci": 0.06362597560765626
  },
  "0;9|1": {
    "kci": 0.3128235844886844
  },
  "0;9|2": {
    "kci": 0.2999608311095747
  },
  "0;9|3": {
    "kci": 0.27883008340221505
  },
  "0;9|4": {
    "kci": 0.11222853918791897
  },
  "0;9|5": {
    "kci": 0.3112402132058636
  },
  "0;9|6": {
    "kci": 0.21809392860800647
  },
  "0;9|7": {
    "kci": 0.238331253152695
  },
  "0;9|8": {
    "kci": 0.14515002688742717
  },
  "1;2|0": {
    "kci": 0.02394243196019552
  },
  "1;2|3": {
    "kci": 0.040807934124789
  },
  "1;2|4": {
    "kci": 0.03618037496444515
  },
  "1;2|5": {
    "kci": 0.024889960640950504
  },
  "1;2|6": {
    "kci": 0.030730848661619792
  },
  "1;2|7": {
    "kci": 0.0326505253851892
  },
  "1;2|8": {
    "kci": 0.07530334478448086
  },
  "1;2|9": {
    "kci": 0.03134327203998499
  },
  "1;3|0": {
    "kci": 0.09850148781941015
  },
  "1;3|2": {
    "kci": 0.1721575780546114
  },
  "1;3|4": {
    "kci": 0.1011757795650855
  },
  "1;3|5": {
    "kci": 0.09403730960251355
  },
  "1;3|6": {
    "kci": 0.1060934924601703
  },
  "1;3|7": {
    "kci": 0.11135714958056997
  },
  "1;3|8": {
    "kci": 0.27148759850146
  },
  "1;3|9": {
    "kci": 0.1974760127956977
  },
  "1;4|0": {
    "kci": 0.2700486162423966
  },
  "1;4|2": {
    "kci": 0.08729712510046872
  },
  "1;4|3": {
    "kci": 0.1724567925997721
  },
  "1;4|5": {
    "kci": 0.18123719032379682
  },
  "1;4|6": {
    "kci": 0.17169329771556463
  },
  "1;4|7": {
    "kci": 0.12592842741303822
  },
  "1;4|8": {
    "kci": 0.11065473001821025
  },
  "1;4|9": {
    "kci": 0.09434010165507523
  },
  "1;5|0": {
    "kci": 0.5519289821791196
  },
  "1;5|2": {
    "kci": 0.8476577589524306
  },
  "1;5|3": {
    "kci": 0.6347171090217103
  },
  "1;5|4": {
    "kci": 0.8412026493510789
  },
  "1;5|6": {
    "kci": 0.7597941849121027
  },
  "1;5|7": {
    "kci": 0.753572740112698
  },
  "1;5|8": {
    "kci": 0.7833298244276862
  },
  "1;5|9": {
    "kci": 0.7022072931548731
  },
  "1;6|0": {
    "kci": 0.37401951490988405
  },
  "1;6|2": {
    "kci": 0.3147091706803211
  },
  "1;6|3": {
    "kci": 0.38116879748683774
  },
  "1;6|4": {
    "kci": 0.39800645466862417
  },
  "1;6|5": {
    "kci": 0.3605224485770808
  },
  "1;6|7": {
    "kci": 0.334915345963946
  },
  "1;6|8": {
    "kci": 0.34655486611738806
  },
  "1;6|9": {
    "kci": 0.4316595702322341
  },
  "1;7|0": {
    "kci": 0.4328548882449502
  },
  "1;7|2": {
    "kci": 0.5607787734735596
  },
  "1;7|3": {
    "kci": 0.5844166552962704
  },
  "1;7|4": {
    "kci": 0.4167862697914717
  },
  "1;7|5": {
    "kci": 0.3821535173316435
  },
  "1;7|6": {
    "kci": 0.4220261660443684
  },
  "1;7|8": {
    "kci": 0.49077806294087056
  },
  "1;7|9": {
    "kci": 0.4446249540952769
  },
  "1;8|0": {
    "kci": 0.2292458329234236
  },
  "1;8|2": {
    "kci": 0.28974000772882313
  },
  "1;8|3": {
    "kci": 0.4045930951072474
  },
  "1;8|4": {
    "kci": 0.30380877101316217
  },
  "1;8|5": {
    "kci": 0.36261997497765885
  },
  "1;8|6": {
    "kci": 0.37363239315136865
  },