{
  "data_hash": "3b721e9c27c131c892baf26e22d1f7f8",
  "0;1": {
    "d_separation": 0.0
  },
  "0;2": {
    "d_separation": 0.0
  },
  "0;3": {
    "d_separation": 0.0
  },
  "0;4": {
    "d_separation": 0.0
  },
  "0;5": {
    "d_separation": 0.0
  },
  "0;6": {
    "d_separation": 0.0
  },
  "0;7": {
    "d_separation": 0.0
  },
  "0;8": {
    "d_separation": 0.0
  },
  "0;9": {
    "d_separation": 0.0
  },
  "1;2": {
    "d_separation": 0.0
  },
  "1;3": {
    "d_separation": 0.0
  },
  "1;4": {
    "d_separation": 0.0
  },
  "1;5": {
    "d_separation": 0.0
  },
  "1;6": {
    "d_separation": 0.0
  },
  "1;7": {
    "d_separation": 0.0
  },
  "1;8": {
    "d_separation": 0.0
  },
  "1;9": {
    "d_separation": 0.0
  },
  "2;3": {
    "d_separation": 0.0
  },
  "2;4": {
    "d_separation": 0.0
  },
  "2;5": {
    "d_separation": 0.0
  },
  "2;6": {
    "d_separation": 0.0
  },
  "2;7": {
    "d_separation": 0.0
  },
  "2;8": {
    "d_separation": 0.0
  },
  "2;9": {
    "d_separation": 0.0
  },
  "3;4": {
    "d_separation": 0.0
  },
  "3;5": {
    "d_separation": 0.0
  },
  "3;6": {
    "d_separation": 0.0
  },
  "3;7": {
    "d_separation": 0.0
  },
  "3;8": {
    "d_separation": 0.0
  },
  "3;9": {
    "d_separation": 0.0
  },
  "4;5": {
    "d_separation": 0.0
  },
  "4;6": {
    "d_separation": 0.0
  },
  "4;7": {
    "d_separation": 0.0
  },
  "4;8": {
    "d_separation": 0.0
  },
  "4;9": {
    "d_separation": 0.0
  },
  "5;6": {
    "d_separation": 0.0
  },
  "5;7": {
    "d_separation": 0.0
  },
  "5;8": {
    "d_separation": 0.0
  },
  "5;9": {
    "d_separation": 0.0
  },
  "6;7": {
    "d_separation": 0.0
  },
  "6;8": {
    "d_separation": 0.0
  },
  "6;9": {
    "d_separation": 0.0
  },
  "7;8": {
    "d_separation": 0.0
  },
  "7;9": {
    "d_separation": 0.0
  },
  "8;9": {
    "d_separation": 0.0
  },
  "0;1|2": {
    "kci": 0.10654334358173378
  },
  "0;1|3": {
    "kci": 0.18766151803590259
  },
  "0;1|4": {
    "kci": 0.08950941763237708
  },
  "0;1|5": {
    "kci": 0.08456231834482553
  },
  "0;1|6": {
    "kci": 0.07954046778110535
  },
  "0;1|7": {
    "kci": 0.08270920494002576
  },
  "0;1|8": {
    "kci": 0.1812296840079004
  },
  "0;1|9": {
    "kci": 0.25868710936404593
  },
  "0;2|1": {
    "kci": 0.3890937620884496
  },
  "0;2|3": {
    "kci": 0.40618933818751124
  },
  "0;2|4": {
    "kci": 0.48984122223233817
  },
  "0;2|5": {
    "kci": 0.35871759634046985
  },
  "0;2|6": {
    "kci": 0.3622458612699069
  },
  "0;2|7": {
    "kci": 0.5092467051821927
  },
  "0;2|8": {
    "kci": 0.19873105574824512
  },
  "0;2|9": {
    "kci": 0.6592435562000745
  },
  "0;3|1": {
    "kci": 0.033990272509794694
  },
  "0;3|2": {
    "kci": 0.005763668842460712
  },
  "0;3|4": {
    "kci": 0.006285709298508135
  },
  "0;3|5": {
    "kci": 0.001145539344470703
  },
  "0;3|6": {
    "kci": 0.0011862113498611881
  },
  "0;3|7": {
    "kci": 0.004271914801486476
  },
  "0;3|8": {
    "kci": 0.0008696953979434596
  },
  "0;3|9": {
    "kci": 0.4153647922994933
  },
  "0;4|1": {
    "kci": 0.6335629734731903
  },
  "0;4|2": {
    "kci": 0.3379569565445486
  },
  "0;4|3": {
    "kci": 0.40027910220270313
  },
  "0;4|5": {
    "kci": 0.4476554617333023
  },
  "0;4|6": {
    "kci": 0.4331251519094045
  },
  "0;4|7": {
    "kci": 0.50170696602384
  },
  "0;4|8": {
    "kci": 0.6110214978368906
  },
  "0;4|9": {
    "kci": 0.6513065045884998
  },
  "0;5|1": {
    "kci": 0.629233461745505
  },
  "0;5|2": {
    "kci": 0.5366596201760601
  },
  "0;5|3": {
    "kci": 0.6568838099808025
  },
  "0;5|4": {
    "kci": 0.5710955607969588
  },
  "0;5|6": {
    "kci": 0.7158934199553378
  },
  "0;5|7": {
    "kci": 0.6411957047765355
  },
  "0;5|8": {
    "kci": 0.353059042726373
  },
  "0;5|9": {
    "kci": 0.5430652646632188
  },
  "0;6|1": {
    "kci": 0.31787656243096174
  },
  "0;6|2": {
    "kci": 0.32884709855972016
  },
  "0;6|3": {
    "kci": 0.33727423346305374
  },
  "0;6|4": {
    "kci": 0.34796104375628534
  },
  "0;6|5": {
    "kci": 0.34017418944493205
  },
  "0;6|7": {
    "kci": 0.3186112339943853
  },
  "0;6|8": {
    "kci": 0.30889380671118505
  },
  "0;6|9": {
    "kci": 0.31887470230272297
  },
  "0;7|1": {
    "kci": 0.355627389333824
  },
  "0;7|2": {
    "kci": 0.46020344253711654
  },
  "0;7|3": {
    "kci": 0.3330956398668835
  },
  "0;7|4": {
    "kci": 0.3480734349931298
  },
  "0;7|5": {
    "kci": 0.34481812503256537
  },
  "0;7|6": {
    "kci": 0.35243846990268324
  },
  "0;7|8": {
    "kci": 0.3362287437834116
  },
  "0;7|9": {
    "kci": 0.31927333764229227
  },
  "0;8|1": {
    "kci": 0.4673101784246503
  },
  "0;8|2": {
    "kci": 0.6680508329009692
  },
  "0;8|3": {
    "kci": 0.6072920781496812
  },
  "0;8|4": {
    "kci": 0.608129324611854
  },
  "0;8|5": {
    "kci": 0.5576944165073885
  },
  "0;8|6": {
    "kci": 0.5735246470061426
  },
  "0;8|7": {
    "kci": 0.6533928280475989
  },
  "0;8|9": {
    "kci": 0.5042456402202016
  },
  "0;9|1": {
    "kci": 0.0002941351872686182
  },
  "0;9|2": {
    "kci": 0.0014632945196595415
  },
  "0;9|3": {
    "kci": 0.0006743577226145936
  },
  "0;9|4": {
    "kci": 0.0002458554989283046
  },
  "0;9|5": {
    "kci": 0.00012951586622977906
  },
  "0;9|6": {
    "kci": 7.222952106289426e-05
  },
  "0;9|7": {
    "kci": 7.461288515053788e-05
  },
  "0;9|8": {
    "kci": 0.008221595352003286
  },
  "1;2|0": {
    "kci": 0.0008937791967948971
  },
  "1;2|3": {
    "kci": 0.06360551158209182
  },
  "1;2|4": {
    "kci": 0.002727556081129401
  },
  "1;2|5": {
    "kci": 0.0016112019472942496
  },
  "1;2|6": {
    "kci": 0.0008601633390037389
  },
  "1;2|7": {
    "kci": 0.0010185047575048678
  },
  "1;2|8": {
    "kci": 0.0026684344385078385
  },
  "1;2|9": {
    "kci": 0.018142761468679325
  },
  "1;3|0": {
    "kci": 0.0011955108655674618
  },
  "1;3|2": {
    "kci": 0.10283661308515557
  },
  "1;3|4": {
    "kci": 5.3296008931780214e-05
  },
  "1;3|5": {
    "kci": 6.198512216726293e-05
  },
  "1;3|6": {
    "kci": 0.00011503197535223109
  },
  "1;3|7": {
    "kci": 0.0003963467497086759
  },
  "1;3|8": {
    "kci": 4.962504034433657e-05
  },
  "1;3|9": {
    "kci": 0.011876785846784199
  },
  "1;4|0": {
    "kci": 0.2093801092769656
  },
  "1;4|2": {
    "kci": 0.06005909429950862
  },
  "1;4|3": {
    "kci": 0.10647665038380061
  },
  "1;4|5": {
    "kci": 0.0935061457229106
  },
  "1;4|6": {
    "kci": 0.1066259777968851
  },
  "1;4|7": {
    "kci": 0.1369077809313437
  },
  "1;4|8": {
    "kci": 0.28428640093012825
  },
  "1;4|9": {
    "kci": 0.12083941077584237
  },
  "1;5|0": {
    "kci": 0.06506430188996914
  },
  "1;5|2": {
    "kci": 0.0768977116329368
  },
  "1;5|3": {
    "kci": 0.042000744443462246
  },
  "1;5|4": {
    "kci": 0.03476168858481854
  },
  "1;5|6": {
    "kci": 0.040106531071482765
  },
  "1;5|7": {
    "kci": 0.03724452362983188
  },
  "1;5|8": {
    "kci": 0.09220970869667999
  },
  "1;5|9": {
    "kci": 0.03027213993278055
  },
  "1;6|0": {
    "kci": 0.31306483049303213
  },
  "1;6|2": {
    "kci": 0.3203755284626214
  },
  "1;6|3": {
    "kci": 0.3070096318698239
  },
  "1;6|4": {
    "kci": 0.31961066699710916
  },
  "1;6|5": {
    "kci": 0.3375171702102152
  },
  "1;6|7": {
    "kci": 0.323387190389806
  },
  "1;6|8": {
    "kci": 0.3282354455235762
  },
  "1;6|9": {
    "kci": 0.3262720113111417
  },
  "1;7|0": {
    "kci": 0.3819172604191321
  },
  "1;7|2": {
    "kci": 0.35097946913645117
  },
  "1;7|3": {
    "kci": 0.40798653997191214
  },
  "1;7|4": {
    "kci": 0.4388241565963632
  },
  "1;7|5": {
    "kci": 0.38279535654458363
  },
  "1;7|6": {
    "kci": 0.38048816272252795
  },
  "1;7|8": {
    "kci": 0.41242327222629127
  },
  "1;7|9": {
    "kci": 0.39620082818090563
  },
  "1;8|0": {
    "kci": 0.6619563963655163
  },
  "1;8|2": {
    "kci": 0.3314960433519454
  },
  "1;8|3": {
    "kci": 0.2462511529796616
  },
  "1;8|4": {
    "kci": 0.6906651563415509
  },
  "1;8|5": {
    "kci": 0.7451375273643317
  },