{
  "data_hash": "3e4c069b1708fbe91b95542babcde908",
  "0;1": {
    "d_separation": 0.0
  },
  "0;2": {
    "d_separation": 0.0
  },
  "0;3": {
    "d_separation": 0.0
  },
  "0;4": {
    "d_separation": 0.0
  },
  "0;5": {
    "d_separation": 0.0
  },
  "0;6": {
    "d_separation": 0.0
  },
  "0;7": {
    "d_separation": 0.0
  },
  "0;8": {
    "d_separation": 0.0
  },
  "0;9": {
    "d_separation": 0.0
  },
  "1;2": {
    "d_separation": 0.0
  },
  "1;3": {
    "d_separation": 0.0
  },
  "1;4": {
    "d_separation": 0.0
  },
  "1;5": {
    "d_separation": 0.0
  },
  "1;6": {
    "d_separation": 0.0
  },
  "1;7": {
    "d_separation": 0.0
  },
  "1;8": {
    "d_separation": 0.0
  },
  "1;9": {
    "d_separation": 0.0
  },
  "2;3": {
    "d_separation": 0.0
  },
  "2;4": {
    "d_separation": 0.0
  },
  "2;5": {
    "d_separation": 0.0
  },
  "2;6": {
    "d_separation": 0.0
  },
  "2;7": {
    "d_separation": 0.0
  },
  "2;8": {
    "d_separation": 0.0
  },
  "2;9": {
    "d_separation": 0.0
  },
  "3;4": {
    "d_separation": 0.0
  },
  "3;5": {
    "d_separation": 0.0
  },
  "3;6": {
    "d_separation": 0.0
  },
  "3;7": {
    "d_separation": 0.0
  },
  "3;8": {
    "d_separation": 0.0
  },
  "3;9": {
    "d_separation": 0.0
  },
  "4;5": {
    "d_separation": 0.0
  },
  "4;6": {
    "d_separation": 0.0
  },
  "4;7": {
    "d_separation": 0.0
  },
  "4;8": {
    "d_separation": 0.0
  },
  "4;9": {
    "d_separation": 0.0
  },
  "5;6": {
    "d_separation": 0.0
  },
  "5;7": {
    "d_separation": 0.0
  },
  "5;8": {
    "d_separation": 0.0
  },
  "5;9": {
    "d_separation": 0.0
  },
  "6;7": {
    "d_separation": 0.0
  },
  "6;8": {
    "d_separation": 0.0
  },
  "6;9": {
    "d_separation": 0.0
  },
  "7;8": {
    "d_separation": 0.0
  },
  "7;9": {
    "d_separation": 0.0
  },
  "8;9": {
    "d_separation": 0.0
  },
  "0;1|2": {
    "kci": 0.8625904717478005
  },
  "0;1|3": {
    "kci": 0.5068559580487593
  },
  "0;1|4": {
    "kci": 0.5627321493378047
  },
  "0;1|5": {
    "kci": 0.7353914627535147
  },
  "0;1|6": {
    "kci": 0.6286321857834558
  },
  "0;1|7": {
    "kci": 0.43964601559413996
  },
  "0;1|8": {
    "kci": 0.40328684871225584
  },
  "0;1|9": {
    "kci": 0.6124282494030725
  },
  "0;2|1": {
    "kci": 0.3643398415522592
  },
  "0;2|3": {
    "kci": 0.30456558099842146
  },
  "0;2|4": {
    "kci": 0.40005179374544153
  },
  "0;2|5": {
    "kci": 0.36989377330339757
  },
  "0;2|6": {
    "kci": 0.4021873300278632
  },
  "0;2|7": {
    "kci": 0.3484304838706973
  },
  "0;2|8": {
    "kci": 0.46219521357083393
  },
  "0;2|9": {
    "kci": 0.33909375471323444
  },
  "0;3|1": {
    "kci": 0.1449848704837644
  },
  "0;3|2": {
    "kci": 0.12742252914755137
  },
  "0;3|4": {
    "kci": 0.16027150530618273
  },
  "0;3|5": {
    "kci": 0.12288663339017691
  },
  "0;3|6": {
    "kci": 0.09296363355868531
  },
  "0;3|7": {
    "kci": 0.11289709354511213
  },
  "0;3|8": {
    "kci": 0.1282996714728124
  },
  "0;3|9": {
    "kci": 0.1213029090515505
  },
  "0;4|1": {
    "kci": 0.48564633353128783
  },
  "0;4|2": {
    "kci": 0.4616129096635134
  },
  "0;4|3": {
    "kci": 0.5536816255754793
  },
  "0;4|5": {
    "kci": 0.46427130060180166
  },
  "0;4|6": {
    "kci": 0.3958401497992725
  },
  "0;4|7": {
    "kci": 0.4270871239282603
  },
  "0;4|8": {
    "kci": 0.5717205656085704
  },
  "0;4|9": {
    "kci": 0.5212785814028563
  },
  "0;5|1": {
    "kci": 0.46921938164011856
  },
  "0;5|2": {
    "kci": 0.47695972857786706
  },
  "0;5|3": {
    "kci": 0.554457857534558
  },
  "0;5|4": {
    "kci": 0.4892701811598543
  },
  "0;5|6": {
    "kci": 0.43521197637528164
  },
  "0;5|7": {
    "kci": 0.4251471871662833
  },
  "0;5|8": {
    "kci": 0.391604395322525
  },
  "0;5|9": {
    "kci": 0.373396806342573
  },
  "0;6|1": {
    "kci": 0.006528438045137364
  },
  "0;6|2": {
    "kci": 0.0028062026316886257
  },
  "0;6|3": {
    "kci": 0.00028831595974665447
  },
  "0;6|4": {
    "kci": 0.015378089590969868
  },
  "0;6|5": {
    "kci": 0.00391413145367614
  },
  "0;6|7": {
    "kci": 0.005794921084889215
  },
  "0;6|8": {
    "kci": 0.027662587928748872
  },
  "0;6|9": {
    "kci": 0.006144154737935281
  },
  "0;7|1": {
    "kci": 0.2859262208962483
  },
  "0;7|2": {
    "kci": 0.22857607927761447
  },
  "0;7|3": {
    "kci": 0.36447415958232954
  },
  "0;7|4": {
    "kci": 0.1514787035519758
  },
  "0;7|5": {
    "kci": 0.1787053213983123
  },
  "0;7|6": {
    "kci": 0.1172896331581802
  },
  "0;7|8": {
    "kci": 0.4759824951210201
  },
  "0;7|9": {
    "kci": 0.1258443990221373
  },
  "0;8|1": {
    "kci": 0.6154531305318747
  },
  "0;8|2": {
    "kci": 0.651776809781675
  },
  "0;8|3": {
    "kci": 0.20395773459230626
  },
  "0;8|4": {
    "kci": 0.7781748539218363
  },
  "0;8|5": {
    "kci": 0.6136529550994982
  },
  "0;8|6": {
    "kci": 0.6549548655259438
  },
  "0;8|7": {
    "kci": 0.6718085738014297
  },
  "0;8|9": {
    "kci": 0.576413819022075
  },
  "0;9|1": {
    "kci": 0.7327039805847213
  },
  "0;9|2": {
    "kci": 0.5321794347026572
  },
  "0;9|3": {
    "kci": 0.7361988864554342
  },
  "0;9|4": {
    "kci": 0.7689985319501929
  },
  "0;9|5": {
    "kci": 0.7380746338571145
  },
  "0;9|6": {
    "kci": 0.7424849368123851
  },
  "0;9|7": {
    "kci": 0.6214226325162002
  },
  "0;9|8": {
    "kci": 0.303883463783287
  },
  "1;2|0": {
    "kci": 0.3217219887935876
  },
  "1;2|3": {
    "kci": 0.24773452130147366
  },
  "1;2|4": {
    "kci": 0.44744626456530856
  },
  "1;2|5": {
    "kci": 0.2476563737163202
  },
  "1;2|6": {
    "kci": 0.3027168220698798
  },
  "1;2|7": {
    "kci": 0.26166170057852356
  },
  "1;2|8": {
    "kci": 0.28352411360001595
  },
  "1;2|9": {
    "kci": 0.4346805887223284
  },
  "1;3|0": {
    "kci": 0.5851672445962272
  },
  "1;3|2": {
    "kci": 0.7428843362718166
  },
  "1;3|4": {
    "kci": 0.6971841734676218
  },
  "1;3|5": {
    "kci": 0.6986398899366767
  },
  "1;3|6": {
    "kci": 0.5389993683064565
  },
  "1;3|7": {
    "kci": 0.677456241465618
  },
  "1;3|8": {
    "kci": 0.8041251675550755
  },
  "1;3|9": {
    "kci": 0.36092679239110614
  },
  "1;4|0": {
    "kci": 0.13820019457913724
  },
  "1;4|2": {
    "kci": 0.24060715056805837
  },
  "1;4|3": {
    "kci": 0.08068698991920631
  },
  "1;4|5": {
    "kci": 0.1423570691225602
  },
  "1;4|6": {
    "kci": 0.08586608822570374
  },
  "1;4|7": {
    "kci": 0.326987232179915
  },
  "1;4|8": {
    "kci": 0.317338535912288
  },
  "1;4|9": {
    "kci": 0.09440378764918489
  },
  "1;5|0": {
    "kci": 0.4658848588106501
  },
  "1;5|2": {
    "kci": 0.4965110236703809
  },
  "1;5|3": {
    "kci": 0.43125222049695155
  },
  "1;5|4": {
    "kci": 0.42326041466827713
  },
  "1;5|6": {
    "kci": 0.39991801897418655
  },
  "1;5|7": {
    "kci": 0.4320718281725733
  },
  "1;5|8": {
    "kci": 0.5350637033941024
  },
  "1;5|9": {
    "kci": 0.3443499401692074
  },
  "1;6|0": {
    "kci": 0.3685810430501978
  },
  "1;6|2": {
    "kci": 0.2955846407478854
  },
  "1;6|3": {
    "kci": 0.3009645064314943
  },
  "1;6|4": {
    "kci": 0.23739581143441013
  },
  "1;6|5": {
    "kci": 0.36620727882678084
  },
  "1;6|7": {
    "kci": 0.34724322329604884
  },
  "1;6|8": {
    "kci": 0.34092391869143523
  },
  "1;6|9": {
    "kci": 0.2591567998685278
  },
  "1;7|0": {
    "kci": 0.06591512604275418
  },
  "1;7|2": {
    "kci": 0.05167502043974692
  },
  "1;7|3": {
    "kci": 0.092638595310236
  },
  "1;7|4": {
    "kci": 0.15205535730601272
  },
  "1;7|5": {
    "kci": 0.06430350281769948
  },
  "1;7|6": {
    "kci": 0.07958031430206747
  },
  "1;7|8": {
    "kci": 0.07344137426409592
  },
  "1;7|9": {
    "kci": 0.11043050293910239
  },
  "1;8|0": {
    "kci": 0.0004193964826386676
  },
  "1;8|2": {
    "kci": 0.001722473228647492
  },
  "1;8|3": {
    "kci": 0.006503361126208307
  },
  "1;8|4": {
    "kci": 0.004289861406281514
  },
  "1;8|5": {
    "kci": 0.0007494350970100871
  },
  "1;8|6": {
    "kci": 4.328483025939356e-05
  },