{
  "data_hash": "3f0ae2bdb819d2721c134791728e8fc2",
  "0;1": {
    "d_separation": 0.0
  },
  "0;2": {
    "d_separation": 0.0
  },
  "0;3": {
    "d_separation": 0.0
  },
  "0;4": {
    "d_separation": 0.0
  },
  "0;5": {
    "d_separation": 0.0
  },
  "0;6": {
    "d_separation": 0.0
  },
  "0;7": {
    "d_separation": 0.0
  },
  "0;8": {
    "d_separation": 0.0
  },
  "0;9": {
    "d_separation": 0.0
  },
  "1;2": {
    "d_separation": 0.0
  },
  "1;3": {
    "d_separation": 0.0
  },
  "1;4": {
    "d_separation": 0.0
  },
  "1;5": {
    "d_separation": 0.0
  },
  "1;6": {
    "d_separation": 0.0
  },
  "1;7": {
    "d_separation": 0.0
  },
  "1;8": {
    "d_separation": 0.0
  },
  "1;9": {
    "d_separation": 0.0
  },
  "2;3": {
    "d_separation": 0.0
  },
  "2;4": {
    "d_separation": 0.0
  },
  "2;5": {
    "d_separation": 0.0
  },
  "2;6": {
    "d_separation": 0.0
  },
  "2;7": {
    "d_separation": 0.0
  },
  "2;8": {
    "d_separation": 0.0
  },
  "2;9": {
    "d_separation": 0.0
  },
  "3;4": {
    "d_separation": 0.0
  },
  "3;5": {
    "d_separation": 0.0
  },
  "3;6": {
    "d_separation": 0.0
  },
  "3;7": {
    "d_separation": 0.0
  },
  "3;8": {
    "d_separation": 0.0
  },
  "3;9": {
    "d_separation": 0.0
  },
  "4;5": {
    "d_separation": 0.0
  },
  "4;6": {
    "d_separation": 0.0
  },
  "4;7": {
    "d_separation": 0.0
  },
  "4;8": {
    "d_separation": 0.0
  },
  "4;9": {
    "d_separation": 0.0
  },
  "5;6": {
    "d_separation": 0.0
  },
  "5;7": {
    "d_separation": 0.0
  },
  "5;8": {
    "d_separation": 0.0
  },
  "5;9": {
    "d_separation": 0.0
  },
  "6;7": {
    "d_separation": 0.0
  },
  "6;8": {
    "d_separation": 0.0
  },
  "6;9": {
    "d_separation": 0.0
  },
  "7;8": {
    "d_separation": 0.0
  },
  "7;9": {
    "d_separation": 0.0
  },
  "8;9": {
    "d_separation": 0.0
  },
  "0;1|2": {
    "kci": 0.1065424828508802
  },
  "0;1|3": {
    "kci": 0.18766059642246835
  },
  "0;1|4": {
    "kci": 0.0895050114939524
  },
  "0;1|5": {
    "kci": 0.08456177278818922
  },
  "0;1|6": {
    "kci": 0.07953978809067708
  },
  "0;1|7": {
    "kci": 0.08270849603533525
  },
  "0;1|8": {
    "kci": 0.18122814389622777
  },
  "0;1|9": {
    "kci": 0.25868671943750465
  },
  "0;2|1": {
    "kci": 0.38909433064748655
  },
  "0;2|3": {
    "kci": 0.40618867545224013
  },
  "0;2|4": {
    "kci": 0.4898567249114928
  },
  "0;2|5": {
    "kci": 0.35871852446998254
  },
  "0;2|6": {
    "kci": 0.3622467127805462
  },
  "0;2|7": {
    "kci": 0.5092474559557367
  },
  "0;2|8": {
    "kci": 0.19873158786973755
  },
  "0;2|9": {
    "kci": 0.6592426356312597
  },
  "0;3|1": {
    "kci": 0.0339903426711039
  },
  "0;3|2": {
    "kci": 0.005763639366719198
  },
  "0;3|4": {
    "kci": 0.006286188477258037
  },
  "0;3|5": {
    "kci": 0.001145542274548772
  },
  "0;3|6": {
    "kci": 0.0011862110367131251
  },
  "0;3|7": {
    "kci": 0.004271914112851327
  },
  "0;3|8": {
    "kci": 0.0008696953551703412
  },
  "0;3|9": {
    "kci": 0.41536459823754146
  },
  "0;4|1": {
    "kci": 0.6335107918530062
  },
  "0;4|2": {
    "kci": 0.33796262034305435
  },
  "0;4|3": {
    "kci": 0.40024350432726963
  },
  "0;4|5": {
    "kci": 0.4476100623719518
  },
  "0;4|6": {
    "kci": 0.433093667269812
  },
  "0;4|7": {
    "kci": 0.5016783345812146
  },
  "0;4|8": {
    "kci": 0.6109713056596058
  },
  "0;4|9": {
    "kci": 0.6513016571895673
  },
  "0;5|1": {
    "kci": 0.6292331675867777
  },
  "0;5|2": {
    "kci": 0.536659216944822
  },
  "0;5|3": {
    "kci": 0.6568837643777061
  },
  "0;5|4": {
    "kci": 0.5711020893909399
  },
  "0;5|6": {
    "kci": 0.7158932372723192
  },
  "0;5|7": {
    "kci": 0.641195420959237
  },
  "0;5|8": {
    "kci": 0.3530589120647909
  },
  "0;5|9": {
    "kci": 0.5430655505994946
  },
  "0;6|1": {
    "kci": 0.3178765216610163
  },
  "0;6|2": {
    "kci": 0.3288470833588236
  },
  "0;6|3": {
    "kci": 0.3372742309250706
  },
  "0;6|4": {
    "kci": 0.34795742017740316
  },
  "0;6|5": {
    "kci": 0.3401741324901747
  },
  "0;6|7": {
    "kci": 0.3186112334902701
  },
  "0;6|8": {
    "kci": 0.3088938067863666
  },
  "0;6|9": {
    "kci": 0.3188747012138532
  },
  "0;7|1": {
    "kci": 0.35562736127659567
  },
  "0;7|2": {
    "kci": 0.4602035718112726
  },
  "0;7|3": {
    "kci": 0.3330956392783184
  },
  "0;7|4": {
    "kci": 0.34808369697722696
  },
  "0;7|5": {
    "kci": 0.3448181593690457
  },
  "0;7|6": {
    "kci": 0.3524384793756399
  },
  "0;7|8": {
    "kci": 0.33622878937232514
  },
  "0;7|9": {
    "kci": 0.31927334492570536
  },
  "0;8|1": {
    "kci": 0.46731001519187754
  },
  "0;8|2": {
    "kci": 0.6680507507762258
  },
  "0;8|3": {
    "kci": 0.6072920579251081
  },
  "0;8|4": {
    "kci": 0.6080989740541929
  },
  "0;8|5": {
    "kci": 0.5576942587809309
  },
  "0;8|6": {
    "kci": 0.5735246193333905
  },
  "0;8|7": {
    "kci": 0.6533928139974928
  },
  "0;8|9": {
    "kci": 0.5042457731393611
  },
  "0;9|1": {
    "kci": 0.00029413677908818325
  },
  "0;9|2": {
    "kci": 0.001463296163630723
  },
  "0;9|3": {
    "kci": 0.0006743586670048263
  },
  "0;9|4": {
    "kci": 0.00024589252212525725
  },
  "0;9|5": {
    "kci": 0.00012951669766192442
  },
  "0;9|6": {
    "kci": 7.222973527021281e-05
  },
  "0;9|7": {
    "kci": 7.461310946921262e-05
  },
  "0;9|8": {
    "kci": 0.008221602458657773
  },
  "1;2|0": {
    "kci": 0.0008937845564422897
  },
  "1;2|3": {
    "kci": 0.06360568288929513
  },
  "1;2|4": {
    "kci": 0.00272754875765735
  },
  "1;2|5": {
    "kci": 0.001611201297269882
  },
  "1;2|6": {
    "kci": 0.0008601661116989234
  },
  "1;2|7": {
    "kci": 0.001018509982092075
  },
  "1;2|8": {
    "kci": 0.002668435420690507
  },
  "1;2|9": {
    "kci": 0.01814278217613352
  },
  "1;3|0": {
    "kci": 0.0011955071299075692
  },
  "1;3|2": {
    "kci": 0.10283615077523067
  },
  "1;3|4": {
    "kci": 5.3289429288616574e-05
  },
  "1;3|5": {
    "kci": 6.198462842066377e-05
  },
  "1;3|6": {
    "kci": 0.0001150306477473162
  },
  "1;3|7": {
    "kci": 0.0003963429490981829
  },
  "1;3|8": {
    "kci": 4.962476207037714e-05
  },
  "1;3|9": {
    "kci": 0.011876699460272033
  },
  "1;4|0": {
    "kci": 0.20936171316901409
  },
  "1;4|2": {
    "kci": 0.060050703251096405
  },
  "1;4|3": {
    "kci": 0.10646522437076411
  },
  "1;4|5": {
    "kci": 0.09350150679202862
  },
  "1;4|6": {
    "kci": 0.1066138952580995
  },
  "1;4|7": {
    "kci": 0.13689420015608667
  },
  "1;4|8": {
    "kci": 0.2842645855375643
  },
  "1;4|9": {
    "kci": 0.12082427788476213
  },
  "1;5|0": {
    "kci": 0.065064779803638
  },
  "1;5|2": {
    "kci": 0.0768981704236924
  },
  "1;5|3": {
    "kci": 0.042001080775924904
  },
  "1;5|4": {
    "kci": 0.034762561491133104
  },
  "1;5|6": {
    "kci": 0.04010683214436894
  },
  "1;5|7": {
    "kci": 0.03724482768916615
  },
  "1;5|8": {
    "kci": 0.0922102743146086
  },
  "1;5|9": {
    "kci": 0.030272323081978803
  },
  "1;6|0": {
    "kci": 0.3130647859652226
  },
  "1;6|2": {
    "kci": 0.32037552211237197
  },
  "1;6|3": {
    "kci": 0.30700964898476313
  },
  "1;6|4": {
    "kci": 0.3196094500395459
  },
  "1;6|5": {
    "kci": 0.3375170348107601
  },
  "1;6|7": {
    "kci": 0.3233871833730446
  },
  "1;6|8": {
    "kci": 0.32823543407953515
  },
  "1;6|9": {
    "kci": 0.3262719905701974
  },
  "1;7|0": {
    "kci": 0.3819171616278013
  },
  "1;7|2": {
    "kci": 0.3509799659930086
  },
  "1;7|3": {
    "kci": 0.40798664215370706
  },
  "1;7|4": {
    "kci": 0.4388331162254613
  },
  "1;7|5": {
    "kci": 0.3827954188088756
  },
  "1;7|6": {
    "kci": 0.3804881495929455
  },
  "1;7|8": {
    "kci": 0.41242320476026917
  },
  "1;7|9": {
    "kci": 0.396200887730806
  },
  "1;8|0": {
    "kci": 0.6619587335596149
  },
  "1;8|2": {
    "kci": 0.33149881832178774
  },
  "1;8|3": {
    "kci": 0.24625356097141515
  },
  "1;8|4": {
    "kci": 0.6906764064348511
  },
  "1;8|5": {
    "kci": 0.74513912098471
  },