{
  "data_hash": "3f0c0f025ee41629c50aca0fddd9c86c",
  "0;1": {
    "d_separation": 0.0
  },
  "0;2": {
    "d_separation": 0.0
  },
  "0;3": {
    "d_separation": 0.0
  },
  "0;4": {
    "d_separation": 0.0
  },
  "0;5": {
    "d_separation": 0.0
  },
  "0;6": {
    "d_separation": 0.0
  },
  "0;7": {
    "d_separation": 0.0
  },
  "0;8": {
    "d_separation": 0.0
  },
  "0;9": {
    "d_separation": 0.0
  },
  "1;2": {
    "d_separation": 0.0
  },
  "1;3": {
    "d_separation": 0.0
  },
  "1;4": {
    "d_separation": 0.0
  },
  "1;5": {
    "d_separation": 0.0
  },
  "1;6": {
    "d_separation": 0.0
  },
  "1;7": {
    "d_separation": 0.0
  },
  "1;8": {
    "d_separation": 0.0
  },
  "1;9": {
    "d_separation": 0.0
  },
  "2;3": {
    "d_separation": 0.0
  },
  "2;4": {
    "d_separation": 0.0
  },
  "2;5": {
    "d_separation": 0.0
  },
  "2;6": {
    "d_separation": 0.0
  },
  "2;7": {
    "d_separation": 0.0
  },
  "2;8": {
    "d_separation": 0.0
  },
  "2;9": {
    "d_separation": 0.0
  },
  "3;4": {
    "d_separation": 0.0
  },
  "3;5": {
    "d_separation": 0.0
  },
  "3;6": {
    "d_separation": 0.0
  },
  "3;7": {
    "d_separation": 0.0
  },
  "3;8": {
    "d_separation": 0.0
  },
  "3;9": {
    "d_separation": 0.0
  },
  "4;5": {
    "d_separation": 0.0
  },
  "4;6": {
    "d_separation": 0.0
  },
  "4;7": {
    "d_separation": 0.0
  },
  "4;8": {
    "d_separation": 0.0
  },
  "4;9": {
    "d_separation": 0.0
  },
  "5;6": {
    "d_separation": 0.0
  },
  "5;7": {
    "d_separation": 0.0
  },
  "5;8": {
    "d_separation": 0.0
  },
  "5;9": {
    "d_separation": 0.0
  },
  "6;7": {
    "d_separation": 0.0
  },
  "6;8": {
    "d_separation": 0.0
  },
  "6;9": {
    "d_separation": 0.0
  },
  "7;8": {
    "d_separation": 0.0
  },
  "7;9": {
    "d_separation": 0.0
  },
  "8;9": {
    "d_separation": 0.0
  },
  "0;1|2": {
    "kci": 0.08268925570002406
  },
  "0;1|3": {
    "kci": 0.05514400626908644
  },
  "0;1|4": {
    "kci": 0.11071010682116367
  },
  "0;1|5": {
    "kci": 0.20631367775881804
  },
  "0;1|6": {
    "kci": 0.12022536263299444
  },
  "0;1|7": {
    "kci": 0.03537958502829297
  },
  "0;1|8": {
    "kci": 0.06503732304900889
  },
  "0;1|9": {
    "kci": 0.000446759021864751
  },
  "0;2|1": {
    "kci": 0.5856670400216297
  },
  "0;2|3": {
    "kci": 0.5333978793846029
  },
  "0;2|4": {
    "kci": 0.6411372944621686
  },
  "0;2|5": {
    "kci": 0.4630134035789778
  },
  "0;2|6": {
    "kci": 0.3986090149445467
  },
  "0;2|7": {
    "kci": 0.3980697322078217
  },
  "0;2|8": {
    "kci": 0.5571290920782159
  },
  "0;2|9": {
    "kci": 0.3917905035846483
  },
  "0;3|1": {
    "kci": 0.0744487012387588
  },
  "0;3|2": {
    "kci": 0.07333395212788485
  },
  "0;3|4": {
    "kci": 0.010633305763544487
  },
  "0;3|5": {
    "kci": 0.3349354274706293
  },
  "0;3|6": {
    "kci": 0.10846924305851491
  },
  "0;3|7": {
    "kci": 0.02435438911012755
  },
  "0;3|8": {
    "kci": 0.034055180821855324
  },
  "0;3|9": {
    "kci": 0.04470313960962613
  },
  "0;4|1": {
    "kci": 0.5853779495804512
  },
  "0;4|2": {
    "kci": 0.16488232903785371
  },
  "0;4|3": {
    "kci": 0.08042996441151384
  },
  "0;4|5": {
    "kci": 0.15007035085021603
  },
  "0;4|6": {
    "kci": 0.3048056966350683
  },
  "0;4|7": {
    "kci": 0.16710996302587433
  },
  "0;4|8": {
    "kci": 0.35823968658388594
  },
  "0;4|9": {
    "kci": 0.3891209712587913
  },
  "0;5|1": {
    "kci": 0.00019522609359667875
  },
  "0;5|2": {
    "kci": 4.690570911913827e-05
  },
  "0;5|3": {
    "kci": 0.0008315648347330118
  },
  "0;5|4": {
    "kci": 8.283950563292564e-06
  },
  "0;5|6": {
    "kci": 0.000196254672219065
  },
  "0;5|7": {
    "kci": 1.8143645902801708e-05
  },
  "0;5|8": {
    "kci": 1.0739143959992425e-05
  },
  "0;5|9": {
    "kci": 0.00015521574768639912
  },
  "0;6|1": {
    "kci": 0.5162710975724649
  },
  "0;6|2": {
    "kci": 0.6420788984688216
  },
  "0;6|3": {
    "kci": 0.6245919204204368
  },
  "0;6|4": {
    "kci": 0.5627908185968629
  },
  "0;6|5": {
    "kci": 0.6411318743446204
  },
  "0;6|7": {
    "kci": 0.3407086697317585
  },
  "0;6|8": {
    "kci": 0.5845553271151767
  },
  "0;6|9": {
    "kci": 0.49878991563292063
  },
  "0;7|1": {
    "kci": 0.0026306212437895438
  },
  "0;7|2": {
    "kci": 0.0056456083386423606
  },
  "0;7|3": {
    "kci": 0.0020704687795511934
  },
  "0;7|4": {
    "kci": 0.006873702794924164
  },
  "0;7|5": {
    "kci": 0.011879391528161976
  },
  "0;7|6": {
    "kci": 0.005850447720390339
  },
  "0;7|8": {
    "kci": 0.004578507601654902
  },
  "0;7|9": {
    "kci": 0.027526432279571855
  },
  "0;8|1": {
    "kci": 0.007290940024072046
  },
  "0;8|2": {
    "kci": 0.09515681890357475
  },
  "0;8|3": {
    "kci": 0.006165075547666765
  },
  "0;8|4": {
    "kci": 0.014334006200182103
  },
  "0;8|5": {
    "kci": 0.00550105232724396
  },
  "0;8|6": {
    "kci": 0.01568818949554973
  },
  "0;8|7": {
    "kci": 0.17118966882381081
  },
  "0;8|9": {
    "kci": 0.14334026479465745
  },
  "0;9|1": {
    "kci": 0.062243398097510894
  },
  "0;9|2": {
    "kci": 0.09974107769052232
  },
  "0;9|3": {
    "kci": 0.09623924915879423
  },
  "0;9|4": {
    "kci": 0.13380060999872145
  },
  "0;9|5": {
    "kci": 0.10239191826931948
  },
  "0;9|6": {
    "kci": 0.11144128788212104
  },
  "0;9|7": {
    "kci": 0.24727680038566402
  },
  "0;9|8": {
    "kci": 0.07121867129158421
  },
  "1;2|0": {
    "kci": 0.061337629462883236
  },
  "1;2|3": {
    "kci": 0.06515018936176253
  },
  "1;2|4": {
    "kci": 0.39404296041380915
  },
  "1;2|5": {
    "kci": 0.018998368786310338
  },
  "1;2|6": {
    "kci": 0.10812461573291177
  },
  "1;2|7": {
    "kci": 0.13102357233111372
  },
  "1;2|8": {
    "kci": 0.12015423593394547
  },
  "1;2|9": {
    "kci": 0.04464450842430845
  },
  "1;3|0": {
    "kci": 0.19095466499772873
  },
  "1;3|2": {
    "kci": 0.5681717210781271
  },
  "1;3|4": {
    "kci": 0.6644163726676271
  },
  "1;3|5": {
    "kci": 0.38441493819711636
  },
  "1;3|6": {
    "kci": 0.6430168494036499
  },
  "1;3|7": {
    "kci": 0.4283949154416202
  },
  "1;3|8": {
    "kci": 0.5111227110252832
  },
  "1;3|9": {
    "kci": 0.6155240005836404
  },
  "1;4|0": {
    "kci": 0.007589692694569439
  },
  "1;4|2": {
    "kci": 0.03354901104825103
  },
  "1;4|3": {
    "kci": 0.006305364542143921
  },
  "1;4|5": {
    "kci": 0.002493056427139151
  },
  "1;4|6": {
    "kci": 0.019694776788955926
  },
  "1;4|7": {
    "kci": 0.023811721687170606
  },
  "1;4|8": {
    "kci": 0.004172843105308965
  },
  "1;4|9": {
    "kci": 0.016702607697691385
  },
  "1;5|0": {
    "kci": 0.4408990083313259
  },
  "1;5|2": {
    "kci": 0.11309453972460914
  },
  "1;5|3": {
    "kci": 0.16350245474040925
  },
  "1;5|4": {
    "kci": 0.10899415954066993
  },
  "1;5|6": {
    "kci": 0.13113755691497941
  },
  "1;5|7": {
    "kci": 0.10573371661864417
  },
  "1;5|8": {
    "kci": 0.175397935280178
  },
  "1;5|9": {
    "kci": 0.10255897830211924
  },
  "1;6|0": {
    "kci": 0.04879878375267421
  },
  "1;6|2": {
    "kci": 0.21404695220765801
  },
  "1;6|3": {
    "kci": 0.14657822700445833
  },
  "1;6|4": {
    "kci": 0.2745638829264213
  },
  "1;6|5": {
    "kci": 0.20975207136001428
  },
  "1;6|7": {
    "kci": 0.08191630991506071
  },
  "1;6|8": {
    "kci": 0.128196480424962
  },
  "1;6|9": {
    "kci": 0.14290803281373554
  },
  "1;7|0": {
    "kci": 0.1092452594901544
  },
  "1;7|2": {
    "kci": 0.08230073788685122
  },
  "1;7|3": {
    "kci": 0.06622968974922228
  },
  "1;7|4": {
    "kci": 0.061984462712888044
  },
  "1;7|5": {
    "kci": 0.03502653306924708
  },
  "1;7|6": {
    "kci": 0.051149602489319324
  },
  "1;7|8": {
    "kci": 0.0904025156981959
  },
  "1;7|9": {
    "kci": 0.06189305521833788
  },
  "1;8|0": {
    "kci": 0.02334454170308886
  },
  "1;8|2": {
    "kci": 0.2217557685181365
  },
  "1;8|3": {
    "kci": 0.13426252441637598
  },
  "1;8|4": {
    "kci": 0.038012140693611585
  },
  "1;8|5": {
    "kci": 0.413313605855507
  },