{
  "data_hash": "3f78dc0f04d8b401f0a61b0ad0e5a107",
  "0;1": {
    "d_separation": 0.0
  },
  "0;2": {
    "d_separation": 0.0
  },
  "0;3": {
    "d_separation": 0.0
  },
  "0;4": {
    "d_separation": 0.0
  },
  "0;5": {
    "d_separation": 0.0
  },
  "0;6": {
    "d_separation": 0.0
  },
  "0;7": {
    "d_separation": 0.0
  },
  "0;8": {
    "d_separation": 0.0
  },
  "0;9": {
    "d_separation": 0.0
  },
  "1;2": {
    "d_separation": 0.0
  },
  "1;3": {
    "d_separation": 0.0
  },
  "1;4": {
    "d_separation": 0.0
  },
  "1;5": {
    "d_separation": 0.0
  },
  "1;6": {
    "d_separation": 0.0
  },
  "1;7": {
    "d_separation": 0.0
  },
  "1;8": {
    "d_separation": 0.0
  },
  "1;9": {
    "d_separation": 0.0
  },
  "2;3": {
    "d_separation": 0.0
  },
  "2;4": {
    "d_separation": 0.0
  },
  "2;5": {
    "d_separation": 0.0
  },
  "2;6": {
    "d_separation": 0.0
  },
  "2;7": {
    "d_separation": 0.0
  },
  "2;8": {
    "d_separation": 0.0
  },
  "2;9": {
    "d_separation": 0.0
  },
  "3;4": {
    "d_separation": 0.0
  },
  "3;5": {
    "d_separation": 0.0
  },
  "3;6": {
    "d_separation": 0.0
  },
  "3;7": {
    "d_separation": 0.0
  },
  "3;8": {
    "d_separation": 0.0
  },
  "3;9": {
    "d_separation": 0.0
  },
  "4;5": {
    "d_separation": 0.0
  },
  "4;6": {
    "d_separation": 0.0
  },
  "4;7": {
    "d_separation": 0.0
  },
  "4;8": {
    "d_separation": 0.0
  },
  "4;9": {
    "d_separation": 0.0
  },
  "5;6": {
    "d_separation": 0.0
  },
  "5;7": {
    "d_separation": 0.0
  },
  "5;8": {
    "d_separation": 0.0
  },
  "5;9": {
    "d_separation": 0.0
  },
  "6;7": {
    "d_separation": 0.0
  },
  "6;8": {
    "d_separation": 0.0
  },
  "6;9": {
    "d_separation": 0.0
  },
  "7;8": {
    "d_separation": 0.0
  },
  "7;9": {
    "d_separation": 0.0
  },
  "8;9": {
    "d_separation": 0.0
  },
  "0;1|2": {
    "kci": 0.061938795488165055
  },
  "0;1|3": {
    "kci": 0.03498944327042208
  },
  "0;1|4": {
    "kci": 0.08180124594244453
  },
  "0;1|5": {
    "kci": 0.028226151204019057
  },
  "0;1|6": {
    "kci": 0.3886544470901485
  },
  "0;1|7": {
    "kci": 0.52003379683303
  },
  "0;1|8": {
    "kci": 0.18396685299918625
  },
  "0;1|9": {
    "kci": 0.12788573279056104
  },
  "0;2|1": {
    "kci": 0.34966516814867044
  },
  "0;2|3": {
    "kci": 0.5446091410897064
  },
  "0;2|4": {
    "kci": 0.14208246464622487
  },
  "0;2|5": {
    "kci": 0.13411685822541708
  },
  "0;2|6": {
    "kci": 0.3919099630309444
  },
  "0;2|7": {
    "kci": 0.7803353515044547
  },
  "0;2|8": {
    "kci": 0.056484343596086894
  },
  "0;2|9": {
    "kci": 0.1922789000497317
  },
  "0;3|1": {
    "kci": 0.00047744884557854306
  },
  "0;3|2": {
    "kci": 0.007187030891471213
  },
  "0;3|4": {
    "kci": 0.008662494940609444
  },
  "0;3|5": {
    "kci": 0.004771064769188982
  },
  "0;3|6": {
    "kci": 0.00010335920614246152
  },
  "0;3|7": {
    "kci": 0.30849594735776853
  },
  "0;3|8": {
    "kci": 0.0003069070246038974
  },
  "0;3|9": {
    "kci": 0.0010422897683535215
  },
  "0;4|1": {
    "kci": 0.054948087954405755
  },
  "0;4|2": {
    "kci": 0.02393337273358398
  },
  "0;4|3": {
    "kci": 0.01952401803315318
  },
  "0;4|5": {
    "kci": 0.05858870825628881
  },
  "0;4|6": {
    "kci": 0.0955801408985516
  },
  "0;4|7": {
    "kci": 0.18671167797029897
  },
  "0;4|8": {
    "kci": 0.029093850671956578
  },
  "0;4|9": {
    "kci": 0.07151481630369316
  },
  "0;5|1": {
    "kci": 0.27835005516493005
  },
  "0;5|2": {
    "kci": 0.40043475555202
  },
  "0;5|3": {
    "kci": 0.3835606450068416
  },
  "0;5|4": {
    "kci": 0.41444142503854053
  },
  "0;5|6": {
    "kci": 0.4809652053303266
  },
  "0;5|7": {
    "kci": 0.3212801090100874
  },
  "0;5|8": {
    "kci": 0.5157192825407407
  },
  "0;5|9": {
    "kci": 0.3797197363956306
  },
  "0;6|1": {
    "kci": 0.00864655187743446
  },
  "0;6|2": {
    "kci": 0.01614882721902977
  },
  "0;6|3": {
    "kci": 0.020060202910445857
  },
  "0;6|4": {
    "kci": 0.07162381660167472
  },
  "0;6|5": {
    "kci": 0.0028473755419784474
  },
  "0;6|7": {
    "kci": 0.062251155174845696
  },
  "0;6|8": {
    "kci": 0.004477075350886595
  },
  "0;6|9": {
    "kci": 0.004967486618884687
  },
  "0;7|1": {
    "kci": 0.0
  },
  "0;7|2": {
    "kci": 0.0
  },
  "0;7|3": {
    "kci": 0.0
  },
  "0;7|4": {
    "kci": 0.0
  },
  "0;7|5": {
    "kci": 0.0
  },
  "0;7|6": {
    "kci": 0.0
  },
  "0;7|8": {
    "kci": 0.0
  },
  "0;7|9": {
    "kci": 0.0
  },
  "0;8|1": {
    "kci": 0.47566741555201975
  },
  "0;8|2": {
    "kci": 0.10457485962828661
  },
  "0;8|3": {
    "kci": 0.28370644877013185
  },
  "0;8|4": {
    "kci": 0.25397422491253674
  },
  "0;8|5": {
    "kci": 0.24867144215771542
  },
  "0;8|6": {
    "kci": 0.31904038599084994
  },
  "0;8|7": {
    "kci": 0.15458577950117014
  },
  "0;8|9": {
    "kci": 0.18549010263800692
  },
  "0;9|1": {
    "kci": 0.03269652102833609
  },
  "0;9|2": {
    "kci": 0.02558786416531622
  },
  "0;9|3": {
    "kci": 0.3494819500387457
  },
  "0;9|4": {
    "kci": 0.061580824250286326
  },
  "0;9|5": {
    "kci": 0.13526001929797493
  },
  "0;9|6": {
    "kci": 0.011170940803436058
  },
  "0;9|7": {
    "kci": 0.12086331753057289
  },
  "0;9|8": {
    "kci": 0.15518585906064863
  },
  "1;2|0": {
    "kci": 0.5419438758947581
  },
  "1;2|3": {
    "kci": 0.28017571109261996
  },
  "1;2|4": {
    "kci": 0.5427727841713603
  },
  "1;2|5": {
    "kci": 0.5694083124705698
  },
  "1;2|6": {
    "kci": 0.4953037808218639
  },
  "1;2|7": {
    "kci": 0.5684716065696973
  },
  "1;2|8": {
    "kci": 0.47399824695107473
  },
  "1;2|9": {
    "kci": 0.4931195595997203
  },
  "1;3|0": {
    "kci": 0.00027800530736177276
  },
  "1;3|2": {
    "kci": 0.00034739518402515657
  },
  "1;3|4": {
    "kci": 0.0004992716445512135
  },
  "1;3|5": {
    "kci": 0.0037183546115083788
  },
  "1;3|6": {
    "kci": 0.004352553964384609
  },
  "1;3|7": {
    "kci": 0.00921278589516894
  },
  "1;3|8": {
    "kci": 0.0048131193411448114
  },
  "1;3|9": {
    "kci": 0.06544021251559107
  },
  "1;4|0": {
    "kci": 0.6052229377310998
  },
  "1;4|2": {
    "kci": 0.3996463045749261
  },
  "1;4|3": {
    "kci": 0.1646558117226935
  },
  "1;4|5": {
    "kci": 0.2540946801719979
  },
  "1;4|6": {
    "kci": 0.146087372719235
  },
  "1;4|7": {
    "kci": 0.42218916132918427
  },
  "1;4|8": {
    "kci": 0.3642430936013097
  },
  "1;4|9": {
    "kci": 0.28933903100367675
  },
  "1;5|0": {
    "kci": 0.19289690975107332
  },
  "1;5|2": {
    "kci": 0.18783385798437358
  },
  "1;5|3": {
    "kci": 0.20017878489613894
  },
  "1;5|4": {
    "kci": 0.18776076152845755
  },
  "1;5|6": {
    "kci": 0.20654892891868903
  },
  "1;5|7": {
    "kci": 0.2594595182343926
  },
  "1;5|8": {
    "kci": 0.22233095443486173
  },
  "1;5|9": {
    "kci": 0.21048135784917665
  },
  "1;6|0": {
    "kci": 0.0962511737783539
  },
  "1;6|2": {
    "kci": 0.0934067868992482
  },
  "1;6|3": {
    "kci": 0.14654165843474598
  },
  "1;6|4": {
    "kci": 0.06365318652635699
  },
  "1;6|5": {
    "kci": 0.11806889554903466
  },
  "1;6|7": {
    "kci": 0.18876624010247278
  },
  "1;6|8": {
    "kci": 0.09506304383107878
  },
  "1;6|9": {
    "kci": 0.15216741882140628
  },
  "1;7|0": {
    "kci": 0.0002997167278866453
  },
  "1;7|2": {
    "kci": 3.270581275471862e-06
  },
  "1;7|3": {
    "kci": 4.936259875853999e-06
  },
  "1;7|4": {
    "kci": 4.36638631096109e-06
  },
  "1;7|5": {
    "kci": 1.306658004018857e-09
  },
  "1;7|6": {
    "kci": 0.00015608636907116225
  },
  "1;7|8": {
    "kci": 1.832139032420521e-05
  },
  "1;7|9": {
    "kci": 6.20371711308465e-05
  },
  "1;8|0": {
    "kci": 0.01279289130988881
  },
  "1;8|2": {
    "kci": 0.005653741871616935
  },
  "1;8|3": {
    "kci": 0.015177049120177921
  },
  "1;8|4": {
    "kci": 0.00888093619419894
  },
  "1;8|5": {
    "kci": 0.010835512598399433
  },
  "1;8|6": {
    "kci": 0.024374435348121004
  },
  "1;8|7": {
    "kci": 0.019640736393730096
  },