{
  "data_hash": "435ab8caf7175665323cf5a36321c8d7",
  "0;1": {
    "d_separation": 1.0
  },
  "0;2": {
    "d_separation": 0.0
  },
  "0;3": {
    "d_separation": 0.0
  },
  "0;4": {
    "d_separation": 0.0
  },
  "0;5": {
    "d_separation": 0.0
  },
  "0;6": {
    "d_separation": 0.0
  },
  "0;7": {
    "d_separation": 0.0
  },
  "0;8": {
    "d_separation": 0.0
  },
  "0;9": {
    "d_separation": 0.0
  },
  "1;2": {
    "d_separation": 0.0
  },
  "1;3": {
    "d_separation": 1.0
  },
  "1;4": {
    "d_separation": 0.0
  },
  "1;5": {
    "d_separation": 0.0
  },
  "1;6": {
    "d_separation": 1.0
  },
  "1;7": {
    "d_separation": 1.0
  },
  "1;8": {
    "d_separation": 1.0
  },
  "1;9": {
    "d_separation": 0.0
  },
  "2;3": {
    "d_separation": 0.0
  },
  "2;4": {
    "d_separation": 0.0
  },
  "2;5": {
    "d_separation": 0.0
  },
  "2;6": {
    "d_separation": 0.0
  },
  "2;7": {
    "d_separation": 0.0
  },
  "2;8": {
    "d_separation": 0.0
  },
  "2;9": {
    "d_separation": 0.0
  },
  "3;4": {
    "d_separation": 0.0
  },
  "3;5": {
    "d_separation": 0.0
  },
  "3;6": {
    "d_separation": 0.0
  },
  "3;7": {
    "d_separation": 0.0
  },
  "3;8": {
    "d_separation": 0.0
  },
  "3;9": {
    "d_separation": 0.0
  },
  "4;5": {
    "d_separation": 0.0
  },
  "4;6": {
    "d_separation": 0.0
  },
  "4;7": {
    "d_separation": 0.0
  },
  "4;8": {
    "d_separation": 0.0
  },
  "4;9": {
    "d_separation": 0.0
  },
  "5;6": {
    "d_separation": 0.0
  },
  "5;7": {
    "d_separation": 0.0
  },
  "5;8": {
    "d_separation": 0.0
  },
  "5;9": {
    "d_separation": 0.0
  },
  "6;7": {
    "d_separation": 0.0
  },
  "6;8": {
    "d_separation": 0.0
  },
  "6;9": {
    "d_separation": 0.0
  },
  "7;8": {
    "d_separation": 0.0
  },
  "7;9": {
    "d_separation": 0.0
  },
  "8;9": {
    "d_separation": 0.0
  },
  "0;2|3": {
    "fisherz": 0.021836024761947348
  },
  "0;2|4": {
    "fisherz": 0.04074020239371645
  },
  "0;2|5": {
    "fisherz": 0.05229717486812091
  },
  "0;2|6": {
    "fisherz": 6.209764065401302e-06
  },
  "0;2|7": {
    "fisherz": 0.044208568453171226
  },
  "0;2|8": {
    "fisherz": 0.03312299583317291
  },
  "0;2|9": {
    "fisherz": 0.04346618388404244
  },
  "0;3|2": {
    "fisherz": 0.0033221188773828736
  },
  "0;3|4": {
    "fisherz": 0.005323607296019661
  },
  "0;3|5": {
    "fisherz": 0.0025776900113783086
  },
  "0;3|6": {
    "fisherz": 0.32510711851293417
  },
  "0;3|7": {
    "fisherz": 0.006306193043965402
  },
  "0;3|8": {
    "fisherz": 0.004040962490535538
  },
  "0;3|9": {
    "fisherz": 0.011404978305368463
  },
  "0;4|2": {
    "fisherz": 0.625422466164482
  },
  "0;4|3": {
    "fisherz": 0.4984570909374697
  },
  "0;4|5": {
    "fisherz": 0.4362697735458121
  },
  "0;4|6": {
    "fisherz": 0.6032564323381471
  },
  "0;4|7": {
    "fisherz": 0.6100731902494831
  },
  "0;4|8": {
    "fisherz": 0.6106460294600162
  },
  "0;4|9": {
    "fisherz": 0.6396114642461188
  },
  "0;5|2": {
    "fisherz": 0.002178438183871867
  },
  "0;5|3": {
    "fisherz": 0.0007486991006513399
  },
  "0;5|4": {
    "fisherz": 0.0014112654001126046
  },
  "0;5|6": {
    "fisherz": 0.0001921694460333967
  },
  "0;5|7": {
    "fisherz": 0.0019818197647296643
  },
  "0;5|8": {
    "fisherz": 0.0008426530010885447
  },
  "0;5|9": {
    "fisherz": 0.0013212334845424945
  },
  "0;6|2": {
    "fisherz": 3.3226754680981685e-12
  },
  "0;6|3": {
    "fisherz": 6.769915146254135e-07
  },
  "0;6|4": {
    "fisherz": 1.94369533801364e-08
  },
  "0;6|5": {
    "fisherz": 2.2415305167555744e-09
  },
  "0;6|7": {
    "fisherz": 2.141761235030515e-08
  },
  "0;6|8": {
    "fisherz": 1.760177825715914e-08
  },
  "0;6|9": {
    "fisherz": 1.366773827449208e-08
  },
  "0;7|2": {
    "fisherz": 0.6307228575290464
  },
  "0;7|3": {
    "fisherz": 0.5924160185303613
  },
  "0;7|4": {
    "fisherz": 0.5322173480901391
  },
  "0;7|5": {
    "fisherz": 0.7275629048708347
  },
  "0;7|6": {
    "fisherz": 0.6381550183216294
  },
  "0;7|8": {
    "fisherz": 0.5345761611495929
  },
  "0;7|9": {
    "fisherz": 0.4925906113815546
  },
  "0;8|2": {
    "fisherz": 0.41642479405781097
  },
  "0;8|3": {
    "fisherz": 0.31176821163020785
  },
  "0;8|4": {
    "fisherz": 0.5650803334772343
  },
  "0;8|5": {
    "fisherz": 0.20356797916344616
  },
  "0;8|6": {
    "fisherz": 0.46877560175748223
  },
  "0;8|7": {
    "fisherz": 0.5672256570098038
  },
  "0;8|9": {
    "fisherz": 0.5568272343763956
  },
  "0;9|2": {
    "fisherz": 0.06644892061824126
  },
  "0;9|3": {
    "fisherz": 0.12580559765178
  },
  "0;9|4": {
    "fisherz": 0.06291073609185749
  },
  "0;9|5": {
    "fisherz": 0.04636697676885704
  },
  "0;9|6": {
    "fisherz": 0.041304567872697096
  },
  "0;9|7": {
    "fisherz": 0.05844002147091043
  },
  "0;9|8": {
    "fisherz": 0.06087212783850959
  },
  "1;2|4": {
    "fisherz": 0.32495171323157046
  },
  "1;2|5": {
    "fisherz": 0.31121210689402057
  },
  "1;2|9": {
    "fisherz": 0.3135280468817392
  },
  "1;4|2": {
    "fisherz": 0.16554511234126656
  },
  "1;4|5": {
    "fisherz": 0.16741634502751102
  },
  "1;4|9": {
    "fisherz": 0.15979989627673952
  },
  "1;5|2": {
    "fisherz": 0.7587218490358612
  },
  "1;5|4": {
    "fisherz": 0.8848445198189907
  },
  "1;5|9": {
    "fisherz": 0.7928988697189048
  },
  "1;9|2": {
    "fisherz": 0.714227282874397
  },
  "1;9|4": {
    "fisherz": 0.7078420781020023
  },
  "1;9|5": {
    "fisherz": 0.7307450862168015
  },
  "0;2|1": {
    "fisherz": 0.049889696899459324
  },
  "1;2|0": {
    "fisherz": 0.42578302033794047
  },
  "1;2|3": {
    "fisherz": 0.3200851413289847
  },
  "1;2|6": {
    "fisherz": 0.12888863606547973
  },
  "1;2|7": {
    "fisherz": 0.4110821215141427
  },
  "1;2|8": {
    "fisherz": 0.2760651132052323
  },
  "2;3|0": {
    "fisherz": 0.15930938310113207
  },
  "2;3|1": {
    "fisherz": 0.33507398395092935
  },
  "2;3|4": {
    "fisherz": 0.3376324808904916
  },
  "2;3|5": {
    "fisherz": 0.3526123004269699
  },
  "2;3|6": {
    "fisherz": 0.4541775996980153
  },
  "2;3|7": {
    "fisherz": 0.31279827428080065
  },
  "2;3|8": {
    "fisherz": 0.22351851850881022
  },
  "2;3|9": {
    "fisherz": 0.3024520236364254
  },
  "2;4|0": {
    "fisherz": 0.9093415962689453
  },
  "2;4|1": {
    "fisherz": 0.9295702132647947
  },
  "2;4|3": {
    "fisherz": 0.8941791166191277
  },
  "2;4|5": {
    "fisherz": 0.8062084462179826
  },
  "2;4|6": {
    "fisherz": 0.8216317460847089
  },
  "2;4|7": {
    "fisherz": 0.8523210575746705
  },
  "2;4|8": {
    "fisherz": 0.8479619652996366
  },
  "2;4|9": {
    "fisherz": 0.8590910780451575
  },
  "2;5|0": {
    "fisherz": 0.7792258472163811
  },
  "2;5|1": {
    "fisherz": 0.45916576493956995
  },
  "2;5|3": {
    "fisherz": 0.5042773277131256
  },
  "2;5|4": {
    "fisherz": 0.4608730303636275
  },
  "2;5|6": {
    "fisherz": 0.6129513686755723
  },
  "2;5|7": {
    "fisherz": 0.5296824964812838
  },
  "2;5|8": {
    "fisherz": 0.06934924808146992
  },
  "2;5|9": {
    "fisherz": 0.4659687773295247
  },
  "2;6|0": {
    "fisherz": 2.382352093377449e-10
  },
  "2;6|1": {
    "fisherz": 6.516637089948318e-07
  },
  "2;6|3": {
    "fisherz": 1.6173287167298156e-06
  },
  "2;6|4": {
    "fisherz": 1.3086847558962944e-06
  },
  "2;6|5": {
    "fisherz": 1.5210761010742146e-06
  },
  "2;6|7": {
    "fisherz": 9.785176660059847e-07
  },
  "2;6|8": {
    "fisherz": 9.616605094464603e-07
  },
  "2;6|9": {
    "fisherz": 1.3144257007269289e-06
  },
  "2;7|0": {
    "fisherz": 0.3399240236364145
  },
  "2;7|1": {
    "fisherz": 0.3865540887963137
  },
  "2;7|3": {
    "fisherz": 0.2830517599083602
  },
  "2;7|4": {
    "fisherz": 0.3009626426423495
  },
  "2;7|5": {
    "fisherz": 0.3305903880411878
  },
  "2;7|6": {
    "fisherz": 0.20234228939453835
  },
  "2;7|8": {
    "fisherz": 0.2926964416146052
  },
  "2;7|9": {
    "fisherz": 0.2953126279711338
  },
  "2;8|0": {
    "fisherz": 0.10129276949654731
  },