{
  "data_hash": "438d211bc68e93d9ab7e038bf4cf20be",
  "0;1": {
    "d_separation": 0.0
  },
  "0;2": {
    "d_separation": 0.0
  },
  "0;3": {
    "d_separation": 0.0
  },
  "0;4": {
    "d_separation": 0.0
  },
  "0;5": {
    "d_separation": 0.0
  },
  "0;6": {
    "d_separation": 0.0
  },
  "0;7": {
    "d_separation": 0.0
  },
  "0;8": {
    "d_separation": 0.0
  },
  "0;9": {
    "d_separation": 0.0
  },
  "1;2": {
    "d_separation": 0.0
  },
  "1;3": {
    "d_separation": 0.0
  },
  "1;4": {
    "d_separation": 0.0
  },
  "1;5": {
    "d_separation": 0.0
  },
  "1;6": {
    "d_separation": 0.0
  },
  "1;7": {
    "d_separation": 0.0
  },
  "1;8": {
    "d_separation": 0.0
  },
  "1;9": {
    "d_separation": 0.0
  },
  "2;3": {
    "d_separation": 0.0
  },
  "2;4": {
    "d_separation": 0.0
  },
  "2;5": {
    "d_separation": 0.0
  },
  "2;6": {
    "d_separation": 0.0
  },
  "2;7": {
    "d_separation": 0.0
  },
  "2;8": {
    "d_separation": 0.0
  },
  "2;9": {
    "d_separation": 0.0
  },
  "3;4": {
    "d_separation": 0.0
  },
  "3;5": {
    "d_separation": 0.0
  },
  "3;6": {
    "d_separation": 0.0
  },
  "3;7": {
    "d_separation": 0.0
  },
  "3;8": {
    "d_separation": 0.0
  },
  "3;9": {
    "d_separation": 0.0
  },
  "4;5": {
    "d_separation": 0.0
  },
  "4;6": {
    "d_separation": 0.0
  },
  "4;7": {
    "d_separation": 0.0
  },
  "4;8": {
    "d_separation": 0.0
  },
  "4;9": {
    "d_separation": 0.0
  },
  "5;6": {
    "d_separation": 0.0
  },
  "5;7": {
    "d_separation": 0.0
  },
  "5;8": {
    "d_separation": 0.0
  },
  "5;9": {
    "d_separation": 0.0
  },
  "6;7": {
    "d_separation": 0.0
  },
  "6;8": {
    "d_separation": 0.0
  },
  "6;9": {
    "d_separation": 0.0
  },
  "7;8": {
    "d_separation": 0.0
  },
  "7;9": {
    "d_separation": 0.0
  },
  "8;9": {
    "d_separation": 0.0
  },
  "0;1|2": {
    "kci": 0.4562834588051685
  },
  "0;1|3": {
    "kci": 0.5381674654337887
  },
  "0;1|4": {
    "kci": 0.5181549348438286
  },
  "0;1|5": {
    "kci": 0.5714418508571869
  },
  "0;1|6": {
    "kci": 0.3942471616326294
  },
  "0;1|7": {
    "kci": 0.4983717722504396
  },
  "0;1|8": {
    "kci": 0.39375191597649617
  },
  "0;1|9": {
    "kci": 0.4238249702606771
  },
  "0;2|1": {
    "kci": 0.2585949219000443
  },
  "0;2|3": {
    "kci": 0.28509567336453767
  },
  "0;2|4": {
    "kci": 0.2461782088971095
  },
  "0;2|5": {
    "kci": 0.19308912689840496
  },
  "0;2|6": {
    "kci": 0.19108019431865386
  },
  "0;2|7": {
    "kci": 0.2586419797043821
  },
  "0;2|8": {
    "kci": 0.2433208552834638
  },
  "0;2|9": {
    "kci": 0.2102825099667487
  },
  "0;3|1": {
    "kci": 0.2304499481374631
  },
  "0;3|2": {
    "kci": 0.26168788673566645
  },
  "0;3|4": {
    "kci": 0.23254405577683013
  },
  "0;3|5": {
    "kci": 0.2546053294430003
  },
  "0;3|6": {
    "kci": 0.2293742581528243
  },
  "0;3|7": {
    "kci": 0.27926284105094046
  },
  "0;3|8": {
    "kci": 0.21846421671255034
  },
  "0;3|9": {
    "kci": 0.31131959670246023
  },
  "0;4|1": {
    "kci": 0.20838639093961808
  },
  "0;4|2": {
    "kci": 0.212910253850228
  },
  "0;4|3": {
    "kci": 0.27170123384677536
  },
  "0;4|5": {
    "kci": 0.24495631635376447
  },
  "0;4|6": {
    "kci": 0.17688726649833075
  },
  "0;4|7": {
    "kci": 0.20785801426529327
  },
  "0;4|8": {
    "kci": 0.12641535796110226
  },
  "0;4|9": {
    "kci": 0.31840545943089527
  },
  "0;5|1": {
    "kci": 0.5158703558256919
  },
  "0;5|2": {
    "kci": 0.5883345011154615
  },
  "0;5|3": {
    "kci": 0.32642745468756396
  },
  "0;5|4": {
    "kci": 0.5378188152948924
  },
  "0;5|6": {
    "kci": 0.5055825332135149
  },
  "0;5|7": {
    "kci": 0.5196021988250165
  },
  "0;5|8": {
    "kci": 0.48440892096387056
  },
  "0;5|9": {
    "kci": 0.5504966494299184
  },
  "0;6|1": {
    "kci": 0.37636430801327425
  },
  "0;6|2": {
    "kci": 0.32620671546401414
  },
  "0;6|3": {
    "kci": 0.315564717173731
  },
  "0;6|4": {
    "kci": 0.3639617401427033
  },
  "0;6|5": {
    "kci": 0.33324884762589113
  },
  "0;6|7": {
    "kci": 0.3491620802121165
  },
  "0;6|8": {
    "kci": 0.5136963747455972
  },
  "0;6|9": {
    "kci": 0.41082990248343065
  },
  "0;7|1": {
    "kci": 0.4468863368196342
  },
  "0;7|2": {
    "kci": 0.382966812810144
  },
  "0;7|3": {
    "kci": 0.4103169919226072
  },
  "0;7|4": {
    "kci": 0.4039496588957642
  },
  "0;7|5": {
    "kci": 0.41092936229358157
  },
  "0;7|6": {
    "kci": 0.42325905066216274
  },
  "0;7|8": {
    "kci": 0.3885584073222672
  },
  "0;7|9": {
    "kci": 0.48093993163254267
  },
  "0;8|1": {
    "kci": 0.599357946641339
  },
  "0;8|2": {
    "kci": 0.5730028184699099
  },
  "0;8|3": {
    "kci": 0.5110569311523296
  },
  "0;8|4": {
    "kci": 0.5386838194929497
  },
  "0;8|5": {
    "kci": 0.5266181571696993
  },
  "0;8|6": {
    "kci": 0.5045784612846753
  },
  "0;8|7": {
    "kci": 0.4367574395986106
  },
  "0;8|9": {
    "kci": 0.40962061380124926
  },
  "0;9|1": {
    "kci": 0.21465897295313863
  },
  "0;9|2": {
    "kci": 0.1678284748391956
  },
  "0;9|3": {
    "kci": 0.31008576204048466
  },
  "0;9|4": {
    "kci": 0.29631863250010837
  },
  "0;9|5": {
    "kci": 0.2668276256541757
  },
  "0;9|6": {
    "kci": 0.2203858452307197
  },
  "0;9|7": {
    "kci": 0.16713893285670023
  },
  "0;9|8": {
    "kci": 0.2080693464584933
  },
  "1;2|0": {
    "kci": 0.4037516878276529
  },
  "1;2|3": {
    "kci": 0.4782327945225908
  },
  "1;2|4": {
    "kci": 0.477466716815494
  },
  "1;2|5": {
    "kci": 0.4935555048502609
  },
  "1;2|6": {
    "kci": 0.4893083514349007
  },
  "1;2|7": {
    "kci": 0.21717826463205003
  },
  "1;2|8": {
    "kci": 0.3357141909265007
  },
  "1;2|9": {
    "kci": 0.518113151453801
  },
  "1;3|0": {
    "kci": 0.5460174179898398
  },
  "1;3|2": {
    "kci": 0.5532371922861481
  },
  "1;3|4": {
    "kci": 0.12046948026100135
  },
  "1;3|5": {
    "kci": 0.5430942122463827
  },
  "1;3|6": {
    "kci": 0.622095346298486
  },
  "1;3|7": {
    "kci": 0.7612381528328902
  },
  "1;3|8": {
    "kci": 0.7249180001062989
  },
  "1;3|9": {
    "kci": 0.19476624789268948
  },
  "1;4|0": {
    "kci": 0.27979479849684075
  },
  "1;4|2": {
    "kci": 0.1963114683357836
  },
  "1;4|3": {
    "kci": 0.2378448733673304
  },
  "1;4|5": {
    "kci": 0.47783860809115863
  },
  "1;4|6": {
    "kci": 0.1263967844371765
  },
  "1;4|7": {
    "kci": 0.24736649817110745
  },
  "1;4|8": {
    "kci": 0.030656186040339373
  },
  "1;4|9": {
    "kci": 0.14427820956812987
  },
  "1;5|0": {
    "kci": 0.03642884669561286
  },
  "1;5|2": {
    "kci": 0.07114223312480894
  },
  "1;5|3": {
    "kci": 0.09539917983503499
  },
  "1;5|4": {
    "kci": 0.03847054740174927
  },
  "1;5|6": {
    "kci": 0.049765198828324086
  },
  "1;5|7": {
    "kci": 0.06919206622990326
  },
  "1;5|8": {
    "kci": 0.15389691629024793
  },
  "1;5|9": {
    "kci": 0.04618765087898413
  },
  "1;6|0": {
    "kci": 0.03656948178912667
  },
  "1;6|2": {
    "kci": 0.04244918485508187
  },
  "1;6|3": {
    "kci": 0.08546482802886646
  },
  "1;6|4": {
    "kci": 0.02346632917663971
  },
  "1;6|5": {
    "kci": 0.0383889761143158
  },
  "1;6|7": {
    "kci": 0.04046368235557618
  },
  "1;6|8": {
    "kci": 0.04778891686164144
  },
  "1;6|9": {
    "kci": 0.07529837071534473
  },
  "1;7|0": {
    "kci": 0.3263334349680205
  },
  "1;7|2": {
    "kci": 0.438790928342082
  },
  "1;7|3": {
    "kci": 0.4109039453924259
  },
  "1;7|4": {
    "kci": 0.1840401016977089
  },
  "1;7|5": {
    "kci": 0.272659436932145
  },
  "1;7|6": {
    "kci": 0.23270247833681856
  },
  "1;7|8": {
    "kci": 0.215580435406594
  },
  "1;7|9": {
    "kci": 0.5072704784988104
  },
  "1;8|0": {
    "kci": 0.19268075117878758
  },
  "1;8|2": {
    "kci": 0.1677064361634064
  },
  "1;8|3": {
    "kci": 0.20179193353614
  },
  "1;8|4": {
    "kci": 0.1441975385914137
  },
  "1;8|5": {
    "kci": 0.14618499320403533
  },
  "1;8|6": {
    "kci": 0.19105358765371538
  },
  "1;8|7": {
    "kci": 0.3776621699038065
  },