{
  "data_hash": "452e2c0e9b42c4d7514845e8a2672f8a",
  "0;1": {
    "d_separation": 0.0
  },
  "0;2": {
    "d_separation": 0.0
  },
  "0;3": {
    "d_separation": 0.0
  },
  "0;4": {
    "d_separation": 0.0
  },
  "0;5": {
    "d_separation": 0.0
  },
  "0;6": {
    "d_separation": 0.0
  },
  "0;7": {
    "d_separation": 0.0
  },
  "0;8": {
    "d_separation": 0.0
  },
  "0;9": {
    "d_separation": 0.0
  },
  "1;2": {
    "d_separation": 0.0
  },
  "1;3": {
    "d_separation": 0.0
  },
  "1;4": {
    "d_separation": 0.0
  },
  "1;5": {
    "d_separation": 0.0
  },
  "1;6": {
    "d_separation": 0.0
  },
  "1;7": {
    "d_separation": 1.0
  },
  "1;8": {
    "d_separation": 0.0
  },
  "1;9": {
    "d_separation": 0.0
  },
  "2;3": {
    "d_separation": 0.0
  },
  "2;4": {
    "d_separation": 0.0
  },
  "2;5": {
    "d_separation": 0.0
  },
  "2;6": {
    "d_separation": 0.0
  },
  "2;7": {
    "d_separation": 0.0
  },
  "2;8": {
    "d_separation": 0.0
  },
  "2;9": {
    "d_separation": 0.0
  },
  "3;4": {
    "d_separation": 0.0
  },
  "3;5": {
    "d_separation": 0.0
  },
  "3;6": {
    "d_separation": 0.0
  },
  "3;7": {
    "d_separation": 1.0
  },
  "3;8": {
    "d_separation": 0.0
  },
  "3;9": {
    "d_separation": 0.0
  },
  "4;5": {
    "d_separation": 0.0
  },
  "4;6": {
    "d_separation": 0.0
  },
  "4;7": {
    "d_separation": 1.0
  },
  "4;8": {
    "d_separation": 0.0
  },
  "4;9": {
    "d_separation": 0.0
  },
  "5;6": {
    "d_separation": 0.0
  },
  "5;7": {
    "d_separation": 0.0
  },
  "5;8": {
    "d_separation": 0.0
  },
  "5;9": {
    "d_separation": 0.0
  },
  "6;7": {
    "d_separation": 0.0
  },
  "6;8": {
    "d_separation": 0.0
  },
  "6;9": {
    "d_separation": 0.0
  },
  "7;8": {
    "d_separation": 0.0
  },
  "7;9": {
    "d_separation": 0.0
  },
  "8;9": {
    "d_separation": 0.0
  },
  "0;1|2": {
    "fisherz": 0.157018189545844
  },
  "0;1|3": {
    "fisherz": 0.1401832088037056
  },
  "0;1|4": {
    "fisherz": 0.20098039336171336
  },
  "0;1|5": {
    "fisherz": 0.21203367289607966
  },
  "0;1|6": {
    "fisherz": 0.20902635805965497
  },
  "0;1|7": {
    "fisherz": 0.17361154094946607
  },
  "0;1|8": {
    "fisherz": 0.20754153702262923
  },
  "0;1|9": {
    "fisherz": 0.2131580111224025
  },
  "0;2|1": {
    "fisherz": 0.5119594887491044
  },
  "0;2|3": {
    "fisherz": 0.8662944508405324
  },
  "0;2|4": {
    "fisherz": 0.9864342235693535
  },
  "0;2|5": {
    "fisherz": 0.9844466628653781
  },
  "0;2|6": {
    "fisherz": 0.9826860891338751
  },
  "0;2|7": {
    "fisherz": 0.8808933076870473
  },
  "0;2|8": {
    "fisherz": 0.9742912725593851
  },
  "0;2|9": {
    "fisherz": 0.9758415907257563
  },
  "0;3|1": {
    "fisherz": 0.008578396933216936
  },
  "0;3|2": {
    "fisherz": 0.011885067896338475
  },
  "0;3|4": {
    "fisherz": 0.0073441704287144915
  },
  "0;3|5": {
    "fisherz": 0.010807686571404851
  },
  "0;3|6": {
    "fisherz": 0.012128407198218838
  },
  "0;3|7": {
    "fisherz": 0.011069445158955027
  },
  "0;3|8": {
    "fisherz": 0.012101014344188421
  },
  "0;3|9": {
    "fisherz": 0.01209777487346142
  },
  "0;4|1": {
    "fisherz": 0.5307164989870095
  },
  "0;4|2": {
    "fisherz": 0.5658304094790605
  },
  "0;4|3": {
    "fisherz": 0.2717193174229635
  },
  "0;4|5": {
    "fisherz": 0.5464848432073048
  },
  "0;4|6": {
    "fisherz": 0.5682831598284046
  },
  "0;4|7": {
    "fisherz": 0.6139632560715307
  },
  "0;4|8": {
    "fisherz": 0.5622495800349641
  },
  "0;4|9": {
    "fisherz": 0.564640003291855
  },
  "0;5|1": {
    "fisherz": 0.9512984865997249
  },
  "0;5|2": {
    "fisherz": 0.8930100917472021
  },
  "0;5|3": {
    "fisherz": 0.6444171378080057
  },
  "0;5|4": {
    "fisherz": 0.8197495025173489
  },
  "0;5|6": {
    "fisherz": 0.8919571209685118
  },
  "0;5|7": {
    "fisherz": 0.9324312302416262
  },
  "0;5|8": {
    "fisherz": 0.9001231464062669
  },
  "0;5|9": {
    "fisherz": 0.8924028384825644
  },
  "0;6|1": {
    "fisherz": 0.9018482707606317
  },
  "0;6|2": {
    "fisherz": 0.9242392630887761
  },
  "0;6|3": {
    "fisherz": 0.970516531710333
  },
  "0;6|4": {
    "fisherz": 0.9452385426214518
  },
  "0;6|5": {
    "fisherz": 0.9231237656393638
  },
  "0;6|7": {
    "fisherz": 0.951751717754941
  },
  "0;6|8": {
    "fisherz": 0.9267885853102127
  },
  "0;6|9": {
    "fisherz": 0.9323306818300188
  },
  "0;7|1": {
    "fisherz": 0.310415368880246
  },
  "0;7|2": {
    "fisherz": 0.37966047431774497
  },
  "0;7|3": {
    "fisherz": 0.3420508717925581
  },
  "0;7|4": {
    "fisherz": 0.4115592802289496
  },
  "0;7|5": {
    "fisherz": 0.3900494906373031
  },
  "0;7|6": {
    "fisherz": 0.38825372594238194
  },
  "0;7|8": {
    "fisherz": 0.37732755185572864
  },
  "0;7|9": {
    "fisherz": 0.38348660428686965
  },
  "0;8|1": {
    "fisherz": 0.694562486131588
  },
  "0;8|2": {
    "fisherz": 0.7099975675026644
  },
  "0;8|3": {
    "fisherz": 0.714320855317925
  },
  "0;8|4": {
    "fisherz": 0.7046861400555233
  },
  "0;8|5": {
    "fisherz": 0.7130164712129843
  },
  "0;8|6": {
    "fisherz": 0.7111696564946131
  },
  "0;8|7": {
    "fisherz": 0.6825417096445294
  },
  "0;8|9": {
    "fisherz": 0.722498470749465
  },
  "0;9|1": {
    "fisherz": 0.7875967201245357
  },
  "0;9|2": {
    "fisherz": 0.7577764198014987
  },
  "0;9|3": {
    "fisherz": 0.7623754342386941
  },
  "0;9|4": {
    "fisherz": 0.7560616765253154
  },
  "0;9|5": {
    "fisherz": 0.7581837168898049
  },
  "0;9|6": {
    "fisherz": 0.760606628813179
  },
  "0;9|7": {
    "fisherz": 0.7466623908251055
  },
  "0;9|8": {
    "fisherz": 0.7731843439701149
  },
  "1;2|0": {
    "fisherz": 3.523847880160247e-13
  },
  "1;2|3": {
    "fisherz": 1.4011014570769476e-13
  },
  "1;2|4": {
    "fisherz": 4.11448652926083e-13
  },
  "1;2|5": {
    "fisherz": 4.218847493575595e-13
  },
  "1;2|6": {
    "fisherz": 4.551914400963142e-13
  },
  "1;2|8": {
    "fisherz": 4.594102875898898e-13
  },
  "1;2|9": {
    "fisherz": 3.6637359812630166e-13
  },
  "1;3|0": {
    "fisherz": 0.18271585954962388
  },
  "1;3|2": {
    "fisherz": 0.07047533675293227
  },
  "1;3|4": {
    "fisherz": 0.35020242632848353
  },
  "1;3|5": {
    "fisherz": 0.3239066696790247
  },
  "1;3|6": {
    "fisherz": 0.28208954637772665
  },
  "1;3|8": {
    "fisherz": 0.27940419514635284
  },
  "1;3|9": {
    "fisherz": 0.2779997092260924
  },
  "1;4|0": {
    "fisherz": 0.54259398542712
  },
  "1;4|2": {
    "fisherz": 0.4990563891949975
  },
  "1;4|3": {
    "fisherz": 0.9245956965569551
  },
  "1;4|5": {
    "fisherz": 0.6668301409658204
  },
  "1;4|6": {
    "fisherz": 0.5885488590686858
  },
  "1;4|8": {
    "fisherz": 0.5770534505110798
  },
  "1;4|9": {
    "fisherz": 0.5804541948638322
  },
  "1;5|0": {
    "fisherz": 0.4123990442937919
  },
  "1;5|2": {
    "fisherz": 0.3738283955658621
  },
  "1;5|3": {
    "fisherz": 0.48491976455644736
  },
  "1;5|4": {
    "fisherz": 0.4526664116593755
  },
  "1;5|6": {
    "fisherz": 0.40949518961194764
  },
  "1;5|8": {
    "fisherz": 0.40407100650738537
  },
  "1;5|9": {
    "fisherz": 0.40671099605478345
  },
  "1;6|0": {
    "fisherz": 0.7465468217396647
  },
  "1;6|2": {
    "fisherz": 0.7989154134107472
  },
  "1;6|3": {
    "fisherz": 0.7726365894300671
  },
  "1;6|4": {
    "fisherz": 0.7728972628789439
  },
  "1;6|5": {
    "fisherz": 0.7613736130509294
  },
  "1;6|8": {
    "fisherz": 0.7552806634019533
  },
  "1;6|9": {
    "fisherz": 0.7428806472085405
  },
  "1;8|0": {
    "fisherz": 0.7961344868642664
  },
  "1;8|2": {
    "fisherz": 0.9883901475147974
  },
  "1;8|3": {
    "fisherz": 0.8258222957739356
  },
  "1;8|4": {
    "fisherz": 0.8168067769999796
  },
  "1;8|5": {
    "fisherz": 0.8063430182315809
  },
  "1;8|6": {
    "fisherz": 0.8245865790930231
  },
  "1;8|9": {
    "fisherz": 0.8039836384788563
  },
  "1;9|0": {
    "fisherz": 0.6781444326665444
  },
  "1;9|2": {
    "fisherz": 0.4569559900443987
  },
  "1;9|3": {
    "fisherz": 0.6552860411175785
  },