{
  "data_hash": "469f4b2618295f76947f6ffae6c861ed",
  "0;1": {
    "d_separation": 0.0
  },
  "0;2": {
    "d_separation": 0.0
  },
  "0;3": {
    "d_separation": 0.0
  },
  "0;4": {
    "d_separation": 0.0
  },
  "0;5": {
    "d_separation": 0.0
  },
  "0;6": {
    "d_separation": 0.0
  },
  "0;7": {
    "d_separation": 0.0
  },
  "0;8": {
    "d_separation": 0.0
  },
  "0;9": {
    "d_separation": 0.0
  },
  "1;2": {
    "d_separation": 0.0
  },
  "1;3": {
    "d_separation": 0.0
  },
  "1;4": {
    "d_separation": 0.0
  },
  "1;5": {
    "d_separation": 0.0
  },
  "1;6": {
    "d_separation": 0.0
  },
  "1;7": {
    "d_separation": 0.0
  },
  "1;8": {
    "d_separation": 0.0
  },
  "1;9": {
    "d_separation": 0.0
  },
  "2;3": {
    "d_separation": 0.0
  },
  "2;4": {
    "d_separation": 0.0
  },
  "2;5": {
    "d_separation": 0.0
  },
  "2;6": {
    "d_separation": 0.0
  },
  "2;7": {
    "d_separation": 0.0
  },
  "2;8": {
    "d_separation": 0.0
  },
  "2;9": {
    "d_separation": 0.0
  },
  "3;4": {
    "d_separation": 0.0
  },
  "3;5": {
    "d_separation": 0.0
  },
  "3;6": {
    "d_separation": 0.0
  },
  "3;7": {
    "d_separation": 0.0
  },
  "3;8": {
    "d_separation": 0.0
  },
  "3;9": {
    "d_separation": 0.0
  },
  "4;5": {
    "d_separation": 0.0
  },
  "4;6": {
    "d_separation": 0.0
  },
  "4;7": {
    "d_separation": 0.0
  },
  "4;8": {
    "d_separation": 0.0
  },
  "4;9": {
    "d_separation": 0.0
  },
  "5;6": {
    "d_separation": 0.0
  },
  "5;7": {
    "d_separation": 0.0
  },
  "5;8": {
    "d_separation": 0.0
  },
  "5;9": {
    "d_separation": 0.0
  },
  "6;7": {
    "d_separation": 0.0
  },
  "6;8": {
    "d_separation": 0.0
  },
  "6;9": {
    "d_separation": 0.0
  },
  "7;8": {
    "d_separation": 0.0
  },
  "7;9": {
    "d_separation": 0.0
  },
  "8;9": {
    "d_separation": 0.0
  },
  "0;1|2": {
    "kci": 0.5017484030792532
  },
  "0;1|3": {
    "kci": 0.5479783037794523
  },
  "0;1|4": {
    "kci": 0.27671089258265735
  },
  "0;1|5": {
    "kci": 0.6026349732358959
  },
  "0;1|6": {
    "kci": 0.5174067639838591
  },
  "0;1|7": {
    "kci": 0.34920397448841567
  },
  "0;1|8": {
    "kci": 0.5165082183101042
  },
  "0;1|9": {
    "kci": 0.5348501568041368
  },
  "0;2|1": {
    "kci": 0.3707770915412343
  },
  "0;2|3": {
    "kci": 0.31986291510480114
  },
  "0;2|4": {
    "kci": 0.5381963911095047
  },
  "0;2|5": {
    "kci": 0.3917206612955052
  },
  "0;2|6": {
    "kci": 0.4955122771099637
  },
  "0;2|7": {
    "kci": 0.4834533693001366
  },
  "0;2|8": {
    "kci": 0.47806453113697445
  },
  "0;2|9": {
    "kci": 0.39843602919800536
  },
  "0;3|1": {
    "kci": 0.41988145838233404
  },
  "0;3|2": {
    "kci": 0.3628154948076361
  },
  "0;3|4": {
    "kci": 0.25157721368950114
  },
  "0;3|5": {
    "kci": 0.4837967743796241
  },
  "0;3|6": {
    "kci": 0.2171388784718863
  },
  "0;3|7": {
    "kci": 0.44497620105110236
  },
  "0;3|8": {
    "kci": 0.4356280213697409
  },
  "0;3|9": {
    "kci": 0.36370599660103586
  },
  "0;4|1": {
    "kci": 0.08535329551518456
  },
  "0;4|2": {
    "kci": 0.10737455646020388
  },
  "0;4|3": {
    "kci": 0.18683259161301535
  },
  "0;4|5": {
    "kci": 0.08591441878184602
  },
  "0;4|6": {
    "kci": 0.18538339441800356
  },
  "0;4|7": {
    "kci": 0.05055383557486648
  },
  "0;4|8": {
    "kci": 0.2433235382093334
  },
  "0;4|9": {
    "kci": 0.1711056597914875
  },
  "0;5|1": {
    "kci": 0.22695883667095362
  },
  "0;5|2": {
    "kci": 0.04752451387713519
  },
  "0;5|3": {
    "kci": 0.0837834032229231
  },
  "0;5|4": {
    "kci": 0.12267205827277594
  },
  "0;5|6": {
    "kci": 0.07652702892019736
  },
  "0;5|7": {
    "kci": 0.23076639482054606
  },
  "0;5|8": {
    "kci": 0.08560602361231862
  },
  "0;5|9": {
    "kci": 0.08990693044160958
  },
  "0;6|1": {
    "kci": 0.4853682046101909
  },
  "0;6|2": {
    "kci": 0.5319365462832205
  },
  "0;6|3": {
    "kci": 0.49132193917427114
  },
  "0;6|4": {
    "kci": 0.5957490521122168
  },
  "0;6|5": {
    "kci": 0.5239216548381601
  },
  "0;6|7": {
    "kci": 0.4677271291677282
  },
  "0;6|8": {
    "kci": 0.6190539610512769
  },
  "0;6|9": {
    "kci": 0.569256501029217
  },
  "0;7|1": {
    "kci": 0.3193096036083697
  },
  "0;7|2": {
    "kci": 0.7395174942836878
  },
  "0;7|3": {
    "kci": 0.451041399258576
  },
  "0;7|4": {
    "kci": 0.3941515812440073
  },
  "0;7|5": {
    "kci": 0.43600423416191547
  },
  "0;7|6": {
    "kci": 0.6593745600655165
  },
  "0;7|8": {
    "kci": 0.6322126358856122
  },
  "0;7|9": {
    "kci": 0.5535738406779425
  },
  "0;8|1": {
    "kci": 0.36341484395693313
  },
  "0;8|2": {
    "kci": 0.3314715156386634
  },
  "0;8|3": {
    "kci": 0.33449489260942944
  },
  "0;8|4": {
    "kci": 0.3550863993911231
  },
  "0;8|5": {
    "kci": 0.34137906971500664
  },
  "0;8|6": {
    "kci": 0.35616174425885083
  },
  "0;8|7": {
    "kci": 0.3310463177613967
  },
  "0;8|9": {
    "kci": 0.3506495973129169
  },
  "0;9|1": {
    "kci": 0.4992619663870439
  },
  "0;9|2": {
    "kci": 0.3875977289974559
  },
  "0;9|3": {
    "kci": 0.35383317762970456
  },
  "0;9|4": {
    "kci": 0.4989664154757848
  },
  "0;9|5": {
    "kci": 0.35048971516858973
  },
  "0;9|6": {
    "kci": 0.36512379492349967
  },
  "0;9|7": {
    "kci": 0.4974051799593554
  },
  "0;9|8": {
    "kci": 0.4232490750775948
  },
  "1;2|0": {
    "kci": 0.15248771361360502
  },
  "1;2|3": {
    "kci": 0.10836563938116028
  },
  "1;2|4": {
    "kci": 0.15383806117480092
  },
  "1;2|5": {
    "kci": 0.3271169334016615
  },
  "1;2|6": {
    "kci": 0.09414352131249804
  },
  "1;2|7": {
    "kci": 0.5621034529488074
  },
  "1;2|8": {
    "kci": 0.15245752564660187
  },
  "1;2|9": {
    "kci": 0.10806183171258998
  },
  "1;3|0": {
    "kci": 0.05523542446531837
  },
  "1;3|2": {
    "kci": 0.06644902711070355
  },
  "1;3|4": {
    "kci": 0.08421790710759391
  },
  "1;3|5": {
    "kci": 0.13293089763198074
  },
  "1;3|6": {
    "kci": 0.11780370038683474
  },
  "1;3|7": {
    "kci": 0.22753951281145124
  },
  "1;3|8": {
    "kci": 0.1020677653072739
  },
  "1;3|9": {
    "kci": 0.11397480390830006
  },
  "1;4|0": {
    "kci": 0.9304118485628583
  },
  "1;4|2": {
    "kci": 0.866708478177639
  },
  "1;4|3": {
    "kci": 0.8506476965822185
  },
  "1;4|5": {
    "kci": 0.8930430772816017
  },
  "1;4|6": {
    "kci": 0.7866238674467709
  },
  "1;4|7": {
    "kci": 0.7203660624380059
  },
  "1;4|8": {
    "kci": 0.8568761980518698
  },
  "1;4|9": {
    "kci": 0.9030932212759035
  },
  "1;5|0": {
    "kci": 0.4884699502105204
  },
  "1;5|2": {
    "kci": 0.6729838399161097
  },
  "1;5|3": {
    "kci": 0.5520060084548123
  },
  "1;5|4": {
    "kci": 0.49962686695060987
  },
  "1;5|6": {
    "kci": 0.566401425764456
  },
  "1;5|7": {
    "kci": 0.44472462812645785
  },
  "1;5|8": {
    "kci": 0.4556915900944293
  },
  "1;5|9": {
    "kci": 0.5505762735853719
  },
  "1;6|0": {
    "kci": 0.4030939260996089
  },
  "1;6|2": {
    "kci": 0.7214863787838544
  },
  "1;6|3": {
    "kci": 0.5282794433065501
  },
  "1;6|4": {
    "kci": 0.4403554950319867
  },
  "1;6|5": {
    "kci": 0.4394517956338808
  },
  "1;6|7": {
    "kci": 0.33750459404724265
  },
  "1;6|8": {
    "kci": 0.4674985869819316
  },
  "1;6|9": {
    "kci": 0.5355345306091172
  },
  "1;7|0": {
    "kci": 0.0
  },
  "1;7|2": {
    "kci": 0.0
  },
  "1;7|3": {
    "kci": 0.0
  },
  "1;7|4": {
    "kci": 0.0
  },
  "1;7|5": {
    "kci": 0.0
  },
  "1;7|6": {
    "kci": 0.0
  },
  "1;7|8": {
    "kci": 0.0
  },
  "1;7|9": {
    "kci": 0.0
  },
  "1;8|0": {
    "kci": 0.33556167224898337
  },
  "1;8|2": {
    "kci": 0.4980480797898057
  },
  "1;8|3": {
    "kci": 0.4400436934321442
  },
  "1;8|4": {
    "kci": 0.46354552390803083
  },
  "1;8|5": {
    "kci": 0.49475897592447515
  },
  "1;8|6": {
    "kci": 0.4555475250597285
  },
  "1;8|7": {
    "kci": 0.2856763230133419
  },
  "1;8|9": {
    "kci": 0.38493348937046123
  },
  "1;9|0": {
    "kci": 0.3002415095342308
  },