{
  "data_hash": "483144f9be924c0de30f527102ddb4f5",
  "0;1": {
    "d_separation": 0.0
  },
  "0;2": {
    "d_separation": 0.0
  },
  "0;3": {
    "d_separation": 0.0
  },
  "0;4": {
    "d_separation": 0.0
  },
  "0;5": {
    "d_separation": 0.0
  },
  "0;6": {
    "d_separation": 0.0
  },
  "0;7": {
    "d_separation": 0.0
  },
  "0;8": {
    "d_separation": 0.0
  },
  "0;9": {
    "d_separation": 0.0
  },
  "1;2": {
    "d_separation": 0.0
  },
  "1;3": {
    "d_separation": 0.0
  },
  "1;4": {
    "d_separation": 0.0
  },
  "1;5": {
    "d_separation": 0.0
  },
  "1;6": {
    "d_separation": 0.0
  },
  "1;7": {
    "d_separation": 0.0
  },
  "1;8": {
    "d_separation": 0.0
  },
  "1;9": {
    "d_separation": 1.0
  },
  "2;3": {
    "d_separation": 0.0
  },
  "2;4": {
    "d_separation": 0.0
  },
  "2;5": {
    "d_separation": 0.0
  },
  "2;6": {
    "d_separation": 0.0
  },
  "2;7": {
    "d_separation": 0.0
  },
  "2;8": {
    "d_separation": 0.0
  },
  "2;9": {
    "d_separation": 0.0
  },
  "3;4": {
    "d_separation": 0.0
  },
  "3;5": {
    "d_separation": 0.0
  },
  "3;6": {
    "d_separation": 0.0
  },
  "3;7": {
    "d_separation": 0.0
  },
  "3;8": {
    "d_separation": 0.0
  },
  "3;9": {
    "d_separation": 0.0
  },
  "4;5": {
    "d_separation": 0.0
  },
  "4;6": {
    "d_separation": 0.0
  },
  "4;7": {
    "d_separation": 0.0
  },
  "4;8": {
    "d_separation": 0.0
  },
  "4;9": {
    "d_separation": 0.0
  },
  "5;6": {
    "d_separation": 0.0
  },
  "5;7": {
    "d_separation": 0.0
  },
  "5;8": {
    "d_separation": 0.0
  },
  "5;9": {
    "d_separation": 1.0
  },
  "6;7": {
    "d_separation": 0.0
  },
  "6;8": {
    "d_separation": 0.0
  },
  "6;9": {
    "d_separation": 0.0
  },
  "7;8": {
    "d_separation": 0.0
  },
  "7;9": {
    "d_separation": 0.0
  },
  "8;9": {
    "d_separation": 0.0
  },
  "0;1|2": {
    "kci": 0.11598047156002933
  },
  "0;1|3": {
    "kci": 0.0029089525578817055
  },
  "0;1|4": {
    "kci": 0.036336166116613056
  },
  "0;1|5": {
    "kci": 0.0665240821481693
  },
  "0;1|6": {
    "kci": 0.3381155316804212
  },
  "0;1|7": {
    "kci": 0.040338391448399125
  },
  "0;1|8": {
    "kci": 0.06391077471510209
  },
  "0;1|9": {
    "kci": 0.0883132959389431
  },
  "0;2|1": {
    "kci": 0.41297473928690853
  },
  "0;2|3": {
    "kci": 0.22391624627971707
  },
  "0;2|4": {
    "kci": 0.2260252264080984
  },
  "0;2|5": {
    "kci": 0.24286263833490218
  },
  "0;2|6": {
    "kci": 0.3781643675831674
  },
  "0;2|7": {
    "kci": 0.2938865555841541
  },
  "0;2|8": {
    "kci": 0.5652093298810883
  },
  "0;2|9": {
    "kci": 0.367343504856416
  },
  "0;3|1": {
    "kci": 0.2989493664811965
  },
  "0;3|2": {
    "kci": 0.29832019870693094
  },
  "0;3|4": {
    "kci": 0.3011241924526916
  },
  "0;3|5": {
    "kci": 0.29623797685933484
  },
  "0;3|6": {
    "kci": 0.2826784268457928
  },
  "0;3|7": {
    "kci": 0.2981930394749541
  },
  "0;3|8": {
    "kci": 0.30756951833531787
  },
  "0;3|9": {
    "kci": 0.2951674197506151
  },
  "0;4|1": {
    "kci": 0.19680933285800706
  },
  "0;4|2": {
    "kci": 0.269591692827056
  },
  "0;4|3": {
    "kci": 0.2243603099215613
  },
  "0;4|5": {
    "kci": 0.2527916856389554
  },
  "0;4|6": {
    "kci": 0.42434578369563536
  },
  "0;4|7": {
    "kci": 0.22356272409174194
  },
  "0;4|8": {
    "kci": 0.23874314554436005
  },
  "0;4|9": {
    "kci": 0.19416688588678066
  },
  "0;5|1": {
    "kci": 0.6716185848897234
  },
  "0;5|2": {
    "kci": 0.9087819657354343
  },
  "0;5|3": {
    "kci": 0.8302006455609547
  },
  "0;5|4": {
    "kci": 0.952303768336298
  },
  "0;5|6": {
    "kci": 0.7227034322602816
  },
  "0;5|7": {
    "kci": 0.8291715363239467
  },
  "0;5|8": {
    "kci": 0.8331853384133145
  },
  "0;5|9": {
    "kci": 0.7568776357926282
  },
  "0;6|1": {
    "kci": 3.172835327802659e-09
  },
  "0;6|2": {
    "kci": 2.6984442458299895e-09
  },
  "0;6|3": {
    "kci": 1.0046186105228117e-10
  },
  "0;6|4": {
    "kci": 2.940306886856092e-10
  },
  "0;6|5": {
    "kci": 6.426792431568629e-11
  },
  "0;6|7": {
    "kci": 5.870258612539203e-09
  },
  "0;6|8": {
    "kci": 0.09561658979700638
  },
  "0;6|9": {
    "kci": 7.23507165290016e-09
  },
  "0;7|1": {
    "kci": 0.00040220370011923023
  },
  "0;7|2": {
    "kci": 0.021001588680249705
  },
  "0;7|3": {
    "kci": 0.005443472617853828
  },
  "0;7|4": {
    "kci": 0.0007487687204259519
  },
  "0;7|5": {
    "kci": 0.0003525297019637552
  },
  "0;7|6": {
    "kci": 0.13875227740310903
  },
  "0;7|8": {
    "kci": 0.5172386965312104
  },
  "0;7|9": {
    "kci": 0.00018809333933911265
  },
  "0;8|1": {
    "kci": 7.973954829765262e-12
  },
  "0;8|2": {
    "kci": 9.979428394757406e-11
  },
  "0;8|3": {
    "kci": 2.2804862442882268e-09
  },
  "0;8|4": {
    "kci": 9.720335647500633e-12
  },
  "0;8|5": {
    "kci": 2.989275493803234e-12
  },
  "0;8|6": {
    "kci": 0.0020318222707117473
  },
  "0;8|7": {
    "kci": 2.5625390698280626e-11
  },
  "0;8|9": {
    "kci": 1.872502153332789e-12
  },
  "0;9|1": {
    "kci": 0.12111861416630787
  },
  "0;9|2": {
    "kci": 0.07683908935700201
  },
  "0;9|3": {
    "kci": 0.20541791999089476
  },
  "0;9|4": {
    "kci": 0.1947406474474609
  },
  "0;9|5": {
    "kci": 0.08653014965566264
  },
  "0;9|6": {
    "kci": 0.3056239939323765
  },
  "0;9|7": {
    "kci": 0.06848563288009635
  },
  "0;9|8": {
    "kci": 0.3134074318849436
  },
  "1;2|0": {
    "kci": 0.5684152209340825
  },
  "1;2|3": {
    "kci": 0.5613883778644737
  },
  "1;2|4": {
    "kci": 0.661473853414748
  },
  "1;2|5": {
    "kci": 0.5046619729650814
  },
  "1;2|6": {
    "kci": 0.48875567852388957
  },
  "1;2|7": {
    "kci": 0.4569328885261018
  },
  "1;2|8": {
    "kci": 0.5793543166406601
  },
  "1;3|0": {
    "kci": 0.27626351346269007
  },
  "1;3|2": {
    "kci": 0.34357837148567727
  },
  "1;3|4": {
    "kci": 0.33118946935424387
  },
  "1;3|5": {
    "kci": 0.4383056946100967
  },
  "1;3|6": {
    "kci": 0.4184171805293476
  },
  "1;3|7": {
    "kci": 0.36695917708262615
  },
  "1;3|8": {
    "kci": 0.31330015652108323
  },
  "1;4|0": {
    "kci": 0.3007633355311832
  },
  "1;4|2": {
    "kci": 0.2936072563250125
  },
  "1;4|3": {
    "kci": 0.28220442451104355
  },
  "1;4|5": {
    "kci": 0.3007473370094682
  },
  "1;4|6": {
    "kci": 0.3230243061316469
  },
  "1;4|7": {
    "kci": 0.30984353568807776
  },
  "1;4|8": {
    "kci": 0.30307462637632443
  },
  "1;5|0": {
    "kci": 1.0127635608259133e-05
  },
  "1;5|2": {
    "kci": 2.294191904783638e-06
  },
  "1;5|3": {
    "kci": 1.9888806838119777e-06
  },
  "1;5|4": {
    "kci": 2.05228631200427e-07
  },
  "1;5|6": {
    "kci": 5.196098271675886e-05
  },
  "1;5|7": {
    "kci": 4.149797571129099e-05
  },
  "1;5|8": {
    "kci": 1.0484012454847758e-06
  },
  "1;6|0": {
    "kci": 0.005759932843290461
  },
  "1;6|2": {
    "kci": 9.500001846385331e-05
  },
  "1;6|3": {
    "kci": 5.960464051824044e-05
  },
  "1;6|4": {
    "kci": 0.00014104283872362622
  },
  "1;6|5": {
    "kci": 7.710113496728344e-05
  },
  "1;6|7": {
    "kci": 6.244596732496444e-05
  },
  "1;6|8": {
    "kci": 8.207155014927636e-06
  },
  "1;7|0": {
    "kci": 0.6362525172438966
  },
  "1;7|2": {
    "kci": 0.6118033688756213
  },
  "1;7|3": {
    "kci": 0.816107944267627
  },
  "1;7|4": {
    "kci": 0.7903497649550628
  },
  "1;7|5": {
    "kci": 0.7781253090760137
  },
  "1;7|6": {
    "kci": 0.2888600955433238
  },
  "1;7|8": {
    "kci": 0.5779882380623474
  },
  "1;8|0": {
    "kci": 0.2841853393792392
  },
  "1;8|2": {
    "kci": 0.26016825450206293
  },
  "1;8|3": {
    "kci": 0.2705635966747221
  },
  "1;8|4": {
    "kci": 0.38699086455334486
  },
  "1;8|5": {
    "kci": 0.17741563761996804
  },
  "1;8|6": {
    "kci": 0.20266788362825372
  },
  "1;8|7": {
    "kci": 0.26897615866084934
  },
  "1;2|9": {
    "kci": 0.36639256270450726
  },
  "2;3|0": {
    "kci": 0.36767045209830496
  },
  "2;3|1": {
    "kci": 0.33020568605617806
  },