{
  "data_hash": "484b0bbd5dd6e44cb4f7cfb789e5e891",
  "0;1": {
    "d_separation": 0.0
  },
  "0;2": {
    "d_separation": 0.0
  },
  "0;3": {
    "d_separation": 0.0
  },
  "0;4": {
    "d_separation": 0.0
  },
  "0;5": {
    "d_separation": 0.0
  },
  "0;6": {
    "d_separation": 0.0
  },
  "0;7": {
    "d_separation": 0.0
  },
  "0;8": {
    "d_separation": 0.0
  },
  "0;9": {
    "d_separation": 0.0
  },
  "1;2": {
    "d_separation": 0.0
  },
  "1;3": {
    "d_separation": 0.0
  },
  "1;4": {
    "d_separation": 0.0
  },
  "1;5": {
    "d_separation": 0.0
  },
  "1;6": {
    "d_separation": 0.0
  },
  "1;7": {
    "d_separation": 0.0
  },
  "1;8": {
    "d_separation": 0.0
  },
  "1;9": {
    "d_separation": 0.0
  },
  "2;3": {
    "d_separation": 0.0
  },
  "2;4": {
    "d_separation": 0.0
  },
  "2;5": {
    "d_separation": 0.0
  },
  "2;6": {
    "d_separation": 0.0
  },
  "2;7": {
    "d_separation": 0.0
  },
  "2;8": {
    "d_separation": 0.0
  },
  "2;9": {
    "d_separation": 0.0
  },
  "3;4": {
    "d_separation": 0.0
  },
  "3;5": {
    "d_separation": 0.0
  },
  "3;6": {
    "d_separation": 0.0
  },
  "3;7": {
    "d_separation": 0.0
  },
  "3;8": {
    "d_separation": 0.0
  },
  "3;9": {
    "d_separation": 0.0
  },
  "4;5": {
    "d_separation": 0.0
  },
  "4;6": {
    "d_separation": 0.0
  },
  "4;7": {
    "d_separation": 0.0
  },
  "4;8": {
    "d_separation": 0.0
  },
  "4;9": {
    "d_separation": 0.0
  },
  "5;6": {
    "d_separation": 0.0
  },
  "5;7": {
    "d_separation": 0.0
  },
  "5;8": {
    "d_separation": 0.0
  },
  "5;9": {
    "d_separation": 0.0
  },
  "6;7": {
    "d_separation": 0.0
  },
  "6;8": {
    "d_separation": 0.0
  },
  "6;9": {
    "d_separation": 0.0
  },
  "7;8": {
    "d_separation": 0.0
  },
  "7;9": {
    "d_separation": 0.0
  },
  "8;9": {
    "d_separation": 0.0
  },
  "0;1|2": {
    "kci": 0.33141053053583513
  },
  "0;1|3": {
    "kci": 0.3462756637285407
  },
  "0;1|4": {
    "kci": 0.37680991210330683
  },
  "0;1|5": {
    "kci": 0.33884254274013714
  },
  "0;1|6": {
    "kci": 0.3345398046737411
  },
  "0;1|7": {
    "kci": 0.3339471358988948
  },
  "0;1|8": {
    "kci": 0.4132124321316013
  },
  "0;1|9": {
    "kci": 0.37791059291763685
  },
  "0;2|1": {
    "kci": 0.007721804741325777
  },
  "0;2|3": {
    "kci": 0.10681936789728474
  },
  "0;2|4": {
    "kci": 0.02007390699573841
  },
  "0;2|5": {
    "kci": 0.01629049746089073
  },
  "0;2|6": {
    "kci": 0.0018196127265622808
  },
  "0;2|7": {
    "kci": 0.028291148014554346
  },
  "0;2|8": {
    "kci": 0.02446505058035009
  },
  "0;2|9": {
    "kci": 0.003294953412894208
  },
  "0;3|1": {
    "kci": 0.0
  },
  "0;3|2": {
    "kci": 0.0
  },
  "0;3|4": {
    "kci": 9.43689570931383e-15
  },
  "0;3|5": {
    "kci": 0.0
  },
  "0;3|6": {
    "kci": 0.0
  },
  "0;3|7": {
    "kci": 0.0
  },
  "0;3|8": {
    "kci": 0.0
  },
  "0;3|9": {
    "kci": 0.0
  },
  "0;4|1": {
    "kci": 0.24283863141740414
  },
  "0;4|2": {
    "kci": 0.29757310081840305
  },
  "0;4|3": {
    "kci": 0.4055815521086187
  },
  "0;4|5": {
    "kci": 0.3853640733865862
  },
  "0;4|6": {
    "kci": 0.23054769978200573
  },
  "0;4|7": {
    "kci": 0.1230440128279473
  },
  "0;4|8": {
    "kci": 0.36493744949575246
  },
  "0;4|9": {
    "kci": 0.30037501954195234
  },
  "0;5|1": {
    "kci": 0.385622392247154
  },
  "0;5|2": {
    "kci": 0.43721788516700955
  },
  "0;5|3": {
    "kci": 0.33409380054256654
  },
  "0;5|4": {
    "kci": 0.3481436112831924
  },
  "0;5|6": {
    "kci": 0.39255392725076776
  },
  "0;5|7": {
    "kci": 0.4073021360459447
  },
  "0;5|8": {
    "kci": 0.3658367828839645
  },
  "0;5|9": {
    "kci": 0.3751476719738439
  },
  "0;6|1": {
    "kci": 0.5977806362183997
  },
  "0;6|2": {
    "kci": 0.5363594854269537
  },
  "0;6|3": {
    "kci": 0.31813582737152657
  },
  "0;6|4": {
    "kci": 0.6378572904407034
  },
  "0;6|5": {
    "kci": 0.7146945681563573
  },
  "0;6|7": {
    "kci": 0.5737615935807465
  },
  "0;6|8": {
    "kci": 0.6457335592503717
  },
  "0;6|9": {
    "kci": 0.6382820598203571
  },
  "0;7|1": {
    "kci": 0.04398683184476315
  },
  "0;7|2": {
    "kci": 0.10493839964602236
  },
  "0;7|3": {
    "kci": 0.4277736329989069
  },
  "0;7|4": {
    "kci": 0.06336049943610145
  },
  "0;7|5": {
    "kci": 0.021227020284784404
  },
  "0;7|6": {
    "kci": 0.005728261726360762
  },
  "0;7|8": {
    "kci": 0.04955409472553096
  },
  "0;7|9": {
    "kci": 0.01684871637360641
  },
  "0;8|1": {
    "kci": 0.05279429217100451
  },
  "0;8|2": {
    "kci": 0.016910682518273545
  },
  "0;8|3": {
    "kci": 0.009597342445999857
  },
  "0;8|4": {
    "kci": 0.04872077347855086
  },
  "0;8|5": {
    "kci": 0.02479161420885556
  },
  "0;8|6": {
    "kci": 0.01922207656586372
  },
  "0;8|7": {
    "kci": 0.012069609702479056
  },
  "0;8|9": {
    "kci": 0.030843571220592114
  },
  "0;9|1": {
    "kci": 0.5487826514255885
  },
  "0;9|2": {
    "kci": 0.4883454249652782
  },
  "0;9|3": {
    "kci": 0.29060933273511624
  },
  "0;9|4": {
    "kci": 0.443339247058799
  },
  "0;9|5": {
    "kci": 0.5521450784604707
  },
  "0;9|6": {
    "kci": 0.5062040197784483
  },
  "0;9|7": {
    "kci": 0.508673438961718
  },
  "0;9|8": {
    "kci": 0.5883406835456714
  },
  "1;2|0": {
    "kci": 0.4338255192143413
  },
  "1;2|3": {
    "kci": 0.363765794949678
  },
  "1;2|4": {
    "kci": 0.4263140510119222
  },
  "1;2|5": {
    "kci": 0.47836162715821606
  },
  "1;2|6": {
    "kci": 0.3512380211970405
  },
  "1;2|7": {
    "kci": 0.40564671488072646
  },
  "1;2|8": {
    "kci": 0.45750312089959266
  },
  "1;2|9": {
    "kci": 0.22833070578472014
  },
  "1;3|0": {
    "kci": 0.45670436836170614
  },
  "1;3|2": {
    "kci": 0.21447747417393592
  },
  "1;3|4": {
    "kci": 0.27385549596040804
  },
  "1;3|5": {
    "kci": 0.30558247472797395
  },
  "1;3|6": {
    "kci": 0.34084076859907064
  },
  "1;3|7": {
    "kci": 0.40470224105863806
  },
  "1;3|8": {
    "kci": 0.6113011764036742
  },
  "1;3|9": {
    "kci": 0.6005883100521159
  },
  "1;4|0": {
    "kci": 0.14353682012019753
  },
  "1;4|2": {
    "kci": 0.14564055354199157
  },
  "1;4|3": {
    "kci": 0.19026555564622316
  },
  "1;4|5": {
    "kci": 0.1320209673664675
  },
  "1;4|6": {
    "kci": 0.16243152143198913
  },
  "1;4|7": {
    "kci": 0.1689984654953629
  },
  "1;4|8": {
    "kci": 0.48676758656515506
  },
  "1;4|9": {
    "kci": 0.1472430771600436
  },
  "1;5|0": {
    "kci": 0.7226127258481718
  },
  "1;5|2": {
    "kci": 0.43028042933962163
  },
  "1;5|3": {
    "kci": 0.4373146349857615
  },
  "1;5|4": {
    "kci": 0.35641804772295393
  },
  "1;5|6": {
    "kci": 0.4028376620750359
  },
  "1;5|7": {
    "kci": 0.383768130216082
  },
  "1;5|8": {
    "kci": 0.44410410760078245
  },
  "1;5|9": {
    "kci": 0.3303176082110739
  },
  "1;6|0": {
    "kci": 0.32008664007545384
  },
  "1;6|2": {
    "kci": 0.24576544377774168
  },
  "1;6|3": {
    "kci": 0.3090785141983676
  },
  "1;6|4": {
    "kci": 0.19899013870127535
  },
  "1;6|5": {
    "kci": 0.34140822765703915
  },
  "1;6|7": {
    "kci": 0.3511672017676628
  },
  "1;6|8": {
    "kci": 0.36784484478130897
  },
  "1;6|9": {
    "kci": 0.2780652754848265
  },
  "1;7|0": {
    "kci": 0.3792098236396746
  },
  "1;7|2": {
    "kci": 0.28397264303408976
  },
  "1;7|3": {
    "kci": 0.42077076943118896
  },
  "1;7|4": {
    "kci": 0.24929996229095452
  },
  "1;7|5": {
    "kci": 0.3149308111193425
  },
  "1;7|6": {
    "kci": 0.366135397445295
  },
  "1;7|8": {
    "kci": 0.3865979115397884
  },
  "1;7|9": {
    "kci": 0.3310278503216686
  },
  "1;8|0": {
    "kci": 0.031027123224343534
  },
  "1;8|2": {
    "kci": 0.021232823315457505
  },
  "1;8|3": {
    "kci": 0.035715955417968126
  },
  "1;8|4": {
    "kci": 0.054631587939510284
  },
  "1;8|5": {
    "kci": 0.013176790255089665
  },
  "1;8|6": {
    "kci": 0.02305662344502224
  },
  "1;8|7": {
    "kci": 0.04003719605482703
  },
  "1;8|9": {
    "kci": 0.21239496727222495
  },