{
  "data_hash": "48ac61884e31b7ba3b9c612e40aff1d5",
  "0;1": {
    "d_separation": 0.0
  },
  "0;2": {
    "d_separation": 0.0
  },
  "0;3": {
    "d_separation": 0.0
  },
  "0;4": {
    "d_separation": 0.0
  },
  "0;5": {
    "d_separation": 0.0
  },
  "0;6": {
    "d_separation": 0.0
  },
  "0;7": {
    "d_separation": 0.0
  },
  "0;8": {
    "d_separation": 0.0
  },
  "0;9": {
    "d_separation": 1.0
  },
  "1;2": {
    "d_separation": 0.0
  },
  "1;3": {
    "d_separation": 0.0
  },
  "1;4": {
    "d_separation": 0.0
  },
  "1;5": {
    "d_separation": 0.0
  },
  "1;6": {
    "d_separation": 0.0
  },
  "1;7": {
    "d_separation": 0.0
  },
  "1;8": {
    "d_separation": 0.0
  },
  "1;9": {
    "d_separation": 0.0
  },
  "2;3": {
    "d_separation": 0.0
  },
  "2;4": {
    "d_separation": 0.0
  },
  "2;5": {
    "d_separation": 0.0
  },
  "2;6": {
    "d_separation": 0.0
  },
  "2;7": {
    "d_separation": 0.0
  },
  "2;8": {
    "d_separation": 0.0
  },
  "2;9": {
    "d_separation": 1.0
  },
  "3;4": {
    "d_separation": 0.0
  },
  "3;5": {
    "d_separation": 0.0
  },
  "3;6": {
    "d_separation": 0.0
  },
  "3;7": {
    "d_separation": 0.0
  },
  "3;8": {
    "d_separation": 0.0
  },
  "3;9": {
    "d_separation": 0.0
  },
  "4;5": {
    "d_separation": 0.0
  },
  "4;6": {
    "d_separation": 0.0
  },
  "4;7": {
    "d_separation": 0.0
  },
  "4;8": {
    "d_separation": 0.0
  },
  "4;9": {
    "d_separation": 0.0
  },
  "5;6": {
    "d_separation": 0.0
  },
  "5;7": {
    "d_separation": 0.0
  },
  "5;8": {
    "d_separation": 0.0
  },
  "5;9": {
    "d_separation": 0.0
  },
  "6;7": {
    "d_separation": 0.0
  },
  "6;8": {
    "d_separation": 0.0
  },
  "6;9": {
    "d_separation": 0.0
  },
  "7;8": {
    "d_separation": 0.0
  },
  "7;9": {
    "d_separation": 0.0
  },
  "8;9": {
    "d_separation": 0.0
  },
  "0;1|2": {
    "fisherz": 0.9879650651157588
  },
  "0;1|3": {
    "fisherz": 0.9652610822806416
  },
  "0;1|4": {
    "fisherz": 0.9507392779413235
  },
  "0;1|5": {
    "fisherz": 0.972343687922538
  },
  "0;1|6": {
    "fisherz": 0.9715696634935242
  },
  "0;1|7": {
    "fisherz": 0.9674636254964859
  },
  "0;1|8": {
    "fisherz": 0.9718488592061585
  },
  "0;2|1": {
    "fisherz": 0.6530529555678708
  },
  "0;2|3": {
    "fisherz": 0.6786640776775825
  },
  "0;2|4": {
    "fisherz": 0.674907698379116
  },
  "0;2|5": {
    "fisherz": 0.6531381642036531
  },
  "0;2|6": {
    "fisherz": 0.6710129629859436
  },
  "0;2|7": {
    "fisherz": 0.8877670967873463
  },
  "0;2|8": {
    "fisherz": 0.6550247425499522
  },
  "0;3|1": {
    "fisherz": 0.37909191649863416
  },
  "0;3|2": {
    "fisherz": 0.38917937350025045
  },
  "0;3|4": {
    "fisherz": 0.37879026527072024
  },
  "0;3|5": {
    "fisherz": 0.3793043664052642
  },
  "0;3|6": {
    "fisherz": 0.3792314139137569
  },
  "0;3|7": {
    "fisherz": 0.39501524664318954
  },
  "0;3|8": {
    "fisherz": 0.3790257800471033
  },
  "0;4|1": {
    "fisherz": 0.60198553250043
  },
  "0;4|2": {
    "fisherz": 0.6225784806001804
  },
  "0;4|3": {
    "fisherz": 0.6026149790801185
  },
  "0;4|5": {
    "fisherz": 0.6040883280706932
  },
  "0;4|6": {
    "fisherz": 0.6015290882635043
  },
  "0;4|7": {
    "fisherz": 0.6347075110524827
  },
  "0;4|8": {
    "fisherz": 0.5967886005048797
  },
  "0;5|1": {
    "fisherz": 0.9725389347042719
  },
  "0;5|2": {
    "fisherz": 0.9918458405524144
  },
  "0;5|3": {
    "fisherz": 0.9724644778661922
  },
  "0;5|4": {
    "fisherz": 0.979455826382311
  },
  "0;5|6": {
    "fisherz": 0.9723379999688586
  },
  "0;5|7": {
    "fisherz": 0.9829458462946423
  },
  "0;5|8": {
    "fisherz": 0.9724448473972895
  },
  "0;6|1": {
    "fisherz": 0.7577107388317788
  },
  "0;6|2": {
    "fisherz": 0.7877695556457187
  },
  "0;6|3": {
    "fisherz": 0.7574955936798384
  },
  "0;6|4": {
    "fisherz": 0.7537632029568822
  },
  "0;6|5": {
    "fisherz": 0.7577734451834257
  },
  "0;6|7": {
    "fisherz": 0.7700618854228194
  },
  "0;6|8": {
    "fisherz": 0.7574459273013587
  },
  "0;7|1": {
    "fisherz": 0.25934880933590976
  },
  "0;7|2": {
    "fisherz": 0.2968471869255467
  },
  "0;7|3": {
    "fisherz": 0.2689246247648227
  },
  "0;7|4": {
    "fisherz": 0.26779096838013294
  },
  "0;7|5": {
    "fisherz": 0.2595721986541686
  },
  "0;7|6": {
    "fisherz": 0.26125652511149355
  },
  "0;7|8": {
    "fisherz": 0.25989687280379403
  },
  "0;8|1": {
    "fisherz": 0.9490435264806891
  },
  "0;8|2": {
    "fisherz": 0.9801638794443319
  },
  "0;8|3": {
    "fisherz": 0.9439093948533932
  },
  "0;8|4": {
    "fisherz": 0.9041306971609553
  },
  "0;8|5": {
    "fisherz": 0.9492637639535089
  },
  "0;8|6": {
    "fisherz": 0.9475717409912567
  },
  "0;8|7": {
    "fisherz": 0.9682380402606148
  },
  "0;1|9": {
    "fisherz": 0.9797517268677463
  },
  "1;2|0": {
    "fisherz": 0.5339883938352057
  },
  "1;2|3": {
    "fisherz": 0.529310793089488
  },
  "1;2|4": {
    "fisherz": 0.503096455925439
  },
  "1;2|5": {
    "fisherz": 0.5389163691953311
  },
  "1;2|6": {
    "fisherz": 0.5303346759224219
  },
  "1;2|7": {
    "fisherz": 0.44478770526326294
  },
  "1;2|8": {
    "fisherz": 0.5293686309044108
  },
  "1;2|9": {
    "fisherz": 0.7392952083155881
  },
  "1;3|0": {
    "fisherz": 0.8917708396587571
  },
  "1;3|2": {
    "fisherz": 0.8724953053377265
  },
  "1;3|4": {
    "fisherz": 0.8932251008220722
  },
  "1;3|5": {
    "fisherz": 0.8936552955687269
  },
  "1;3|6": {
    "fisherz": 0.8937286610921942
  },
  "1;3|7": {
    "fisherz": 0.8952203917025456
  },
  "1;3|8": {
    "fisherz": 0.8934624493475518
  },
  "1;3|9": {
    "fisherz": 0.9322512579778934
  },
  "1;4|0": {
    "fisherz": 0.471924612174345
  },
  "1;4|2": {
    "fisherz": 0.44808567616804806
  },
  "1;4|3": {
    "fisherz": 0.4729621673291109
  },
  "1;4|5": {
    "fisherz": 0.47110248800442855
  },
  "1;4|6": {
    "fisherz": 0.47286517703724495
  },
  "1;4|7": {
    "fisherz": 0.474409060320107
  },
  "1;4|8": {
    "fisherz": 0.4674791617955125
  },
  "1;4|9": {
    "fisherz": 0.4854571384036217
  },
  "1;5|0": {
    "fisherz": 0.8660603851977127
  },
  "1;5|2": {
    "fisherz": 0.8925830926891087
  },
  "1;5|3": {
    "fisherz": 0.865939187254896
  },
  "1;5|4": {
    "fisherz": 0.8558853196732552
  },
  "1;5|6": {
    "fisherz": 0.8659811350641564
  },
  "1;5|7": {
    "fisherz": 0.8653252532229445
  },
  "1;5|8": {
    "fisherz": 0.8658241461539775
  },
  "1;5|9": {
    "fisherz": 0.8506406054163771
  },
  "1;6|0": {
    "fisherz": 0.9796521561355744
  },
  "1;6|2": {
    "fisherz": 0.9354590132934484
  },
  "1;6|3": {
    "fisherz": 0.9803044610646525
  },
  "1;6|4": {
    "fisherz": 0.9747028260937332
  },
  "1;6|5": {
    "fisherz": 0.9801950225619729
  },
  "1;6|7": {
    "fisherz": 0.9811113832902818
  },
  "1;6|8": {
    "fisherz": 0.98004957679495
  },
  "1;6|9": {
    "fisherz": 0.8943943728461088
  },
  "1;7|0": {
    "fisherz": 0.9423145713669296
  },
  "1;7|2": {
    "fisherz": 0.6540955624550215
  },
  "1;7|3": {
    "fisherz": 0.9477099407497063
  },
  "1;7|4": {
    "fisherz": 0.9679353374783222
  },
  "1;7|5": {
    "fisherz": 0.9431215342563457
  },
  "1;7|6": {
    "fisherz": 0.9450384189912784
  },
  "1;7|8": {
    "fisherz": 0.9454915730288189
  },
  "1;7|9": {
    "fisherz": 0.8068025882707497
  },
  "1;8|0": {
    "fisherz": 0.9644000078048369
  },
  "1;8|2": {
    "fisherz": 0.9212390269428186
  },
  "1;8|3": {
    "fisherz": 0.9637466530089174
  },
  "1;8|4": {
    "fisherz": 0.9024700897767828
  },
  "1;8|5": {
    "fisherz": 0.9638859752947884
  },
  "1;8|6": {
    "fisherz": 0.9644029764009385
  },
  "1;8|7": {
    "fisherz": 0.9657035579701607
  },
  "1;8|9": {
    "fisherz": 0.9636413549549401
  },
  "1;9|0": {
    "fisherz": 0.029840766381703743
  },
  "1;9|2": {
    "fisherz": 0.03510738788805079
  },
  "1;9|3": {
    "fisherz": 0.030016822205435556
  },
  "1;9|4": {
    "fisherz": 0.03032923631065887
  },
  "1;9|5": {
    "fisherz": 0.029708697879608614
  },