{
  "data_hash": "4b140d0aba9920e930c6c981c715f782",
  "0;1": {
    "d_separation": 0.0
  },
  "0;2": {
    "d_separation": 0.0
  },
  "0;3": {
    "d_separation": 0.0
  },
  "0;4": {
    "d_separation": 0.0
  },
  "0;5": {
    "d_separation": 0.0
  },
  "0;6": {
    "d_separation": 0.0
  },
  "0;7": {
    "d_separation": 0.0
  },
  "0;8": {
    "d_separation": 0.0
  },
  "0;9": {
    "d_separation": 0.0
  },
  "1;2": {
    "d_separation": 0.0
  },
  "1;3": {
    "d_separation": 0.0
  },
  "1;4": {
    "d_separation": 0.0
  },
  "1;5": {
    "d_separation": 0.0
  },
  "1;6": {
    "d_separation": 0.0
  },
  "1;7": {
    "d_separation": 0.0
  },
  "1;8": {
    "d_separation": 0.0
  },
  "1;9": {
    "d_separation": 0.0
  },
  "2;3": {
    "d_separation": 1.0
  },
  "2;4": {
    "d_separation": 0.0
  },
  "2;5": {
    "d_separation": 0.0
  },
  "2;6": {
    "d_separation": 0.0
  },
  "2;7": {
    "d_separation": 0.0
  },
  "2;8": {
    "d_separation": 0.0
  },
  "2;9": {
    "d_separation": 0.0
  },
  "3;4": {
    "d_separation": 0.0
  },
  "3;5": {
    "d_separation": 0.0
  },
  "3;6": {
    "d_separation": 0.0
  },
  "3;7": {
    "d_separation": 0.0
  },
  "3;8": {
    "d_separation": 0.0
  },
  "3;9": {
    "d_separation": 0.0
  },
  "4;5": {
    "d_separation": 0.0
  },
  "4;6": {
    "d_separation": 0.0
  },
  "4;7": {
    "d_separation": 0.0
  },
  "4;8": {
    "d_separation": 0.0
  },
  "4;9": {
    "d_separation": 0.0
  },
  "5;6": {
    "d_separation": 0.0
  },
  "5;7": {
    "d_separation": 0.0
  },
  "5;8": {
    "d_separation": 0.0
  },
  "5;9": {
    "d_separation": 0.0
  },
  "6;7": {
    "d_separation": 0.0
  },
  "6;8": {
    "d_separation": 0.0
  },
  "6;9": {
    "d_separation": 0.0
  },
  "7;8": {
    "d_separation": 0.0
  },
  "7;9": {
    "d_separation": 0.0
  },
  "8;9": {
    "d_separation": 0.0
  },
  "0;1|2": {
    "kci": 0.5859422436329105
  },
  "0;1|3": {
    "kci": 0.4056628706906268
  },
  "0;1|4": {
    "kci": 0.3392573524990973
  },
  "0;1|5": {
    "kci": 0.34713795615440945
  },
  "0;1|6": {
    "kci": 0.32308504572809815
  },
  "0;1|7": {
    "kci": 0.39725084261771015
  },
  "0;1|8": {
    "kci": 0.33222707634281834
  },
  "0;1|9": {
    "kci": 0.43355517751450856
  },
  "0;2|1": {
    "kci": 0.23327453327809544
  },
  "0;2|3": {
    "kci": 0.16841013135229133
  },
  "0;2|4": {
    "kci": 0.48395691130257235
  },
  "0;2|5": {
    "kci": 0.3773875723591138
  },
  "0;2|6": {
    "kci": 0.3395043523376281
  },
  "0;2|7": {
    "kci": 0.39554386612310033
  },
  "0;2|8": {
    "kci": 0.19296150390849642
  },
  "0;2|9": {
    "kci": 0.17559756157562212
  },
  "0;3|1": {
    "kci": 0.5289046914624432
  },
  "0;3|2": {
    "kci": 0.3291554288689076
  },
  "0;3|4": {
    "kci": 0.6132769889030097
  },
  "0;3|5": {
    "kci": 0.3867322702843812
  },
  "0;3|6": {
    "kci": 0.47088407661029885
  },
  "0;3|7": {
    "kci": 0.6728659048242003
  },
  "0;3|8": {
    "kci": 0.479677006624992
  },
  "0;3|9": {
    "kci": 0.408562000092495
  },
  "0;4|1": {
    "kci": 0.24905743490702714
  },
  "0;4|2": {
    "kci": 0.2657904483367177
  },
  "0;4|3": {
    "kci": 0.295622354346764
  },
  "0;4|5": {
    "kci": 0.2293386785324798
  },
  "0;4|6": {
    "kci": 0.2310241873839347
  },
  "0;4|7": {
    "kci": 0.3347902421284137
  },
  "0;4|8": {
    "kci": 0.21139906651052554
  },
  "0;4|9": {
    "kci": 0.21434755074460066
  },
  "0;5|1": {
    "kci": 0.0960855944289648
  },
  "0;5|2": {
    "kci": 0.24520382556948184
  },
  "0;5|3": {
    "kci": 0.10088293440223828
  },
  "0;5|4": {
    "kci": 0.10927539137991793
  },
  "0;5|6": {
    "kci": 0.20953113348922203
  },
  "0;5|7": {
    "kci": 0.11374795755335487
  },
  "0;5|8": {
    "kci": 0.07377602236209968
  },
  "0;5|9": {
    "kci": 0.09113219083702184
  },
  "0;6|1": {
    "kci": 0.27236543418470804
  },
  "0;6|2": {
    "kci": 0.26528132854378295
  },
  "0;6|3": {
    "kci": 0.34740742344067344
  },
  "0;6|4": {
    "kci": 0.34168675798961434
  },
  "0;6|5": {
    "kci": 0.27885849677847707
  },
  "0;6|7": {
    "kci": 0.261518045136934
  },
  "0;6|8": {
    "kci": 0.277059047035907
  },
  "0;6|9": {
    "kci": 0.30145739602304356
  },
  "0;7|1": {
    "kci": 0.24817076895660595
  },
  "0;7|2": {
    "kci": 0.36913224938373534
  },
  "0;7|3": {
    "kci": 0.3216748483636602
  },
  "0;7|4": {
    "kci": 0.3575727771662873
  },
  "0;7|5": {
    "kci": 0.31512952835786656
  },
  "0;7|6": {
    "kci": 0.3500851471304045
  },
  "0;7|8": {
    "kci": 0.265992791324273
  },
  "0;7|9": {
    "kci": 0.2982762531730323
  },
  "0;8|1": {
    "kci": 0.623109058886496
  },
  "0;8|2": {
    "kci": 0.4351232264275654
  },
  "0;8|3": {
    "kci": 0.7211523118827549
  },
  "0;8|4": {
    "kci": 0.4392008617059624
  },
  "0;8|5": {
    "kci": 0.49336140568703934
  },
  "0;8|6": {
    "kci": 0.5980008474988403
  },
  "0;8|7": {
    "kci": 0.31065882871046835
  },
  "0;8|9": {
    "kci": 0.7354527691783518
  },
  "0;9|1": {
    "kci": 0.4633729434498396
  },
  "0;9|2": {
    "kci": 0.33874069523421013
  },
  "0;9|3": {
    "kci": 0.424140355717352
  },
  "0;9|4": {
    "kci": 0.49466793145841215
  },
  "0;9|5": {
    "kci": 0.41367625429699173
  },
  "0;9|6": {
    "kci": 0.45741325214402984
  },
  "0;9|7": {
    "kci": 0.46626037391338615
  },
  "0;9|8": {
    "kci": 0.46004136703651677
  },
  "1;2|0": {
    "kci": 0.5380461571583874
  },
  "1;2|3": {
    "kci": 0.4608221648889148
  },
  "1;2|4": {
    "kci": 0.5081973463875493
  },
  "1;2|5": {
    "kci": 0.501080188302975
  },
  "1;2|6": {
    "kci": 0.4813429521007495
  },
  "1;2|7": {
    "kci": 0.5169845849322574
  },
  "1;2|8": {
    "kci": 0.49438808675328094
  },
  "1;2|9": {
    "kci": 0.47790468872816705
  },
  "1;3|0": {
    "kci": 0.4136096510856184
  },
  "1;3|2": {
    "kci": 0.4355307168912256
  },
  "1;3|4": {
    "kci": 0.42764180666104534
  },
  "1;3|5": {
    "kci": 0.41654824809760926
  },
  "1;3|6": {
    "kci": 0.41449252421546945
  },
  "1;3|7": {
    "kci": 0.4283039436585817
  },
  "1;3|8": {
    "kci": 0.40131088515065794
  },
  "1;3|9": {
    "kci": 0.3630913105648348
  },
  "1;4|0": {
    "kci": 0.5482384732420378
  },
  "1;4|2": {
    "kci": 0.5487386973836481
  },
  "1;4|3": {
    "kci": 0.4982106531271877
  },
  "1;4|5": {
    "kci": 0.5520683307668988
  },
  "1;4|6": {
    "kci": 0.563811994071363
  },
  "1;4|7": {
    "kci": 0.588537754864547
  },
  "1;4|8": {
    "kci": 0.5508726538228046
  },
  "1;4|9": {
    "kci": 0.540494562460809
  },
  "1;5|0": {
    "kci": 0.5329807767746522
  },
  "1;5|2": {
    "kci": 0.6334095506520485
  },
  "1;5|3": {
    "kci": 0.48893461558766116
  },
  "1;5|4": {
    "kci": 0.5591127935794398
  },
  "1;5|6": {
    "kci": 0.4640664103683315
  },
  "1;5|7": {
    "kci": 0.5720467640640512
  },
  "1;5|8": {
    "kci": 0.48806502851736233
  },
  "1;5|9": {
    "kci": 0.4630941989208407
  },
  "1;6|0": {
    "kci": 0.33134208752263916
  },
  "1;6|2": {
    "kci": 0.29414177508722084
  },
  "1;6|3": {
    "kci": 0.28150538342084097
  },
  "1;6|4": {
    "kci": 0.21954859750778133
  },
  "1;6|5": {
    "kci": 0.24822756125698375
  },
  "1;6|7": {
    "kci": 0.30449199921733805
  },
  "1;6|8": {
    "kci": 0.20512171407230406
  },
  "1;6|9": {
    "kci": 0.2517213806181776
  },
  "1;7|0": {
    "kci": 0.447377050579265
  },
  "1;7|2": {
    "kci": 0.46909694498558696
  },
  "1;7|3": {
    "kci": 0.5103621283708478
  },
  "1;7|4": {
    "kci": 0.44938778935928736
  },
  "1;7|5": {
    "kci": 0.4655868576456137
  },
  "1;7|6": {
    "kci": 0.4482653018197449
  },
  "1;7|8": {
    "kci": 0.4662837141758557
  },
  "1;7|9": {
    "kci": 0.431719034217418
  },
  "1;8|0": {
    "kci": 0.637863936002342
  },
  "1;8|2": {
    "kci": 0.40023779698459905
  },
  "1;8|3": {
    "kci": 0.5690760650434613
  },
  "1;8|4": {
    "kci": 0.7204748691551814
  },
  "1;8|5": {
    "kci": 0.6511038161736697
  },
  "1;8|6": {
    "kci": 0.6879395024296812
  },
  "1;8|7": {
    "kci": 0.588344986336163
  },