{
  "data_hash": "4c1d7ba9dc38051ddb91f3ccff54bda4",
  "0;1": {
    "d_separation": 0.0
  },
  "0;2": {
    "d_separation": 0.0
  },
  "0;3": {
    "d_separation": 0.0
  },
  "0;4": {
    "d_separation": 0.0
  },
  "0;5": {
    "d_separation": 0.0
  },
  "0;6": {
    "d_separation": 0.0
  },
  "0;7": {
    "d_separation": 0.0
  },
  "0;8": {
    "d_separation": 0.0
  },
  "0;9": {
    "d_separation": 0.0
  },
  "1;2": {
    "d_separation": 0.0
  },
  "1;3": {
    "d_separation": 0.0
  },
  "1;4": {
    "d_separation": 0.0
  },
  "1;5": {
    "d_separation": 0.0
  },
  "1;6": {
    "d_separation": 0.0
  },
  "1;7": {
    "d_separation": 0.0
  },
  "1;8": {
    "d_separation": 0.0
  },
  "1;9": {
    "d_separation": 0.0
  },
  "2;3": {
    "d_separation": 0.0
  },
  "2;4": {
    "d_separation": 0.0
  },
  "2;5": {
    "d_separation": 0.0
  },
  "2;6": {
    "d_separation": 0.0
  },
  "2;7": {
    "d_separation": 0.0
  },
  "2;8": {
    "d_separation": 0.0
  },
  "2;9": {
    "d_separation": 0.0
  },
  "3;4": {
    "d_separation": 0.0
  },
  "3;5": {
    "d_separation": 0.0
  },
  "3;6": {
    "d_separation": 0.0
  },
  "3;7": {
    "d_separation": 0.0
  },
  "3;8": {
    "d_separation": 0.0
  },
  "3;9": {
    "d_separation": 0.0
  },
  "4;5": {
    "d_separation": 0.0
  },
  "4;6": {
    "d_separation": 0.0
  },
  "4;7": {
    "d_separation": 0.0
  },
  "4;8": {
    "d_separation": 0.0
  },
  "4;9": {
    "d_separation": 0.0
  },
  "5;6": {
    "d_separation": 0.0
  },
  "5;7": {
    "d_separation": 0.0
  },
  "5;8": {
    "d_separation": 0.0
  },
  "5;9": {
    "d_separation": 0.0
  },
  "6;7": {
    "d_separation": 0.0
  },
  "6;8": {
    "d_separation": 0.0
  },
  "6;9": {
    "d_separation": 0.0
  },
  "7;8": {
    "d_separation": 0.0
  },
  "7;9": {
    "d_separation": 0.0
  },
  "8;9": {
    "d_separation": 0.0
  },
  "0;1|2": {
    "kci": 0.0943774102913989
  },
  "0;1|3": {
    "kci": 0.366100831541059
  },
  "0;1|4": {
    "kci": 0.17198959666688152
  },
  "0;1|5": {
    "kci": 0.16889228569308867
  },
  "0;1|6": {
    "kci": 0.5078684122905098
  },
  "0;1|7": {
    "kci": 0.5971845579781789
  },
  "0;1|8": {
    "kci": 0.30495667129839865
  },
  "0;1|9": {
    "kci": 0.2404415333861356
  },
  "0;2|1": {
    "kci": 0.21150251155036748
  },
  "0;2|3": {
    "kci": 0.36647854903185273
  },
  "0;2|4": {
    "kci": 0.19244805398330855
  },
  "0;2|5": {
    "kci": 0.21254228419845478
  },
  "0;2|6": {
    "kci": 0.23545481439931937
  },
  "0;2|7": {
    "kci": 0.3026585489908087
  },
  "0;2|8": {
    "kci": 0.18836916516765412
  },
  "0;2|9": {
    "kci": 0.20450900508068703
  },
  "0;3|1": {
    "kci": 0.16372220850899732
  },
  "0;3|2": {
    "kci": 0.11017915535682843
  },
  "0;3|4": {
    "kci": 0.5181140762917785
  },
  "0;3|5": {
    "kci": 0.2647801749698836
  },
  "0;3|6": {
    "kci": 0.07314298601106684
  },
  "0;3|7": {
    "kci": 0.04531724457566455
  },
  "0;3|8": {
    "kci": 0.13326397098562004
  },
  "0;3|9": {
    "kci": 0.04199627291838959
  },
  "0;4|1": {
    "kci": 0.06454717441845204
  },
  "0;4|2": {
    "kci": 0.08454241697601961
  },
  "0;4|3": {
    "kci": 0.08074755329204408
  },
  "0;4|5": {
    "kci": 0.11169444678857521
  },
  "0;4|6": {
    "kci": 0.06071829349450619
  },
  "0;4|7": {
    "kci": 0.008858513371703292
  },
  "0;4|8": {
    "kci": 0.03969360339237038
  },
  "0;4|9": {
    "kci": 0.01958880147208719
  },
  "0;5|1": {
    "kci": 0.0
  },
  "0;5|2": {
    "kci": 0.0
  },
  "0;5|3": {
    "kci": 0.0
  },
  "0;5|4": {
    "kci": 0.0
  },
  "0;5|6": {
    "kci": 0.0
  },
  "0;5|7": {
    "kci": 0.0
  },
  "0;5|8": {
    "kci": 0.0
  },
  "0;5|9": {
    "kci": 0.0
  },
  "0;6|1": {
    "kci": 0.12486974279011687
  },
  "0;6|2": {
    "kci": 0.055377888186489144
  },
  "0;6|3": {
    "kci": 0.0465247780954684
  },
  "0;6|4": {
    "kci": 0.010413072158783176
  },
  "0;6|5": {
    "kci": 0.02838596982389352
  },
  "0;6|7": {
    "kci": 0.19990434508656985
  },
  "0;6|8": {
    "kci": 0.13670899016827387
  },
  "0;6|9": {
    "kci": 0.03295154602522132
  },
  "0;7|1": {
    "kci": 0.04007413982198815
  },
  "0;7|2": {
    "kci": 0.012245326948345348
  },
  "0;7|3": {
    "kci": 0.028307961629688738
  },
  "0;7|4": {
    "kci": 0.002155137455708389
  },
  "0;7|5": {
    "kci": 0.0018268622192041395
  },
  "0;7|6": {
    "kci": 0.053751446656833846
  },
  "0;7|8": {
    "kci": 0.02145738060084068
  },
  "0;7|9": {
    "kci": 0.02245742303029541
  },
  "0;8|1": {
    "kci": 0.0011877187220256102
  },
  "0;8|2": {
    "kci": 0.00027304780466663736
  },
  "0;8|3": {
    "kci": 0.002539395378245435
  },
  "0;8|4": {
    "kci": 0.00017177032337445386
  },
  "0;8|5": {
    "kci": 0.020891212414132276
  },
  "0;8|6": {
    "kci": 0.0006126178115327674
  },
  "0;8|7": {
    "kci": 0.002247229761451419
  },
  "0;8|9": {
    "kci": 0.0005700132372939981
  },
  "0;9|1": {
    "kci": 4.1818079673405784e-05
  },
  "0;9|2": {
    "kci": 0.0005505790074925576
  },
  "0;9|3": {
    "kci": 9.74320309459209e-05
  },
  "0;9|4": {
    "kci": 0.000315704104504988
  },
  "0;9|5": {
    "kci": 0.004769727883079167
  },
  "0;9|6": {
    "kci": 0.001113415887572522
  },
  "0;9|7": {
    "kci": 0.008457571098478112
  },
  "0;9|8": {
    "kci": 0.0007414700150621956
  },
  "1;2|0": {
    "kci": 0.08809023696541929
  },
  "1;2|3": {
    "kci": 0.20463824294243382
  },
  "1;2|4": {
    "kci": 0.07380971963907146
  },
  "1;2|5": {
    "kci": 0.08437232534974504
  },
  "1;2|6": {
    "kci": 0.20100071651994889
  },
  "1;2|7": {
    "kci": 0.40089550328564694
  },
  "1;2|8": {
    "kci": 0.098586031324851
  },
  "1;2|9": {
    "kci": 0.06179707759705977
  },
  "1;3|0": {
    "kci": 5.114223546875962e-07
  },
  "1;3|2": {
    "kci": 6.02433664065316e-08
  },
  "1;3|4": {
    "kci": 4.787751184398559e-08
  },
  "1;3|5": {
    "kci": 1.971360508024045e-05
  },
  "1;3|6": {
    "kci": 7.581557501801228e-07
  },
  "1;3|7": {
    "kci": 9.213914747840946e-07
  },
  "1;3|8": {
    "kci": 4.030548050870664e-08
  },
  "1;3|9": {
    "kci": 6.950277450235021e-07
  },
  "1;4|0": {
    "kci": 0.42940310063442266
  },
  "1;4|2": {
    "kci": 0.5366070754004977
  },
  "1;4|3": {
    "kci": 0.19095938023966785
  },
  "1;4|5": {
    "kci": 0.45203283452526954
  },
  "1;4|6": {
    "kci": 0.2422504699754755
  },
  "1;4|7": {
    "kci": 0.40276630169406746
  },
  "1;4|8": {
    "kci": 0.6446781658805544
  },
  "1;4|9": {
    "kci": 0.583770053797003
  },
  "1;5|0": {
    "kci": 0.15639315722278113
  },
  "1;5|2": {
    "kci": 0.006616996957334864
  },
  "1;5|3": {
    "kci": 0.0638583057517994
  },
  "1;5|4": {
    "kci": 0.010664871866625902
  },
  "1;5|6": {
    "kci": 0.45725901803570723
  },
  "1;5|7": {
    "kci": 0.1929593803253412
  },
  "1;5|8": {
    "kci": 0.05434294671969042
  },
  "1;5|9": {
    "kci": 0.01629422630146915
  },
  "1;6|0": {
    "kci": 0.0015126262039375504
  },
  "1;6|2": {
    "kci": 0.0003713287644471208
  },
  "1;6|3": {
    "kci": 0.00899015423888605
  },
  "1;6|4": {
    "kci": 0.0001005759985017729
  },
  "1;6|5": {
    "kci": 0.0009838688967171993
  },
  "1;6|7": {
    "kci": 0.04005572188436701
  },
  "1;6|8": {
    "kci": 0.0005290124374401906
  },
  "1;6|9": {
    "kci": 0.00011034474480098311
  },
  "1;7|0": {
    "kci": 8.308354004782359e-11
  },
  "1;7|2": {
    "kci": 9.629000929933795e-10
  },
  "1;7|3": {
    "kci": 2.9544811042114816e-11
  },
  "1;7|4": {
    "kci": 5.054734408815875e-12
  },
  "1;7|5": {
    "kci": 4.6823989130473365e-11
  },
  "1;7|6": {
    "kci": 1.1054723803027855e-10
  },
  "1;7|8": {
    "kci": 9.438354542368188e-10
  },
  "1;7|9": {
    "kci": 1.0659428895110068e-10
  },
  "1;8|0": {
    "kci": 0.1511733997558935
  },
  "1;8|2": {
    "kci": 0.16802821681525693
  },
  "1;8|3": {
    "kci": 0.1465343510334145
  },
  "1;8|4": {
    "kci": 0.15363560247389474
  },
  "1;8|5": {
    "kci": 0.1626847062510376
  },
  "1;8|6": {
    "kci": 0.20425870927915413
  },