{
  "data_hash": "4c4ba263caa4492f5e1f03cf5ae5ef26",
  "0;1": {
    "d_separation": 0.0
  },
  "0;2": {
    "d_separation": 0.0
  },
  "0;3": {
    "d_separation": 0.0
  },
  "0;4": {
    "d_separation": 0.0
  },
  "0;5": {
    "d_separation": 0.0
  },
  "0;6": {
    "d_separation": 0.0
  },
  "0;7": {
    "d_separation": 0.0
  },
  "0;8": {
    "d_separation": 0.0
  },
  "0;9": {
    "d_separation": 0.0
  },
  "1;2": {
    "d_separation": 0.0
  },
  "1;3": {
    "d_separation": 0.0
  },
  "1;4": {
    "d_separation": 0.0
  },
  "1;5": {
    "d_separation": 0.0
  },
  "1;6": {
    "d_separation": 0.0
  },
  "1;7": {
    "d_separation": 0.0
  },
  "1;8": {
    "d_separation": 0.0
  },
  "1;9": {
    "d_separation": 0.0
  },
  "2;3": {
    "d_separation": 0.0
  },
  "2;4": {
    "d_separation": 0.0
  },
  "2;5": {
    "d_separation": 0.0
  },
  "2;6": {
    "d_separation": 0.0
  },
  "2;7": {
    "d_separation": 0.0
  },
  "2;8": {
    "d_separation": 0.0
  },
  "2;9": {
    "d_separation": 0.0
  },
  "3;4": {
    "d_separation": 0.0
  },
  "3;5": {
    "d_separation": 0.0
  },
  "3;6": {
    "d_separation": 0.0
  },
  "3;7": {
    "d_separation": 0.0
  },
  "3;8": {
    "d_separation": 0.0
  },
  "3;9": {
    "d_separation": 0.0
  },
  "4;5": {
    "d_separation": 0.0
  },
  "4;6": {
    "d_separation": 0.0
  },
  "4;7": {
    "d_separation": 0.0
  },
  "4;8": {
    "d_separation": 0.0
  },
  "4;9": {
    "d_separation": 0.0
  },
  "5;6": {
    "d_separation": 0.0
  },
  "5;7": {
    "d_separation": 0.0
  },
  "5;8": {
    "d_separation": 0.0
  },
  "5;9": {
    "d_separation": 0.0
  },
  "6;7": {
    "d_separation": 0.0
  },
  "6;8": {
    "d_separation": 0.0
  },
  "6;9": {
    "d_separation": 0.0
  },
  "7;8": {
    "d_separation": 0.0
  },
  "7;9": {
    "d_separation": 0.0
  },
  "8;9": {
    "d_separation": 0.0
  },
  "0;1|2": {
    "kci": 0.3818494180717069
  },
  "0;1|3": {
    "kci": 0.40136581297444884
  },
  "0;1|4": {
    "kci": 0.34817060950403045
  },
  "0;1|5": {
    "kci": 0.4330267972921086
  },
  "0;1|6": {
    "kci": 0.24941514522485442
  },
  "0;1|7": {
    "kci": 0.3858851737647777
  },
  "0;1|8": {
    "kci": 0.3819821494398363
  },
  "0;1|9": {
    "kci": 0.35840344186692596
  },
  "0;2|1": {
    "kci": 0.6002851293239062
  },
  "0;2|3": {
    "kci": 0.5262745978168832
  },
  "0;2|4": {
    "kci": 0.5185456343361821
  },
  "0;2|5": {
    "kci": 0.5297444279423092
  },
  "0;2|6": {
    "kci": 0.4774124331628943
  },
  "0;2|7": {
    "kci": 0.5521454934253336
  },
  "0;2|8": {
    "kci": 0.514085062948457
  },
  "0;2|9": {
    "kci": 0.5393033139941723
  },
  "0;3|1": {
    "kci": 0.4811674401289825
  },
  "0;3|2": {
    "kci": 0.23687968348262178
  },
  "0;3|4": {
    "kci": 0.25330460899337126
  },
  "0;3|5": {
    "kci": 0.25830551330828144
  },
  "0;3|6": {
    "kci": 0.25599491083637327
  },
  "0;3|7": {
    "kci": 0.20670423763685153
  },
  "0;3|8": {
    "kci": 0.2649011157039429
  },
  "0;3|9": {
    "kci": 0.20941749521414865
  },
  "0;4|1": {
    "kci": 0.09690909169782391
  },
  "0;4|2": {
    "kci": 0.026718564220615693
  },
  "0;4|3": {
    "kci": 0.026366059589342683
  },
  "0;4|5": {
    "kci": 0.044006886825861846
  },
  "0;4|6": {
    "kci": 0.073417774828483
  },
  "0;4|7": {
    "kci": 0.035673111609369146
  },
  "0;4|8": {
    "kci": 0.022499312116064818
  },
  "0;4|9": {
    "kci": 0.022124590936748678
  },
  "0;5|1": {
    "kci": 0.6045681456511263
  },
  "0;5|2": {
    "kci": 0.6125544083553164
  },
  "0;5|3": {
    "kci": 0.6180075291056502
  },
  "0;5|4": {
    "kci": 0.6734436028400763
  },
  "0;5|6": {
    "kci": 0.5707990372509786
  },
  "0;5|7": {
    "kci": 0.5767289192200057
  },
  "0;5|8": {
    "kci": 0.6437835707021593
  },
  "0;5|9": {
    "kci": 0.5624450060193122
  },
  "0;6|1": {
    "kci": 0.6101290476590758
  },
  "0;6|2": {
    "kci": 0.8080284896975567
  },
  "0;6|3": {
    "kci": 0.6975553573553892
  },
  "0;6|4": {
    "kci": 0.8604157036528208
  },
  "0;6|5": {
    "kci": 0.7663838949150429
  },
  "0;6|7": {
    "kci": 0.8083514813375972
  },
  "0;6|8": {
    "kci": 0.6980303160241552
  },
  "0;6|9": {
    "kci": 0.826027852684242
  },
  "0;7|1": {
    "kci": 0.6061577737665171
  },
  "0;7|2": {
    "kci": 0.6092754952140729
  },
  "0;7|3": {
    "kci": 0.6700784627399399
  },
  "0;7|4": {
    "kci": 0.5505991688848646
  },
  "0;7|5": {
    "kci": 0.5331360428903649
  },
  "0;7|6": {
    "kci": 0.3695452279676774
  },
  "0;7|8": {
    "kci": 0.6864151104654406
  },
  "0;7|9": {
    "kci": 0.5774851787137726
  },
  "0;8|1": {
    "kci": 0.6839007729659978
  },
  "0;8|2": {
    "kci": 0.5437701982339711
  },
  "0;8|3": {
    "kci": 0.44390813607082336
  },
  "0;8|4": {
    "kci": 0.5691189666970187
  },
  "0;8|5": {
    "kci": 0.5958717339069197
  },
  "0;8|6": {
    "kci": 0.612831035896126
  },
  "0;8|7": {
    "kci": 0.5010664935491471
  },
  "0;8|9": {
    "kci": 0.6424068002186849
  },
  "0;9|1": {
    "kci": 0.41981257816724604
  },
  "0;9|2": {
    "kci": 0.4492933471543574
  },
  "0;9|3": {
    "kci": 0.4782878135114538
  },
  "0;9|4": {
    "kci": 0.444164119942017
  },
  "0;9|5": {
    "kci": 0.2973291524481103
  },
  "0;9|6": {
    "kci": 0.45363531518884925
  },
  "0;9|7": {
    "kci": 0.4458403565640139
  },
  "0;9|8": {
    "kci": 0.46774150620179744
  },
  "1;2|0": {
    "kci": 0.29348834686784875
  },
  "1;2|3": {
    "kci": 0.28782431891029137
  },
  "1;2|4": {
    "kci": 0.2894899477812489
  },
  "1;2|5": {
    "kci": 0.28812739882372107
  },
  "1;2|6": {
    "kci": 0.272201626602359
  },
  "1;2|7": {
    "kci": 0.2925319498000043
  },
  "1;2|8": {
    "kci": 0.29363569505494547
  },
  "1;2|9": {
    "kci": 0.2892512286569111
  },
  "1;3|0": {
    "kci": 0.3275378237093106
  },
  "1;3|2": {
    "kci": 0.4963576166860848
  },
  "1;3|4": {
    "kci": 0.5315915779162366
  },
  "1;3|5": {
    "kci": 0.44327678681877836
  },
  "1;3|6": {
    "kci": 0.40671228372241575
  },
  "1;3|7": {
    "kci": 0.5165222817901214
  },
  "1;3|8": {
    "kci": 0.4662556683086798
  },
  "1;3|9": {
    "kci": 0.5130529623809179
  },
  "1;4|0": {
    "kci": 0.3605634868483638
  },
  "1;4|2": {
    "kci": 0.391549208197731
  },
  "1;4|3": {
    "kci": 0.39857299225745946
  },
  "1;4|5": {
    "kci": 0.3495860124406458
  },
  "1;4|6": {
    "kci": 0.2429754489899556
  },
  "1;4|7": {
    "kci": 0.30028712672988433
  },
  "1;4|8": {
    "kci": 0.4321875399679672
  },
  "1;4|9": {
    "kci": 0.380626350741721
  },
  "1;5|0": {
    "kci": 0.3934836910893659
  },
  "1;5|2": {
    "kci": 0.4168858964643979
  },
  "1;5|3": {
    "kci": 0.36770566414663464
  },
  "1;5|4": {
    "kci": 0.39534655084297676
  },
  "1;5|6": {
    "kci": 0.38304529490510464
  },
  "1;5|7": {
    "kci": 0.30294656610700865
  },
  "1;5|8": {
    "kci": 0.41014830328998897
  },
  "1;5|9": {
    "kci": 0.35838234501842736
  },
  "1;6|0": {
    "kci": 0.8908126501221687
  },
  "1;6|2": {
    "kci": 0.8849132966935357
  },
  "1;6|3": {
    "kci": 0.6188090154554065
  },
  "1;6|4": {
    "kci": 0.6430744707062653
  },
  "1;6|5": {
    "kci": 0.8753623198908064
  },
  "1;6|7": {
    "kci": 0.7427804217565972
  },
  "1;6|8": {
    "kci": 0.6438169617062479
  },
  "1;6|9": {
    "kci": 0.9067518722129447
  },
  "1;7|0": {
    "kci": 0.42966941948260073
  },
  "1;7|2": {
    "kci": 0.4380272990330508
  },
  "1;7|3": {
    "kci": 0.4220079883116631
  },
  "1;7|4": {
    "kci": 0.3968483778060785
  },
  "1;7|5": {
    "kci": 0.2095687681725309
  },
  "1;7|6": {
    "kci": 0.37439448973144507
  },
  "1;7|8": {
    "kci": 0.4910637995718792
  },
  "1;7|9": {
    "kci": 0.36524720506771
  },
  "1;8|0": {
    "kci": 0.30524559720656197
  },
  "1;8|2": {
    "kci": 0.16194929686839998
  },
  "1;8|3": {
    "kci": 0.1320339796567216
  },
  "1;8|4": {
    "kci": 0.20776405232123596
  },
  "1;8|5": {
    "kci": 0.23769847016348078
  },
  "1;8|6": {
    "kci": 0.20047754885368563
  },
  "1;8|7": {
    "kci": 0.32956303382160923
  },