{
  "data_hash": "4d56139e46992ee047de92a4c8889f88",
  "0;1": {
    "d_separation": 1.0
  },
  "0;2": {
    "d_separation": 0.0
  },
  "0;3": {
    "d_separation": 0.0
  },
  "0;4": {
    "d_separation": 0.0
  },
  "0;5": {
    "d_separation": 0.0
  },
  "0;6": {
    "d_separation": 0.0
  },
  "0;7": {
    "d_separation": 0.0
  },
  "0;8": {
    "d_separation": 0.0
  },
  "0;9": {
    "d_separation": 0.0
  },
  "1;2": {
    "d_separation": 0.0
  },
  "1;3": {
    "d_separation": 1.0
  },
  "1;4": {
    "d_separation": 0.0
  },
  "1;5": {
    "d_separation": 0.0
  },
  "1;6": {
    "d_separation": 1.0
  },
  "1;7": {
    "d_separation": 1.0
  },
  "1;8": {
    "d_separation": 1.0
  },
  "1;9": {
    "d_separation": 0.0
  },
  "2;3": {
    "d_separation": 0.0
  },
  "2;4": {
    "d_separation": 0.0
  },
  "2;5": {
    "d_separation": 0.0
  },
  "2;6": {
    "d_separation": 0.0
  },
  "2;7": {
    "d_separation": 0.0
  },
  "2;8": {
    "d_separation": 0.0
  },
  "2;9": {
    "d_separation": 0.0
  },
  "3;4": {
    "d_separation": 0.0
  },
  "3;5": {
    "d_separation": 0.0
  },
  "3;6": {
    "d_separation": 0.0
  },
  "3;7": {
    "d_separation": 0.0
  },
  "3;8": {
    "d_separation": 0.0
  },
  "3;9": {
    "d_separation": 0.0
  },
  "4;5": {
    "d_separation": 0.0
  },
  "4;6": {
    "d_separation": 0.0
  },
  "4;7": {
    "d_separation": 0.0
  },
  "4;8": {
    "d_separation": 0.0
  },
  "4;9": {
    "d_separation": 0.0
  },
  "5;6": {
    "d_separation": 0.0
  },
  "5;7": {
    "d_separation": 0.0
  },
  "5;8": {
    "d_separation": 0.0
  },
  "5;9": {
    "d_separation": 0.0
  },
  "6;7": {
    "d_separation": 0.0
  },
  "6;8": {
    "d_separation": 0.0
  },
  "6;9": {
    "d_separation": 0.0
  },
  "7;8": {
    "d_separation": 0.0
  },
  "7;9": {
    "d_separation": 0.0
  },
  "8;9": {
    "d_separation": 0.0
  },
  "0;2|3": {
    "fisherz": 0.9163742113847617
  },
  "0;2|4": {
    "fisherz": 0.9673818080261918
  },
  "0;2|5": {
    "fisherz": 0.889020517284417
  },
  "0;2|6": {
    "fisherz": 0.9031465610136755
  },
  "0;2|7": {
    "fisherz": 0.9660861163460532
  },
  "0;2|8": {
    "fisherz": 0.9046910354162205
  },
  "0;2|9": {
    "fisherz": 0.9049263227704858
  },
  "0;3|2": {
    "fisherz": 0.6787650322202659
  },
  "0;3|4": {
    "fisherz": 0.6764457632407976
  },
  "0;3|5": {
    "fisherz": 0.6847334311546482
  },
  "0;3|6": {
    "fisherz": 0.4548866830631071
  },
  "0;3|7": {
    "fisherz": 0.7049317052826731
  },
  "0;3|8": {
    "fisherz": 0.6749679617795841
  },
  "0;3|9": {
    "fisherz": 0.6758945458551842
  },
  "0;4|2": {
    "fisherz": 0.712562112904723
  },
  "0;4|3": {
    "fisherz": 0.7007226585262774
  },
  "0;4|5": {
    "fisherz": 0.6540377218377642
  },
  "0;4|6": {
    "fisherz": 0.6895823927877502
  },
  "0;4|7": {
    "fisherz": 0.7068385050455464
  },
  "0;4|8": {
    "fisherz": 0.7001461417246833
  },
  "0;4|9": {
    "fisherz": 0.7000530111493561
  },
  "0;5|2": {
    "fisherz": 0.48791628270126797
  },
  "0;5|3": {
    "fisherz": 0.4948378122322574
  },
  "0;5|4": {
    "fisherz": 0.4672585152019215
  },
  "0;5|6": {
    "fisherz": 0.48809601414719594
  },
  "0;5|7": {
    "fisherz": 0.48520529399372503
  },
  "0;5|8": {
    "fisherz": 0.49008772422137237
  },
  "0;5|9": {
    "fisherz": 0.4899405234710077
  },
  "0;6|2": {
    "fisherz": 0.6259754052637141
  },
  "0;6|3": {
    "fisherz": 0.43077439944898543
  },
  "0;6|4": {
    "fisherz": 0.6183256985891821
  },
  "0;6|5": {
    "fisherz": 0.6228897698928784
  },
  "0;6|7": {
    "fisherz": 0.6472081548713251
  },
  "0;6|8": {
    "fisherz": 0.6266508359163061
  },
  "0;6|9": {
    "fisherz": 0.6262853856160169
  },
  "0;7|2": {
    "fisherz": 0.09391453798727945
  },
  "0;7|3": {
    "fisherz": 0.09503280533206948
  },
  "0;7|4": {
    "fisherz": 0.09358675007275541
  },
  "0;7|5": {
    "fisherz": 0.09253361032453489
  },
  "0;7|6": {
    "fisherz": 0.09480732660698199
  },
  "0;7|8": {
    "fisherz": 0.09205121391393112
  },
  "0;7|9": {
    "fisherz": 0.09318751825514848
  },
  "0;8|2": {
    "fisherz": 0.9820693135214211
  },
  "0;8|3": {
    "fisherz": 0.9689124782977561
  },
  "0;8|4": {
    "fisherz": 0.9835233906440002
  },
  "0;8|5": {
    "fisherz": 0.9766185527502551
  },
  "0;8|6": {
    "fisherz": 0.9944719726038049
  },
  "0;8|7": {
    "fisherz": 0.8874710299620878
  },
  "0;8|9": {
    "fisherz": 0.9807130290562063
  },
  "0;9|2": {
    "fisherz": 0.9916038719659495
  },
  "0;9|3": {
    "fisherz": 0.9907580866138987
  },
  "0;9|4": {
    "fisherz": 0.9887170212569933
  },
  "0;9|5": {
    "fisherz": 0.9766229857234889
  },
  "0;9|6": {
    "fisherz": 0.9879947756588088
  },
  "0;9|7": {
    "fisherz": 0.9931421181523794
  },
  "0;9|8": {
    "fisherz": 0.9871080669939887
  },
  "1;2|4": {
    "fisherz": 6.809667769669403e-07
  },
  "1;2|5": {
    "fisherz": 6.123659855417074e-06
  },
  "1;2|9": {
    "fisherz": 7.646571071884267e-06
  },
  "1;4|2": {
    "fisherz": 0.017408022465068118
  },
  "1;4|5": {
    "fisherz": 0.12810079106535932
  },
  "1;4|9": {
    "fisherz": 0.17981224142553653
  },
  "1;5|2": {
    "fisherz": 0.02504877087642443
  },
  "1;5|4": {
    "fisherz": 0.016031699804943678
  },
  "1;5|9": {
    "fisherz": 0.023895503880584368
  },
  "1;9|2": {
    "fisherz": 0.003361818532493732
  },
  "1;9|4": {
    "fisherz": 0.0023165779635068162
  },
  "1;9|5": {
    "fisherz": 0.0025553105823106215
  },
  "0;2|1": {
    "fisherz": 0.9029132251066798
  },
  "1;2|0": {
    "fisherz": 5.651977657006313e-06
  },
  "1;2|3": {
    "fisherz": 4.587767900243733e-06
  },
  "1;2|6": {
    "fisherz": 4.5997483892890045e-06
  },
  "1;2|7": {
    "fisherz": 7.085944692120094e-06
  },
  "1;2|8": {
    "fisherz": 5.8200028407728865e-06
  },
  "2;3|0": {
    "fisherz": 0.5706704006378343
  },
  "2;3|1": {
    "fisherz": 0.39801055846394995
  },
  "2;3|4": {
    "fisherz": 0.5660968563310174
  },
  "2;3|5": {
    "fisherz": 0.5629683068128895
  },
  "2;3|6": {
    "fisherz": 0.5327769651693379
  },
  "2;3|7": {
    "fisherz": 0.5805719644333993
  },
  "2;3|8": {
    "fisherz": 0.562790305325271
  },
  "2;3|9": {
    "fisherz": 0.6020465697348316
  },
  "2;4|0": {
    "fisherz": 0.0009423831712769282
  },
  "2;4|1": {
    "fisherz": 0.00010950591704705914
  },
  "2;4|3": {
    "fisherz": 0.0009336267299240308
  },
  "2;4|5": {
    "fisherz": 0.0010260159444339667
  },
  "2;4|6": {
    "fisherz": 0.0009361317943563652
  },
  "2;4|7": {
    "fisherz": 0.000940578497682143
  },
  "2;4|8": {
    "fisherz": 0.0009417609596200638
  },
  "2;4|9": {
    "fisherz": 0.00093719903710765
  },
  "2;5|0": {
    "fisherz": 0.656979568846944
  },
  "2;5|1": {
    "fisherz": 0.8351693077188571
  },
  "2;5|3": {
    "fisherz": 0.6532793264757177
  },
  "2;5|4": {
    "fisherz": 0.8763648264317565
  },
  "2;5|6": {
    "fisherz": 0.6608938559611297
  },
  "2;5|7": {
    "fisherz": 0.6620427796463466
  },
  "2;5|8": {
    "fisherz": 0.6623168642762887
  },
  "2;5|9": {
    "fisherz": 0.6710511075895944
  },
  "2;6|0": {
    "fisherz": 0.9573973498667099
  },
  "2;6|1": {
    "fisherz": 0.5339838392769691
  },
  "2;6|3": {
    "fisherz": 0.7963949945551034
  },
  "2;6|4": {
    "fisherz": 0.9655042433943755
  },
  "2;6|5": {
    "fisherz": 0.958210730199063
  },
  "2;6|7": {
    "fisherz": 0.9491887893332025
  },
  "2;6|8": {
    "fisherz": 0.9537058054442897
  },
  "2;6|9": {
    "fisherz": 0.9587924260353851
  },
  "2;7|0": {
    "fisherz": 0.47032461745969245
  },
  "2;7|1": {
    "fisherz": 0.7367673545952205
  },
  "2;7|3": {
    "fisherz": 0.47333425521731765
  },
  "2;7|4": {
    "fisherz": 0.4688945796630528
  },
  "2;7|5": {
    "fisherz": 0.46546315158938434
  },
  "2;7|6": {
    "fisherz": 0.46433263720914697
  },
  "2;7|8": {
    "fisherz": 0.4539609244058507
  },
  "2;7|9": {
    "fisherz": 0.4713298085959252
  },
  "2;8|0": {
    "fisherz": 0.8149190839562495
  },
  "2;8|1": {
    "fisherz": 0.9778956456669925
  },