{
  "data_hash": "4efeea1fb208b65193ae69be7d4ec04c",
  "0;1": {
    "d_separation": 0.0
  },
  "0;2": {
    "d_separation": 0.0
  },
  "0;3": {
    "d_separation": 0.0
  },
  "0;4": {
    "d_separation": 0.0
  },
  "0;5": {
    "d_separation": 0.0
  },
  "0;6": {
    "d_separation": 0.0
  },
  "0;7": {
    "d_separation": 0.0
  },
  "0;8": {
    "d_separation": 0.0
  },
  "0;9": {
    "d_separation": 0.0
  },
  "1;2": {
    "d_separation": 0.0
  },
  "1;3": {
    "d_separation": 0.0
  },
  "1;4": {
    "d_separation": 0.0
  },
  "1;5": {
    "d_separation": 0.0
  },
  "1;6": {
    "d_separation": 0.0
  },
  "1;7": {
    "d_separation": 0.0
  },
  "1;8": {
    "d_separation": 0.0
  },
  "1;9": {
    "d_separation": 0.0
  },
  "2;3": {
    "d_separation": 0.0
  },
  "2;4": {
    "d_separation": 0.0
  },
  "2;5": {
    "d_separation": 0.0
  },
  "2;6": {
    "d_separation": 0.0
  },
  "2;7": {
    "d_separation": 0.0
  },
  "2;8": {
    "d_separation": 0.0
  },
  "2;9": {
    "d_separation": 0.0
  },
  "3;4": {
    "d_separation": 0.0
  },
  "3;5": {
    "d_separation": 0.0
  },
  "3;6": {
    "d_separation": 0.0
  },
  "3;7": {
    "d_separation": 0.0
  },
  "3;8": {
    "d_separation": 0.0
  },
  "3;9": {
    "d_separation": 0.0
  },
  "4;5": {
    "d_separation": 0.0
  },
  "4;6": {
    "d_separation": 0.0
  },
  "4;7": {
    "d_separation": 0.0
  },
  "4;8": {
    "d_separation": 0.0
  },
  "4;9": {
    "d_separation": 0.0
  },
  "5;6": {
    "d_separation": 0.0
  },
  "5;7": {
    "d_separation": 0.0
  },
  "5;8": {
    "d_separation": 0.0
  },
  "5;9": {
    "d_separation": 0.0
  },
  "6;7": {
    "d_separation": 0.0
  },
  "6;8": {
    "d_separation": 0.0
  },
  "6;9": {
    "d_separation": 0.0
  },
  "7;8": {
    "d_separation": 0.0
  },
  "7;9": {
    "d_separation": 0.0
  },
  "8;9": {
    "d_separation": 0.0
  },
  "0;1|2": {
    "kci": 1.1102230246251565e-16
  },
  "0;1|3": {
    "kci": 0.0001851423200563973
  },
  "0;1|4": {
    "kci": 2.220446049250313e-16
  },
  "0;1|5": {
    "kci": 6.072229359155301e-05
  },
  "0;1|6": {
    "kci": 3.9969805243345036e-11
  },
  "0;1|7": {
    "kci": 1.1102230246251565e-16
  },
  "0;1|8": {
    "kci": 0.0
  },
  "0;1|9": {
    "kci": 0.0
  },
  "0;2|1": {
    "kci": 0.46053724552766095
  },
  "0;2|3": {
    "kci": 0.7695393857896885
  },
  "0;2|4": {
    "kci": 0.45214843786137804
  },
  "0;2|5": {
    "kci": 0.7135027769477289
  },
  "0;2|6": {
    "kci": 0.7215824794787834
  },
  "0;2|7": {
    "kci": 0.5364154297926463
  },
  "0;2|8": {
    "kci": 0.3751770297890499
  },
  "0;2|9": {
    "kci": 0.3455579312319772
  },
  "0;3|1": {
    "kci": 1.162403506782539e-13
  },
  "0;3|2": {
    "kci": 0.0
  },
  "0;3|4": {
    "kci": 0.0
  },
  "0;3|5": {
    "kci": 2.1270762928793374e-12
  },
  "0;3|6": {
    "kci": 8.881784197001252e-16
  },
  "0;3|7": {
    "kci": 0.0
  },
  "0;3|8": {
    "kci": 0.0
  },
  "0;3|9": {
    "kci": 0.0
  },
  "0;4|1": {
    "kci": 6.467219763717225e-06
  },
  "0;4|2": {
    "kci": 2.4223098749054373e-08
  },
  "0;4|3": {
    "kci": 0.13398336138404043
  },
  "0;4|5": {
    "kci": 0.016638744769628677
  },
  "0;4|6": {
    "kci": 7.953760680079469e-07
  },
  "0;4|7": {
    "kci": 1.1909585539982004e-09
  },
  "0;4|8": {
    "kci": 3.3911394359265046e-08
  },
  "0;4|9": {
    "kci": 9.670961736985006e-07
  },
  "0;5|1": {
    "kci": 1.7413623876194606e-09
  },
  "0;5|2": {
    "kci": 1.3322676295501878e-15
  },
  "0;5|3": {
    "kci": 2.045585922871851e-11
  },
  "0;5|4": {
    "kci": 1.7819079545233762e-13
  },
  "0;5|6": {
    "kci": 2.3026025530725747e-13
  },
  "0;5|7": {
    "kci": 5.101230549087177e-11
  },
  "0;5|8": {
    "kci": 6.356803972096259e-12
  },
  "0;5|9": {
    "kci": 8.326672684688674e-15
  },
  "0;6|1": {
    "kci": 0.23375019702936783
  },
  "0;6|2": {
    "kci": 0.003812632205702715
  },
  "0;6|3": {
    "kci": 0.09056714067254745
  },
  "0;6|4": {
    "kci": 0.0011496062389864115
  },
  "0;6|5": {
    "kci": 0.3010584277114231
  },
  "0;6|7": {
    "kci": 0.0007745641310663576
  },
  "0;6|8": {
    "kci": 0.001175774791315587
  },
  "0;6|9": {
    "kci": 0.0005836317213798736
  },
  "0;7|1": {
    "kci": 0.4369073103289176
  },
  "0;7|2": {
    "kci": 0.05753401264999025
  },
  "0;7|3": {
    "kci": 0.07970435770032147
  },
  "0;7|4": {
    "kci": 0.025919119520504852
  },
  "0;7|5": {
    "kci": 0.5497451679318006
  },
  "0;7|6": {
    "kci": 0.027014931116146057
  },
  "0;7|8": {
    "kci": 0.11970533408987905
  },
  "0;7|9": {
    "kci": 0.018322993947218702
  },
  "0;8|1": {
    "kci": 0.030456996391869495
  },
  "0;8|2": {
    "kci": 0.019199355097358373
  },
  "0;8|3": {
    "kci": 0.1067358626192021
  },
  "0;8|4": {
    "kci": 0.04304153185852
  },
  "0;8|5": {
    "kci": 0.25856646335840794
  },
  "0;8|6": {
    "kci": 0.009000875498154648
  },
  "0;8|7": {
    "kci": 0.08349481580726004
  },
  "0;8|9": {
    "kci": 0.03577692823192402
  },
  "0;9|1": {
    "kci": 0.09678903215998247
  },
  "0;9|2": {
    "kci": 0.00784796894797224
  },
  "0;9|3": {
    "kci": 0.2107986914613864
  },
  "0;9|4": {
    "kci": 0.1732172514166036
  },
  "0;9|5": {
    "kci": 0.18303438301615949
  },
  "0;9|6": {
    "kci": 0.0296024412546807
  },
  "0;9|7": {
    "kci": 0.013497547370588836
  },
  "0;9|8": {
    "kci": 0.033094638905971974
  },
  "1;2|0": {
    "kci": 0.01661642437989097
  },
  "1;2|3": {
    "kci": 0.023420664005773917
  },
  "1;2|4": {
    "kci": 0.04905893012708595
  },
  "1;2|5": {
    "kci": 0.08577288553868279
  },
  "1;2|6": {
    "kci": 0.02275932616778209
  },
  "1;2|7": {
    "kci": 0.03868012129896958
  },
  "1;2|8": {
    "kci": 0.007601600297347133
  },
  "1;2|9": {
    "kci": 0.005422182032674527
  },
  "1;3|0": {
    "kci": 0.007152743469601042
  },
  "1;3|2": {
    "kci": 1.0731415756026763e-12
  },
  "1;3|4": {
    "kci": 1.328387400079123e-10
  },
  "1;3|5": {
    "kci": 0.00012704960916753993
  },
  "1;3|6": {
    "kci": 1.6359344212624194e-07
  },
  "1;3|7": {
    "kci": 6.081801728896608e-13
  },
  "1;3|8": {
    "kci": 8.804068585277491e-14
  },
  "1;3|9": {
    "kci": 3.8202774277351637e-13
  },
  "1;4|0": {
    "kci": 0.00017098232576162609
  },
  "1;4|2": {
    "kci": 2.342538028132779e-05
  },
  "1;4|3": {
    "kci": 0.0013223508889099733
  },
  "1;4|5": {
    "kci": 0.000255910799352832
  },
  "1;4|6": {
    "kci": 6.240250871825115e-05
  },
  "1;4|7": {
    "kci": 3.732913969389795e-05
  },
  "1;4|8": {
    "kci": 0.00013752376443187941
  },
  "1;4|9": {
    "kci": 0.0002357674899617912
  },
  "1;5|0": {
    "kci": 0.6776647716110558
  },
  "1;5|2": {
    "kci": 0.0022641052070703216
  },
  "1;5|3": {
    "kci": 0.32709325933540545
  },
  "1;5|4": {
    "kci": 0.0022912359390072634
  },
  "1;5|6": {
    "kci": 0.00294740654135206
  },
  "1;5|7": {
    "kci": 0.02653651168582094
  },
  "1;5|8": {
    "kci": 0.0016687149197757156
  },
  "1;5|9": {
    "kci": 0.00017096932002835796
  },
  "1;6|0": {
    "kci": 0.24929684265968377
  },
  "1;6|2": {
    "kci": 0.004088475540472758
  },
  "1;6|3": {
    "kci": 0.2154431660315086
  },
  "1;6|4": {
    "kci": 0.005194028155268926
  },
  "1;6|5": {
    "kci": 0.025795545593854996
  },
  "1;6|7": {
    "kci": 0.00016144746723067982
  },
  "1;6|8": {
    "kci": 0.0010555782640764289
  },
  "1;6|9": {
    "kci": 0.001711122960932121
  },
  "1;7|0": {
    "kci": 0.071556444878761
  },
  "1;7|2": {
    "kci": 0.0004169726829480469
  },
  "1;7|3": {
    "kci": 0.03071352184668852
  },
  "1;7|4": {
    "kci": 0.00344402960874457
  },
  "1;7|5": {
    "kci": 0.13708597907493691
  },
  "1;7|6": {
    "kci": 0.00033627674008573916
  },
  "1;7|8": {
    "kci": 0.008015190008807571
  },
  "1;7|9": {
    "kci": 0.00084003042095393
  },
  "1;8|0": {
    "kci": 0.535885930452993
  },
  "1;8|2": {
    "kci": 0.38624354872834454
  },
  "1;8|3": {
    "kci": 0.5086433321138935
  },
  "1;8|4": {
    "kci": 0.44743033978255087
  },
  "1;8|5": {
    "kci": 0.4506608439474473
  },