{
  "data_hash": "52760bc70771c404436984f7396d10c2",
  "0;1": {
    "d_separation": 0.0
  },
  "0;2": {
    "d_separation": 0.0
  },
  "0;3": {
    "d_separation": 0.0
  },
  "0;4": {
    "d_separation": 0.0
  },
  "0;5": {
    "d_separation": 0.0
  },
  "0;6": {
    "d_separation": 0.0
  },
  "0;7": {
    "d_separation": 0.0
  },
  "0;8": {
    "d_separation": 0.0
  },
  "0;9": {
    "d_separation": 0.0
  },
  "1;2": {
    "d_separation": 0.0
  },
  "1;3": {
    "d_separation": 0.0
  },
  "1;4": {
    "d_separation": 0.0
  },
  "1;5": {
    "d_separation": 0.0
  },
  "1;6": {
    "d_separation": 0.0
  },
  "1;7": {
    "d_separation": 0.0
  },
  "1;8": {
    "d_separation": 0.0
  },
  "1;9": {
    "d_separation": 0.0
  },
  "2;3": {
    "d_separation": 0.0
  },
  "2;4": {
    "d_separation": 0.0
  },
  "2;5": {
    "d_separation": 0.0
  },
  "2;6": {
    "d_separation": 0.0
  },
  "2;7": {
    "d_separation": 0.0
  },
  "2;8": {
    "d_separation": 0.0
  },
  "2;9": {
    "d_separation": 0.0
  },
  "3;4": {
    "d_separation": 0.0
  },
  "3;5": {
    "d_separation": 0.0
  },
  "3;6": {
    "d_separation": 0.0
  },
  "3;7": {
    "d_separation": 0.0
  },
  "3;8": {
    "d_separation": 0.0
  },
  "3;9": {
    "d_separation": 0.0
  },
  "4;5": {
    "d_separation": 0.0
  },
  "4;6": {
    "d_separation": 0.0
  },
  "4;7": {
    "d_separation": 0.0
  },
  "4;8": {
    "d_separation": 0.0
  },
  "4;9": {
    "d_separation": 0.0
  },
  "5;6": {
    "d_separation": 1.0
  },
  "5;7": {
    "d_separation": 0.0
  },
  "5;8": {
    "d_separation": 0.0
  },
  "5;9": {
    "d_separation": 0.0
  },
  "6;7": {
    "d_separation": 0.0
  },
  "6;8": {
    "d_separation": 0.0
  },
  "6;9": {
    "d_separation": 0.0
  },
  "7;8": {
    "d_separation": 0.0
  },
  "7;9": {
    "d_separation": 0.0
  },
  "8;9": {
    "d_separation": 0.0
  },
  "0;1|2": {
    "kci": 0.5366296892511317
  },
  "0;1|3": {
    "kci": 0.5263786850337464
  },
  "0;1|4": {
    "kci": 0.5980952321267303
  },
  "0;1|5": {
    "kci": 0.527860312475565
  },
  "0;1|6": {
    "kci": 0.48234452679246287
  },
  "0;1|7": {
    "kci": 0.534645173813765
  },
  "0;1|8": {
    "kci": 0.4249888333225287
  },
  "0;1|9": {
    "kci": 0.4052172105814923
  },
  "0;2|1": {
    "kci": 0.40332789574066163
  },
  "0;2|3": {
    "kci": 0.473680580264772
  },
  "0;2|4": {
    "kci": 0.5232818040748461
  },
  "0;2|5": {
    "kci": 0.3694381001245022
  },
  "0;2|6": {
    "kci": 0.3385213139283373
  },
  "0;2|7": {
    "kci": 0.48870117972320126
  },
  "0;2|8": {
    "kci": 0.5098098788396541
  },
  "0;2|9": {
    "kci": 0.45018049126840587
  },
  "0;3|1": {
    "kci": 0.4076004453322588
  },
  "0;3|2": {
    "kci": 0.36179024328337217
  },
  "0;3|4": {
    "kci": 0.2316034103179303
  },
  "0;3|5": {
    "kci": 0.33414365487054387
  },
  "0;3|6": {
    "kci": 0.3694455635841978
  },
  "0;3|7": {
    "kci": 0.3731085802635823
  },
  "0;3|8": {
    "kci": 0.3382424669828047
  },
  "0;3|9": {
    "kci": 0.26130331624950953
  },
  "0;4|1": {
    "kci": 0.43655922925679613
  },
  "0;4|2": {
    "kci": 0.5624142659102144
  },
  "0;4|3": {
    "kci": 0.38316561806854676
  },
  "0;4|5": {
    "kci": 0.5714482049652487
  },
  "0;4|6": {
    "kci": 0.3554430479236528
  },
  "0;4|7": {
    "kci": 0.5804396933070666
  },
  "0;4|8": {
    "kci": 0.5438716186905026
  },
  "0;4|9": {
    "kci": 0.3867946194443309
  },
  "0;5|1": {
    "kci": 0.09433106167514571
  },
  "0;5|2": {
    "kci": 0.12114842680326021
  },
  "0;5|3": {
    "kci": 0.03650010707279705
  },
  "0;5|4": {
    "kci": 0.09644301083501261
  },
  "0;5|6": {
    "kci": 0.05259698209359864
  },
  "0;5|7": {
    "kci": 0.06890914101547141
  },
  "0;5|8": {
    "kci": 0.1959083043092673
  },
  "0;5|9": {
    "kci": 0.20978812531017277
  },
  "0;6|1": {
    "kci": 0.0043633549887514
  },
  "0;6|2": {
    "kci": 0.013287388714681159
  },
  "0;6|3": {
    "kci": 0.013725864392723164
  },
  "0;6|4": {
    "kci": 0.006433603040492897
  },
  "0;6|5": {
    "kci": 0.02074843147866845
  },
  "0;6|7": {
    "kci": 0.004030004089360717
  },
  "0;6|8": {
    "kci": 0.04178778508207448
  },
  "0;6|9": {
    "kci": 0.04495193915311191
  },
  "0;7|1": {
    "kci": 0.06896792283414077
  },
  "0;7|2": {
    "kci": 0.06589773785207975
  },
  "0;7|3": {
    "kci": 0.12385024967703673
  },
  "0;7|4": {
    "kci": 0.09145415509276911
  },
  "0;7|5": {
    "kci": 0.1191417919484804
  },
  "0;7|6": {
    "kci": 0.048627440587360016
  },
  "0;7|8": {
    "kci": 0.031785352206928796
  },
  "0;7|9": {
    "kci": 0.10263813831414748
  },
  "0;8|1": {
    "kci": 0.04477445879437236
  },
  "0;8|2": {
    "kci": 0.1256167508394812
  },
  "0;8|3": {
    "kci": 0.12378016303532136
  },
  "0;8|4": {
    "kci": 0.10743674058687191
  },
  "0;8|5": {
    "kci": 0.14079203578554889
  },
  "0;8|6": {
    "kci": 0.31382215934082924
  },
  "0;8|7": {
    "kci": 0.09980234398438759
  },
  "0;8|9": {
    "kci": 0.3430931283118541
  },
  "0;9|1": {
    "kci": 0.09511142990702215
  },
  "0;9|2": {
    "kci": 0.16450583315337175
  },
  "0;9|3": {
    "kci": 0.18827757132175404
  },
  "0;9|4": {
    "kci": 0.17082178559734684
  },
  "0;9|5": {
    "kci": 0.22971468102355952
  },
  "0;9|6": {
    "kci": 0.6094974229617551
  },
  "0;9|7": {
    "kci": 0.09889295263620146
  },
  "0;9|8": {
    "kci": 0.48850456458502023
  },
  "1;2|0": {
    "kci": 0.5582655697139705
  },
  "1;2|3": {
    "kci": 0.49523601588250143
  },
  "1;2|4": {
    "kci": 0.28748683880633075
  },
  "1;2|5": {
    "kci": 0.5387936838499314
  },
  "1;2|6": {
    "kci": 0.7587662966769086
  },
  "1;2|7": {
    "kci": 0.4309161628080458
  },
  "1;2|8": {
    "kci": 0.6888474863068565
  },
  "1;2|9": {
    "kci": 0.5407336801520048
  },
  "1;3|0": {
    "kci": 0.44509632757232487
  },
  "1;3|2": {
    "kci": 0.5044368395178166
  },
  "1;3|4": {
    "kci": 0.4348946633593733
  },
  "1;3|5": {
    "kci": 0.31840850773883067
  },
  "1;3|6": {
    "kci": 0.5070160568366484
  },
  "1;3|7": {
    "kci": 0.5536092643999183
  },
  "1;3|8": {
    "kci": 0.6768566256187046
  },
  "1;3|9": {
    "kci": 0.5435599479726767
  },
  "1;4|0": {
    "kci": 0.5863874947427555
  },
  "1;4|2": {
    "kci": 0.5454150458557219
  },
  "1;4|3": {
    "kci": 0.6651608572203463
  },
  "1;4|5": {
    "kci": 0.20002868538902263
  },
  "1;4|6": {
    "kci": 0.5165041826728222
  },
  "1;4|7": {
    "kci": 0.5550269750378644
  },
  "1;4|8": {
    "kci": 0.5583411912200738
  },
  "1;4|9": {
    "kci": 0.5259033946718099
  },
  "1;5|0": {
    "kci": 0.2947983310563682
  },
  "1;5|2": {
    "kci": 0.3176135647208749
  },
  "1;5|3": {
    "kci": 0.30484641865196394
  },
  "1;5|4": {
    "kci": 0.340744243527909
  },
  "1;5|6": {
    "kci": 0.34933777466870386
  },
  "1;5|7": {
    "kci": 0.3706524726207422
  },
  "1;5|8": {
    "kci": 0.30565984036092964
  },
  "1;5|9": {
    "kci": 0.3372172873570243
  },
  "1;6|0": {
    "kci": 0.34669683658114636
  },
  "1;6|2": {
    "kci": 0.46190284412167737
  },
  "1;6|3": {
    "kci": 0.3876557946516551
  },
  "1;6|4": {
    "kci": 0.39874334374023057
  },
  "1;6|5": {
    "kci": 0.3975328469731967
  },
  "1;6|7": {
    "kci": 0.4083550872586015
  },
  "1;6|8": {
    "kci": 0.4889223781243227
  },
  "1;6|9": {
    "kci": 0.45826460047935147
  },
  "1;7|0": {
    "kci": 0.15811571555106219
  },
  "1;7|2": {
    "kci": 0.2653055085694983
  },
  "1;7|3": {
    "kci": 0.21408898347335248
  },
  "1;7|4": {
    "kci": 0.24038457226091214
  },
  "1;7|5": {
    "kci": 0.47033280992427184
  },
  "1;7|6": {
    "kci": 0.19508490437402293
  },
  "1;7|8": {
    "kci": 0.4879628084736469
  },
  "1;7|9": {
    "kci": 0.28409106311059906
  },
  "1;8|0": {
    "kci": 0.38781970587703796
  },
  "1;8|2": {
    "kci": 0.3763258655007412
  },
  "1;8|3": {
    "kci": 0.29020553385387793
  },
  "1;8|4": {
    "kci": 0.3707414426247334
  },
  "1;8|5": {
    "kci": 0.3129844087129672
  },
  "1;8|6": {
    "kci": 0.3581748537206825
  },