{
  "data_hash": "52df0c5cf994c9129dd082b9d1f2f43f",
  "0;1": {
    "d_separation": 0.0
  },
  "0;2": {
    "d_separation": 0.0
  },
  "0;3": {
    "d_separation": 0.0
  },
  "0;4": {
    "d_separation": 0.0
  },
  "0;5": {
    "d_separation": 0.0
  },
  "0;6": {
    "d_separation": 0.0
  },
  "0;7": {
    "d_separation": 0.0
  },
  "0;8": {
    "d_separation": 0.0
  },
  "0;9": {
    "d_separation": 0.0
  },
  "1;2": {
    "d_separation": 0.0
  },
  "1;3": {
    "d_separation": 0.0
  },
  "1;4": {
    "d_separation": 0.0
  },
  "1;5": {
    "d_separation": 0.0
  },
  "1;6": {
    "d_separation": 0.0
  },
  "1;7": {
    "d_separation": 0.0
  },
  "1;8": {
    "d_separation": 0.0
  },
  "1;9": {
    "d_separation": 0.0
  },
  "2;3": {
    "d_separation": 0.0
  },
  "2;4": {
    "d_separation": 0.0
  },
  "2;5": {
    "d_separation": 0.0
  },
  "2;6": {
    "d_separation": 0.0
  },
  "2;7": {
    "d_separation": 0.0
  },
  "2;8": {
    "d_separation": 0.0
  },
  "2;9": {
    "d_separation": 0.0
  },
  "3;4": {
    "d_separation": 0.0
  },
  "3;5": {
    "d_separation": 0.0
  },
  "3;6": {
    "d_separation": 0.0
  },
  "3;7": {
    "d_separation": 0.0
  },
  "3;8": {
    "d_separation": 0.0
  },
  "3;9": {
    "d_separation": 0.0
  },
  "4;5": {
    "d_separation": 0.0
  },
  "4;6": {
    "d_separation": 0.0
  },
  "4;7": {
    "d_separation": 0.0
  },
  "4;8": {
    "d_separation": 0.0
  },
  "4;9": {
    "d_separation": 0.0
  },
  "5;6": {
    "d_separation": 0.0
  },
  "5;7": {
    "d_separation": 0.0
  },
  "5;8": {
    "d_separation": 0.0
  },
  "5;9": {
    "d_separation": 0.0
  },
  "6;7": {
    "d_separation": 0.0
  },
  "6;8": {
    "d_separation": 0.0
  },
  "6;9": {
    "d_separation": 0.0
  },
  "7;8": {
    "d_separation": 0.0
  },
  "7;9": {
    "d_separation": 0.0
  },
  "8;9": {
    "d_separation": 0.0
  },
  "0;1|2": {
    "kci": 0.9246181239392574
  },
  "0;1|3": {
    "kci": 0.8552113124191516
  },
  "0;1|4": {
    "kci": 0.7917735306549634
  },
  "0;1|5": {
    "kci": 0.5616939350235537
  },
  "0;1|6": {
    "kci": 0.8542679270814579
  },
  "0;1|7": {
    "kci": 0.8788876278311311
  },
  "0;1|8": {
    "kci": 0.766134366839887
  },
  "0;1|9": {
    "kci": 0.8815034319297739
  },
  "0;2|1": {
    "kci": 0.6169876682606498
  },
  "0;2|3": {
    "kci": 0.41283251352026207
  },
  "0;2|4": {
    "kci": 0.49838691974628335
  },
  "0;2|5": {
    "kci": 0.3656069550717276
  },
  "0;2|6": {
    "kci": 0.5144778321617831
  },
  "0;2|7": {
    "kci": 0.5519954140421676
  },
  "0;2|8": {
    "kci": 0.49642205280666407
  },
  "0;2|9": {
    "kci": 0.5785124552005
  },
  "0;3|1": {
    "kci": 0.606966142361516
  },
  "0;3|2": {
    "kci": 0.5769187424970859
  },
  "0;3|4": {
    "kci": 0.7400741639343016
  },
  "0;3|5": {
    "kci": 0.6267879434158743
  },
  "0;3|6": {
    "kci": 0.6723273328425806
  },
  "0;3|7": {
    "kci": 0.5746945148095334
  },
  "0;3|8": {
    "kci": 0.6467955148631737
  },
  "0;3|9": {
    "kci": 0.6411206482877767
  },
  "0;4|1": {
    "kci": 0.3361584020879822
  },
  "0;4|2": {
    "kci": 0.33907550349295223
  },
  "0;4|3": {
    "kci": 0.41006701733212125
  },
  "0;4|5": {
    "kci": 0.36689359157037194
  },
  "0;4|6": {
    "kci": 0.20762052474688186
  },
  "0;4|7": {
    "kci": 0.2645694213253583
  },
  "0;4|8": {
    "kci": 0.2036911489177029
  },
  "0;4|9": {
    "kci": 0.2614433609579351
  },
  "0;5|1": {
    "kci": 0.21432710815441602
  },
  "0;5|2": {
    "kci": 0.44926063029843066
  },
  "0;5|3": {
    "kci": 0.5312506946979093
  },
  "0;5|4": {
    "kci": 0.21053091159256743
  },
  "0;5|6": {
    "kci": 0.5560773127380185
  },
  "0;5|7": {
    "kci": 0.4015744251968747
  },
  "0;5|8": {
    "kci": 0.33517677422992875
  },
  "0;5|9": {
    "kci": 0.3857457276418873
  },
  "0;6|1": {
    "kci": 0.45146852645966473
  },
  "0;6|2": {
    "kci": 0.6048781571398915
  },
  "0;6|3": {
    "kci": 0.5943278103886049
  },
  "0;6|4": {
    "kci": 0.4128103813882833
  },
  "0;6|5": {
    "kci": 0.5611477965120075
  },
  "0;6|7": {
    "kci": 0.5760895451968855
  },
  "0;6|8": {
    "kci": 0.6113422190805539
  },
  "0;6|9": {
    "kci": 0.5844567250555024
  },
  "0;7|1": {
    "kci": 0.15676883790463791
  },
  "0;7|2": {
    "kci": 0.36050466724465724
  },
  "0;7|3": {
    "kci": 0.25027791322091497
  },
  "0;7|4": {
    "kci": 0.21321390767034154
  },
  "0;7|5": {
    "kci": 0.11600825634662892
  },
  "0;7|6": {
    "kci": 0.36134535240632526
  },
  "0;7|8": {
    "kci": 0.33283004155296714
  },
  "0;7|9": {
    "kci": 0.3966554103785126
  },
  "0;8|1": {
    "kci": 0.47400936226650636
  },
  "0;8|2": {
    "kci": 0.7849644749897436
  },
  "0;8|3": {
    "kci": 0.8171297941959959
  },
  "0;8|4": {
    "kci": 0.5605816609022196
  },
  "0;8|5": {
    "kci": 0.49889222261010924
  },
  "0;8|6": {
    "kci": 0.789984714729854
  },
  "0;8|7": {
    "kci": 0.7300667456116074
  },
  "0;8|9": {
    "kci": 0.728548686617271
  },
  "0;9|1": {
    "kci": 0.3174050903808857
  },
  "0;9|2": {
    "kci": 0.16257512531852947
  },
  "0;9|3": {
    "kci": 0.2256528095904322
  },
  "0;9|4": {
    "kci": 0.08276456072211347
  },
  "0;9|5": {
    "kci": 0.00841456577699684
  },
  "0;9|6": {
    "kci": 0.2683296376197204
  },
  "0;9|7": {
    "kci": 0.20823765071996192
  },
  "0;9|8": {
    "kci": 0.25177043705697866
  },
  "1;2|0": {
    "kci": 0.12184967656006795
  },
  "1;2|3": {
    "kci": 0.3426688566932946
  },
  "1;2|4": {
    "kci": 0.12010843081948386
  },
  "1;2|5": {
    "kci": 0.19404747670111389
  },
  "1;2|6": {
    "kci": 0.12828341283388778
  },
  "1;2|7": {
    "kci": 0.2592332366210929
  },
  "1;2|8": {
    "kci": 0.14436403515055596
  },
  "1;2|9": {
    "kci": 0.14556294899997635
  },
  "1;3|0": {
    "kci": 0.014812692060274468
  },
  "1;3|2": {
    "kci": 0.0354953916525208
  },
  "1;3|4": {
    "kci": 0.03479775464473622
  },
  "1;3|5": {
    "kci": 0.08558956970573839
  },
  "1;3|6": {
    "kci": 0.0612137281214834
  },
  "1;3|7": {
    "kci": 0.02880957295321529
  },
  "1;3|8": {
    "kci": 0.23419521049415737
  },
  "1;3|9": {
    "kci": 0.012050002025373874
  },
  "1;4|0": {
    "kci": 2.1094237467877974e-15
  },
  "1;4|2": {
    "kci": 4.39648317751562e-14
  },
  "1;4|3": {
    "kci": 9.803269307440132e-13
  },
  "1;4|5": {
    "kci": 2.985083311801695e-05
  },
  "1;4|6": {
    "kci": 1.8984813721090177e-14
  },
  "1;4|7": {
    "kci": 7.549516567451064e-15
  },
  "1;4|8": {
    "kci": 4.030202682692163e-08
  },
  "1;4|9": {
    "kci": 2.708944180085382e-14
  },
  "1;5|0": {
    "kci": 0.0
  },
  "1;5|2": {
    "kci": 0.0
  },
  "1;5|3": {
    "kci": 0.0
  },
  "1;5|4": {
    "kci": 0.0
  },
  "1;5|6": {
    "kci": 0.0
  },
  "1;5|7": {
    "kci": 0.0
  },
  "1;5|8": {
    "kci": 5.070344144542105e-11
  },
  "1;5|9": {
    "kci": 0.0
  },
  "1;6|0": {
    "kci": 0.4096657046040608
  },
  "1;6|2": {
    "kci": 0.39346551911581895
  },
  "1;6|3": {
    "kci": 0.21475935924508693
  },
  "1;6|4": {
    "kci": 0.303498486741564
  },
  "1;6|5": {
    "kci": 0.519465261870768
  },
  "1;6|7": {
    "kci": 0.3414859743068297
  },
  "1;6|8": {
    "kci": 0.07381648058514367
  },
  "1;6|9": {
    "kci": 0.35592242580956057
  },
  "1;7|0": {
    "kci": 0.05742690534219641
  },
  "1;7|2": {
    "kci": 0.08188777323650565
  },
  "1;7|3": {
    "kci": 0.04198483829568833
  },
  "1;7|4": {
    "kci": 0.08424210611617955
  },
  "1;7|5": {
    "kci": 0.09902811596372907
  },
  "1;7|6": {
    "kci": 0.03263526529100613
  },
  "1;7|8": {
    "kci": 0.14316816675104282
  },
  "1;7|9": {
    "kci": 0.04990705114190608
  },
  "1;8|0": {
    "kci": 1.1102230246251565e-16
  },
  "1;8|2": {
    "kci": 6.661338147750939e-16
  },
  "1;8|3": {
    "kci": 6.661338147750939e-16
  },
  "1;8|4": {
    "kci": 0.0
  },
  "1;8|5": {
    "kci": 3.391612202197081e-08
  },
  "1;8|6": {
    "kci": 7.771561172376096e-16
  },
  "1;8|7": {
    "kci": 6.661338147750939e-16
  },
  "1;8|9": {
    "kci": 9.992007221626409e-16
  },