{
  "data_hash": "537615b836fa5b6b0527934a2ca0e3e6",
  "0;1": {
    "d_separation": 0.0
  },
  "0;2": {
    "d_separation": 0.0
  },
  "0;3": {
    "d_separation": 0.0
  },
  "0;4": {
    "d_separation": 0.0
  },
  "0;5": {
    "d_separation": 0.0
  },
  "0;6": {
    "d_separation": 0.0
  },
  "0;7": {
    "d_separation": 0.0
  },
  "0;8": {
    "d_separation": 0.0
  },
  "0;9": {
    "d_separation": 0.0
  },
  "1;2": {
    "d_separation": 0.0
  },
  "1;3": {
    "d_separation": 0.0
  },
  "1;4": {
    "d_separation": 0.0
  },
  "1;5": {
    "d_separation": 0.0
  },
  "1;6": {
    "d_separation": 0.0
  },
  "1;7": {
    "d_separation": 0.0
  },
  "1;8": {
    "d_separation": 0.0
  },
  "1;9": {
    "d_separation": 0.0
  },
  "2;3": {
    "d_separation": 0.0
  },
  "2;4": {
    "d_separation": 0.0
  },
  "2;5": {
    "d_separation": 0.0
  },
  "2;6": {
    "d_separation": 0.0
  },
  "2;7": {
    "d_separation": 0.0
  },
  "2;8": {
    "d_separation": 0.0
  },
  "2;9": {
    "d_separation": 0.0
  },
  "3;4": {
    "d_separation": 0.0
  },
  "3;5": {
    "d_separation": 0.0
  },
  "3;6": {
    "d_separation": 0.0
  },
  "3;7": {
    "d_separation": 0.0
  },
  "3;8": {
    "d_separation": 0.0
  },
  "3;9": {
    "d_separation": 0.0
  },
  "4;5": {
    "d_separation": 0.0
  },
  "4;6": {
    "d_separation": 0.0
  },
  "4;7": {
    "d_separation": 0.0
  },
  "4;8": {
    "d_separation": 0.0
  },
  "4;9": {
    "d_separation": 0.0
  },
  "5;6": {
    "d_separation": 0.0
  },
  "5;7": {
    "d_separation": 0.0
  },
  "5;8": {
    "d_separation": 0.0
  },
  "5;9": {
    "d_separation": 0.0
  },
  "6;7": {
    "d_separation": 1.0
  },
  "6;8": {
    "d_separation": 1.0
  },
  "6;9": {
    "d_separation": 0.0
  },
  "7;8": {
    "d_separation": 1.0
  },
  "7;9": {
    "d_separation": 0.0
  },
  "8;9": {
    "d_separation": 0.0
  },
  "0;1|2": {
    "fisherz": 0.04707069302758016
  },
  "0;1|3": {
    "fisherz": 0.052326148133962525
  },
  "0;1|4": {
    "fisherz": 0.04853420151449073
  },
  "0;1|5": {
    "fisherz": 0.04555557963443624
  },
  "0;1|6": {
    "fisherz": 0.08712758286601319
  },
  "0;1|7": {
    "fisherz": 0.05948851029755797
  },
  "0;1|8": {
    "fisherz": 0.06259700077240349
  },
  "0;1|9": {
    "fisherz": 0.04803349217034292
  },
  "0;2|1": {
    "fisherz": 0.8163040169335303
  },
  "0;2|3": {
    "fisherz": 0.9390019349547087
  },
  "0;2|4": {
    "fisherz": 0.8714092496079544
  },
  "0;2|5": {
    "fisherz": 0.9569297218013444
  },
  "0;2|6": {
    "fisherz": 0.7877634802918791
  },
  "0;2|7": {
    "fisherz": 0.9260237891293639
  },
  "0;2|8": {
    "fisherz": 0.6434539303417148
  },
  "0;2|9": {
    "fisherz": 0.8911897482107287
  },
  "0;3|1": {
    "fisherz": 0.0645728959370595
  },
  "0;3|2": {
    "fisherz": 0.05972861185787237
  },
  "0;3|4": {
    "fisherz": 0.06252753152016988
  },
  "0;3|5": {
    "fisherz": 0.06175932670726647
  },
  "0;3|6": {
    "fisherz": 0.09703754838891832
  },
  "0;3|7": {
    "fisherz": 0.06551592562233055
  },
  "0;3|8": {
    "fisherz": 0.05653041103261369
  },
  "0;3|9": {
    "fisherz": 0.05928943021097033
  },
  "0;4|1": {
    "fisherz": 0.5179741412132906
  },
  "0;4|2": {
    "fisherz": 0.5064907959667471
  },
  "0;4|3": {
    "fisherz": 0.556678692109984
  },
  "0;4|5": {
    "fisherz": 0.5171311690742142
  },
  "0;4|6": {
    "fisherz": 0.4880083382386413
  },
  "0;4|7": {
    "fisherz": 0.5089794695652359
  },
  "0;4|8": {
    "fisherz": 0.5079470427957682
  },
  "0;4|9": {
    "fisherz": 0.5106373148705505
  },
  "0;5|1": {
    "fisherz": 0.24403436283657642
  },
  "0;5|2": {
    "fisherz": 0.26333600935772505
  },
  "0;5|3": {
    "fisherz": 0.2735442672832402
  },
  "0;5|4": {
    "fisherz": 0.2630301086592053
  },
  "0;5|6": {
    "fisherz": 0.2578640468439515
  },
  "0;5|7": {
    "fisherz": 0.25011675983910253
  },
  "0;5|8": {
    "fisherz": 0.23040988558934883
  },
  "0;5|9": {
    "fisherz": 0.2602724415212698
  },
  "0;6|1": {
    "fisherz": 0.22526745622155064
  },
  "0;6|2": {
    "fisherz": 0.11364508160676867
  },
  "0;6|3": {
    "fisherz": 0.19949925314797
  },
  "0;6|4": {
    "fisherz": 0.11413155868204972
  },
  "0;6|5": {
    "fisherz": 0.11662641316991995
  },
  "0;6|7": {
    "fisherz": 0.12743640144217117
  },
  "0;6|8": {
    "fisherz": 0.0810257360831168
  },
  "0;6|9": {
    "fisherz": 0.11751621557564862
  },
  "0;7|1": {
    "fisherz": 0.8931210953391988
  },
  "0;7|2": {
    "fisherz": 0.5476081676048343
  },
  "0;7|3": {
    "fisherz": 0.6493592886927673
  },
  "0;7|4": {
    "fisherz": 0.5407964049315068
  },
  "0;7|5": {
    "fisherz": 0.5133065147449092
  },
  "0;7|6": {
    "fisherz": 0.6193254178277865
  },
  "0;7|8": {
    "fisherz": 0.45798220442128645
  },
  "0;7|9": {
    "fisherz": 0.5398507784192175
  },
  "0;8|1": {
    "fisherz": 0.12804928019797668
  },
  "0;8|2": {
    "fisherz": 0.08578401188823181
  },
  "0;8|3": {
    "fisherz": 0.0923039340557259
  },
  "0;8|4": {
    "fisherz": 0.09665988216218069
  },
  "0;8|5": {
    "fisherz": 0.08710329815894391
  },
  "0;8|6": {
    "fisherz": 0.06716312387651335
  },
  "0;8|7": {
    "fisherz": 0.08667111550878737
  },
  "0;8|9": {
    "fisherz": 0.09691696750960221
  },
  "0;9|1": {
    "fisherz": 0.9600688289377806
  },
  "0;9|2": {
    "fisherz": 0.973788968907394
  },
  "0;9|3": {
    "fisherz": 0.9841482853105055
  },
  "0;9|4": {
    "fisherz": 0.9960959128995466
  },
  "0;9|5": {
    "fisherz": 0.96992549158696
  },
  "0;9|6": {
    "fisherz": 0.9610189310343038
  },
  "0;9|7": {
    "fisherz": 0.9426531969173748
  },
  "0;9|8": {
    "fisherz": 0.9709744777773963
  },
  "1;2|0": {
    "fisherz": 0.4863999999017925
  },
  "1;2|3": {
    "fisherz": 0.4714349090046097
  },
  "1;2|4": {
    "fisherz": 0.505773287716585
  },
  "1;2|5": {
    "fisherz": 0.5109090506180269
  },
  "1;2|6": {
    "fisherz": 0.6524567118908124
  },
  "1;2|7": {
    "fisherz": 0.34455854614388226
  },
  "1;2|8": {
    "fisherz": 0.6400844661807579
  },
  "1;2|9": {
    "fisherz": 0.4995426585221614
  },
  "1;3|0": {
    "fisherz": 0.8884151005900633
  },
  "1;3|2": {
    "fisherz": 0.6313548326448795
  },
  "1;3|4": {
    "fisherz": 0.6922905520147171
  },
  "1;3|5": {
    "fisherz": 0.6853886262096953
  },
  "1;3|6": {
    "fisherz": 0.9602262095215242
  },
  "1;3|7": {
    "fisherz": 0.9110746576730144
  },
  "1;3|8": {
    "fisherz": 0.6841322343355523
  },
  "1;3|9": {
    "fisherz": 0.6856574255390409
  },
  "1;4|0": {
    "fisherz": 0.9688431225979182
  },
  "1;4|2": {
    "fisherz": 0.9164381222067646
  },
  "1;4|3": {
    "fisherz": 0.9086390293826503
  },
  "1;4|5": {
    "fisherz": 0.8940506738137339
  },
  "1;4|6": {
    "fisherz": 0.8507480247130017
  },
  "1;4|7": {
    "fisherz": 0.8864087935412113
  },
  "1;4|8": {
    "fisherz": 0.8960662161236206
  },
  "1;4|9": {
    "fisherz": 0.8896667430957248
  },
  "1;5|0": {
    "fisherz": 0.7194363726521673
  },
  "1;5|2": {
    "fisherz": 0.8819231441218223
  },
  "1;5|3": {
    "fisherz": 0.8370185450093566
  },
  "1;5|4": {
    "fisherz": 0.8426978949346131
  },
  "1;5|6": {
    "fisherz": 0.8393437883020427
  },
  "1;5|7": {
    "fisherz": 0.9422749592049813
  },
  "1;5|8": {
    "fisherz": 0.8772856225804091
  },
  "1;5|9": {
    "fisherz": 0.8429170444257674
  },
  "1;6|0": {
    "fisherz": 0.009670489480035016
  },
  "1;6|2": {
    "fisherz": 0.006406877923009091
  },
  "1;6|3": {
    "fisherz": 0.006097811489505389
  },
  "1;6|4": {
    "fisherz": 0.005522724898790576
  },
  "1;6|5": {
    "fisherz": 0.005572382135741849
  },
  "1;6|7": {
    "fisherz": 0.00951381005902241
  },
  "1;6|8": {
    "fisherz": 0.003673590824654127
  },
  "1;6|9": {
    "fisherz": 0.005607302906165179
  },
  "1;7|0": {
    "fisherz": 0.0005779718214391494
  },
  "1;7|2": {
    "fisherz": 0.000373682615994575
  },
  "1;7|3": {
    "fisherz": 0.0005165472981825125
  },
  "1;7|4": {
    "fisherz": 0.0004754852671722265
  },
  "1;7|5": {
    "fisherz": 0.00048515716790409336
  },