{
  "data_hash": "5387b0256ca297331613223962a87132",
  "0;1": {
    "d_separation": 0.0
  },
  "0;2": {
    "d_separation": 0.0
  },
  "0;3": {
    "d_separation": 0.0
  },
  "0;4": {
    "d_separation": 0.0
  },
  "0;5": {
    "d_separation": 0.0
  },
  "0;6": {
    "d_separation": 0.0
  },
  "0;7": {
    "d_separation": 0.0
  },
  "0;8": {
    "d_separation": 0.0
  },
  "0;9": {
    "d_separation": 0.0
  },
  "1;2": {
    "d_separation": 0.0
  },
  "1;3": {
    "d_separation": 0.0
  },
  "1;4": {
    "d_separation": 0.0
  },
  "1;5": {
    "d_separation": 0.0
  },
  "1;6": {
    "d_separation": 0.0
  },
  "1;7": {
    "d_separation": 0.0
  },
  "1;8": {
    "d_separation": 0.0
  },
  "1;9": {
    "d_separation": 0.0
  },
  "2;3": {
    "d_separation": 0.0
  },
  "2;4": {
    "d_separation": 0.0
  },
  "2;5": {
    "d_separation": 0.0
  },
  "2;6": {
    "d_separation": 0.0
  },
  "2;7": {
    "d_separation": 0.0
  },
  "2;8": {
    "d_separation": 0.0
  },
  "2;9": {
    "d_separation": 0.0
  },
  "3;4": {
    "d_separation": 0.0
  },
  "3;5": {
    "d_separation": 0.0
  },
  "3;6": {
    "d_separation": 0.0
  },
  "3;7": {
    "d_separation": 0.0
  },
  "3;8": {
    "d_separation": 0.0
  },
  "3;9": {
    "d_separation": 0.0
  },
  "4;5": {
    "d_separation": 0.0
  },
  "4;6": {
    "d_separation": 0.0
  },
  "4;7": {
    "d_separation": 0.0
  },
  "4;8": {
    "d_separation": 1.0
  },
  "4;9": {
    "d_separation": 0.0
  },
  "5;6": {
    "d_separation": 0.0
  },
  "5;7": {
    "d_separation": 0.0
  },
  "5;8": {
    "d_separation": 1.0
  },
  "5;9": {
    "d_separation": 0.0
  },
  "6;7": {
    "d_separation": 0.0
  },
  "6;8": {
    "d_separation": 0.0
  },
  "6;9": {
    "d_separation": 0.0
  },
  "7;8": {
    "d_separation": 0.0
  },
  "7;9": {
    "d_separation": 0.0
  },
  "8;9": {
    "d_separation": 0.0
  },
  "0;1|2": {
    "kci": 0.5991315073896991
  },
  "0;1|3": {
    "kci": 0.6305611102444943
  },
  "0;1|4": {
    "kci": 0.6055833191684802
  },
  "0;1|5": {
    "kci": 0.5592481670622669
  },
  "0;1|6": {
    "kci": 0.6623385902483889
  },
  "0;1|7": {
    "kci": 0.6513359920110675
  },
  "0;1|8": {
    "kci": 0.5599769133364076
  },
  "0;1|9": {
    "kci": 0.6403321753425748
  },
  "0;2|1": {
    "kci": 0.3997965382932862
  },
  "0;2|3": {
    "kci": 0.2824738222731229
  },
  "0;2|4": {
    "kci": 0.2955976326394276
  },
  "0;2|5": {
    "kci": 0.27792150944182437
  },
  "0;2|6": {
    "kci": 0.24781829316317894
  },
  "0;2|7": {
    "kci": 0.3248686656370098
  },
  "0;2|8": {
    "kci": 0.24755366451617633
  },
  "0;2|9": {
    "kci": 0.24343363697529874
  },
  "0;3|1": {
    "kci": 0.5632869939901917
  },
  "0;3|2": {
    "kci": 0.6831181706695851
  },
  "0;3|4": {
    "kci": 0.6388276726298221
  },
  "0;3|5": {
    "kci": 0.6087684760842439
  },
  "0;3|6": {
    "kci": 0.7144941940944629
  },
  "0;3|7": {
    "kci": 0.6669139772411927
  },
  "0;3|8": {
    "kci": 0.6919512763927265
  },
  "0;3|9": {
    "kci": 0.802698516230845
  },
  "0;4|1": {
    "kci": 0.12087333229754949
  },
  "0;4|2": {
    "kci": 0.32827244905749964
  },
  "0;4|3": {
    "kci": 0.1199146277023625
  },
  "0;4|5": {
    "kci": 0.37343631294486224
  },
  "0;4|6": {
    "kci": 0.1577975990918251
  },
  "0;4|7": {
    "kci": 0.22269228510516614
  },
  "0;4|8": {
    "kci": 0.29682787401004374
  },
  "0;4|9": {
    "kci": 0.19791070946599598
  },
  "0;5|1": {
    "kci": 0.04673247067346975
  },
  "0;5|2": {
    "kci": 0.12113170657162475
  },
  "0;5|3": {
    "kci": 0.12298086000792996
  },
  "0;5|4": {
    "kci": 0.34103706886974083
  },
  "0;5|6": {
    "kci": 0.01998504596007611
  },
  "0;5|7": {
    "kci": 0.06526592062300329
  },
  "0;5|8": {
    "kci": 0.034211803633740545
  },
  "0;5|9": {
    "kci": 0.08529183566321064
  },
  "0;6|1": {
    "kci": 0.5639925433862791
  },
  "0;6|2": {
    "kci": 0.44494884723936723
  },
  "0;6|3": {
    "kci": 0.3932661924247961
  },
  "0;6|4": {
    "kci": 0.20882626543748173
  },
  "0;6|5": {
    "kci": 0.18382029493464835
  },
  "0;6|7": {
    "kci": 0.478349853179452
  },
  "0;6|8": {
    "kci": 0.5425765314609183
  },
  "0;6|9": {
    "kci": 0.4297480786962925
  },
  "0;7|1": {
    "kci": 0.6978126067390673
  },
  "0;7|2": {
    "kci": 0.7262421214811032
  },
  "0;7|3": {
    "kci": 0.6710927844418006
  },
  "0;7|4": {
    "kci": 0.7104461264521253
  },
  "0;7|5": {
    "kci": 0.5521569342930724
  },
  "0;7|6": {
    "kci": 0.6550363810721852
  },
  "0;7|8": {
    "kci": 0.4531628646385487
  },
  "0;7|9": {
    "kci": 0.45305187461167107
  },
  "0;8|1": {
    "kci": 0.11285766412142184
  },
  "0;8|2": {
    "kci": 0.07107788542773019
  },
  "0;8|3": {
    "kci": 0.12122018866509954
  },
  "0;8|4": {
    "kci": 0.057498948263313254
  },
  "0;8|5": {
    "kci": 0.07164056339746971
  },
  "0;8|6": {
    "kci": 0.14470817414690218
  },
  "0;8|7": {
    "kci": 0.10382773181352833
  },
  "0;8|9": {
    "kci": 0.13657906985348434
  },
  "0;9|1": {
    "kci": 0.3815107182279984
  },
  "0;9|2": {
    "kci": 0.4052082709686474
  },
  "0;9|3": {
    "kci": 0.40341978859674343
  },
  "0;9|4": {
    "kci": 0.34031194270146536
  },
  "0;9|5": {
    "kci": 0.3302252097019238
  },
  "0;9|6": {
    "kci": 0.36604441305150304
  },
  "0;9|7": {
    "kci": 0.340261900915938
  },
  "0;9|8": {
    "kci": 0.2712767389589008
  },
  "1;2|0": {
    "kci": 0.7992622098151869
  },
  "1;2|3": {
    "kci": 0.7769255370102087
  },
  "1;2|4": {
    "kci": 0.789561146771254
  },
  "1;2|5": {
    "kci": 0.5627769490906789
  },
  "1;2|6": {
    "kci": 0.8148523911306105
  },
  "1;2|7": {
    "kci": 0.5414437729253448
  },
  "1;2|8": {
    "kci": 0.6347710783226548
  },
  "1;2|9": {
    "kci": 0.8798581414771712
  },
  "1;3|0": {
    "kci": 0.33162790863306935
  },
  "1;3|2": {
    "kci": 0.32439505624829645
  },
  "1;3|4": {
    "kci": 0.26037934056563383
  },
  "1;3|5": {
    "kci": 0.29032722483164464
  },
  "1;3|6": {
    "kci": 0.33558489983617334
  },
  "1;3|7": {
    "kci": 0.32833120255057113
  },
  "1;3|8": {
    "kci": 0.3409263517385849
  },
  "1;3|9": {
    "kci": 0.3474248961451093
  },
  "1;4|0": {
    "kci": 0.5038890532898272
  },
  "1;4|2": {
    "kci": 0.5682603384232234
  },
  "1;4|3": {
    "kci": 0.624568578701926
  },
  "1;4|5": {
    "kci": 0.533678353542939
  },
  "1;4|6": {
    "kci": 0.6133495327671881
  },
  "1;4|7": {
    "kci": 0.5154567399565442
  },
  "1;4|8": {
    "kci": 0.45432655912875564
  },
  "1;4|9": {
    "kci": 0.5024761954998199
  },
  "1;5|0": {
    "kci": 0.3506987498069445
  },
  "1;5|2": {
    "kci": 0.36336481680649824
  },
  "1;5|3": {
    "kci": 0.20396881926037236
  },
  "1;5|4": {
    "kci": 0.23899941953616333
  },
  "1;5|6": {
    "kci": 0.6872800391361187
  },
  "1;5|7": {
    "kci": 0.5062713169635322
  },
  "1;5|8": {
    "kci": 0.50505775377402
  },
  "1;5|9": {
    "kci": 0.38943223874934474
  },
  "1;6|0": {
    "kci": 0.27742990372796106
  },
  "1;6|2": {
    "kci": 0.24369909047619875
  },
  "1;6|3": {
    "kci": 0.26362234745425817
  },
  "1;6|4": {
    "kci": 0.26803980751829726
  },
  "1;6|5": {
    "kci": 0.37436873278610294
  },
  "1;6|7": {
    "kci": 0.16581329888281393
  },
  "1;6|8": {
    "kci": 0.2652644361676565
  },
  "1;6|9": {
    "kci": 0.2623252365660145
  },
  "1;7|0": {
    "kci": 0.41014945170610007
  },
  "1;7|2": {
    "kci": 0.36996308401543454
  },
  "1;7|3": {
    "kci": 0.358219623691605
  },
  "1;7|4": {
    "kci": 0.3034637290723259
  },
  "1;7|5": {
    "kci": 0.3064202267064967
  },
  "1;7|6": {
    "kci": 0.3904491257186937
  },
  "1;7|8": {
    "kci": 0.40129922541523777
  },
  "1;7|9": {
    "kci": 0.34671973666402234
  },
  "1;8|0": {
    "kci": 0.7211399760306153
  },
  "1;8|2": {
    "kci": 0.40711044405738317
  },
  "1;8|3": {
    "kci": 0.8294608399832458
  },
  "1;8|4": {
    "kci": 0.707576357193245
  },
  "1;8|5": {
    "kci": 0.6491817660692536
  },
  "1;8|6": {
    "kci": 0.7639282234001944
  },
  "1;8|7": {
    "kci": 0.5865814707586878
  },