{
  "data_hash": "555c7e338afac778d1361111d8922890",
  "0;1": {
    "d_separation": 0.0
  },
  "0;2": {
    "d_separation": 0.0
  },
  "0;3": {
    "d_separation": 0.0
  },
  "0;4": {
    "d_separation": 0.0
  },
  "0;5": {
    "d_separation": 0.0
  },
  "0;6": {
    "d_separation": 0.0
  },
  "0;7": {
    "d_separation": 0.0
  },
  "0;8": {
    "d_separation": 0.0
  },
  "0;9": {
    "d_separation": 0.0
  },
  "1;2": {
    "d_separation": 0.0
  },
  "1;3": {
    "d_separation": 0.0
  },
  "1;4": {
    "d_separation": 0.0
  },
  "1;5": {
    "d_separation": 0.0
  },
  "1;6": {
    "d_separation": 0.0
  },
  "1;7": {
    "d_separation": 0.0
  },
  "1;8": {
    "d_separation": 0.0
  },
  "1;9": {
    "d_separation": 0.0
  },
  "2;3": {
    "d_separation": 0.0
  },
  "2;4": {
    "d_separation": 0.0
  },
  "2;5": {
    "d_separation": 0.0
  },
  "2;6": {
    "d_separation": 0.0
  },
  "2;7": {
    "d_separation": 0.0
  },
  "2;8": {
    "d_separation": 0.0
  },
  "2;9": {
    "d_separation": 0.0
  },
  "3;4": {
    "d_separation": 0.0
  },
  "3;5": {
    "d_separation": 0.0
  },
  "3;6": {
    "d_separation": 0.0
  },
  "3;7": {
    "d_separation": 0.0
  },
  "3;8": {
    "d_separation": 0.0
  },
  "3;9": {
    "d_separation": 0.0
  },
  "4;5": {
    "d_separation": 0.0
  },
  "4;6": {
    "d_separation": 0.0
  },
  "4;7": {
    "d_separation": 0.0
  },
  "4;8": {
    "d_separation": 0.0
  },
  "4;9": {
    "d_separation": 0.0
  },
  "5;6": {
    "d_separation": 0.0
  },
  "5;7": {
    "d_separation": 0.0
  },
  "5;8": {
    "d_separation": 0.0
  },
  "5;9": {
    "d_separation": 0.0
  },
  "6;7": {
    "d_separation": 0.0
  },
  "6;8": {
    "d_separation": 0.0
  },
  "6;9": {
    "d_separation": 0.0
  },
  "7;8": {
    "d_separation": 0.0
  },
  "7;9": {
    "d_separation": 0.0
  },
  "8;9": {
    "d_separation": 0.0
  },
  "0;1|2": {
    "kci": 0.46054229486177567
  },
  "0;1|3": {
    "kci": 0.30974735045513335
  },
  "0;1|4": {
    "kci": 0.49720602408640024
  },
  "0;1|5": {
    "kci": 0.4896718127096471
  },
  "0;1|6": {
    "kci": 0.39107779556170086
  },
  "0;1|7": {
    "kci": 0.4650341396051595
  },
  "0;1|8": {
    "kci": 0.5302117586364692
  },
  "0;1|9": {
    "kci": 0.4514627159652972
  },
  "0;2|1": {
    "kci": 0.2877570443846532
  },
  "0;2|3": {
    "kci": 0.3074368868131915
  },
  "0;2|4": {
    "kci": 0.2974892561329664
  },
  "0;2|5": {
    "kci": 0.3646252576073574
  },
  "0;2|6": {
    "kci": 0.24249274159441192
  },
  "0;2|7": {
    "kci": 0.28078196292720736
  },
  "0;2|8": {
    "kci": 0.2863664622996548
  },
  "0;2|9": {
    "kci": 0.28493647042665793
  },
  "0;3|1": {
    "kci": 0.6615554075090786
  },
  "0;3|2": {
    "kci": 0.6815919031588067
  },
  "0;3|4": {
    "kci": 0.14066674675034407
  },
  "0;3|5": {
    "kci": 0.43382436104194066
  },
  "0;3|6": {
    "kci": 0.4187452102983511
  },
  "0;3|7": {
    "kci": 0.4033630884667525
  },
  "0;3|8": {
    "kci": 0.7399725932083364
  },
  "0;3|9": {
    "kci": 0.35400543247818383
  },
  "0;4|1": {
    "kci": 0.24149144262272348
  },
  "0;4|2": {
    "kci": 0.22872375581855586
  },
  "0;4|3": {
    "kci": 0.1261207882006179
  },
  "0;4|5": {
    "kci": 0.10124648897871269
  },
  "0;4|6": {
    "kci": 0.14407396411560347
  },
  "0;4|7": {
    "kci": 0.17776431722101715
  },
  "0;4|8": {
    "kci": 0.23266863428922047
  },
  "0;4|9": {
    "kci": 0.24083806169331734
  },
  "0;5|1": {
    "kci": 0.6203554340116015
  },
  "0;5|2": {
    "kci": 0.6226858492100755
  },
  "0;5|3": {
    "kci": 0.5405207957116478
  },
  "0;5|4": {
    "kci": 0.6302969264133493
  },
  "0;5|6": {
    "kci": 0.5698596152295803
  },
  "0;5|7": {
    "kci": 0.5862433063389112
  },
  "0;5|8": {
    "kci": 0.6002228566030443
  },
  "0;5|9": {
    "kci": 0.584622180213646
  },
  "0;6|1": {
    "kci": 0.619106317564599
  },
  "0;6|2": {
    "kci": 0.7113853450150316
  },
  "0;6|3": {
    "kci": 0.18144764820825443
  },
  "0;6|4": {
    "kci": 0.14108472580848608
  },
  "0;6|5": {
    "kci": 0.35680283218683784
  },
  "0;6|7": {
    "kci": 0.6002216841886105
  },
  "0;6|8": {
    "kci": 0.5288079565871966
  },
  "0;6|9": {
    "kci": 0.5294665133704228
  },
  "0;7|1": {
    "kci": 0.7604340895344843
  },
  "0;7|2": {
    "kci": 0.7857980638741373
  },
  "0;7|3": {
    "kci": 0.4117935666249031
  },
  "0;7|4": {
    "kci": 0.5625759308375715
  },
  "0;7|5": {
    "kci": 0.7297741909702165
  },
  "0;7|6": {
    "kci": 0.6369065837108936
  },
  "0;7|8": {
    "kci": 0.7834469701781752
  },
  "0;7|9": {
    "kci": 0.5542425042401464
  },
  "0;8|1": {
    "kci": 0.4027169660413198
  },
  "0;8|2": {
    "kci": 0.40634415809283
  },
  "0;8|3": {
    "kci": 0.40044234820423574
  },
  "0;8|4": {
    "kci": 0.3761216133908193
  },
  "0;8|5": {
    "kci": 0.3933525827149893
  },
  "0;8|6": {
    "kci": 0.4020408246197782
  },
  "0;8|7": {
    "kci": 0.39255318235791914
  },
  "0;8|9": {
    "kci": 0.39489954283775053
  },
  "0;9|1": {
    "kci": 0.8074743860304716
  },
  "0;9|2": {
    "kci": 0.8060283859251842
  },
  "0;9|3": {
    "kci": 0.7479432742294427
  },
  "0;9|4": {
    "kci": 0.3483864139084776
  },
  "0;9|5": {
    "kci": 0.8499080710150151
  },
  "0;9|6": {
    "kci": 0.7099829198003259
  },
  "0;9|7": {
    "kci": 0.7697604831824587
  },
  "0;9|8": {
    "kci": 0.8042354034994149
  },
  "1;2|0": {
    "kci": 0.532154568452867
  },
  "1;2|3": {
    "kci": 0.43492588397643694
  },
  "1;2|4": {
    "kci": 0.3399938552703943
  },
  "1;2|5": {
    "kci": 0.22461923746697965
  },
  "1;2|6": {
    "kci": 0.1635886835980499
  },
  "1;2|7": {
    "kci": 0.4696979701760512
  },
  "1;2|8": {
    "kci": 0.3348253954261854
  },
  "1;2|9": {
    "kci": 0.3299503919614024
  },
  "1;3|0": {
    "kci": 0.6906461956968413
  },
  "1;3|2": {
    "kci": 0.7487760885782269
  },
  "1;3|4": {
    "kci": 0.6173125947457101
  },
  "1;3|5": {
    "kci": 0.7286221877695813
  },
  "1;3|6": {
    "kci": 0.6111669155887367
  },
  "1;3|7": {
    "kci": 0.6442061995570412
  },
  "1;3|8": {
    "kci": 0.7534036796968147
  },
  "1;3|9": {
    "kci": 0.7132136397260267
  },
  "1;4|0": {
    "kci": 0.2385591098945946
  },
  "1;4|2": {
    "kci": 0.2821996083811076
  },
  "1;4|3": {
    "kci": 0.3397785151661381
  },
  "1;4|5": {
    "kci": 0.2799335378395338
  },
  "1;4|6": {
    "kci": 0.2942100294891685
  },
  "1;4|7": {
    "kci": 0.47621524244080715
  },
  "1;4|8": {
    "kci": 0.23103885232460486
  },
  "1;4|9": {
    "kci": 0.10407619508576038
  },
  "1;5|0": {
    "kci": 0.3574109085371997
  },
  "1;5|2": {
    "kci": 0.33845941457968354
  },
  "1;5|3": {
    "kci": 0.30380571760173813
  },
  "1;5|4": {
    "kci": 0.33320395914968537
  },
  "1;5|6": {
    "kci": 0.3444744189276501
  },
  "1;5|7": {
    "kci": 0.28248094957158365
  },
  "1;5|8": {
    "kci": 0.3498057147759519
  },
  "1;5|9": {
    "kci": 0.28879219761228714
  },
  "1;6|0": {
    "kci": 0.23653975560597218
  },
  "1;6|2": {
    "kci": 0.2383093149279305
  },
  "1;6|3": {
    "kci": 0.21758560038901442
  },
  "1;6|4": {
    "kci": 0.229365796525401
  },
  "1;6|5": {
    "kci": 0.4473492738730833
  },
  "1;6|7": {
    "kci": 0.2742058943614669
  },
  "1;6|8": {
    "kci": 0.2997073720741139
  },
  "1;6|9": {
    "kci": 0.20782206625264898
  },
  "1;7|0": {
    "kci": 0.8882382750382704
  },
  "1;7|2": {
    "kci": 0.8536948031208969
  },
  "1;7|3": {
    "kci": 0.7217734611414608
  },
  "1;7|4": {
    "kci": 0.8635629623597689
  },
  "1;7|5": {
    "kci": 0.8640774648502949
  },
  "1;7|6": {
    "kci": 0.9069505211728872
  },
  "1;7|8": {
    "kci": 0.9043270273694631
  },
  "1;7|9": {
    "kci": 0.8339125374454769
  },
  "1;8|0": {
    "kci": 0.494300602644964
  },
  "1;8|2": {
    "kci": 0.48432764605093326
  },
  "1;8|3": {
    "kci": 0.5247860435593342
  },
  "1;8|4": {
    "kci": 0.518845148470939
  },
  "1;8|5": {
    "kci": 0.5617061136243212
  },
  "1;8|6": {
    "kci": 0.5509368361895267
  },
  "1;8|7": {
    "kci": 0.5148452816066462
  },