{
  "data_hash": "56250e12e28d781ea9120e21a65e6ec2",
  "0;1": {
    "d_separation": 0.0
  },
  "0;2": {
    "d_separation": 0.0
  },
  "0;3": {
    "d_separation": 0.0
  },
  "0;4": {
    "d_separation": 0.0
  },
  "0;5": {
    "d_separation": 0.0
  },
  "0;6": {
    "d_separation": 0.0
  },
  "0;7": {
    "d_separation": 0.0
  },
  "0;8": {
    "d_separation": 0.0
  },
  "0;9": {
    "d_separation": 0.0
  },
  "1;2": {
    "d_separation": 0.0
  },
  "1;3": {
    "d_separation": 0.0
  },
  "1;4": {
    "d_separation": 0.0
  },
  "1;5": {
    "d_separation": 0.0
  },
  "1;6": {
    "d_separation": 0.0
  },
  "1;7": {
    "d_separation": 0.0
  },
  "1;8": {
    "d_separation": 0.0
  },
  "1;9": {
    "d_separation": 0.0
  },
  "2;3": {
    "d_separation": 0.0
  },
  "2;4": {
    "d_separation": 0.0
  },
  "2;5": {
    "d_separation": 0.0
  },
  "2;6": {
    "d_separation": 0.0
  },
  "2;7": {
    "d_separation": 0.0
  },
  "2;8": {
    "d_separation": 0.0
  },
  "2;9": {
    "d_separation": 0.0
  },
  "3;4": {
    "d_separation": 0.0
  },
  "3;5": {
    "d_separation": 0.0
  },
  "3;6": {
    "d_separation": 0.0
  },
  "3;7": {
    "d_separation": 0.0
  },
  "3;8": {
    "d_separation": 0.0
  },
  "3;9": {
    "d_separation": 0.0
  },
  "4;5": {
    "d_separation": 0.0
  },
  "4;6": {
    "d_separation": 0.0
  },
  "4;7": {
    "d_separation": 0.0
  },
  "4;8": {
    "d_separation": 0.0
  },
  "4;9": {
    "d_separation": 0.0
  },
  "5;6": {
    "d_separation": 0.0
  },
  "5;7": {
    "d_separation": 0.0
  },
  "5;8": {
    "d_separation": 0.0
  },
  "5;9": {
    "d_separation": 0.0
  },
  "6;7": {
    "d_separation": 0.0
  },
  "6;8": {
    "d_separation": 0.0
  },
  "6;9": {
    "d_separation": 0.0
  },
  "7;8": {
    "d_separation": 0.0
  },
  "7;9": {
    "d_separation": 0.0
  },
  "8;9": {
    "d_separation": 0.0
  },
  "0;1|2": {
    "kci": 0.47434084030940493
  },
  "0;1|3": {
    "kci": 0.448161107638951
  },
  "0;1|4": {
    "kci": 0.621317718529387
  },
  "0;1|5": {
    "kci": 0.7051471386485155
  },
  "0;1|6": {
    "kci": 0.5204178796979368
  },
  "0;1|7": {
    "kci": 0.4840560567924703
  },
  "0;1|8": {
    "kci": 0.6413144035293423
  },
  "0;1|9": {
    "kci": 0.44540763534419026
  },
  "0;2|1": {
    "kci": 0.07578963002003825
  },
  "0;2|3": {
    "kci": 0.19191561087709308
  },
  "0;2|4": {
    "kci": 0.2378738118752921
  },
  "0;2|5": {
    "kci": 0.1557608684184364
  },
  "0;2|6": {
    "kci": 0.18525221021476068
  },
  "0;2|7": {
    "kci": 0.053072858982500026
  },
  "0;2|8": {
    "kci": 0.1935372595959819
  },
  "0;2|9": {
    "kci": 0.2519548555600539
  },
  "0;3|1": {
    "kci": 0.3260045160705669
  },
  "0;3|2": {
    "kci": 0.34385168407391054
  },
  "0;3|4": {
    "kci": 0.3731806156387171
  },
  "0;3|5": {
    "kci": 0.4922873197136144
  },
  "0;3|6": {
    "kci": 0.4013807419046511
  },
  "0;3|7": {
    "kci": 0.38811072104996047
  },
  "0;3|8": {
    "kci": 0.41510934945573374
  },
  "0;3|9": {
    "kci": 0.3370785981200384
  },
  "0;4|1": {
    "kci": 0.4335831356390256
  },
  "0;4|2": {
    "kci": 0.464418524694291
  },
  "0;4|3": {
    "kci": 0.49739506239007525
  },
  "0;4|5": {
    "kci": 0.38567843891598597
  },
  "0;4|6": {
    "kci": 0.48984270246634565
  },
  "0;4|7": {
    "kci": 0.550257645843016
  },
  "0;4|8": {
    "kci": 0.4718023729545576
  },
  "0;4|9": {
    "kci": 0.47299487112910776
  },
  "0;5|1": {
    "kci": 0.15009134229984766
  },
  "0;5|2": {
    "kci": 0.0507502268454284
  },
  "0;5|3": {
    "kci": 0.04828034178828944
  },
  "0;5|4": {
    "kci": 0.035625094391183776
  },
  "0;5|6": {
    "kci": 0.05787186395129118
  },
  "0;5|7": {
    "kci": 0.0410467211292902
  },
  "0;5|8": {
    "kci": 0.18487911630836362
  },
  "0;5|9": {
    "kci": 0.032974669474351015
  },
  "0;6|1": {
    "kci": 0.2999746509595138
  },
  "0;6|2": {
    "kci": 0.25722837901944384
  },
  "0;6|3": {
    "kci": 0.27539506631090593
  },
  "0;6|4": {
    "kci": 0.31671101159013193
  },
  "0;6|5": {
    "kci": 0.3169680152290353
  },
  "0;6|7": {
    "kci": 0.4046507911207946
  },
  "0;6|8": {
    "kci": 0.287636587787672
  },
  "0;6|9": {
    "kci": 0.33025061575892667
  },
  "0;7|1": {
    "kci": 0.06398207862836047
  },
  "0;7|2": {
    "kci": 0.07709480948311853
  },
  "0;7|3": {
    "kci": 0.11017998806376128
  },
  "0;7|4": {
    "kci": 0.23534019323135347
  },
  "0;7|5": {
    "kci": 0.021059496914693998
  },
  "0;7|6": {
    "kci": 0.12568814033852072
  },
  "0;7|8": {
    "kci": 0.03836109066240867
  },
  "0;7|9": {
    "kci": 0.0934297242691261
  },
  "0;8|1": {
    "kci": 0.3929589684186371
  },
  "0;8|2": {
    "kci": 0.37405683537078704
  },
  "0;8|3": {
    "kci": 0.4430603388677913
  },
  "0;8|4": {
    "kci": 0.21961446817006602
  },
  "0;8|5": {
    "kci": 0.3747966457684824
  },
  "0;8|6": {
    "kci": 0.39521077154721085
  },
  "0;8|7": {
    "kci": 0.28814394142330924
  },
  "0;8|9": {
    "kci": 0.348406289884567
  },
  "0;9|1": {
    "kci": 0.3829161587220694
  },
  "0;9|2": {
    "kci": 0.3783193460764912
  },
  "0;9|3": {
    "kci": 0.375684725329403
  },
  "0;9|4": {
    "kci": 0.373866983836296
  },
  "0;9|5": {
    "kci": 0.38576413784444175
  },
  "0;9|6": {
    "kci": 0.35522701030918147
  },
  "0;9|7": {
    "kci": 0.3812309098035591
  },
  "0;9|8": {
    "kci": 0.36782543605144724
  },
  "1;2|0": {
    "kci": 0.3778304935884228
  },
  "1;2|3": {
    "kci": 0.37802818026223417
  },
  "1;2|4": {
    "kci": 0.398753638004829
  },
  "1;2|5": {
    "kci": 0.2677277379389563
  },
  "1;2|6": {
    "kci": 0.3683696154172762
  },
  "1;2|7": {
    "kci": 0.3947329425998901
  },
  "1;2|8": {
    "kci": 0.3913311424179017
  },
  "1;2|9": {
    "kci": 0.45145644979878075
  },
  "1;3|0": {
    "kci": 0.15141894679180679
  },
  "1;3|2": {
    "kci": 0.13112536642218886
  },
  "1;3|4": {
    "kci": 0.10959288647273713
  },
  "1;3|5": {
    "kci": 0.12070272856621844
  },
  "1;3|6": {
    "kci": 0.1286445667492263
  },
  "1;3|7": {
    "kci": 0.1628091002698452
  },
  "1;3|8": {
    "kci": 0.12115336879996785
  },
  "1;3|9": {
    "kci": 0.14114943467776608
  },
  "1;4|0": {
    "kci": 0.3270364829299027
  },
  "1;4|2": {
    "kci": 0.37993227358532644
  },
  "1;4|3": {
    "kci": 0.37315186429372815
  },
  "1;4|5": {
    "kci": 0.34451975075663144
  },
  "1;4|6": {
    "kci": 0.3325836009900548
  },
  "1;4|7": {
    "kci": 0.413214858693697
  },
  "1;4|8": {
    "kci": 0.42059918922622086
  },
  "1;4|9": {
    "kci": 0.33192854456453835
  },
  "1;5|0": {
    "kci": 0.1920034503499457
  },
  "1;5|2": {
    "kci": 0.2635235873118218
  },
  "1;5|3": {
    "kci": 0.23598196817581918
  },
  "1;5|4": {
    "kci": 0.16129367564499775
  },
  "1;5|6": {
    "kci": 0.16770295192751672
  },
  "1;5|7": {
    "kci": 0.13621142317847124
  },
  "1;5|8": {
    "kci": 0.22692984598341326
  },
  "1;5|9": {
    "kci": 0.1654183406477293
  },
  "1;6|0": {
    "kci": 0.3968537779405876
  },
  "1;6|2": {
    "kci": 0.41663945904390887
  },
  "1;6|3": {
    "kci": 0.3815221630498772
  },
  "1;6|4": {
    "kci": 0.3483910139645092
  },
  "1;6|5": {
    "kci": 0.39543738571226317
  },
  "1;6|7": {
    "kci": 0.4011156838215598
  },
  "1;6|8": {
    "kci": 0.4555756063655815
  },
  "1;6|9": {
    "kci": 0.43221395147374264
  },
  "1;7|0": {
    "kci": 0.2468446363267366
  },
  "1;7|2": {
    "kci": 0.28376493239979284
  },
  "1;7|3": {
    "kci": 0.2871559639224349
  },
  "1;7|4": {
    "kci": 0.3211581630362761
  },
  "1;7|5": {
    "kci": 0.28662985353268644
  },
  "1;7|6": {
    "kci": 0.2804881359247826
  },
  "1;7|8": {
    "kci": 0.281174043658333
  },
  "1;7|9": {
    "kci": 0.28151103301965397
  },
  "1;8|0": {
    "kci": 0.41359115834583315
  },
  "1;8|2": {
    "kci": 0.3193768046090052
  },
  "1;8|3": {
    "kci": 0.4307265361642595
  },
  "1;8|4": {
    "kci": 0.4103938525235846
  },
  "1;8|5": {
    "kci": 0.3788432320662679
  },
  "1;8|6": {
    "kci": 0.4739650164672454
  },