{
  "data_hash": "58c3115f3e7e9718856d7e44fecee326",
  "0;1": {
    "d_separation": 0.0
  },
  "0;2": {
    "d_separation": 0.0
  },
  "0;3": {
    "d_separation": 0.0
  },
  "0;4": {
    "d_separation": 0.0
  },
  "0;5": {
    "d_separation": 0.0
  },
  "0;6": {
    "d_separation": 0.0
  },
  "0;7": {
    "d_separation": 0.0
  },
  "0;8": {
    "d_separation": 0.0
  },
  "0;9": {
    "d_separation": 0.0
  },
  "1;2": {
    "d_separation": 0.0
  },
  "1;3": {
    "d_separation": 0.0
  },
  "1;4": {
    "d_separation": 0.0
  },
  "1;5": {
    "d_separation": 0.0
  },
  "1;6": {
    "d_separation": 0.0
  },
  "1;7": {
    "d_separation": 0.0
  },
  "1;8": {
    "d_separation": 0.0
  },
  "1;9": {
    "d_separation": 0.0
  },
  "2;3": {
    "d_separation": 0.0
  },
  "2;4": {
    "d_separation": 0.0
  },
  "2;5": {
    "d_separation": 0.0
  },
  "2;6": {
    "d_separation": 0.0
  },
  "2;7": {
    "d_separation": 0.0
  },
  "2;8": {
    "d_separation": 0.0
  },
  "2;9": {
    "d_separation": 0.0
  },
  "3;4": {
    "d_separation": 0.0
  },
  "3;5": {
    "d_separation": 0.0
  },
  "3;6": {
    "d_separation": 0.0
  },
  "3;7": {
    "d_separation": 0.0
  },
  "3;8": {
    "d_separation": 0.0
  },
  "3;9": {
    "d_separation": 0.0
  },
  "4;5": {
    "d_separation": 0.0
  },
  "4;6": {
    "d_separation": 0.0
  },
  "4;7": {
    "d_separation": 0.0
  },
  "4;8": {
    "d_separation": 0.0
  },
  "4;9": {
    "d_separation": 0.0
  },
  "5;6": {
    "d_separation": 0.0
  },
  "5;7": {
    "d_separation": 0.0
  },
  "5;8": {
    "d_separation": 0.0
  },
  "5;9": {
    "d_separation": 0.0
  },
  "6;7": {
    "d_separation": 0.0
  },
  "6;8": {
    "d_separation": 0.0
  },
  "6;9": {
    "d_separation": 0.0
  },
  "7;8": {
    "d_separation": 0.0
  },
  "7;9": {
    "d_separation": 0.0
  },
  "8;9": {
    "d_separation": 0.0
  },
  "0;1|2": {
    "kci": 0.40883117187934115
  },
  "0;1|3": {
    "kci": 0.3349128711005914
  },
  "0;1|4": {
    "kci": 0.39429277241317107
  },
  "0;1|5": {
    "kci": 0.3777616071283114
  },
  "0;1|6": {
    "kci": 0.36072406458534867
  },
  "0;1|7": {
    "kci": 0.40464317268234307
  },
  "0;1|8": {
    "kci": 0.30129694603253765
  },
  "0;1|9": {
    "kci": 0.5244173757447095
  },
  "0;2|1": {
    "kci": 0.4029703252659915
  },
  "0;2|3": {
    "kci": 0.16209450359148292
  },
  "0;2|4": {
    "kci": 0.3890102468929886
  },
  "0;2|5": {
    "kci": 0.1816170797639508
  },
  "0;2|6": {
    "kci": 0.2275012172954931
  },
  "0;2|7": {
    "kci": 0.20482301790942126
  },
  "0;2|8": {
    "kci": 0.32008264733448133
  },
  "0;2|9": {
    "kci": 0.31212234420083507
  },
  "0;3|1": {
    "kci": 3.5910829865315463e-11
  },
  "0;3|2": {
    "kci": 6.891766046734915e-10
  },
  "0;3|4": {
    "kci": 6.114886375030437e-10
  },
  "0;3|5": {
    "kci": 5.401210504407672e-07
  },
  "0;3|6": {
    "kci": 2.314333169550764e-10
  },
  "0;3|7": {
    "kci": 9.358734287534531e-08
  },
  "0;3|8": {
    "kci": 4.09363654085837e-11
  },
  "0;3|9": {
    "kci": 3.405054016525355e-13
  },
  "0;4|1": {
    "kci": 0.18077678820552567
  },
  "0;4|2": {
    "kci": 0.39521095713066945
  },
  "0;4|3": {
    "kci": 0.07357027425149454
  },
  "0;4|5": {
    "kci": 0.11986950863785562
  },
  "0;4|6": {
    "kci": 0.18876026173527105
  },
  "0;4|7": {
    "kci": 0.13664092539117978
  },
  "0;4|8": {
    "kci": 0.18319523666297943
  },
  "0;4|9": {
    "kci": 0.11319216495951745
  },
  "0;5|1": {
    "kci": 7.284549433184129e-05
  },
  "0;5|2": {
    "kci": 0.00041050863647051905
  },
  "0;5|3": {
    "kci": 3.457754212954356e-07
  },
  "0;5|4": {
    "kci": 0.00011071196538026129
  },
  "0;5|6": {
    "kci": 8.063649641287807e-05
  },
  "0;5|7": {
    "kci": 0.0006370396068133832
  },
  "0;5|8": {
    "kci": 0.0015749741524548888
  },
  "0;5|9": {
    "kci": 0.000268040623229826
  },
  "0;6|1": {
    "kci": 0.504100790621514
  },
  "0;6|2": {
    "kci": 0.5879625931748471
  },
  "0;6|3": {
    "kci": 0.2637852235020852
  },
  "0;6|4": {
    "kci": 0.463086081922936
  },
  "0;6|5": {
    "kci": 0.27793785157614215
  },
  "0;6|7": {
    "kci": 0.461941043566483
  },
  "0;6|8": {
    "kci": 0.3516712070260124
  },
  "0;6|9": {
    "kci": 0.6091071889463111
  },
  "0;7|1": {
    "kci": 2.051600466246306e-05
  },
  "0;7|2": {
    "kci": 0.0009214725700837922
  },
  "0;7|3": {
    "kci": 0.23543990663000647
  },
  "0;7|4": {
    "kci": 0.006619338759221605
  },
  "0;7|5": {
    "kci": 0.01772581077779034
  },
  "0;7|6": {
    "kci": 0.001720641472670037
  },
  "0;7|8": {
    "kci": 0.000651202465851819
  },
  "0;7|9": {
    "kci": 9.964692688779753e-05
  },
  "0;8|1": {
    "kci": 0.04866933479524471
  },
  "0;8|2": {
    "kci": 0.2705468592813457
  },
  "0;8|3": {
    "kci": 0.09661915739755411
  },
  "0;8|4": {
    "kci": 0.15167072759015388
  },
  "0;8|5": {
    "kci": 0.19014579327057246
  },
  "0;8|6": {
    "kci": 0.17310822236635914
  },
  "0;8|7": {
    "kci": 0.1023687013036606
  },
  "0;8|9": {
    "kci": 0.17444402567382733
  },
  "0;9|1": {
    "kci": 0.005146333753439758
  },
  "0;9|2": {
    "kci": 0.0031558160219180564
  },
  "0;9|3": {
    "kci": 0.024173509399102233
  },
  "0;9|4": {
    "kci": 0.0026293577113135624
  },
  "0;9|5": {
    "kci": 0.01018478523370181
  },
  "0;9|6": {
    "kci": 0.001863197295676522
  },
  "0;9|7": {
    "kci": 0.002387492031933891
  },
  "0;9|8": {
    "kci": 0.0022548559290319625
  },
  "1;2|0": {
    "kci": 0.0001288654416595758
  },
  "1;2|3": {
    "kci": 7.235144053874265e-06
  },
  "1;2|4": {
    "kci": 1.3584324455195862e-05
  },
  "1;2|5": {
    "kci": 2.4622650837469173e-05
  },
  "1;2|6": {
    "kci": 2.7395537411045723e-05
  },
  "1;2|7": {
    "kci": 7.879157414847349e-06
  },
  "1;2|8": {
    "kci": 0.0012212599897026832
  },
  "1;2|9": {
    "kci": 0.00018261768977301251
  },
  "1;3|0": {
    "kci": 0.006516827642544687
  },
  "1;3|2": {
    "kci": 1.769381465543951e-05
  },
  "1;3|4": {
    "kci": 0.0012298097381399087
  },
  "1;3|5": {
    "kci": 5.9343817524593057e-05
  },
  "1;3|6": {
    "kci": 0.0028622401283963095
  },
  "1;3|7": {
    "kci": 0.0002912799040216685
  },
  "1;3|8": {
    "kci": 0.0006178404981803665
  },
  "1;3|9": {
    "kci": 0.0005735380517074562
  },
  "1;4|0": {
    "kci": 0.2820527483910835
  },
  "1;4|2": {
    "kci": 0.01846331283994762
  },
  "1;4|3": {
    "kci": 0.3825469354160994
  },
  "1;4|5": {
    "kci": 0.2811315272310152
  },
  "1;4|6": {
    "kci": 0.20324774568905757
  },
  "1;4|7": {
    "kci": 0.3169121632981915
  },
  "1;4|8": {
    "kci": 0.3963859219216178
  },
  "1;4|9": {
    "kci": 0.6450654308532128
  },
  "1;5|0": {
    "kci": 0.913617723835181
  },
  "1;5|2": {
    "kci": 0.6705544786711481
  },
  "1;5|3": {
    "kci": 0.5881204321479321
  },
  "1;5|4": {
    "kci": 0.7061083459062651
  },
  "1;5|6": {
    "kci": 0.8013562574079957
  },
  "1;5|7": {
    "kci": 0.9241792239585254
  },
  "1;5|8": {
    "kci": 0.9021691079590993
  },
  "1;5|9": {
    "kci": 0.9564003737748041
  },
  "1;6|0": {
    "kci": 0.18340702985196722
  },
  "1;6|2": {
    "kci": 0.04372010241355195
  },
  "1;6|3": {
    "kci": 0.17707773640699864
  },
  "1;6|4": {
    "kci": 0.16870619764276684
  },
  "1;6|5": {
    "kci": 0.1877091585398749
  },
  "1;6|7": {
    "kci": 0.12995761846877618
  },
  "1;6|8": {
    "kci": 0.1429692933181046
  },
  "1;6|9": {
    "kci": 0.12072240159596648
  },
  "1;7|0": {
    "kci": 0.49010767566715363
  },
  "1;7|2": {
    "kci": 0.6521738174486031
  },
  "1;7|3": {
    "kci": 0.33233779662829765
  },
  "1;7|4": {
    "kci": 0.7131589985437772
  },
  "1;7|5": {
    "kci": 0.5426354082350572
  },
  "1;7|6": {
    "kci": 0.9020264154501755
  },
  "1;7|8": {
    "kci": 0.5715165022542231
  },
  "1;7|9": {
    "kci": 0.5650880190718692
  },
  "1;8|0": {
    "kci": 2.8019261889555835e-06
  },
  "1;8|2": {
    "kci": 1.5187987571718686e-05
  },
  "1;8|3": {
    "kci": 7.929211217672094e-05
  },
  "1;8|4": {
    "kci": 1.736262225104923e-07
  },