{
  "data_hash": "59b9969a2dbcb6ba31822867f911d364",
  "0;1": {
    "d_separation": 0.0
  },
  "0;2": {
    "d_separation": 0.0
  },
  "0;3": {
    "d_separation": 0.0
  },
  "0;4": {
    "d_separation": 0.0
  },
  "0;5": {
    "d_separation": 0.0
  },
  "0;6": {
    "d_separation": 0.0
  },
  "0;7": {
    "d_separation": 0.0
  },
  "0;8": {
    "d_separation": 0.0
  },
  "0;9": {
    "d_separation": 0.0
  },
  "1;2": {
    "d_separation": 0.0
  },
  "1;3": {
    "d_separation": 0.0
  },
  "1;4": {
    "d_separation": 0.0
  },
  "1;5": {
    "d_separation": 0.0
  },
  "1;6": {
    "d_separation": 0.0
  },
  "1;7": {
    "d_separation": 0.0
  },
  "1;8": {
    "d_separation": 0.0
  },
  "1;9": {
    "d_separation": 0.0
  },
  "2;3": {
    "d_separation": 0.0
  },
  "2;4": {
    "d_separation": 0.0
  },
  "2;5": {
    "d_separation": 0.0
  },
  "2;6": {
    "d_separation": 0.0
  },
  "2;7": {
    "d_separation": 0.0
  },
  "2;8": {
    "d_separation": 0.0
  },
  "2;9": {
    "d_separation": 0.0
  },
  "3;4": {
    "d_separation": 0.0
  },
  "3;5": {
    "d_separation": 0.0
  },
  "3;6": {
    "d_separation": 0.0
  },
  "3;7": {
    "d_separation": 0.0
  },
  "3;8": {
    "d_separation": 0.0
  },
  "3;9": {
    "d_separation": 0.0
  },
  "4;5": {
    "d_separation": 0.0
  },
  "4;6": {
    "d_separation": 0.0
  },
  "4;7": {
    "d_separation": 0.0
  },
  "4;8": {
    "d_separation": 1.0
  },
  "4;9": {
    "d_separation": 0.0
  },
  "5;6": {
    "d_separation": 0.0
  },
  "5;7": {
    "d_separation": 0.0
  },
  "5;8": {
    "d_separation": 1.0
  },
  "5;9": {
    "d_separation": 0.0
  },
  "6;7": {
    "d_separation": 0.0
  },
  "6;8": {
    "d_separation": 0.0
  },
  "6;9": {
    "d_separation": 0.0
  },
  "7;8": {
    "d_separation": 0.0
  },
  "7;9": {
    "d_separation": 0.0
  },
  "8;9": {
    "d_separation": 0.0
  },
  "0;1|2": {
    "fisherz": 0.1981230213202605
  },
  "0;1|3": {
    "fisherz": 0.18246422863475864
  },
  "0;1|4": {
    "fisherz": 0.16156094063968984
  },
  "0;1|5": {
    "fisherz": 0.16773929338931426
  },
  "0;1|6": {
    "fisherz": 0.19555995565376838
  },
  "0;1|7": {
    "fisherz": 0.1901867888111881
  },
  "0;1|8": {
    "fisherz": 0.12360428389155853
  },
  "0;1|9": {
    "fisherz": 0.1896747083828485
  },
  "0;2|1": {
    "fisherz": 0.6404019678756365
  },
  "0;2|3": {
    "fisherz": 0.6137454379745417
  },
  "0;2|4": {
    "fisherz": 0.6425376885165104
  },
  "0;2|5": {
    "fisherz": 0.5203841506316396
  },
  "0;2|6": {
    "fisherz": 0.6172350394517567
  },
  "0;2|7": {
    "fisherz": 0.6162209638725633
  },
  "0;2|8": {
    "fisherz": 0.8343364809944194
  },
  "0;2|9": {
    "fisherz": 0.6470194072399433
  },
  "0;3|1": {
    "fisherz": 0.7412219952485781
  },
  "0;3|2": {
    "fisherz": 0.8752605505691824
  },
  "0;3|4": {
    "fisherz": 0.41919007170624667
  },
  "0;3|5": {
    "fisherz": 0.8975073263772859
  },
  "0;3|6": {
    "fisherz": 0.8792422569939238
  },
  "0;3|7": {
    "fisherz": 0.8640851835665353
  },
  "0;3|8": {
    "fisherz": 0.9619421846628937
  },
  "0;3|9": {
    "fisherz": 0.7615337842139049
  },
  "0;4|1": {
    "fisherz": 0.05491063946480601
  },
  "0;4|2": {
    "fisherz": 0.06608338526452551
  },
  "0;4|3": {
    "fisherz": 0.044202496028802996
  },
  "0;4|5": {
    "fisherz": 0.0726650559101989
  },
  "0;4|6": {
    "fisherz": 0.0636021944826568
  },
  "0;4|7": {
    "fisherz": 0.06446883445968332
  },
  "0;4|8": {
    "fisherz": 0.056850404216959305
  },
  "0;4|9": {
    "fisherz": 0.110977580971515
  },
  "0;5|1": {
    "fisherz": 0.1358372548774287
  },
  "0;5|2": {
    "fisherz": 0.14045378548831744
  },
  "0;5|3": {
    "fisherz": 0.15667233051973328
  },
  "0;5|4": {
    "fisherz": 0.17741875633989146
  },
  "0;5|6": {
    "fisherz": 0.15822299761884384
  },
  "0;5|7": {
    "fisherz": 0.1565526224960796
  },
  "0;5|8": {
    "fisherz": 0.14917260011022404
  },
  "0;5|9": {
    "fisherz": 0.1846735387224281
  },
  "0;6|1": {
    "fisherz": 0.8603713798607799
  },
  "0;6|2": {
    "fisherz": 0.8348431227462105
  },
  "0;6|3": {
    "fisherz": 0.8285628046325122
  },
  "0;6|4": {
    "fisherz": 0.7885363615978642
  },
  "0;6|5": {
    "fisherz": 0.8730674147878716
  },
  "0;6|7": {
    "fisherz": 0.830862981554046
  },
  "0;6|8": {
    "fisherz": 0.9393456524908528
  },
  "0;6|9": {
    "fisherz": 0.8593940220699983
  },
  "0;7|1": {
    "fisherz": 0.8620079943861505
  },
  "0;7|2": {
    "fisherz": 0.953808708730344
  },
  "0;7|3": {
    "fisherz": 0.9144002710696468
  },
  "0;7|4": {
    "fisherz": 0.9280354629257639
  },
  "0;7|5": {
    "fisherz": 0.9993191498903657
  },
  "0;7|6": {
    "fisherz": 0.9491527709682939
  },
  "0;7|8": {
    "fisherz": 0.9371137028485614
  },
  "0;7|9": {
    "fisherz": 0.8814317643626475
  },
  "0;8|1": {
    "fisherz": 0.12023585037099482
  },
  "0;8|2": {
    "fisherz": 0.21695628319454974
  },
  "0;8|3": {
    "fisherz": 0.19053105321454944
  },
  "0;8|4": {
    "fisherz": 0.16312048245173605
  },
  "0;8|5": {
    "fisherz": 0.1794147318807462
  },
  "0;8|6": {
    "fisherz": 0.19318583400385725
  },
  "0;8|7": {
    "fisherz": 0.18773994368777225
  },
  "0;8|9": {
    "fisherz": 0.18369294957071247
  },
  "0;9|1": {
    "fisherz": 0.2938191078855654
  },
  "0;9|2": {
    "fisherz": 0.3102596688650192
  },
  "0;9|3": {
    "fisherz": 0.2851708485440878
  },
  "0;9|4": {
    "fisherz": 0.6537738902762438
  },
  "0;9|5": {
    "fisherz": 0.3650074804445813
  },
  "0;9|6": {
    "fisherz": 0.30376096036529154
  },
  "0;9|7": {
    "fisherz": 0.2964512162506254
  },
  "0;9|8": {
    "fisherz": 0.29290320128625624
  },
  "1;2|0": {
    "fisherz": 0.726432615785241
  },
  "1;2|3": {
    "fisherz": 0.7208914958519712
  },
  "1;2|4": {
    "fisherz": 0.68191223868002
  },
  "1;2|5": {
    "fisherz": 0.7413424151701595
  },
  "1;2|6": {
    "fisherz": 0.6955647652709864
  },
  "1;2|7": {
    "fisherz": 0.6875121642554531
  },
  "1;2|8": {
    "fisherz": 0.3449606576921338
  },
  "1;2|9": {
    "fisherz": 0.68934505156045
  },
  "1;3|0": {
    "fisherz": 0.04861709339452758
  },
  "1;3|2": {
    "fisherz": 0.05211507377448599
  },
  "1;3|4": {
    "fisherz": 0.021180906701658397
  },
  "1;3|5": {
    "fisherz": 0.052024955142113694
  },
  "1;3|6": {
    "fisherz": 0.05236841577772222
  },
  "1;3|7": {
    "fisherz": 0.015369324557518604
  },
  "1;3|8": {
    "fisherz": 0.09847278204366239
  },
  "1;3|9": {
    "fisherz": 0.04680105458065609
  },
  "1;4|0": {
    "fisherz": 0.40448361076592687
  },
  "1;4|2": {
    "fisherz": 0.5081871898350079
  },
  "1;4|3": {
    "fisherz": 0.16492819153352967
  },
  "1;4|5": {
    "fisherz": 0.5334599259890278
  },
  "1;4|6": {
    "fisherz": 0.5214609423218781
  },
  "1;4|7": {
    "fisherz": 0.5002313216845296
  },
  "1;4|8": {
    "fisherz": 0.45813902165531406
  },
  "1;4|9": {
    "fisherz": 0.5133563655919025
  },
  "1;5|0": {
    "fisherz": 0.4034240729163745
  },
  "1;5|2": {
    "fisherz": 0.5079658764548949
  },
  "1;5|3": {
    "fisherz": 0.4977013681212794
  },
  "1;5|4": {
    "fisherz": 0.5036139786399731
  },
  "1;5|6": {
    "fisherz": 0.4760135440889073
  },
  "1;5|7": {
    "fisherz": 0.5167704502213095
  },
  "1;5|8": {
    "fisherz": 0.4614184951231963
  },
  "1;5|9": {
    "fisherz": 0.49073184393914415
  },
  "1;6|0": {
    "fisherz": 0.6982928215863651
  },
  "1;6|2": {
    "fisherz": 0.6873687048822381
  },
  "1;6|3": {
    "fisherz": 0.7200964842314923
  },
  "1;6|4": {
    "fisherz": 0.6985164415199345
  },
  "1;6|5": {
    "fisherz": 0.6650385236656502
  },
  "1;6|7": {
    "fisherz": 0.6979001845505526
  },
  "1;6|8": {
    "fisherz": 0.5135481793522949
  },
  "1;6|9": {
    "fisherz": 0.6820484334820951
  },
  "1;7|0": {
    "fisherz": 0.22109148473814733
  },
  "1;7|2": {
    "fisherz": 0.22428385444453292
  },
  "1;7|3": {
    "fisherz": 0.06005633567957713
  },
  "1;7|4": {
    "fisherz": 0.22072838207017487
  },
  "1;7|5": {
    "fisherz": 0.2357484775024412
  },