{
  "data_hash": "5f1f7df9ecf86a39d3ab3716eb4ad2f5",
  "0;1": {
    "d_separation": 0.0
  },
  "0;2": {
    "d_separation": 0.0
  },
  "0;3": {
    "d_separation": 0.0
  },
  "0;4": {
    "d_separation": 0.0
  },
  "0;5": {
    "d_separation": 0.0
  },
  "0;6": {
    "d_separation": 0.0
  },
  "0;7": {
    "d_separation": 0.0
  },
  "0;8": {
    "d_separation": 0.0
  },
  "0;9": {
    "d_separation": 0.0
  },
  "1;2": {
    "d_separation": 0.0
  },
  "1;3": {
    "d_separation": 0.0
  },
  "1;4": {
    "d_separation": 0.0
  },
  "1;5": {
    "d_separation": 0.0
  },
  "1;6": {
    "d_separation": 0.0
  },
  "1;7": {
    "d_separation": 0.0
  },
  "1;8": {
    "d_separation": 0.0
  },
  "1;9": {
    "d_separation": 0.0
  },
  "2;3": {
    "d_separation": 0.0
  },
  "2;4": {
    "d_separation": 0.0
  },
  "2;5": {
    "d_separation": 0.0
  },
  "2;6": {
    "d_separation": 0.0
  },
  "2;7": {
    "d_separation": 0.0
  },
  "2;8": {
    "d_separation": 0.0
  },
  "2;9": {
    "d_separation": 0.0
  },
  "3;4": {
    "d_separation": 0.0
  },
  "3;5": {
    "d_separation": 0.0
  },
  "3;6": {
    "d_separation": 0.0
  },
  "3;7": {
    "d_separation": 0.0
  },
  "3;8": {
    "d_separation": 0.0
  },
  "3;9": {
    "d_separation": 0.0
  },
  "4;5": {
    "d_separation": 0.0
  },
  "4;6": {
    "d_separation": 0.0
  },
  "4;7": {
    "d_separation": 0.0
  },
  "4;8": {
    "d_separation": 0.0
  },
  "4;9": {
    "d_separation": 0.0
  },
  "5;6": {
    "d_separation": 0.0
  },
  "5;7": {
    "d_separation": 0.0
  },
  "5;8": {
    "d_separation": 0.0
  },
  "5;9": {
    "d_separation": 0.0
  },
  "6;7": {
    "d_separation": 0.0
  },
  "6;8": {
    "d_separation": 0.0
  },
  "6;9": {
    "d_separation": 0.0
  },
  "7;8": {
    "d_separation": 0.0
  },
  "7;9": {
    "d_separation": 0.0
  },
  "8;9": {
    "d_separation": 0.0
  },
  "0;1|2": {
    "kci": 0.44123481534406594
  },
  "0;1|3": {
    "kci": 0.5085650008935765
  },
  "0;1|4": {
    "kci": 0.4683212386057708
  },
  "0;1|5": {
    "kci": 0.48579077177888286
  },
  "0;1|6": {
    "kci": 0.5688104467148819
  },
  "0;1|7": {
    "kci": 0.5256891716421901
  },
  "0;1|8": {
    "kci": 0.5674490789483279
  },
  "0;1|9": {
    "kci": 0.5492083571917751
  },
  "0;2|1": {
    "kci": 0.7827653711787614
  },
  "0;2|3": {
    "kci": 0.8030633874638824
  },
  "0;2|4": {
    "kci": 0.48030534691008175
  },
  "0;2|5": {
    "kci": 0.617840079914003
  },
  "0;2|6": {
    "kci": 0.677031260126953
  },
  "0;2|7": {
    "kci": 0.5506204921118081
  },
  "0;2|8": {
    "kci": 0.5811440225811411
  },
  "0;2|9": {
    "kci": 0.8036495408297183
  },
  "0;3|1": {
    "kci": 0.05322169541101096
  },
  "0;3|2": {
    "kci": 0.2131752739048578
  },
  "0;3|4": {
    "kci": 0.04936097455280142
  },
  "0;3|5": {
    "kci": 0.052469271158375186
  },
  "0;3|6": {
    "kci": 0.07840198582694002
  },
  "0;3|7": {
    "kci": 0.08280707299618972
  },
  "0;3|8": {
    "kci": 0.06540568368341437
  },
  "0;3|9": {
    "kci": 0.09858026901723083
  },
  "0;4|1": {
    "kci": 0.47081459146414995
  },
  "0;4|2": {
    "kci": 0.3340346128609242
  },
  "0;4|3": {
    "kci": 0.5896355490359895
  },
  "0;4|5": {
    "kci": 0.6443210675536597
  },
  "0;4|6": {
    "kci": 0.45947367270327377
  },
  "0;4|7": {
    "kci": 0.1455310492436871
  },
  "0;4|8": {
    "kci": 0.3348301445189876
  },
  "0;4|9": {
    "kci": 0.44802804969726884
  },
  "0;5|1": {
    "kci": 0.6866524696708247
  },
  "0;5|2": {
    "kci": 0.6029763308647649
  },
  "0;5|3": {
    "kci": 0.6273862560428911
  },
  "0;5|4": {
    "kci": 0.6297478295501518
  },
  "0;5|6": {
    "kci": 0.6485040018863466
  },
  "0;5|7": {
    "kci": 0.4544660057802694
  },
  "0;5|8": {
    "kci": 0.689021050849266
  },
  "0;5|9": {
    "kci": 0.657440506678997
  },
  "0;6|1": {
    "kci": 0.49786999425193745
  },
  "0;6|2": {
    "kci": 0.16911390043009233
  },
  "0;6|3": {
    "kci": 0.586275517261895
  },
  "0;6|4": {
    "kci": 0.36882662785378484
  },
  "0;6|5": {
    "kci": 0.6297030673753373
  },
  "0;6|7": {
    "kci": 0.2754758996127553
  },
  "0;6|8": {
    "kci": 0.4380201564209988
  },
  "0;6|9": {
    "kci": 0.3377597079624082
  },
  "0;7|1": {
    "kci": 0.4580891445959401
  },
  "0;7|2": {
    "kci": 0.3680987675983378
  },
  "0;7|3": {
    "kci": 0.546510180959324
  },
  "0;7|4": {
    "kci": 0.4000401694085205
  },
  "0;7|5": {
    "kci": 0.46173275783550083
  },
  "0;7|6": {
    "kci": 0.4798428409429457
  },
  "0;7|8": {
    "kci": 0.588048088964191
  },
  "0;7|9": {
    "kci": 0.6762102952171997
  },
  "0;8|1": {
    "kci": 0.27978707433778127
  },
  "0;8|2": {
    "kci": 0.31274484170646044
  },
  "0;8|3": {
    "kci": 0.32652906602111864
  },
  "0;8|4": {
    "kci": 0.21487893488005727
  },
  "0;8|5": {
    "kci": 0.3139879880374772
  },
  "0;8|6": {
    "kci": 0.3341912991875087
  },
  "0;8|7": {
    "kci": 0.32910852713050553
  },
  "0;8|9": {
    "kci": 0.3173328945961069
  },
  "0;9|1": {
    "kci": 0.2371958997033331
  },
  "0;9|2": {
    "kci": 0.2650028419861674
  },
  "0;9|3": {
    "kci": 0.14090064294180737
  },
  "0;9|4": {
    "kci": 0.2129149342133838
  },
  "0;9|5": {
    "kci": 0.23973375211451342
  },
  "0;9|6": {
    "kci": 0.22412421823976625
  },
  "0;9|7": {
    "kci": 0.3336023782647912
  },
  "0;9|8": {
    "kci": 0.24473720993446557
  },
  "1;2|0": {
    "kci": 7.827448938491077e-05
  },
  "1;2|3": {
    "kci": 7.003463000820886e-05
  },
  "1;2|4": {
    "kci": 0.00015873490094076015
  },
  "1;2|5": {
    "kci": 5.1622444894317e-06
  },
  "1;2|6": {
    "kci": 1.2890475409088609e-05
  },
  "1;2|7": {
    "kci": 0.0005063062410571861
  },
  "1;2|8": {
    "kci": 2.8453092200120267e-06
  },
  "1;2|9": {
    "kci": 2.331790675524914e-05
  },
  "1;3|0": {
    "kci": 0.4505190166053883
  },
  "1;3|2": {
    "kci": 0.27604380245249605
  },
  "1;3|4": {
    "kci": 0.2957918479799104
  },
  "1;3|5": {
    "kci": 0.3516608111130213
  },
  "1;3|6": {
    "kci": 0.38329423096134585
  },
  "1;3|7": {
    "kci": 0.17013720716328196
  },
  "1;3|8": {
    "kci": 0.3537005733294847
  },
  "1;3|9": {
    "kci": 0.34097706604055644
  },
  "1;4|0": {
    "kci": 0.3460761257975902
  },
  "1;4|2": {
    "kci": 0.22348063920938288
  },
  "1;4|3": {
    "kci": 0.49413901457327125
  },
  "1;4|5": {
    "kci": 0.06468310944824507
  },
  "1;4|6": {
    "kci": 0.4230586345964443
  },
  "1;4|7": {
    "kci": 0.21792086465353722
  },
  "1;4|8": {
    "kci": 0.09129425595962748
  },
  "1;4|9": {
    "kci": 0.44678243691956654
  },
  "1;5|0": {
    "kci": 0.2561467019510124
  },
  "1;5|2": {
    "kci": 0.49390602299553277
  },
  "1;5|3": {
    "kci": 0.1714302593425192
  },
  "1;5|4": {
    "kci": 0.18443522758963282
  },
  "1;5|6": {
    "kci": 0.1835125275245818
  },
  "1;5|7": {
    "kci": 0.3811536141919605
  },
  "1;5|8": {
    "kci": 0.3953562876367236
  },
  "1;5|9": {
    "kci": 0.15495214491001663
  },
  "1;6|0": {
    "kci": 0.4015529851754034
  },
  "1;6|2": {
    "kci": 0.2018306728512147
  },
  "1;6|3": {
    "kci": 0.4177807755655545
  },
  "1;6|4": {
    "kci": 0.27028684200212927
  },
  "1;6|5": {
    "kci": 0.43503209214740834
  },
  "1;6|7": {
    "kci": 0.33657506093595724
  },
  "1;6|8": {
    "kci": 0.3630317812394259
  },
  "1;6|9": {
    "kci": 0.3657691437442131
  },
  "1;7|0": {
    "kci": 0.44211993172697417
  },
  "1;7|2": {
    "kci": 0.4865081549754463
  },
  "1;7|3": {
    "kci": 0.3568561431031507
  },
  "1;7|4": {
    "kci": 0.3445980346519635
  },
  "1;7|5": {
    "kci": 0.4385702076151423
  },
  "1;7|6": {
    "kci": 0.3828743322110181
  },
  "1;7|8": {
    "kci": 0.38670826063931985
  },
  "1;7|9": {
    "kci": 0.3943115517037291
  },
  "1;8|0": {
    "kci": 0.25695810915027284
  },
  "1;8|2": {
    "kci": 0.25400843379123605
  },
  "1;8|3": {
    "kci": 0.17201890538741693
  },
  "1;8|4": {
    "kci": 0.21308725938415618
  },
  "1;8|5": {
    "kci": 0.21318262727299486
  },
  "1;8|6": {
    "kci": 0.1885097262102483
  },