{
  "data_hash": "600acc0b0adc05339bfeb5651bd45bf3",
  "0;1": {
    "d_separation": 0.0
  },
  "0;2": {
    "d_separation": 0.0
  },
  "0;3": {
    "d_separation": 0.0
  },
  "0;4": {
    "d_separation": 0.0
  },
  "0;5": {
    "d_separation": 0.0
  },
  "0;6": {
    "d_separation": 0.0
  },
  "0;7": {
    "d_separation": 0.0
  },
  "0;8": {
    "d_separation": 0.0
  },
  "0;9": {
    "d_separation": 0.0
  },
  "1;2": {
    "d_separation": 0.0
  },
  "1;3": {
    "d_separation": 1.0
  },
  "1;4": {
    "d_separation": 0.0
  },
  "1;5": {
    "d_separation": 0.0
  },
  "1;6": {
    "d_separation": 1.0
  },
  "1;7": {
    "d_separation": 0.0
  },
  "1;8": {
    "d_separation": 0.0
  },
  "1;9": {
    "d_separation": 0.0
  },
  "2;3": {
    "d_separation": 0.0
  },
  "2;4": {
    "d_separation": 0.0
  },
  "2;5": {
    "d_separation": 0.0
  },
  "2;6": {
    "d_separation": 0.0
  },
  "2;7": {
    "d_separation": 0.0
  },
  "2;8": {
    "d_separation": 0.0
  },
  "2;9": {
    "d_separation": 0.0
  },
  "3;4": {
    "d_separation": 0.0
  },
  "3;5": {
    "d_separation": 0.0
  },
  "3;6": {
    "d_separation": 0.0
  },
  "3;7": {
    "d_separation": 0.0
  },
  "3;8": {
    "d_separation": 0.0
  },
  "3;9": {
    "d_separation": 0.0
  },
  "4;5": {
    "d_separation": 0.0
  },
  "4;6": {
    "d_separation": 0.0
  },
  "4;7": {
    "d_separation": 0.0
  },
  "4;8": {
    "d_separation": 0.0
  },
  "4;9": {
    "d_separation": 0.0
  },
  "5;6": {
    "d_separation": 0.0
  },
  "5;7": {
    "d_separation": 0.0
  },
  "5;8": {
    "d_separation": 0.0
  },
  "5;9": {
    "d_separation": 0.0
  },
  "6;7": {
    "d_separation": 0.0
  },
  "6;8": {
    "d_separation": 0.0
  },
  "6;9": {
    "d_separation": 0.0
  },
  "7;8": {
    "d_separation": 0.0
  },
  "7;9": {
    "d_separation": 0.0
  },
  "8;9": {
    "d_separation": 0.0
  },
  "0;1|2": {
    "fisherz": 0.012557603924264082
  },
  "0;1|3": {
    "fisherz": 0.012161383776972956
  },
  "0;1|4": {
    "fisherz": 0.013312485197659152
  },
  "0;1|5": {
    "fisherz": 0.010145158085612671
  },
  "0;1|6": {
    "fisherz": 0.012928483122563117
  },
  "0;1|7": {
    "fisherz": 0.01368161365414955
  },
  "0;1|8": {
    "fisherz": 0.011794935526289185
  },
  "0;1|9": {
    "fisherz": 0.01684085895909515
  },
  "0;2|1": {
    "fisherz": 0.6225916698303378
  },
  "0;2|3": {
    "fisherz": 0.7318815307029463
  },
  "0;2|4": {
    "fisherz": 0.719496144417856
  },
  "0;2|5": {
    "fisherz": 0.7810456675420285
  },
  "0;2|6": {
    "fisherz": 0.765862849903665
  },
  "0;2|7": {
    "fisherz": 0.7565775023812731
  },
  "0;2|8": {
    "fisherz": 0.7238808829706296
  },
  "0;2|9": {
    "fisherz": 0.83436720283774
  },
  "0;3|1": {
    "fisherz": 0.16556361949266796
  },
  "0;3|2": {
    "fisherz": 0.18700152221973632
  },
  "0;3|4": {
    "fisherz": 0.2975944439659184
  },
  "0;3|5": {
    "fisherz": 0.23165270747133415
  },
  "0;3|6": {
    "fisherz": 0.18111649577978017
  },
  "0;3|7": {
    "fisherz": 0.18823867346050638
  },
  "0;3|8": {
    "fisherz": 0.20444284769221333
  },
  "0;3|9": {
    "fisherz": 0.1964346388619327
  },
  "0;4|1": {
    "fisherz": 0.31459649836359227
  },
  "0;4|2": {
    "fisherz": 0.317250846964821
  },
  "0;4|3": {
    "fisherz": 0.5636991075648818
  },
  "0;4|5": {
    "fisherz": 0.247334388872666
  },
  "0;4|6": {
    "fisherz": 0.31225032513995554
  },
  "0;4|7": {
    "fisherz": 0.3267636117499544
  },
  "0;4|8": {
    "fisherz": 0.36446883069994884
  },
  "0;4|9": {
    "fisherz": 0.30108875107902877
  },
  "0;5|1": {
    "fisherz": 0.1396263735556702
  },
  "0;5|2": {
    "fisherz": 0.2002395925983933
  },
  "0;5|3": {
    "fisherz": 0.24172664491179585
  },
  "0;5|4": {
    "fisherz": 0.15412651295182767
  },
  "0;5|6": {
    "fisherz": 0.20717434432749982
  },
  "0;5|7": {
    "fisherz": 0.19840205486160656
  },
  "0;5|8": {
    "fisherz": 0.193912621275095
  },
  "0;5|9": {
    "fisherz": 0.20324581907180495
  },
  "0;6|1": {
    "fisherz": 0.5430435199045356
  },
  "0;6|2": {
    "fisherz": 0.6051236948886254
  },
  "0;6|3": {
    "fisherz": 0.5579327219507377
  },
  "0;6|4": {
    "fisherz": 0.5665388514451366
  },
  "0;6|5": {
    "fisherz": 0.6495505110958844
  },
  "0;6|7": {
    "fisherz": 0.6035814553435199
  },
  "0;6|8": {
    "fisherz": 0.5988326009592464
  },
  "0;6|9": {
    "fisherz": 0.5849701635533826
  },
  "0;7|1": {
    "fisherz": 0.9673201718645617
  },
  "0;7|2": {
    "fisherz": 0.9402397507231852
  },
  "0;7|3": {
    "fisherz": 0.8956124369786991
  },
  "0;7|4": {
    "fisherz": 0.9987487528841732
  },
  "0;7|5": {
    "fisherz": 0.9878745755389238
  },
  "0;7|6": {
    "fisherz": 0.9820877396739409
  },
  "0;7|8": {
    "fisherz": 0.974842166857657
  },
  "0;7|9": {
    "fisherz": 0.9158995888299464
  },
  "0;8|1": {
    "fisherz": 0.5218909801888256
  },
  "0;8|2": {
    "fisherz": 0.6690067065919809
  },
  "0;8|3": {
    "fisherz": 0.8320719816493072
  },
  "0;8|4": {
    "fisherz": 0.9228733589265301
  },
  "0;8|5": {
    "fisherz": 0.6695671361305762
  },
  "0;8|6": {
    "fisherz": 0.6928114766892153
  },
  "0;8|7": {
    "fisherz": 0.6990917747705687
  },
  "0;8|9": {
    "fisherz": 0.6604772183741934
  },
  "0;9|1": {
    "fisherz": 0.28002578958126656
  },
  "0;9|2": {
    "fisherz": 0.22353730665542138
  },
  "0;9|3": {
    "fisherz": 0.22330755275882308
  },
  "0;9|4": {
    "fisherz": 0.2008527843748409
  },
  "0;9|5": {
    "fisherz": 0.2216882989023734
  },
  "0;9|6": {
    "fisherz": 0.21202002824240185
  },
  "0;9|7": {
    "fisherz": 0.21468440227104235
  },
  "0;9|8": {
    "fisherz": 0.20977224094612623
  },
  "1;2|0": {
    "fisherz": 4.484272189131389e-06
  },
  "1;2|4": {
    "fisherz": 4.7659228545882115e-06
  },
  "1;2|5": {
    "fisherz": 4.018954140372344e-06
  },
  "1;2|7": {
    "fisherz": 4.8565213561779785e-06
  },
  "1;2|8": {
    "fisherz": 8.0585505830566e-06
  },
  "1;2|9": {
    "fisherz": 6.571381798936571e-06
  },
  "1;4|0": {
    "fisherz": 0.831714726712165
  },
  "1;4|2": {
    "fisherz": 0.8523035016273888
  },
  "1;4|5": {
    "fisherz": 0.8782108535573103
  },
  "1;4|7": {
    "fisherz": 0.9576392665432074
  },
  "1;4|8": {
    "fisherz": 0.6925433559637906
  },
  "1;4|9": {
    "fisherz": 0.9998570152105524
  },
  "1;5|0": {
    "fisherz": 0.24000119472803272
  },
  "1;5|2": {
    "fisherz": 0.2716955416804612
  },
  "1;5|4": {
    "fisherz": 0.34793277313613613
  },
  "1;5|7": {
    "fisherz": 0.34843958522945995
  },
  "1;5|8": {
    "fisherz": 0.3343776794945643
  },
  "1;5|9": {
    "fisherz": 0.34384470722831617
  },
  "1;7|0": {
    "fisherz": 0.8462241201462191
  },
  "1;7|2": {
    "fisherz": 0.8412553982460482
  },
  "1;7|4": {
    "fisherz": 0.8355049261832843
  },
  "1;7|5": {
    "fisherz": 0.8034695260624987
  },
  "1;7|8": {
    "fisherz": 0.7178954632995427
  },
  "1;7|9": {
    "fisherz": 0.8190062916668839
  },
  "1;8|0": {
    "fisherz": 0.14928427499293973
  },
  "1;8|2": {
    "fisherz": 0.3475778633295379
  },
  "1;8|4": {
    "fisherz": 0.1595716130391185
  },
  "1;8|5": {
    "fisherz": 0.16852944340114506
  },
  "1;8|7": {
    "fisherz": 0.16674716003104129
  },
  "1;8|9": {
    "fisherz": 0.18762955503953416
  },
  "1;9|0": {
    "fisherz": 0.41583930974288785
  },
  "1;9|2": {
    "fisherz": 0.49429981221238495
  },
  "1;9|4": {
    "fisherz": 0.3107438901077444
  },
  "1;9|5": {
    "fisherz": 0.30182800922649733
  },
  "1;9|7": {
    "fisherz": 0.3079154258726322
  },
  "1;9|8": {
    "fisherz": 0.3316850388421777
  },
  "1;2|3": {
    "fisherz": 4.979777652458495e-06
  },
  "1;2|6": {
    "fisherz": 4.5125861352079966e-06
  },
  "2;3|0": {
    "fisherz": 0.7185042530268957
  },
  "2;3|1": {
    "fisherz": 0.8052235165691752
  },
  "2;3|4": {
    "fisherz": 0.9145647944789372
  },
  "2;3|5": {
    "fisherz": 0.7134264301250051
  },
  "2;3|6": {
    "fisherz": 0.7527298938658875
  },
  "2;3|7": {
    "fisherz": 0.7330599273028935
  },
  "2;3|8": {
    "fisherz": 0.8992709437713051
  },