{
  "data_hash": "61736899f0bd1706925b5931f48f6c24",
  "0;1": {
    "d_separation": 0.0
  },
  "0;2": {
    "d_separation": 0.0
  },
  "0;3": {
    "d_separation": 0.0
  },
  "0;4": {
    "d_separation": 0.0
  },
  "0;5": {
    "d_separation": 0.0
  },
  "0;6": {
    "d_separation": 0.0
  },
  "0;7": {
    "d_separation": 0.0
  },
  "0;8": {
    "d_separation": 0.0
  },
  "0;9": {
    "d_separation": 0.0
  },
  "1;2": {
    "d_separation": 0.0
  },
  "1;3": {
    "d_separation": 0.0
  },
  "1;4": {
    "d_separation": 0.0
  },
  "1;5": {
    "d_separation": 0.0
  },
  "1;6": {
    "d_separation": 0.0
  },
  "1;7": {
    "d_separation": 0.0
  },
  "1;8": {
    "d_separation": 0.0
  },
  "1;9": {
    "d_separation": 0.0
  },
  "2;3": {
    "d_separation": 0.0
  },
  "2;4": {
    "d_separation": 0.0
  },
  "2;5": {
    "d_separation": 0.0
  },
  "2;6": {
    "d_separation": 0.0
  },
  "2;7": {
    "d_separation": 0.0
  },
  "2;8": {
    "d_separation": 0.0
  },
  "2;9": {
    "d_separation": 0.0
  },
  "3;4": {
    "d_separation": 0.0
  },
  "3;5": {
    "d_separation": 0.0
  },
  "3;6": {
    "d_separation": 0.0
  },
  "3;7": {
    "d_separation": 0.0
  },
  "3;8": {
    "d_separation": 0.0
  },
  "3;9": {
    "d_separation": 0.0
  },
  "4;5": {
    "d_separation": 0.0
  },
  "4;6": {
    "d_separation": 0.0
  },
  "4;7": {
    "d_separation": 0.0
  },
  "4;8": {
    "d_separation": 0.0
  },
  "4;9": {
    "d_separation": 0.0
  },
  "5;6": {
    "d_separation": 0.0
  },
  "5;7": {
    "d_separation": 0.0
  },
  "5;8": {
    "d_separation": 0.0
  },
  "5;9": {
    "d_separation": 0.0
  },
  "6;7": {
    "d_separation": 0.0
  },
  "6;8": {
    "d_separation": 0.0
  },
  "6;9": {
    "d_separation": 0.0
  },
  "7;8": {
    "d_separation": 0.0
  },
  "7;9": {
    "d_separation": 0.0
  },
  "8;9": {
    "d_separation": 0.0
  },
  "0;1|2": {
    "kci": 1.7789638651066753e-09
  },
  "0;1|3": {
    "kci": 0.020489798920422797
  },
  "0;1|4": {
    "kci": 1.738598154332749e-11
  },
  "0;1|5": {
    "kci": 0.004851236814998772
  },
  "0;1|6": {
    "kci": 4.4220183070819985e-13
  },
  "0;1|7": {
    "kci": 0.001813167861335896
  },
  "0;1|8": {
    "kci": 3.567694140116373e-09
  },
  "0;1|9": {
    "kci": 6.073929914585108e-08
  },
  "0;2|1": {
    "kci": 0.0004124901819883009
  },
  "0;2|3": {
    "kci": 0.36683699249471347
  },
  "0;2|4": {
    "kci": 0.00012915903432708653
  },
  "0;2|5": {
    "kci": 0.07962832824001465
  },
  "0;2|6": {
    "kci": 0.0005740253989791055
  },
  "0;2|7": {
    "kci": 0.395331598543311
  },
  "0;2|8": {
    "kci": 1.9415359457486403e-05
  },
  "0;2|9": {
    "kci": 0.003474988058345674
  },
  "0;3|1": {
    "kci": 0.0
  },
  "0;3|2": {
    "kci": 0.0
  },
  "0;3|4": {
    "kci": 0.0
  },
  "0;3|5": {
    "kci": 8.361856462801853e-07
  },
  "0;3|6": {
    "kci": 0.0
  },
  "0;3|7": {
    "kci": 9.658940314238862e-15
  },
  "0;3|8": {
    "kci": 0.0
  },
  "0;3|9": {
    "kci": 0.0
  },
  "0;4|1": {
    "kci": 0.23002108898857077
  },
  "0;4|2": {
    "kci": 0.18004462901802853
  },
  "0;4|3": {
    "kci": 0.368833951087422
  },
  "0;4|5": {
    "kci": 0.25147273829477634
  },
  "0;4|6": {
    "kci": 0.101463860721687
  },
  "0;4|7": {
    "kci": 0.3063811879625993
  },
  "0;4|8": {
    "kci": 0.018697117160447863
  },
  "0;4|9": {
    "kci": 0.0008418647505666899
  },
  "0;5|1": {
    "kci": 0.0
  },
  "0;5|2": {
    "kci": 0.0
  },
  "0;5|3": {
    "kci": 7.904787935331115e-14
  },
  "0;5|4": {
    "kci": 0.0
  },
  "0;5|6": {
    "kci": 0.0
  },
  "0;5|7": {
    "kci": 0.0
  },
  "0;5|8": {
    "kci": 0.0
  },
  "0;5|9": {
    "kci": 0.0
  },
  "0;6|1": {
    "kci": 0.03230388838553078
  },
  "0;6|2": {
    "kci": 0.1350714067769021
  },
  "0;6|3": {
    "kci": 0.05114693997621056
  },
  "0;6|4": {
    "kci": 0.042111744039808774
  },
  "0;6|5": {
    "kci": 0.10289762272977176
  },
  "0;6|7": {
    "kci": 0.013183232247190979
  },
  "0;6|8": {
    "kci": 2.7262547848128094e-05
  },
  "0;6|9": {
    "kci": 0.0009355080487283285
  },
  "0;7|1": {
    "kci": 2.4399371412187065e-12
  },
  "0;7|2": {
    "kci": 0.0
  },
  "0;7|3": {
    "kci": 0.022894813927382907
  },
  "0;7|4": {
    "kci": 0.0
  },
  "0;7|5": {
    "kci": 0.001578183497545127
  },
  "0;7|6": {
    "kci": 0.0
  },
  "0;7|8": {
    "kci": 0.0
  },
  "0;7|9": {
    "kci": 8.881784197001252e-16
  },
  "0;8|1": {
    "kci": 0.0023777595832047416
  },
  "0;8|2": {
    "kci": 2.0661223265716622e-05
  },
  "0;8|3": {
    "kci": 0.467338497388322
  },
  "0;8|4": {
    "kci": 6.202845181935146e-08
  },
  "0;8|5": {
    "kci": 0.2561232374392213
  },
  "0;8|6": {
    "kci": 3.0959679264697115e-12
  },
  "0;8|7": {
    "kci": 0.2137244081068873
  },
  "0;8|9": {
    "kci": 0.0034126120717976605
  },
  "0;9|1": {
    "kci": 9.115386105296164e-05
  },
  "0;9|2": {
    "kci": 4.788501840602422e-07
  },
  "0;9|3": {
    "kci": 0.1685079926585492
  },
  "0;9|4": {
    "kci": 2.8816892205796307e-09
  },
  "0;9|5": {
    "kci": 0.11995779439917165
  },
  "0;9|6": {
    "kci": 9.188705352158877e-11
  },
  "0;9|7": {
    "kci": 0.0008030291570746417
  },
  "0;9|8": {
    "kci": 3.971283601744702e-06
  },
  "1;2|0": {
    "kci": 0.2112075899584941
  },
  "1;2|3": {
    "kci": 0.3692938248623532
  },
  "1;2|4": {
    "kci": 0.04150898536575032
  },
  "1;2|5": {
    "kci": 0.266407200774893
  },
  "1;2|6": {
    "kci": 0.005257652711514904
  },
  "1;2|7": {
    "kci": 0.19022339529781374
  },
  "1;2|8": {
    "kci": 0.023564527028885673
  },
  "1;2|9": {
    "kci": 0.5925024022764935
  },
  "1;3|0": {
    "kci": 5.776742206808905e-08
  },
  "1;3|2": {
    "kci": 2.5571628148313152e-09
  },
  "1;3|4": {
    "kci": 5.846989559188387e-11
  },
  "1;3|5": {
    "kci": 1.1908195918231002e-07
  },
  "1;3|6": {
    "kci": 2.616351579831644e-12
  },
  "1;3|7": {
    "kci": 6.216448589879686e-05
  },
  "1;3|8": {
    "kci": 4.806550381042385e-07
  },
  "1;3|9": {
    "kci": 8.082889912941482e-11
  },
  "1;4|0": {
    "kci": 3.9493519565780844e-11
  },
  "1;4|2": {
    "kci": 1.748113875876811e-08
  },
  "1;4|3": {
    "kci": 2.854298214005624e-06
  },
  "1;4|5": {
    "kci": 6.70108413203252e-12
  },
  "1;4|6": {
    "kci": 0.0
  },
  "1;4|7": {
    "kci": 7.199164953064496e-08
  },
  "1;4|8": {
    "kci": 1.744826505500896e-12
  },
  "1;4|9": {
    "kci": 1.2889689315898067e-13
  },
  "1;5|0": {
    "kci": 0.049274633765716835
  },
  "1;5|2": {
    "kci": 2.4605074033789975e-06
  },
  "1;5|3": {
    "kci": 0.015525918896895252
  },
  "1;5|4": {
    "kci": 1.3583972835462532e-08
  },
  "1;5|6": {
    "kci": 6.50286112735543e-08
  },
  "1;5|7": {
    "kci": 0.4042848409282107
  },
  "1;5|8": {
    "kci": 4.179138967452811e-05
  },
  "1;5|9": {
    "kci": 5.265822655142749e-06
  },
  "1;6|0": {
    "kci": 0.09584433506796375
  },
  "1;6|2": {
    "kci": 0.03100117145898329
  },
  "1;6|3": {
    "kci": 0.00699085408478195
  },
  "1;6|4": {
    "kci": 8.581304566934733e-08
  },
  "1;6|5": {
    "kci": 0.15763183525115754
  },
  "1;6|7": {
    "kci": 0.003904666222016906
  },
  "1;6|8": {
    "kci": 0.07630835577027595
  },
  "1;6|9": {
    "kci": 0.029381974647472497
  },
  "1;7|0": {
    "kci": 0.0
  },
  "1;7|2": {
    "kci": 0.0
  },
  "1;7|3": {
    "kci": 6.404249353053615e-10
  },
  "1;7|4": {
    "kci": 0.0
  },
  "1;7|5": {
    "kci": 3.9968028886505635e-15
  },
  "1;7|6": {
    "kci": 0.0
  },
  "1;7|8": {
    "kci": 1.7763568394002505e-15
  },
  "1;7|9": {
    "kci": 0.0
  },
  "1;8|0": {
    "kci": 4.657385588302532e-13
  },
  "1;8|2": {
    "kci": 2.5867641362253835e-11
  },
  "1;8|3": {
    "kci": 4.480591297983949e-08
  },
  "1;8|4": {
    "kci": 0.0
  },
  "1;8|5": {
    "kci": 3.160413042380128e-10
  },
  "1;8|6": {
    "kci": 1.8318679906315083e-14
  },
  "1;8|7": {
    "kci": 0.0007944544765132733
  },
  "1;8|9": {
    "kci": 8.457351408086566e-08
  },
  "1;9|0": {
    "kci": 4.44616949535348e-06
  },
  "1;9|2": {
    "kci": 2.859284730094558e-07
  },