{
  "data_hash": "6192a4d48ba75ebc537dbfd6e3087c52",
  "0;1": {
    "d_separation": 0.0
  },
  "0;2": {
    "d_separation": 0.0
  },
  "0;3": {
    "d_separation": 0.0
  },
  "0;4": {
    "d_separation": 0.0
  },
  "0;5": {
    "d_separation": 0.0
  },
  "0;6": {
    "d_separation": 0.0
  },
  "0;7": {
    "d_separation": 0.0
  },
  "0;8": {
    "d_separation": 0.0
  },
  "0;9": {
    "d_separation": 1.0
  },
  "1;2": {
    "d_separation": 0.0
  },
  "1;3": {
    "d_separation": 0.0
  },
  "1;4": {
    "d_separation": 0.0
  },
  "1;5": {
    "d_separation": 0.0
  },
  "1;6": {
    "d_separation": 0.0
  },
  "1;7": {
    "d_separation": 0.0
  },
  "1;8": {
    "d_separation": 0.0
  },
  "1;9": {
    "d_separation": 0.0
  },
  "2;3": {
    "d_separation": 0.0
  },
  "2;4": {
    "d_separation": 0.0
  },
  "2;5": {
    "d_separation": 0.0
  },
  "2;6": {
    "d_separation": 0.0
  },
  "2;7": {
    "d_separation": 0.0
  },
  "2;8": {
    "d_separation": 0.0
  },
  "2;9": {
    "d_separation": 1.0
  },
  "3;4": {
    "d_separation": 0.0
  },
  "3;5": {
    "d_separation": 0.0
  },
  "3;6": {
    "d_separation": 0.0
  },
  "3;7": {
    "d_separation": 0.0
  },
  "3;8": {
    "d_separation": 0.0
  },
  "3;9": {
    "d_separation": 0.0
  },
  "4;5": {
    "d_separation": 0.0
  },
  "4;6": {
    "d_separation": 0.0
  },
  "4;7": {
    "d_separation": 0.0
  },
  "4;8": {
    "d_separation": 0.0
  },
  "4;9": {
    "d_separation": 0.0
  },
  "5;6": {
    "d_separation": 0.0
  },
  "5;7": {
    "d_separation": 0.0
  },
  "5;8": {
    "d_separation": 0.0
  },
  "5;9": {
    "d_separation": 0.0
  },
  "6;7": {
    "d_separation": 0.0
  },
  "6;8": {
    "d_separation": 0.0
  },
  "6;9": {
    "d_separation": 0.0
  },
  "7;8": {
    "d_separation": 0.0
  },
  "7;9": {
    "d_separation": 0.0
  },
  "8;9": {
    "d_separation": 0.0
  },
  "0;1|2": {
    "kci": 0.002992032730964489
  },
  "0;1|3": {
    "kci": 0.004362099915932505
  },
  "0;1|4": {
    "kci": 0.0027534641854727315
  },
  "0;1|5": {
    "kci": 0.001957062183882252
  },
  "0;1|6": {
    "kci": 0.009035974726545493
  },
  "0;1|7": {
    "kci": 0.024910118952071403
  },
  "0;1|8": {
    "kci": 0.11039051760737995
  },
  "0;2|1": {
    "kci": 0.0
  },
  "0;2|3": {
    "kci": 4.218847493575595e-15
  },
  "0;2|4": {
    "kci": 1.4169443396383485e-11
  },
  "0;2|5": {
    "kci": 0.0
  },
  "0;2|6": {
    "kci": 1.5583090373638697e-12
  },
  "0;2|7": {
    "kci": 2.220446049250313e-16
  },
  "0;2|8": {
    "kci": 5.470957020747846e-12
  },
  "0;3|1": {
    "kci": 0.5315975573649065
  },
  "0;3|2": {
    "kci": 0.4855581231974718
  },
  "0;3|4": {
    "kci": 0.689489385094535
  },
  "0;3|5": {
    "kci": 0.7128945292629469
  },
  "0;3|6": {
    "kci": 0.5715172755592632
  },
  "0;3|7": {
    "kci": 0.644831069764862
  },
  "0;3|8": {
    "kci": 0.5395980981009936
  },
  "0;4|1": {
    "kci": 2.740418091540242e-05
  },
  "0;4|2": {
    "kci": 0.03551304255162635
  },
  "0;4|3": {
    "kci": 3.5202967105019134e-05
  },
  "0;4|5": {
    "kci": 1.169092800012983e-06
  },
  "0;4|6": {
    "kci": 0.018621461079582957
  },
  "0;4|7": {
    "kci": 0.00017761629012535973
  },
  "0;4|8": {
    "kci": 0.005348702073521117
  },
  "0;5|1": {
    "kci": 0.5035461959005115
  },
  "0;5|2": {
    "kci": 0.45019736964261015
  },
  "0;5|3": {
    "kci": 0.3951801090126994
  },
  "0;5|4": {
    "kci": 0.359170947881009
  },
  "0;5|6": {
    "kci": 0.5443259729253922
  },
  "0;5|7": {
    "kci": 0.3282403142878765
  },
  "0;5|8": {
    "kci": 0.47157326496123597
  },
  "0;6|1": {
    "kci": 0.010366264422990934
  },
  "0;6|2": {
    "kci": 0.6327008720722769
  },
  "0;6|3": {
    "kci": 0.0007679436026976072
  },
  "0;6|4": {
    "kci": 0.14015143971271904
  },
  "0;6|5": {
    "kci": 0.009851169254900372
  },
  "0;6|7": {
    "kci": 0.004494800522218068
  },
  "0;6|8": {
    "kci": 0.04162666214498767
  },
  "0;7|1": {
    "kci": 0.001406575904002061
  },
  "0;7|2": {
    "kci": 1.5304135283056297e-05
  },
  "0;7|3": {
    "kci": 1.829142914910875e-07
  },
  "0;7|4": {
    "kci": 3.7891577123749798e-06
  },
  "0;7|5": {
    "kci": 1.167391794343331e-08
  },
  "0;7|6": {
    "kci": 1.6176007713308849e-06
  },
  "0;7|8": {
    "kci": 0.1294594104956508
  },
  "0;8|1": {
    "kci": 0.0013460920194855452
  },
  "0;8|2": {
    "kci": 7.879722523207455e-05
  },
  "0;8|3": {
    "kci": 0.00011244977905744413
  },
  "0;8|4": {
    "kci": 0.002780304347393292
  },
  "0;8|5": {
    "kci": 9.388448246605563e-07
  },
  "0;8|6": {
    "kci": 0.0008907759350743616
  },
  "0;8|7": {
    "kci": 0.11071106008348319
  },
  "0;1|9": {
    "kci": 0.009864454436176562
  },
  "1;2|0": {
    "kci": 0.11570223550814629
  },
  "1;2|3": {
    "kci": 0.6143660432621549
  },
  "1;2|4": {
    "kci": 0.5753289565863227
  },
  "1;2|5": {
    "kci": 0.6885936823989327
  },
  "1;2|6": {
    "kci": 0.5661787938371947
  },
  "1;2|7": {
    "kci": 0.756247627927915
  },
  "1;2|8": {
    "kci": 0.16388346751892402
  },
  "1;2|9": {
    "kci": 0.5402919758077862
  },
  "1;3|0": {
    "kci": 0.6356930232257916
  },
  "1;3|2": {
    "kci": 0.21608754040584532
  },
  "1;3|4": {
    "kci": 0.4360814395710495
  },
  "1;3|5": {
    "kci": 0.2813460490349565
  },
  "1;3|6": {
    "kci": 0.4090605943374419
  },
  "1;3|7": {
    "kci": 0.11847019123221925
  },
  "1;3|8": {
    "kci": 0.21757986938235319
  },
  "1;3|9": {
    "kci": 0.33786783688254285
  },
  "1;4|0": {
    "kci": 0.7464268339771312
  },
  "1;4|2": {
    "kci": 0.7178991645894977
  },
  "1;4|3": {
    "kci": 0.6639960023874238
  },
  "1;4|5": {
    "kci": 0.7464313513753511
  },
  "1;4|6": {
    "kci": 0.539962371109495
  },
  "1;4|7": {
    "kci": 0.06157510791871168
  },
  "1;4|8": {
    "kci": 0.06402838625053509
  },
  "1;4|9": {
    "kci": 0.7325753428492421
  },
  "1;5|0": {
    "kci": 0.7993198932165799
  },
  "1;5|2": {
    "kci": 0.6433079858599038
  },
  "1;5|3": {
    "kci": 0.7033336083488675
  },
  "1;5|4": {
    "kci": 0.7494337888130654
  },
  "1;5|6": {
    "kci": 0.7892780294050843
  },
  "1;5|7": {
    "kci": 0.2127605009540643
  },
  "1;5|8": {
    "kci": 0.556468813755248
  },
  "1;5|9": {
    "kci": 0.7135872371872065
  },
  "1;6|0": {
    "kci": 0.6856220322891973
  },
  "1;6|2": {
    "kci": 0.44961962855550686
  },
  "1;6|3": {
    "kci": 0.3645472074202263
  },
  "1;6|4": {
    "kci": 0.4123586373428003
  },
  "1;6|5": {
    "kci": 0.4980522848100587
  },
  "1;6|7": {
    "kci": 0.3141521742697305
  },
  "1;6|8": {
    "kci": 0.642047480191805
  },
  "1;6|9": {
    "kci": 0.5593800976073737
  },
  "1;7|0": {
    "kci": 0.0
  },
  "1;7|2": {
    "kci": 0.0
  },
  "1;7|3": {
    "kci": 0.0
  },
  "1;7|4": {
    "kci": 0.0
  },
  "1;7|5": {
    "kci": 0.0
  },
  "1;7|6": {
    "kci": 0.0
  },
  "1;7|8": {
    "kci": 0.0
  },
  "1;7|9": {
    "kci": 0.0
  },
  "1;8|0": {
    "kci": 1.1020245426207609e-06
  },
  "1;8|2": {
    "kci": 1.1908743979827108e-07
  },
  "1;8|3": {
    "kci": 9.069241868608913e-08
  },
  "1;8|4": {
    "kci": 8.67824195838196e-08
  },
  "1;8|5": {
    "kci": 5.88418203051333e-15
  },
  "1;8|6": {
    "kci": 1.083906753240882e-08
  },
  "1;8|7": {
    "kci": 0.490049717286248
  },
  "1;8|9": {
    "kci": 2.7013904035921854e-07
  },
  "1;9|0": {
    "kci": 0.056601774102367
  },
  "1;9|2": {
    "kci": 0.06409725804118427
  },
  "1;9|3": {
    "kci": 0.16620991770273652
  },
  "1;9|4": {
    "kci": 0.12890188268263725
  },
  "1;9|5": {
    "kci": 0.04865823221227694
  },
  "1;9|6": {
    "kci": 0.054568531675899035
  },
  "1;9|7": {
    "kci": 0.4043567898213122
  },
  "1;9|8": {
    "kci": 0.37012154227338145
  },
  "2;3|0": {
    "kci": 0.4920747295039679
  },
  "2;3|1": {
    "kci": 0.3162705286517654
  },
  "2;3|4": {
    "kci": 0.22279808723205208
  },
  "2;3|5": {
    "kci": 0.2554000168589541
  },
  "2;3|6": {
    "kci": 0.1867604552986737
  },
  "2;3|7": {
    "kci": 0.26399104723468814
  },
  "2;3|8": {
    "kci": 0.3216932677877281
  },