{
  "data_hash": "64222eeafdeadf3528ed148d85a262a3",
  "0;1": {
    "d_separation": 0.0
  },
  "0;2": {
    "d_separation": 0.0
  },
  "0;3": {
    "d_separation": 0.0
  },
  "0;4": {
    "d_separation": 0.0
  },
  "0;5": {
    "d_separation": 0.0
  },
  "0;6": {
    "d_separation": 0.0
  },
  "0;7": {
    "d_separation": 0.0
  },
  "0;8": {
    "d_separation": 0.0
  },
  "0;9": {
    "d_separation": 0.0
  },
  "1;2": {
    "d_separation": 0.0
  },
  "1;3": {
    "d_separation": 0.0
  },
  "1;4": {
    "d_separation": 0.0
  },
  "1;5": {
    "d_separation": 0.0
  },
  "1;6": {
    "d_separation": 0.0
  },
  "1;7": {
    "d_separation": 0.0
  },
  "1;8": {
    "d_separation": 0.0
  },
  "1;9": {
    "d_separation": 0.0
  },
  "2;3": {
    "d_separation": 0.0
  },
  "2;4": {
    "d_separation": 0.0
  },
  "2;5": {
    "d_separation": 0.0
  },
  "2;6": {
    "d_separation": 0.0
  },
  "2;7": {
    "d_separation": 0.0
  },
  "2;8": {
    "d_separation": 0.0
  },
  "2;9": {
    "d_separation": 0.0
  },
  "3;4": {
    "d_separation": 0.0
  },
  "3;5": {
    "d_separation": 0.0
  },
  "3;6": {
    "d_separation": 0.0
  },
  "3;7": {
    "d_separation": 0.0
  },
  "3;8": {
    "d_separation": 0.0
  },
  "3;9": {
    "d_separation": 0.0
  },
  "4;5": {
    "d_separation": 0.0
  },
  "4;6": {
    "d_separation": 0.0
  },
  "4;7": {
    "d_separation": 0.0
  },
  "4;8": {
    "d_separation": 0.0
  },
  "4;9": {
    "d_separation": 0.0
  },
  "5;6": {
    "d_separation": 0.0
  },
  "5;7": {
    "d_separation": 0.0
  },
  "5;8": {
    "d_separation": 0.0
  },
  "5;9": {
    "d_separation": 0.0
  },
  "6;7": {
    "d_separation": 0.0
  },
  "6;8": {
    "d_separation": 0.0
  },
  "6;9": {
    "d_separation": 0.0
  },
  "7;8": {
    "d_separation": 0.0
  },
  "7;9": {
    "d_separation": 0.0
  },
  "8;9": {
    "d_separation": 0.0
  },
  "0;1|2": {
    "kci": 0.09483593754769681
  },
  "0;1|3": {
    "kci": 0.16718745663124257
  },
  "0;1|4": {
    "kci": 0.08815114303843952
  },
  "0;1|5": {
    "kci": 0.20408949646357244
  },
  "0;1|6": {
    "kci": 0.03778589953464373
  },
  "0;1|7": {
    "kci": 0.13238952231373713
  },
  "0;1|8": {
    "kci": 0.07458751125369034
  },
  "0;1|9": {
    "kci": 0.09449679364182695
  },
  "0;2|1": {
    "kci": 0.5258603380490108
  },
  "0;2|3": {
    "kci": 0.3623398775735821
  },
  "0;2|4": {
    "kci": 0.632516016738289
  },
  "0;2|5": {
    "kci": 0.5390842934626181
  },
  "0;2|6": {
    "kci": 0.71502472982166
  },
  "0;2|7": {
    "kci": 0.6311651527829161
  },
  "0;2|8": {
    "kci": 0.6324927460486742
  },
  "0;2|9": {
    "kci": 0.6023822281983644
  },
  "0;3|1": {
    "kci": 0.5050891687754071
  },
  "0;3|2": {
    "kci": 0.5881047941870328
  },
  "0;3|4": {
    "kci": 0.4907607555171466
  },
  "0;3|5": {
    "kci": 0.564927322810775
  },
  "0;3|6": {
    "kci": 0.712465248775277
  },
  "0;3|7": {
    "kci": 0.42619496538454205
  },
  "0;3|8": {
    "kci": 0.4338334508460956
  },
  "0;3|9": {
    "kci": 0.49955580786952747
  },
  "0;4|1": {
    "kci": 0.5264941571489157
  },
  "0;4|2": {
    "kci": 0.4237263894116803
  },
  "0;4|3": {
    "kci": 0.5080259363224235
  },
  "0;4|5": {
    "kci": 0.3823899624511802
  },
  "0;4|6": {
    "kci": 0.37985192518724353
  },
  "0;4|7": {
    "kci": 0.6432011607237456
  },
  "0;4|8": {
    "kci": 0.4217629994392419
  },
  "0;4|9": {
    "kci": 0.40727331582998816
  },
  "0;5|1": {
    "kci": 0.1473855195013516
  },
  "0;5|2": {
    "kci": 0.013270494057356252
  },
  "0;5|3": {
    "kci": 0.1082003114349589
  },
  "0;5|4": {
    "kci": 0.013188770746413558
  },
  "0;5|6": {
    "kci": 0.012551460240419976
  },
  "0;5|7": {
    "kci": 0.005541586617214711
  },
  "0;5|8": {
    "kci": 0.033884158032531864
  },
  "0;5|9": {
    "kci": 0.03261842527547332
  },
  "0;6|1": {
    "kci": 0.12541748320356594
  },
  "0;6|2": {
    "kci": 0.16674230174727867
  },
  "0;6|3": {
    "kci": 0.18717847367137685
  },
  "0;6|4": {
    "kci": 0.12277056217556526
  },
  "0;6|5": {
    "kci": 0.1828263401739303
  },
  "0;6|7": {
    "kci": 0.03885109110250207
  },
  "0;6|8": {
    "kci": 0.06475409649152875
  },
  "0;6|9": {
    "kci": 0.14316345475649728
  },
  "0;7|1": {
    "kci": 0.3095110005127285
  },
  "0;7|2": {
    "kci": 0.2525494331614002
  },
  "0;7|3": {
    "kci": 0.21053259889518916
  },
  "0;7|4": {
    "kci": 0.25657192076397917
  },
  "0;7|5": {
    "kci": 0.15311511982257175
  },
  "0;7|6": {
    "kci": 0.18942671985396964
  },
  "0;7|8": {
    "kci": 0.23049023046661699
  },
  "0;7|9": {
    "kci": 0.2566590317718821
  },
  "0;8|1": {
    "kci": 0.7023753727888337
  },
  "0;8|2": {
    "kci": 0.7227500060208908
  },
  "0;8|3": {
    "kci": 0.7199031168398331
  },
  "0;8|4": {
    "kci": 0.7419559643900278
  },
  "0;8|5": {
    "kci": 0.6809435415054637
  },
  "0;8|6": {
    "kci": 0.6748896700034765
  },
  "0;8|7": {
    "kci": 0.5698225982488385
  },
  "0;8|9": {
    "kci": 0.7375818359806059
  },
  "0;9|1": {
    "kci": 0.405407640278429
  },
  "0;9|2": {
    "kci": 0.25683955149022264
  },
  "0;9|3": {
    "kci": 0.39175848591839146
  },
  "0;9|4": {
    "kci": 0.2699186166405856
  },
  "0;9|5": {
    "kci": 0.4088029929944177
  },
  "0;9|6": {
    "kci": 0.39080312270952755
  },
  "0;9|7": {
    "kci": 0.2897694194052155
  },
  "0;9|8": {
    "kci": 0.35301001466887627
  },
  "1;2|0": {
    "kci": 0.08506320385914634
  },
  "1;2|3": {
    "kci": 0.1797753398621592
  },
  "1;2|4": {
    "kci": 0.08763940316867302
  },
  "1;2|5": {
    "kci": 0.2527125566640841
  },
  "1;2|6": {
    "kci": 0.1106585647781082
  },
  "1;2|7": {
    "kci": 0.16013423537018745
  },
  "1;2|8": {
    "kci": 0.09430442809382211
  },
  "1;2|9": {
    "kci": 0.08477475195940387
  },
  "1;3|0": {
    "kci": 0.7811081652182341
  },
  "1;3|2": {
    "kci": 0.7793815929476918
  },
  "1;3|4": {
    "kci": 0.8458364167062365
  },
  "1;3|5": {
    "kci": 0.584516387498218
  },
  "1;3|6": {
    "kci": 0.32206354019964323
  },
  "1;3|7": {
    "kci": 0.573616120968832
  },
  "1;3|8": {
    "kci": 0.6740131593823144
  },
  "1;3|9": {
    "kci": 0.6923943976182277
  },
  "1;4|0": {
    "kci": 0.32385959303484413
  },
  "1;4|2": {
    "kci": 0.32615627012241977
  },
  "1;4|3": {
    "kci": 0.30914701321908755
  },
  "1;4|5": {
    "kci": 0.3222578905727762
  },
  "1;4|6": {
    "kci": 0.308843146707083
  },
  "1;4|7": {
    "kci": 0.3187959458879772
  },
  "1;4|8": {
    "kci": 0.32784686535006
  },
  "1;4|9": {
    "kci": 0.32563516809682413
  },
  "1;5|0": {
    "kci": 0.005295522460207813
  },
  "1;5|2": {
    "kci": 0.006384738680386914
  },
  "1;5|3": {
    "kci": 0.004017078520311634
  },
  "1;5|4": {
    "kci": 0.002858177183488686
  },
  "1;5|6": {
    "kci": 0.007172940269870143
  },
  "1;5|7": {
    "kci": 0.004541700091934331
  },
  "1;5|8": {
    "kci": 0.01684416693985047
  },
  "1;5|9": {
    "kci": 0.0063787604776205376
  },
  "1;6|0": {
    "kci": 0.8683232881537806
  },
  "1;6|2": {
    "kci": 0.8900186662371146
  },
  "1;6|3": {
    "kci": 0.28582320577540865
  },
  "1;6|4": {
    "kci": 0.9086958428430956
  },
  "1;6|5": {
    "kci": 0.8189686598845585
  },
  "1;6|7": {
    "kci": 0.8709287669504284
  },
  "1;6|8": {
    "kci": 0.7398279498415543
  },
  "1;6|9": {
    "kci": 0.8966761382498687
  },
  "1;7|0": {
    "kci": 0.12024866504867837
  },
  "1;7|2": {
    "kci": 0.03818338940750188
  },
  "1;7|3": {
    "kci": 0.06414498999716589
  },
  "1;7|4": {
    "kci": 0.15090547305163626
  },
  "1;7|5": {
    "kci": 0.01268343321131249
  },
  "1;7|6": {
    "kci": 0.04545575291464421
  },
  "1;7|8": {
    "kci": 0.07305480761105532
  },
  "1;7|9": {
    "kci": 0.059570901037583335
  },
  "1;8|0": {
    "kci": 0.39790188886799527
  },
  "1;8|2": {
    "kci": 0.37749465571789065
  },
  "1;8|3": {
    "kci": 0.12106560292753121
  },
  "1;8|4": {
    "kci": 0.37707845069180235
  },
  "1;8|5": {
    "kci": 0.34989180803605613
  },
  "1;8|6": {
    "kci": 0.031266627653370405
  },