{
  "data_hash": "649550f0cd8e822c1830e46abcbbc363",
  "0;1": {
    "d_separation": 0.0
  },
  "0;2": {
    "d_separation": 0.0
  },
  "0;3": {
    "d_separation": 0.0
  },
  "0;4": {
    "d_separation": 0.0
  },
  "0;5": {
    "d_separation": 0.0
  },
  "0;6": {
    "d_separation": 0.0
  },
  "0;7": {
    "d_separation": 0.0
  },
  "0;8": {
    "d_separation": 0.0
  },
  "0;9": {
    "d_separation": 0.0
  },
  "1;2": {
    "d_separation": 0.0
  },
  "1;3": {
    "d_separation": 0.0
  },
  "1;4": {
    "d_separation": 0.0
  },
  "1;5": {
    "d_separation": 0.0
  },
  "1;6": {
    "d_separation": 0.0
  },
  "1;7": {
    "d_separation": 0.0
  },
  "1;8": {
    "d_separation": 0.0
  },
  "1;9": {
    "d_separation": 0.0
  },
  "2;3": {
    "d_separation": 0.0
  },
  "2;4": {
    "d_separation": 0.0
  },
  "2;5": {
    "d_separation": 0.0
  },
  "2;6": {
    "d_separation": 0.0
  },
  "2;7": {
    "d_separation": 0.0
  },
  "2;8": {
    "d_separation": 0.0
  },
  "2;9": {
    "d_separation": 0.0
  },
  "3;4": {
    "d_separation": 0.0
  },
  "3;5": {
    "d_separation": 0.0
  },
  "3;6": {
    "d_separation": 0.0
  },
  "3;7": {
    "d_separation": 0.0
  },
  "3;8": {
    "d_separation": 0.0
  },
  "3;9": {
    "d_separation": 0.0
  },
  "4;5": {
    "d_separation": 0.0
  },
  "4;6": {
    "d_separation": 0.0
  },
  "4;7": {
    "d_separation": 0.0
  },
  "4;8": {
    "d_separation": 0.0
  },
  "4;9": {
    "d_separation": 0.0
  },
  "5;6": {
    "d_separation": 0.0
  },
  "5;7": {
    "d_separation": 0.0
  },
  "5;8": {
    "d_separation": 0.0
  },
  "5;9": {
    "d_separation": 0.0
  },
  "6;7": {
    "d_separation": 0.0
  },
  "6;8": {
    "d_separation": 0.0
  },
  "6;9": {
    "d_separation": 0.0
  },
  "7;8": {
    "d_separation": 0.0
  },
  "7;9": {
    "d_separation": 0.0
  },
  "8;9": {
    "d_separation": 0.0
  },
  "0;1|2": {
    "kci": 0.016440005138005365
  },
  "0;1|3": {
    "kci": 0.31969285557689986
  },
  "0;1|4": {
    "kci": 0.001232826541935017
  },
  "0;1|5": {
    "kci": 0.02391906015340961
  },
  "0;1|6": {
    "kci": 0.02360482927468377
  },
  "0;1|7": {
    "kci": 0.02442089676084469
  },
  "0;1|8": {
    "kci": 0.060026667634872855
  },
  "0;1|9": {
    "kci": 0.044147396745315315
  },
  "0;2|1": {
    "kci": 0.580624118710336
  },
  "0;2|3": {
    "kci": 0.35270235925314053
  },
  "0;2|4": {
    "kci": 0.5938163251742903
  },
  "0;2|5": {
    "kci": 0.3339188224533649
  },
  "0;2|6": {
    "kci": 0.3295487194246556
  },
  "0;2|7": {
    "kci": 0.4465504454580308
  },
  "0;2|8": {
    "kci": 0.4861510305967457
  },
  "0;2|9": {
    "kci": 0.305571149108558
  },
  "0;3|1": {
    "kci": 2.9481461369607054e-05
  },
  "0;3|2": {
    "kci": 1.1631002420076086e-06
  },
  "0;3|4": {
    "kci": 5.833775462704693e-09
  },
  "0;3|5": {
    "kci": 0.0016597663757216274
  },
  "0;3|6": {
    "kci": 0.00018839316300933717
  },
  "0;3|7": {
    "kci": 2.4837144618761187e-07
  },
  "0;3|8": {
    "kci": 8.408892296918324e-07
  },
  "0;3|9": {
    "kci": 3.222156419457889e-08
  },
  "0;4|1": {
    "kci": 0.04303693050343682
  },
  "0;4|2": {
    "kci": 0.0884046478378907
  },
  "0;4|3": {
    "kci": 0.006512124398198704
  },
  "0;4|5": {
    "kci": 0.13993944359483113
  },
  "0;4|6": {
    "kci": 0.02867616749906854
  },
  "0;4|7": {
    "kci": 0.08009348935237681
  },
  "0;4|8": {
    "kci": 0.09287836827143336
  },
  "0;4|9": {
    "kci": 0.1424611419887849
  },
  "0;5|1": {
    "kci": 0.07748965119360318
  },
  "0;5|2": {
    "kci": 0.01245264888991604
  },
  "0;5|3": {
    "kci": 0.018454243557544103
  },
  "0;5|4": {
    "kci": 0.010520469483907835
  },
  "0;5|6": {
    "kci": 0.13177208805799845
  },
  "0;5|7": {
    "kci": 0.03242302331374025
  },
  "0;5|8": {
    "kci": 0.021484341968509235
  },
  "0;5|9": {
    "kci": 0.007398325503208847
  },
  "0;6|1": {
    "kci": 0.2190775865188369
  },
  "0;6|2": {
    "kci": 0.2614717533238283
  },
  "0;6|3": {
    "kci": 0.40236385637986705
  },
  "0;6|4": {
    "kci": 0.1408928859074583
  },
  "0;6|5": {
    "kci": 0.362575843657146
  },
  "0;6|7": {
    "kci": 0.37923756589740143
  },
  "0;6|8": {
    "kci": 0.23254226563248526
  },
  "0;6|9": {
    "kci": 0.3193023920003284
  },
  "0;7|1": {
    "kci": 0.013095477879616735
  },
  "0;7|2": {
    "kci": 0.012817371366148245
  },
  "0;7|3": {
    "kci": 0.0643179534702043
  },
  "0;7|4": {
    "kci": 0.014701855340736092
  },
  "0;7|5": {
    "kci": 0.036198988629896345
  },
  "0;7|6": {
    "kci": 0.09325053762025115
  },
  "0;7|8": {
    "kci": 0.011206074893465923
  },
  "0;7|9": {
    "kci": 0.03041954098924804
  },
  "0;8|1": {
    "kci": 0.04357711762768102
  },
  "0;8|2": {
    "kci": 0.003954701625150658
  },
  "0;8|3": {
    "kci": 0.02482745874795167
  },
  "0;8|4": {
    "kci": 0.0018374049523862679
  },
  "0;8|5": {
    "kci": 0.06202838553876644
  },
  "0;8|6": {
    "kci": 0.003995544306541254
  },
  "0;8|7": {
    "kci": 0.01586312717072369
  },
  "0;8|9": {
    "kci": 0.035366247510710824
  },
  "0;9|1": {
    "kci": 0.4566470305097653
  },
  "0;9|2": {
    "kci": 0.14730896637900148
  },
  "0;9|3": {
    "kci": 0.3080307541272097
  },
  "0;9|4": {
    "kci": 0.06581137812672477
  },
  "0;9|5": {
    "kci": 0.25065303650533477
  },
  "0;9|6": {
    "kci": 0.3250328352248629
  },
  "0;9|7": {
    "kci": 0.20207216518237048
  },
  "0;9|8": {
    "kci": 0.36239763484564236
  },
  "1;2|0": {
    "kci": 0.38408948636722995
  },
  "1;2|3": {
    "kci": 0.24273060557577086
  },
  "1;2|4": {
    "kci": 0.4767294488345869
  },
  "1;2|5": {
    "kci": 0.11619499774823905
  },
  "1;2|6": {
    "kci": 0.29787446082513513
  },
  "1;2|7": {
    "kci": 0.5311740221534931
  },
  "1;2|8": {
    "kci": 0.43215744645440224
  },
  "1;2|9": {
    "kci": 0.1208248353755319
  },
  "1;3|0": {
    "kci": 3.9720566835654836e-09
  },
  "1;3|2": {
    "kci": 3.986810881428937e-12
  },
  "1;3|4": {
    "kci": 1.3322676295501878e-15
  },
  "1;3|5": {
    "kci": 2.433164780768493e-11
  },
  "1;3|6": {
    "kci": 2.3252400005446816e-11
  },
  "1;3|7": {
    "kci": 4.6071679804526866e-10
  },
  "1;3|8": {
    "kci": 1.9477752744023746e-12
  },
  "1;3|9": {
    "kci": 1.3205436744101462e-11
  },
  "1;4|0": {
    "kci": 0.06839411302850096
  },
  "1;4|2": {
    "kci": 0.07976354762113891
  },
  "1;4|3": {
    "kci": 0.3204654998421679
  },
  "1;4|5": {
    "kci": 0.3928486663091282
  },
  "1;4|6": {
    "kci": 0.34945510726906615
  },
  "1;4|7": {
    "kci": 0.134826217923673
  },
  "1;4|8": {
    "kci": 0.061626090274528145
  },
  "1;4|9": {
    "kci": 0.02858172091714528
  },
  "1;5|0": {
    "kci": 0.012808052889492605
  },
  "1;5|2": {
    "kci": 0.00038707080879973876
  },
  "1;5|3": {
    "kci": 0.027392088193741726
  },
  "1;5|4": {
    "kci": 0.003108936891071723
  },
  "1;5|6": {
    "kci": 0.005059861399303256
  },
  "1;5|7": {
    "kci": 0.014979067503438248
  },
  "1;5|8": {
    "kci": 0.0005256610215935709
  },
  "1;5|9": {
    "kci": 0.0013785229643221708
  },
  "1;6|0": {
    "kci": 0.27719845970555057
  },
  "1;6|2": {
    "kci": 0.11383260014971175
  },
  "1;6|3": {
    "kci": 0.2597824437864892
  },
  "1;6|4": {
    "kci": 0.22182611881242909
  },
  "1;6|5": {
    "kci": 0.6493592246505349
  },
  "1;6|7": {
    "kci": 0.07868045885180774
  },
  "1;6|8": {
    "kci": 0.15611628823787305
  },
  "1;6|9": {
    "kci": 0.24085721076203814
  },
  "1;7|0": {
    "kci": 0.007243575413298786
  },
  "1;7|2": {
    "kci": 0.006744743031267153
  },
  "1;7|3": {
    "kci": 0.004206389397959143
  },
  "1;7|4": {
    "kci": 0.0009845791737563836
  },
  "1;7|5": {
    "kci": 0.0033176562344522376
  },
  "1;7|6": {
    "kci": 0.022033628766637836
  },
  "1;7|8": {
    "kci": 0.003725625148641276
  },
  "1;7|9": {
    "kci": 0.007719026583321131
  },
  "1;8|0": {
    "kci": 0.34641800421530156
  },
  "1;8|2": {
    "kci": 0.054408119007721356
  },
  "1;8|3": {
    "kci": 0.11451192794067944
  },
  "1;8|4": {
    "kci": 0.06471574480027054
  },