{
  "data_hash": "64d550a451af0b950be904dbda0db4ce",
  "0;1": {
    "d_separation": 0.0
  },
  "0;2": {
    "d_separation": 0.0
  },
  "0;3": {
    "d_separation": 0.0
  },
  "0;4": {
    "d_separation": 0.0
  },
  "0;5": {
    "d_separation": 0.0
  },
  "0;6": {
    "d_separation": 0.0
  },
  "0;7": {
    "d_separation": 0.0
  },
  "0;8": {
    "d_separation": 0.0
  },
  "0;9": {
    "d_separation": 0.0
  },
  "1;2": {
    "d_separation": 0.0
  },
  "1;3": {
    "d_separation": 0.0
  },
  "1;4": {
    "d_separation": 0.0
  },
  "1;5": {
    "d_separation": 0.0
  },
  "1;6": {
    "d_separation": 0.0
  },
  "1;7": {
    "d_separation": 0.0
  },
  "1;8": {
    "d_separation": 0.0
  },
  "1;9": {
    "d_separation": 0.0
  },
  "2;3": {
    "d_separation": 0.0
  },
  "2;4": {
    "d_separation": 0.0
  },
  "2;5": {
    "d_separation": 0.0
  },
  "2;6": {
    "d_separation": 0.0
  },
  "2;7": {
    "d_separation": 0.0
  },
  "2;8": {
    "d_separation": 0.0
  },
  "2;9": {
    "d_separation": 0.0
  },
  "3;4": {
    "d_separation": 0.0
  },
  "3;5": {
    "d_separation": 0.0
  },
  "3;6": {
    "d_separation": 0.0
  },
  "3;7": {
    "d_separation": 0.0
  },
  "3;8": {
    "d_separation": 0.0
  },
  "3;9": {
    "d_separation": 1.0
  },
  "4;5": {
    "d_separation": 0.0
  },
  "4;6": {
    "d_separation": 0.0
  },
  "4;7": {
    "d_separation": 0.0
  },
  "4;8": {
    "d_separation": 0.0
  },
  "4;9": {
    "d_separation": 1.0
  },
  "5;6": {
    "d_separation": 0.0
  },
  "5;7": {
    "d_separation": 0.0
  },
  "5;8": {
    "d_separation": 0.0
  },
  "5;9": {
    "d_separation": 0.0
  },
  "6;7": {
    "d_separation": 0.0
  },
  "6;8": {
    "d_separation": 0.0
  },
  "6;9": {
    "d_separation": 0.0
  },
  "7;8": {
    "d_separation": 0.0
  },
  "7;9": {
    "d_separation": 0.0
  },
  "8;9": {
    "d_separation": 0.0
  },
  "0;1|2": {
    "fisherz": 0.2928679730605619
  },
  "0;1|3": {
    "fisherz": 0.29442942933802563
  },
  "0;1|4": {
    "fisherz": 0.2906489583365983
  },
  "0;1|5": {
    "fisherz": 0.304218422475401
  },
  "0;1|6": {
    "fisherz": 0.266699875101827
  },
  "0;1|7": {
    "fisherz": 0.2938430879109899
  },
  "0;1|8": {
    "fisherz": 0.2851844613973058
  },
  "0;1|9": {
    "fisherz": 0.2885948157503857
  },
  "0;2|1": {
    "fisherz": 0.940161290785724
  },
  "0;2|3": {
    "fisherz": 0.8455192243379004
  },
  "0;2|4": {
    "fisherz": 0.866013454982006
  },
  "0;2|5": {
    "fisherz": 0.8585749031578656
  },
  "0;2|6": {
    "fisherz": 0.8443068875035438
  },
  "0;2|7": {
    "fisherz": 0.8344904473769763
  },
  "0;2|8": {
    "fisherz": 0.8446470620268474
  },
  "0;2|9": {
    "fisherz": 0.8805570242768639
  },
  "0;3|1": {
    "fisherz": 0.8551321410106967
  },
  "0;3|2": {
    "fisherz": 0.7873261473022151
  },
  "0;3|4": {
    "fisherz": 0.7802798986909831
  },
  "0;3|5": {
    "fisherz": 0.7330687617924923
  },
  "0;3|6": {
    "fisherz": 0.7874424145890024
  },
  "0;3|7": {
    "fisherz": 0.7902124405963371
  },
  "0;3|8": {
    "fisherz": 0.7872594577138108
  },
  "0;3|9": {
    "fisherz": 0.8076698005696696
  },
  "0;4|1": {
    "fisherz": 0.8489225946570336
  },
  "0;4|2": {
    "fisherz": 0.8249578213652828
  },
  "0;4|3": {
    "fisherz": 0.8011334823971488
  },
  "0;4|5": {
    "fisherz": 0.8968300840927776
  },
  "0;4|6": {
    "fisherz": 0.81144064653156
  },
  "0;4|7": {
    "fisherz": 0.7796903184862354
  },
  "0;4|8": {
    "fisherz": 0.8068376353674103
  },
  "0;4|9": {
    "fisherz": 0.8561402141046448
  },
  "0;5|1": {
    "fisherz": 0.6408801477277768
  },
  "0;5|2": {
    "fisherz": 0.5873968221111743
  },
  "0;5|3": {
    "fisherz": 0.557421997642392
  },
  "0;5|4": {
    "fisherz": 0.6107900214770925
  },
  "0;5|6": {
    "fisherz": 0.5832841484040256
  },
  "0;5|7": {
    "fisherz": 0.5486538137387094
  },
  "0;5|8": {
    "fisherz": 0.5832603268057801
  },
  "0;5|9": {
    "fisherz": 0.5938769686222927
  },
  "0;6|1": {
    "fisherz": 0.7440081951370217
  },
  "0;6|2": {
    "fisherz": 0.910774628423729
  },
  "0;6|3": {
    "fisherz": 0.9132411483261322
  },
  "0;6|4": {
    "fisherz": 0.918559769222776
  },
  "0;6|5": {
    "fisherz": 0.9118156126873183
  },
  "0;6|7": {
    "fisherz": 0.9191211425493251
  },
  "0;6|8": {
    "fisherz": 0.9201494059247666
  },
  "0;6|9": {
    "fisherz": 0.9013769974508934
  },
  "0;7|1": {
    "fisherz": 0.7883286154405971
  },
  "0;7|2": {
    "fisherz": 0.7350073619795376
  },
  "0;7|3": {
    "fisherz": 0.7437508991250765
  },
  "0;7|4": {
    "fisherz": 0.7197827741119096
  },
  "0;7|5": {
    "fisherz": 0.6819493083356529
  },
  "0;7|6": {
    "fisherz": 0.7433259899179665
  },
  "0;7|8": {
    "fisherz": 0.7408299562716518
  },
  "0;7|9": {
    "fisherz": 0.7235815322103574
  },
  "0;8|1": {
    "fisherz": 0.9352614591256494
  },
  "0;8|2": {
    "fisherz": 0.952148020838123
  },
  "0;8|3": {
    "fisherz": 0.9548006769534709
  },
  "0;8|4": {
    "fisherz": 0.9462933160622788
  },
  "0;8|5": {
    "fisherz": 0.9527082756136089
  },
  "0;8|6": {
    "fisherz": 0.9716493068568757
  },
  "0;8|7": {
    "fisherz": 0.9515114156529707
  },
  "0;8|9": {
    "fisherz": 0.9289516172811689
  },
  "0;9|1": {
    "fisherz": 0.7151942737422283
  },
  "0;9|2": {
    "fisherz": 0.7180699222719538
  },
  "0;9|3": {
    "fisherz": 0.7161516490720952
  },
  "0;9|4": {
    "fisherz": 0.7288332608889063
  },
  "0;9|5": {
    "fisherz": 0.7190256130575841
  },
  "0;9|6": {
    "fisherz": 0.6993575922064514
  },
  "0;9|7": {
    "fisherz": 0.6873612215090013
  },
  "0;9|8": {
    "fisherz": 0.6980379208594192
  },
  "1;2|0": {
    "fisherz": 0.119991411301829
  },
  "1;2|3": {
    "fisherz": 0.1144690304336542
  },
  "1;2|4": {
    "fisherz": 0.13238414806818066
  },
  "1;2|5": {
    "fisherz": 0.12357945313583452
  },
  "1;2|6": {
    "fisherz": 0.05980139816473029
  },
  "1;2|7": {
    "fisherz": 0.10767338741910204
  },
  "1;2|8": {
    "fisherz": 0.12243181242908241
  },
  "1;2|9": {
    "fisherz": 0.12124924795357472
  },
  "1;3|0": {
    "fisherz": 0.2590213780035244
  },
  "1;3|2": {
    "fisherz": 0.2444141941937814
  },
  "1;3|4": {
    "fisherz": 0.2393341151490398
  },
  "1;3|5": {
    "fisherz": 0.19304045918571155
  },
  "1;3|6": {
    "fisherz": 0.19130891122000016
  },
  "1;3|7": {
    "fisherz": 0.2536023037460944
  },
  "1;3|8": {
    "fisherz": 0.2563421439391278
  },
  "1;3|9": {
    "fisherz": 0.25706022035509024
  },
  "1;4|0": {
    "fisherz": 0.5176926615986357
  },
  "1;4|2": {
    "fisherz": 0.613099189766515
  },
  "1;4|3": {
    "fisherz": 0.47448176596687297
  },
  "1;4|5": {
    "fisherz": 0.6559208689736964
  },
  "1;4|6": {
    "fisherz": 0.5289145348832653
  },
  "1;4|7": {
    "fisherz": 0.44580292850915937
  },
  "1;4|8": {
    "fisherz": 0.5260525102434817
  },
  "1;4|9": {
    "fisherz": 0.5250362755241296
  },
  "1;5|0": {
    "fisherz": 0.2860389181286247
  },
  "1;5|2": {
    "fisherz": 0.2850234943907928
  },
  "1;5|3": {
    "fisherz": 0.20561475520114114
  },
  "1;5|4": {
    "fisherz": 0.3224655748805021
  },
  "1;5|6": {
    "fisherz": 0.21241354539557888
  },
  "1;5|7": {
    "fisherz": 0.21755613376435257
  },
  "1;5|8": {
    "fisherz": 0.2722958886043356
  },
  "1;5|9": {
    "fisherz": 0.27266012526205907
  },
  "1;6|0": {
    "fisherz": 1.675893979147247e-08
  },
  "1;6|2": {
    "fisherz": 9.778780674096765e-09
  },
  "1;6|3": {
    "fisherz": 1.425490658846229e-08
  },
  "1;6|4": {
    "fisherz": 1.806925697955819e-08
  },
  "1;6|5": {
    "fisherz": 1.4728347874637393e-08
  },
  "1;6|7": {
    "fisherz": 1.781046332638425e-08
  },
  "1;6|8": {
    "fisherz": 8.540920859445578e-09
  },
  "1;6|9": {
    "fisherz": 1.5712462664296822e-08
  },
  "1;7|0": {
    "fisherz": 0.4310121908345801
  },
  "1;7|2": {
    "fisherz": 0.37269989440001705
  },
  "1;7|3": {
    "fisherz": 0.421273362235159
  },
  "1;7|4": {
    "fisherz": 0.37180022751772457
  },
  "1;7|5": {
    "fisherz": 0.32827403435609304
  },