{
  "data_hash": "663c42b602747f16d556490196148794",
  "0;1": {
    "d_separation": 0.0
  },
  "0;2": {
    "d_separation": 0.0
  },
  "0;3": {
    "d_separation": 0.0
  },
  "0;4": {
    "d_separation": 0.0
  },
  "0;5": {
    "d_separation": 0.0
  },
  "0;6": {
    "d_separation": 0.0
  },
  "0;7": {
    "d_separation": 1.0
  },
  "0;8": {
    "d_separation": 0.0
  },
  "0;9": {
    "d_separation": 0.0
  },
  "1;2": {
    "d_separation": 0.0
  },
  "1;3": {
    "d_separation": 0.0
  },
  "1;4": {
    "d_separation": 0.0
  },
  "1;5": {
    "d_separation": 0.0
  },
  "1;6": {
    "d_separation": 0.0
  },
  "1;7": {
    "d_separation": 0.0
  },
  "1;8": {
    "d_separation": 0.0
  },
  "1;9": {
    "d_separation": 0.0
  },
  "2;3": {
    "d_separation": 0.0
  },
  "2;4": {
    "d_separation": 0.0
  },
  "2;5": {
    "d_separation": 0.0
  },
  "2;6": {
    "d_separation": 0.0
  },
  "2;7": {
    "d_separation": 0.0
  },
  "2;8": {
    "d_separation": 0.0
  },
  "2;9": {
    "d_separation": 0.0
  },
  "3;4": {
    "d_separation": 0.0
  },
  "3;5": {
    "d_separation": 0.0
  },
  "3;6": {
    "d_separation": 0.0
  },
  "3;7": {
    "d_separation": 0.0
  },
  "3;8": {
    "d_separation": 0.0
  },
  "3;9": {
    "d_separation": 0.0
  },
  "4;5": {
    "d_separation": 0.0
  },
  "4;6": {
    "d_separation": 0.0
  },
  "4;7": {
    "d_separation": 1.0
  },
  "4;8": {
    "d_separation": 0.0
  },
  "4;9": {
    "d_separation": 0.0
  },
  "5;6": {
    "d_separation": 0.0
  },
  "5;7": {
    "d_separation": 0.0
  },
  "5;8": {
    "d_separation": 0.0
  },
  "5;9": {
    "d_separation": 0.0
  },
  "6;7": {
    "d_separation": 0.0
  },
  "6;8": {
    "d_separation": 0.0
  },
  "6;9": {
    "d_separation": 0.0
  },
  "7;8": {
    "d_separation": 0.0
  },
  "7;9": {
    "d_separation": 1.0
  },
  "8;9": {
    "d_separation": 0.0
  },
  "0;1|2": {
    "fisherz": 0.4250143122302654
  },
  "0;1|3": {
    "fisherz": 0.41842373201249594
  },
  "0;1|4": {
    "fisherz": 0.46161056053673133
  },
  "0;1|5": {
    "fisherz": 0.3167093460790362
  },
  "0;1|6": {
    "fisherz": 0.4431039373858967
  },
  "0;1|8": {
    "fisherz": 0.48681475970112387
  },
  "0;1|9": {
    "fisherz": 0.36331022609513863
  },
  "0;2|1": {
    "fisherz": 0.8205943895387708
  },
  "0;2|3": {
    "fisherz": 0.8699295862596654
  },
  "0;2|4": {
    "fisherz": 0.86226479710546
  },
  "0;2|5": {
    "fisherz": 0.8224783171572356
  },
  "0;2|6": {
    "fisherz": 0.8637312603539413
  },
  "0;2|8": {
    "fisherz": 0.9043098651752237
  },
  "0;2|9": {
    "fisherz": 0.8677061521333813
  },
  "0;3|1": {
    "fisherz": 0.6976207841670576
  },
  "0;3|2": {
    "fisherz": 0.7424034767195424
  },
  "0;3|4": {
    "fisherz": 0.7259068355648495
  },
  "0;3|5": {
    "fisherz": 0.7501270213348912
  },
  "0;3|6": {
    "fisherz": 0.7330399082397316
  },
  "0;3|8": {
    "fisherz": 0.7430662425211443
  },
  "0;3|9": {
    "fisherz": 0.7435217527776705
  },
  "0;4|1": {
    "fisherz": 0.8234886422320957
  },
  "0;4|2": {
    "fisherz": 0.7260542507956302
  },
  "0;4|3": {
    "fisherz": 0.7139566778177573
  },
  "0;4|5": {
    "fisherz": 0.6069728039078346
  },
  "0;4|6": {
    "fisherz": 0.7289464885378845
  },
  "0;4|8": {
    "fisherz": 0.7025219603930171
  },
  "0;4|9": {
    "fisherz": 0.657922807265988
  },
  "0;5|1": {
    "fisherz": 0.13318049926049036
  },
  "0;5|2": {
    "fisherz": 0.169531456277763
  },
  "0;5|3": {
    "fisherz": 0.17298717271149666
  },
  "0;5|4": {
    "fisherz": 0.15636396306487477
  },
  "0;5|6": {
    "fisherz": 0.1761401548413044
  },
  "0;5|8": {
    "fisherz": 0.18609511326203831
  },
  "0;5|9": {
    "fisherz": 0.18145320618606364
  },
  "0;6|1": {
    "fisherz": 0.7832705785950198
  },
  "0;6|2": {
    "fisherz": 0.7496603883808577
  },
  "0;6|3": {
    "fisherz": 0.7430232129516294
  },
  "0;6|4": {
    "fisherz": 0.7520982315551743
  },
  "0;6|5": {
    "fisherz": 0.7977293503504963
  },
  "0;6|8": {
    "fisherz": 0.792258774509301
  },
  "0;6|9": {
    "fisherz": 0.7933020065574377
  },
  "0;8|1": {
    "fisherz": 0.2041406718015406
  },
  "0;8|2": {
    "fisherz": 0.18859507357527194
  },
  "0;8|3": {
    "fisherz": 0.1870908828475537
  },
  "0;8|4": {
    "fisherz": 0.18370282556866258
  },
  "0;8|5": {
    "fisherz": 0.20229068657019766
  },
  "0;8|6": {
    "fisherz": 0.19084704718862167
  },
  "0;8|9": {
    "fisherz": 0.18980617454712911
  },
  "0;9|1": {
    "fisherz": 0.541449619293231
  },
  "0;9|2": {
    "fisherz": 0.6897945217165093
  },
  "0;9|3": {
    "fisherz": 0.6915574956857771
  },
  "0;9|4": {
    "fisherz": 0.6278721301997097
  },
  "0;9|5": {
    "fisherz": 0.776221450988936
  },
  "0;9|6": {
    "fisherz": 0.7206669080063737
  },
  "0;9|8": {
    "fisherz": 0.7116857232241967
  },
  "0;1|7": {
    "fisherz": 0.507077316290617
  },
  "1;2|0": {
    "fisherz": 0.2965563451535802
  },
  "1;2|3": {
    "fisherz": 0.3069376553297505
  },
  "1;2|4": {
    "fisherz": 0.31157321557353224
  },
  "1;2|5": {
    "fisherz": 0.258393339333832
  },
  "1;2|6": {
    "fisherz": 0.30485737021152914
  },
  "1;2|7": {
    "fisherz": 0.3421359114555609
  },
  "1;2|8": {
    "fisherz": 0.28349594557690794
  },
  "1;2|9": {
    "fisherz": 0.2937060272800611
  },
  "1;3|0": {
    "fisherz": 0.30581061971515155
  },
  "1;3|2": {
    "fisherz": 0.3210812413351727
  },
  "1;3|4": {
    "fisherz": 0.3728974497805526
  },
  "1;3|5": {
    "fisherz": 0.3205896179328085
  },
  "1;3|6": {
    "fisherz": 0.3264120615170176
  },
  "1;3|7": {
    "fisherz": 0.31097606507366526
  },
  "1;3|8": {
    "fisherz": 0.3127358064459118
  },
  "1;3|9": {
    "fisherz": 0.3169268820452289
  },
  "1;4|0": {
    "fisherz": 0.02165229743957009
  },
  "1;4|2": {
    "fisherz": 0.021293686197842776
  },
  "1;4|3": {
    "fisherz": 0.02350761646832411
  },
  "1;4|5": {
    "fisherz": 0.03574201149358158
  },
  "1;4|6": {
    "fisherz": 0.02076609845704591
  },
  "1;4|7": {
    "fisherz": 0.026015377424713604
  },
  "1;4|8": {
    "fisherz": 0.019111833903554087
  },
  "1;4|9": {
    "fisherz": 0.09676364562344597
  },
  "1;5|0": {
    "fisherz": 0.02926310005767152
  },
  "1;5|2": {
    "fisherz": 0.03249026232803032
  },
  "1;5|3": {
    "fisherz": 0.037235390267589485
  },
  "1;5|4": {
    "fisherz": 0.06418001919881844
  },
  "1;5|6": {
    "fisherz": 0.033187605635028206
  },
  "1;5|7": {
    "fisherz": 0.049629792960190766
  },
  "1;5|8": {
    "fisherz": 0.032924779981085894
  },
  "1;5|9": {
    "fisherz": 0.06436098646556032
  },
  "1;6|0": {
    "fisherz": 0.4506375370243414
  },
  "1;6|2": {
    "fisherz": 0.4461311855533745
  },
  "1;6|3": {
    "fisherz": 0.45831365020638914
  },
  "1;6|4": {
    "fisherz": 0.4404813119536155
  },
  "1;6|5": {
    "fisherz": 0.3806294062282487
  },
  "1;6|7": {
    "fisherz": 0.37984057026169227
  },
  "1;6|8": {
    "fisherz": 0.464237144383121
  },
  "1;6|9": {
    "fisherz": 0.1852860935102103
  },
  "1;7|0": {
    "fisherz": 0.14168486144605597
  },
  "1;7|2": {
    "fisherz": 0.14083188255757761
  },
  "1;7|3": {
    "fisherz": 0.12507195298794227
  },
  "1;7|4": {
    "fisherz": 0.16314254289423147
  },
  "1;7|5": {
    "fisherz": 0.17630235913839165
  },
  "1;7|6": {
    "fisherz": 0.11306126431003483
  },
  "1;7|8": {
    "fisherz": 0.11021401391053698
  },
  "1;7|9": {
    "fisherz": 0.19607848795922855
  },
  "1;8|0": {
    "fisherz": 0.3604369544028867
  },
  "1;8|2": {
    "fisherz": 0.30552097984701865
  },
  "1;8|3": {
    "fisherz": 0.322678765943625
  },
  "1;8|4": {
    "fisherz": 0.29187073578918765
  },
  "1;8|5": {
    "fisherz": 0.28263307368354984
  },
  "1;8|6": {
    "fisherz": 0.34072648125108085
  },
  "1;8|7": {
    "fisherz": 0.27663268894590987
  },
  "1;8|9": {
    "fisherz": 0.2712595652066301
  },
  "1;9|0": {
    "fisherz": 0.0004286379829685494
  },
  "1;9|2": {
    "fisherz": 0.000472170629770563
  },
  "1;9|3": {
    "fisherz": 0.0004830458367262036
  },
  "1;9|4": {
    "fisherz": 0.0019791688634627214
  },