{
  "data_hash": "66793277c6340f5f4d936adfbc94a2cd",
  "0;1": {
    "d_separation": 0.0
  },
  "0;2": {
    "d_separation": 0.0
  },
  "0;3": {
    "d_separation": 0.0
  },
  "0;4": {
    "d_separation": 0.0
  },
  "0;5": {
    "d_separation": 0.0
  },
  "0;6": {
    "d_separation": 0.0
  },
  "0;7": {
    "d_separation": 0.0
  },
  "0;8": {
    "d_separation": 0.0
  },
  "0;9": {
    "d_separation": 0.0
  },
  "1;2": {
    "d_separation": 0.0
  },
  "1;3": {
    "d_separation": 0.0
  },
  "1;4": {
    "d_separation": 0.0
  },
  "1;5": {
    "d_separation": 0.0
  },
  "1;6": {
    "d_separation": 0.0
  },
  "1;7": {
    "d_separation": 0.0
  },
  "1;8": {
    "d_separation": 0.0
  },
  "1;9": {
    "d_separation": 0.0
  },
  "2;3": {
    "d_separation": 0.0
  },
  "2;4": {
    "d_separation": 0.0
  },
  "2;5": {
    "d_separation": 0.0
  },
  "2;6": {
    "d_separation": 0.0
  },
  "2;7": {
    "d_separation": 0.0
  },
  "2;8": {
    "d_separation": 0.0
  },
  "2;9": {
    "d_separation": 0.0
  },
  "3;4": {
    "d_separation": 0.0
  },
  "3;5": {
    "d_separation": 0.0
  },
  "3;6": {
    "d_separation": 0.0
  },
  "3;7": {
    "d_separation": 0.0
  },
  "3;8": {
    "d_separation": 0.0
  },
  "3;9": {
    "d_separation": 0.0
  },
  "4;5": {
    "d_separation": 0.0
  },
  "4;6": {
    "d_separation": 0.0
  },
  "4;7": {
    "d_separation": 0.0
  },
  "4;8": {
    "d_separation": 0.0
  },
  "4;9": {
    "d_separation": 0.0
  },
  "5;6": {
    "d_separation": 0.0
  },
  "5;7": {
    "d_separation": 0.0
  },
  "5;8": {
    "d_separation": 0.0
  },
  "5;9": {
    "d_separation": 0.0
  },
  "6;7": {
    "d_separation": 0.0
  },
  "6;8": {
    "d_separation": 0.0
  },
  "6;9": {
    "d_separation": 0.0
  },
  "7;8": {
    "d_separation": 0.0
  },
  "7;9": {
    "d_separation": 0.0
  },
  "8;9": {
    "d_separation": 0.0
  },
  "0;1|2": {
    "kci": 0.0885206684913118
  },
  "0;1|3": {
    "kci": 0.047012049330347194
  },
  "0;1|4": {
    "kci": 0.013062267187316623
  },
  "0;1|5": {
    "kci": 0.19676777164032289
  },
  "0;1|6": {
    "kci": 0.04999112860658095
  },
  "0;1|7": {
    "kci": 0.14461965819325895
  },
  "0;1|8": {
    "kci": 0.03758419209604902
  },
  "0;1|9": {
    "kci": 0.09406284320257663
  },
  "0;2|1": {
    "kci": 0.1074640737228747
  },
  "0;2|3": {
    "kci": 0.12873599023378424
  },
  "0;2|4": {
    "kci": 0.20686215600225255
  },
  "0;2|5": {
    "kci": 0.2192110984954141
  },
  "0;2|6": {
    "kci": 0.17633104657450804
  },
  "0;2|7": {
    "kci": 0.3857533701213779
  },
  "0;2|8": {
    "kci": 0.21524769274400302
  },
  "0;2|9": {
    "kci": 0.1300886058782198
  },
  "0;3|1": {
    "kci": 0.008208763072658831
  },
  "0;3|2": {
    "kci": 0.014814048917976885
  },
  "0;3|4": {
    "kci": 0.010145374454869072
  },
  "0;3|5": {
    "kci": 0.008998769022463216
  },
  "0;3|6": {
    "kci": 0.050472646922416264
  },
  "0;3|7": {
    "kci": 0.0010906696215314815
  },
  "0;3|8": {
    "kci": 0.006197817487242241
  },
  "0;3|9": {
    "kci": 0.004082258009714956
  },
  "0;4|1": {
    "kci": 0.4400893877696298
  },
  "0;4|2": {
    "kci": 0.4195522824536151
  },
  "0;4|3": {
    "kci": 0.43676099024145876
  },
  "0;4|5": {
    "kci": 0.3829802041576713
  },
  "0;4|6": {
    "kci": 0.42058745377991
  },
  "0;4|7": {
    "kci": 0.39842980605478784
  },
  "0;4|8": {
    "kci": 0.4409237023573225
  },
  "0;4|9": {
    "kci": 0.47463010201816624
  },
  "0;5|1": {
    "kci": 0.00036492043133651286
  },
  "0;5|2": {
    "kci": 0.0007374268524422689
  },
  "0;5|3": {
    "kci": 0.000834736461507779
  },
  "0;5|4": {
    "kci": 0.0024226428539199096
  },
  "0;5|6": {
    "kci": 0.0004076358252548262
  },
  "0;5|7": {
    "kci": 0.020092588507307774
  },
  "0;5|8": {
    "kci": 0.0006732131816065134
  },
  "0;5|9": {
    "kci": 0.0006997290680378354
  },
  "0;6|1": {
    "kci": 0.05035773982722158
  },
  "0;6|2": {
    "kci": 0.06903440139890249
  },
  "0;6|3": {
    "kci": 0.10256047344434793
  },
  "0;6|4": {
    "kci": 0.07170820392380328
  },
  "0;6|5": {
    "kci": 0.17342406690467915
  },
  "0;6|7": {
    "kci": 0.263927050243266
  },
  "0;6|8": {
    "kci": 0.046233344872151916
  },
  "0;6|9": {
    "kci": 0.0978190000739938
  },
  "0;7|1": {
    "kci": 0.0035487502639065527
  },
  "0;7|2": {
    "kci": 0.001314518988625002
  },
  "0;7|3": {
    "kci": 0.0026659525888106383
  },
  "0;7|4": {
    "kci": 0.0037006114528036482
  },
  "0;7|5": {
    "kci": 0.10069918707909631
  },
  "0;7|6": {
    "kci": 0.054950078551661896
  },
  "0;7|8": {
    "kci": 0.0028845204068056463
  },
  "0;7|9": {
    "kci": 0.00736383560991849
  },
  "0;8|1": {
    "kci": 0.1621533892283793
  },
  "0;8|2": {
    "kci": 0.25557996014153206
  },
  "0;8|3": {
    "kci": 0.30378122891530857
  },
  "0;8|4": {
    "kci": 0.3171506177782356
  },
  "0;8|5": {
    "kci": 0.2864470830717456
  },
  "0;8|6": {
    "kci": 0.3634817229032017
  },
  "0;8|7": {
    "kci": 0.055961246947341725
  },
  "0;8|9": {
    "kci": 0.30587608298690105
  },
  "0;9|1": {
    "kci": 0.3964367457979785
  },
  "0;9|2": {
    "kci": 0.34806899873822705
  },
  "0;9|3": {
    "kci": 0.7744583118756811
  },
  "0;9|4": {
    "kci": 0.4516940572437631
  },
  "0;9|5": {
    "kci": 0.19145348654767314
  },
  "0;9|6": {
    "kci": 0.5999698131254702
  },
  "0;9|7": {
    "kci": 0.5612826715348136
  },
  "0;9|8": {
    "kci": 0.4592915453425114
  },
  "1;2|0": {
    "kci": 0.6515245361349566
  },
  "1;2|3": {
    "kci": 0.6616370400360236
  },
  "1;2|4": {
    "kci": 0.6147668602454923
  },
  "1;2|5": {
    "kci": 0.31760074576791264
  },
  "1;2|6": {
    "kci": 0.6353756840991118
  },
  "1;2|7": {
    "kci": 0.6309271556257305
  },
  "1;2|8": {
    "kci": 0.6458604778831192
  },
  "1;2|9": {
    "kci": 0.500868827849434
  },
  "1;3|0": {
    "kci": 0.3834484408811035
  },
  "1;3|2": {
    "kci": 0.47946243231431207
  },
  "1;3|4": {
    "kci": 0.5193863370709875
  },
  "1;3|5": {
    "kci": 0.6287257130494377
  },
  "1;3|6": {
    "kci": 0.38664601963325107
  },
  "1;3|7": {
    "kci": 0.715207184317624
  },
  "1;3|8": {
    "kci": 0.6096599812784276
  },
  "1;3|9": {
    "kci": 0.6001063685613892
  },
  "1;4|0": {
    "kci": 0.5120464319565989
  },
  "1;4|2": {
    "kci": 0.6512402408421507
  },
  "1;4|3": {
    "kci": 0.6037676946973995
  },
  "1;4|5": {
    "kci": 0.3045282515399863
  },
  "1;4|6": {
    "kci": 0.6233802138656601
  },
  "1;4|7": {
    "kci": 0.6112712277631773
  },
  "1;4|8": {
    "kci": 0.5554603516404437
  },
  "1;4|9": {
    "kci": 0.6678296902723111
  },
  "1;5|0": {
    "kci": 0.22650206968355024
  },
  "1;5|2": {
    "kci": 0.698136310358648
  },
  "1;5|3": {
    "kci": 0.4125179753992305
  },
  "1;5|4": {
    "kci": 0.5270749804487009
  },
  "1;5|6": {
    "kci": 0.5995159177397036
  },
  "1;5|7": {
    "kci": 0.444347058251239
  },
  "1;5|8": {
    "kci": 0.33825304617482965
  },
  "1;5|9": {
    "kci": 0.54528970103134
  },
  "1;6|0": {
    "kci": 0.0003520255076022716
  },
  "1;6|2": {
    "kci": 2.7990202092653682e-05
  },
  "1;6|3": {
    "kci": 2.494787975426682e-06
  },
  "1;6|4": {
    "kci": 3.5118142208578895e-05
  },
  "1;6|5": {
    "kci": 1.253494667607935e-05
  },
  "1;6|7": {
    "kci": 0.6734449605228054
  },
  "1;6|8": {
    "kci": 1.8029513298989386e-06
  },
  "1;6|9": {
    "kci": 2.3482931221785464e-06
  },
  "1;7|0": {
    "kci": 6.645301313967789e-05
  },
  "1;7|2": {
    "kci": 1.925942321290286e-06
  },
  "1;7|3": {
    "kci": 3.3966016939057653e-06
  },
  "1;7|4": {
    "kci": 9.426775179677271e-06
  },
  "1;7|5": {
    "kci": 5.129945655490964e-06
  },
  "1;7|6": {
    "kci": 0.005936964219937391
  },
  "1;7|8": {
    "kci": 9.907266147468619e-07
  },
  "1;7|9": {
    "kci": 2.9370075516066407e-07
  },
  "1;8|0": {
    "kci": 0.2084803291442261
  },
  "1;8|2": {
    "kci": 0.21211065746349655
  },
  "1;8|3": {
    "kci": 0.2688710627214641
  },
  "1;8|4": {
    "kci": 0.36488581641753726
  },
  "1;8|5": {
    "kci": 0.3285361250855915
  },