{
  "data_hash": "691c4bf45e466da091a58d3d4e6e3038",
  "0;1": {
    "d_separation": 0.0
  },
  "0;2": {
    "d_separation": 0.0
  },
  "0;3": {
    "d_separation": 0.0
  },
  "0;4": {
    "d_separation": 0.0
  },
  "0;5": {
    "d_separation": 0.0
  },
  "0;6": {
    "d_separation": 0.0
  },
  "0;7": {
    "d_separation": 0.0
  },
  "0;8": {
    "d_separation": 0.0
  },
  "0;9": {
    "d_separation": 1.0
  },
  "1;2": {
    "d_separation": 0.0
  },
  "1;3": {
    "d_separation": 0.0
  },
  "1;4": {
    "d_separation": 0.0
  },
  "1;5": {
    "d_separation": 0.0
  },
  "1;6": {
    "d_separation": 0.0
  },
  "1;7": {
    "d_separation": 0.0
  },
  "1;8": {
    "d_separation": 0.0
  },
  "1;9": {
    "d_separation": 0.0
  },
  "2;3": {
    "d_separation": 0.0
  },
  "2;4": {
    "d_separation": 0.0
  },
  "2;5": {
    "d_separation": 0.0
  },
  "2;6": {
    "d_separation": 0.0
  },
  "2;7": {
    "d_separation": 0.0
  },
  "2;8": {
    "d_separation": 0.0
  },
  "2;9": {
    "d_separation": 1.0
  },
  "3;4": {
    "d_separation": 0.0
  },
  "3;5": {
    "d_separation": 0.0
  },
  "3;6": {
    "d_separation": 0.0
  },
  "3;7": {
    "d_separation": 0.0
  },
  "3;8": {
    "d_separation": 0.0
  },
  "3;9": {
    "d_separation": 0.0
  },
  "4;5": {
    "d_separation": 0.0
  },
  "4;6": {
    "d_separation": 0.0
  },
  "4;7": {
    "d_separation": 0.0
  },
  "4;8": {
    "d_separation": 0.0
  },
  "4;9": {
    "d_separation": 0.0
  },
  "5;6": {
    "d_separation": 0.0
  },
  "5;7": {
    "d_separation": 0.0
  },
  "5;8": {
    "d_separation": 0.0
  },
  "5;9": {
    "d_separation": 0.0
  },
  "6;7": {
    "d_separation": 0.0
  },
  "6;8": {
    "d_separation": 0.0
  },
  "6;9": {
    "d_separation": 0.0
  },
  "7;8": {
    "d_separation": 0.0
  },
  "7;9": {
    "d_separation": 0.0
  },
  "8;9": {
    "d_separation": 0.0
  },
  "0;1|2": {
    "fisherz": 0.038616130172151486
  },
  "0;1|3": {
    "fisherz": 0.08235384258025458
  },
  "0;1|4": {
    "fisherz": 0.07077220098289372
  },
  "0;1|5": {
    "fisherz": 0.0689921769422095
  },
  "0;1|6": {
    "fisherz": 0.07787684824392804
  },
  "0;1|7": {
    "fisherz": 0.06528440182398665
  },
  "0;1|8": {
    "fisherz": 0.07879368651759
  },
  "0;2|1": {
    "fisherz": 0.14385849603816703
  },
  "0;2|3": {
    "fisherz": 0.31362405163492957
  },
  "0;2|4": {
    "fisherz": 0.28793458775699765
  },
  "0;2|5": {
    "fisherz": 0.30261821031731895
  },
  "0;2|6": {
    "fisherz": 0.2802928960298581
  },
  "0;2|7": {
    "fisherz": 0.29303217470330134
  },
  "0;2|8": {
    "fisherz": 0.24484621114645266
  },
  "0;3|1": {
    "fisherz": 0.26660939899011016
  },
  "0;3|2": {
    "fisherz": 0.24204369743870835
  },
  "0;3|4": {
    "fisherz": 0.2231226453694677
  },
  "0;3|5": {
    "fisherz": 0.2336016867569195
  },
  "0;3|6": {
    "fisherz": 0.23492756241528134
  },
  "0;3|7": {
    "fisherz": 0.22683448015125718
  },
  "0;3|8": {
    "fisherz": 0.2798040728654694
  },
  "0;4|1": {
    "fisherz": 0.9903434111837823
  },
  "0;4|2": {
    "fisherz": 0.9625507636308941
  },
  "0;4|3": {
    "fisherz": 0.9511509586797025
  },
  "0;4|5": {
    "fisherz": 0.9404223167644155
  },
  "0;4|6": {
    "fisherz": 0.9225572522900076
  },
  "0;4|7": {
    "fisherz": 0.9451600931582087
  },
  "0;4|8": {
    "fisherz": 0.8293067873326443
  },
  "0;5|1": {
    "fisherz": 0.34633762282008584
  },
  "0;5|2": {
    "fisherz": 0.37694429651191674
  },
  "0;5|3": {
    "fisherz": 0.3760764567621673
  },
  "0;5|4": {
    "fisherz": 0.3563738612696037
  },
  "0;5|6": {
    "fisherz": 0.36651463279983765
  },
  "0;5|7": {
    "fisherz": 0.3543620791915434
  },
  "0;5|8": {
    "fisherz": 0.5797101680525423
  },
  "0;6|1": {
    "fisherz": 0.4886817138408004
  },
  "0;6|2": {
    "fisherz": 0.4118221529873751
  },
  "0;6|3": {
    "fisherz": 0.45208989139782063
  },
  "0;6|4": {
    "fisherz": 0.4221210215017548
  },
  "0;6|5": {
    "fisherz": 0.4365391640525673
  },
  "0;6|7": {
    "fisherz": 0.41645125702028274
  },
  "0;6|8": {
    "fisherz": 0.6737979357852204
  },
  "0;7|1": {
    "fisherz": 0.6938800219859922
  },
  "0;7|2": {
    "fisherz": 0.9704296272042545
  },
  "0;7|3": {
    "fisherz": 0.9564651406401099
  },
  "0;7|4": {
    "fisherz": 0.8683542435663196
  },
  "0;7|5": {
    "fisherz": 0.850632377399474
  },
  "0;7|6": {
    "fisherz": 0.8264374152325515
  },
  "0;7|8": {
    "fisherz": 0.640047970693995
  },
  "0;8|1": {
    "fisherz": 0.006557445356313085
  },
  "0;8|2": {
    "fisherz": 0.005239753924421997
  },
  "0;8|3": {
    "fisherz": 0.00708495438148482
  },
  "0;8|4": {
    "fisherz": 0.005791796858428899
  },
  "0;8|5": {
    "fisherz": 0.008049504407380281
  },
  "0;8|6": {
    "fisherz": 0.0076922299248463055
  },
  "0;8|7": {
    "fisherz": 0.005325841115022545
  },
  "0;1|9": {
    "fisherz": 0.06813266872175494
  },
  "1;2|0": {
    "fisherz": 0.002964359046795373
  },
  "1;2|3": {
    "fisherz": 0.004328471608376905
  },
  "1;2|4": {
    "fisherz": 0.005039173645890349
  },
  "1;2|5": {
    "fisherz": 0.005213008514886708
  },
  "1;2|6": {
    "fisherz": 0.005349610817981354
  },
  "1;2|7": {
    "fisherz": 0.011688273042012476
  },
  "1;2|8": {
    "fisherz": 0.005351181441144215
  },
  "1;2|9": {
    "fisherz": 0.005450893607168883
  },
  "1;3|0": {
    "fisherz": 0.43778877019661744
  },
  "1;3|2": {
    "fisherz": 0.27814469815383314
  },
  "1;3|4": {
    "fisherz": 0.3761338495983064
  },
  "1;3|5": {
    "fisherz": 0.3539579205237613
  },
  "1;3|6": {
    "fisherz": 0.3742703283883264
  },
  "1;3|7": {
    "fisherz": 0.273786701330927
  },
  "1;3|8": {
    "fisherz": 0.36817799719785516
  },
  "1;3|9": {
    "fisherz": 0.3769130984051765
  },
  "1;4|0": {
    "fisherz": 0.6807367414499215
  },
  "1;4|2": {
    "fisherz": 0.63523218207584
  },
  "1;4|3": {
    "fisherz": 0.746593265551307
  },
  "1;4|5": {
    "fisherz": 0.677741379190588
  },
  "1;4|6": {
    "fisherz": 0.65073094496142
  },
  "1;4|7": {
    "fisherz": 0.7004718872066851
  },
  "1;4|8": {
    "fisherz": 0.659625808719817
  },
  "1;4|9": {
    "fisherz": 0.7092941292376669
  },
  "1;5|0": {
    "fisherz": 0.8292480344489344
  },
  "1;5|2": {
    "fisherz": 0.9905730023480088
  },
  "1;5|3": {
    "fisherz": 0.8997526154597904
  },
  "1;5|4": {
    "fisherz": 0.9273864505270091
  },
  "1;5|6": {
    "fisherz": 0.9060903391340471
  },
  "1;5|7": {
    "fisherz": 0.8882433341942433
  },
  "1;5|8": {
    "fisherz": 0.8748168269497298
  },
  "1;5|9": {
    "fisherz": 0.9281523933661573
  },
  "1;6|0": {
    "fisherz": 0.42773449459186663
  },
  "1;6|2": {
    "fisherz": 0.3916877207646263
  },
  "1;6|3": {
    "fisherz": 0.3942300661423297
  },
  "1;6|4": {
    "fisherz": 0.36506701241885775
  },
  "1;6|5": {
    "fisherz": 0.372992006165515
  },
  "1;6|7": {
    "fisherz": 0.4364476760854328
  },
  "1;6|8": {
    "fisherz": 0.40364926925407696
  },
  "1;6|9": {
    "fisherz": 0.3473013527650808
  },
  "1;7|0": {
    "fisherz": 0.07501120167202435
  },
  "1;7|2": {
    "fisherz": 0.20627597688217292
  },
  "1;7|3": {
    "fisherz": 0.06567971926495164
  },
  "1;7|4": {
    "fisherz": 0.08246266932459356
  },
  "1;7|5": {
    "fisherz": 0.08063760178163903
  },
  "1;7|6": {
    "fisherz": 0.09095687023036403
  },
  "1;7|8": {
    "fisherz": 0.08768096231192302
  },
  "1;7|9": {
    "fisherz": 0.07571041331048001
  },
  "1;8|0": {
    "fisherz": 0.9329098814914765
  },
  "1;8|2": {
    "fisherz": 0.7182873675370953
  },
  "1;8|3": {
    "fisherz": 0.705145678582165
  },
  "1;8|4": {
    "fisherz": 0.6497119298586953
  },
  "1;8|5": {
    "fisherz": 0.6535260341627687
  },
  "1;8|6": {
    "fisherz": 0.758616711184888
  },
  "1;8|7": {
    "fisherz": 0.8041352489331177
  },
  "1;8|9": {
    "fisherz": 0.6529985040687838
  },
  "1;9|0": {
    "fisherz": 0.5874275652362377
  },
  "1;9|2": {
    "fisherz": 0.7005392060194291
  },
  "1;9|3": {
    "fisherz": 0.6847440555254205
  },
  "1;9|4": {
    "fisherz": 0.6531464279393915
  },