{
  "data_hash": "6cdbb2489b6565e3176563e6d27363c1",
  "0;1": {
    "d_separation": 0.0
  },
  "0;2": {
    "d_separation": 0.0
  },
  "0;3": {
    "d_separation": 0.0
  },
  "0;4": {
    "d_separation": 0.0
  },
  "0;5": {
    "d_separation": 0.0
  },
  "0;6": {
    "d_separation": 0.0
  },
  "0;7": {
    "d_separation": 0.0
  },
  "0;8": {
    "d_separation": 0.0
  },
  "0;9": {
    "d_separation": 0.0
  },
  "1;2": {
    "d_separation": 0.0
  },
  "1;3": {
    "d_separation": 0.0
  },
  "1;4": {
    "d_separation": 0.0
  },
  "1;5": {
    "d_separation": 0.0
  },
  "1;6": {
    "d_separation": 0.0
  },
  "1;7": {
    "d_separation": 0.0
  },
  "1;8": {
    "d_separation": 0.0
  },
  "1;9": {
    "d_separation": 0.0
  },
  "2;3": {
    "d_separation": 0.0
  },
  "2;4": {
    "d_separation": 0.0
  },
  "2;5": {
    "d_separation": 0.0
  },
  "2;6": {
    "d_separation": 0.0
  },
  "2;7": {
    "d_separation": 0.0
  },
  "2;8": {
    "d_separation": 0.0
  },
  "2;9": {
    "d_separation": 0.0
  },
  "3;4": {
    "d_separation": 0.0
  },
  "3;5": {
    "d_separation": 0.0
  },
  "3;6": {
    "d_separation": 0.0
  },
  "3;7": {
    "d_separation": 0.0
  },
  "3;8": {
    "d_separation": 0.0
  },
  "3;9": {
    "d_separation": 0.0
  },
  "4;5": {
    "d_separation": 0.0
  },
  "4;6": {
    "d_separation": 0.0
  },
  "4;7": {
    "d_separation": 0.0
  },
  "4;8": {
    "d_separation": 0.0
  },
  "4;9": {
    "d_separation": 0.0
  },
  "5;6": {
    "d_separation": 0.0
  },
  "5;7": {
    "d_separation": 0.0
  },
  "5;8": {
    "d_separation": 0.0
  },
  "5;9": {
    "d_separation": 0.0
  },
  "6;7": {
    "d_separation": 0.0
  },
  "6;8": {
    "d_separation": 0.0
  },
  "6;9": {
    "d_separation": 0.0
  },
  "7;8": {
    "d_separation": 0.0
  },
  "7;9": {
    "d_separation": 0.0
  },
  "8;9": {
    "d_separation": 0.0
  },
  "0;1|2": {
    "kci": 0.361370776998179
  },
  "0;1|3": {
    "kci": 0.3737983199827615
  },
  "0;1|4": {
    "kci": 0.40010493611012454
  },
  "0;1|5": {
    "kci": 0.3558222583020537
  },
  "0;1|6": {
    "kci": 0.344268340760415
  },
  "0;1|7": {
    "kci": 0.35927631493112366
  },
  "0;1|8": {
    "kci": 0.3201263374328309
  },
  "0;1|9": {
    "kci": 0.35503825240459386
  },
  "0;2|1": {
    "kci": 0.26383002055244864
  },
  "0;2|3": {
    "kci": 0.35437072460479124
  },
  "0;2|4": {
    "kci": 0.23566647489961157
  },
  "0;2|5": {
    "kci": 0.15914293479505348
  },
  "0;2|6": {
    "kci": 0.32721383596861164
  },
  "0;2|7": {
    "kci": 0.09266614923484928
  },
  "0;2|8": {
    "kci": 0.08978094117783597
  },
  "0;2|9": {
    "kci": 0.036659184146357826
  },
  "0;3|1": {
    "kci": 0.3188468918434799
  },
  "0;3|2": {
    "kci": 0.2970353855572544
  },
  "0;3|4": {
    "kci": 0.3177200102981983
  },
  "0;3|5": {
    "kci": 0.3204491635065918
  },
  "0;3|6": {
    "kci": 0.3191756757069324
  },
  "0;3|7": {
    "kci": 0.3195152675169345
  },
  "0;3|8": {
    "kci": 0.3108418974903887
  },
  "0;3|9": {
    "kci": 0.32026281079315566
  },
  "0;4|1": {
    "kci": 0.7071925377672212
  },
  "0;4|2": {
    "kci": 0.529202014544449
  },
  "0;4|3": {
    "kci": 0.6317538202118438
  },
  "0;4|5": {
    "kci": 0.7603612807452376
  },
  "0;4|6": {
    "kci": 0.7145766049740416
  },
  "0;4|7": {
    "kci": 0.651635280386379
  },
  "0;4|8": {
    "kci": 0.5342868262790281
  },
  "0;4|9": {
    "kci": 0.6531268992185972
  },
  "0;5|1": {
    "kci": 0.29419016108272655
  },
  "0;5|2": {
    "kci": 0.37256955719182083
  },
  "0;5|3": {
    "kci": 0.4257957888457379
  },
  "0;5|4": {
    "kci": 0.2708406599418002
  },
  "0;5|6": {
    "kci": 0.32307666780920585
  },
  "0;5|7": {
    "kci": 0.43184553665532566
  },
  "0;5|8": {
    "kci": 0.37001945509818734
  },
  "0;5|9": {
    "kci": 0.2566950607687869
  },
  "0;6|1": {
    "kci": 0.5792592982635714
  },
  "0;6|2": {
    "kci": 0.43671569408925714
  },
  "0;6|3": {
    "kci": 0.4496830620433806
  },
  "0;6|4": {
    "kci": 0.508910371274571
  },
  "0;6|5": {
    "kci": 0.3632381831547732
  },
  "0;6|7": {
    "kci": 0.4592596474384053
  },
  "0;6|8": {
    "kci": 0.3599692511594381
  },
  "0;6|9": {
    "kci": 0.4469929241731321
  },
  "0;7|1": {
    "kci": 0.4159804931501484
  },
  "0;7|2": {
    "kci": 0.3657328205895809
  },
  "0;7|3": {
    "kci": 0.425994162500126
  },
  "0;7|4": {
    "kci": 0.36833753440731876
  },
  "0;7|5": {
    "kci": 0.347518032093038
  },
  "0;7|6": {
    "kci": 0.5084279816493333
  },
  "0;7|8": {
    "kci": 0.31810743456819424
  },
  "0;7|9": {
    "kci": 0.42194989162706376
  },
  "0;8|1": {
    "kci": 0.41788346770098994
  },
  "0;8|2": {
    "kci": 0.39345305746047643
  },
  "0;8|3": {
    "kci": 0.3399332759364543
  },
  "0;8|4": {
    "kci": 0.6175895487371739
  },
  "0;8|5": {
    "kci": 0.3943561507066279
  },
  "0;8|6": {
    "kci": 0.39029173335114853
  },
  "0;8|7": {
    "kci": 0.4675801357929825
  },
  "0;8|9": {
    "kci": 0.41739923026191006
  },
  "0;9|1": {
    "kci": 0.34543061670070496
  },
  "0;9|2": {
    "kci": 0.1689385954508842
  },
  "0;9|3": {
    "kci": 0.3516288017631197
  },
  "0;9|4": {
    "kci": 0.3239038566779242
  },
  "0;9|5": {
    "kci": 0.30565088320978184
  },
  "0;9|6": {
    "kci": 0.3343530549252506
  },
  "0;9|7": {
    "kci": 0.30729792712293047
  },
  "0;9|8": {
    "kci": 0.20341058057645878
  },
  "1;2|0": {
    "kci": 0.4659479274869839
  },
  "1;2|3": {
    "kci": 0.5844447349881232
  },
  "1;2|4": {
    "kci": 0.48691438804665266
  },
  "1;2|5": {
    "kci": 0.7246162879713247
  },
  "1;2|6": {
    "kci": 0.4243883688071084
  },
  "1;2|7": {
    "kci": 0.693125384956792
  },
  "1;2|8": {
    "kci": 0.6458742246153094
  },
  "1;2|9": {
    "kci": 0.5035943167063877
  },
  "1;3|0": {
    "kci": 0.492148116518594
  },
  "1;3|2": {
    "kci": 0.4342384827434299
  },
  "1;3|4": {
    "kci": 0.5097514759268903
  },
  "1;3|5": {
    "kci": 0.47323131945995
  },
  "1;3|6": {
    "kci": 0.4687804831998642
  },
  "1;3|7": {
    "kci": 0.4129896257637089
  },
  "1;3|8": {
    "kci": 0.5005776969100633
  },
  "1;3|9": {
    "kci": 0.40433865625312604
  },
  "1;4|0": {
    "kci": 0.5491723137332412
  },
  "1;4|2": {
    "kci": 0.5836031304429041
  },
  "1;4|3": {
    "kci": 0.5836853338124537
  },
  "1;4|5": {
    "kci": 0.5012710287532186
  },
  "1;4|6": {
    "kci": 0.5933786745090044
  },
  "1;4|7": {
    "kci": 0.6216933464519885
  },
  "1;4|8": {
    "kci": 0.43610473539098515
  },
  "1;4|9": {
    "kci": 0.6135329385755857
  },
  "1;5|0": {
    "kci": 0.401919027756913
  },
  "1;5|2": {
    "kci": 0.7155269980783671
  },
  "1;5|3": {
    "kci": 0.6081610536941999
  },
  "1;5|4": {
    "kci": 0.3480931086678247
  },
  "1;5|6": {
    "kci": 0.44738812223396174
  },
  "1;5|7": {
    "kci": 0.6228024858112242
  },
  "1;5|8": {
    "kci": 0.42584607160645205
  },
  "1;5|9": {
    "kci": 0.5684985028893708
  },
  "1;6|0": {
    "kci": 0.6855986074647096
  },
  "1;6|2": {
    "kci": 0.4094728705371089
  },
  "1;6|3": {
    "kci": 0.42690953682066335
  },
  "1;6|4": {
    "kci": 0.441442930140566
  },
  "1;6|5": {
    "kci": 0.3220005495539826
  },
  "1;6|7": {
    "kci": 0.39705140124898386
  },
  "1;6|8": {
    "kci": 0.4906215258478267
  },
  "1;6|9": {
    "kci": 0.41103714578084394
  },
  "1;7|0": {
    "kci": 0.32290875767648575
  },
  "1;7|2": {
    "kci": 0.341530916589874
  },
  "1;7|3": {
    "kci": 0.3109843076233756
  },
  "1;7|4": {
    "kci": 0.281370877499588
  },
  "1;7|5": {
    "kci": 0.32679116419886856
  },
  "1;7|6": {
    "kci": 0.32671565811129955
  },
  "1;7|8": {
    "kci": 0.33552471624591185
  },
  "1;7|9": {
    "kci": 0.30428699739109966
  },
  "1;8|0": {
    "kci": 0.37631694497223145
  },
  "1;8|2": {
    "kci": 0.4415831834846392
  },
  "1;8|3": {
    "kci": 0.38206698745357737
  },
  "1;8|4": {
    "kci": 0.3384971785634663
  },
  "1;8|5": {
    "kci": 0.5287499312859235
  },
  "1;8|6": {
    "kci": 0.3804541405311166
  },
  "1;8|7": {
    "kci": 0.371720057335559
  },