{
  "data_hash": "705de91967e4eaab79259f35bcd09773",
  "0;1": {
    "d_separation": 0.0
  },
  "0;2": {
    "d_separation": 0.0
  },
  "0;3": {
    "d_separation": 0.0
  },
  "0;4": {
    "d_separation": 0.0
  },
  "0;5": {
    "d_separation": 0.0
  },
  "0;6": {
    "d_separation": 0.0
  },
  "0;7": {
    "d_separation": 0.0
  },
  "0;8": {
    "d_separation": 0.0
  },
  "0;9": {
    "d_separation": 0.0
  },
  "1;2": {
    "d_separation": 0.0
  },
  "1;3": {
    "d_separation": 0.0
  },
  "1;4": {
    "d_separation": 0.0
  },
  "1;5": {
    "d_separation": 0.0
  },
  "1;6": {
    "d_separation": 0.0
  },
  "1;7": {
    "d_separation": 0.0
  },
  "1;8": {
    "d_separation": 0.0
  },
  "1;9": {
    "d_separation": 0.0
  },
  "2;3": {
    "d_separation": 0.0
  },
  "2;4": {
    "d_separation": 0.0
  },
  "2;5": {
    "d_separation": 0.0
  },
  "2;6": {
    "d_separation": 0.0
  },
  "2;7": {
    "d_separation": 0.0
  },
  "2;8": {
    "d_separation": 0.0
  },
  "2;9": {
    "d_separation": 0.0
  },
  "3;4": {
    "d_separation": 0.0
  },
  "3;5": {
    "d_separation": 0.0
  },
  "3;6": {
    "d_separation": 0.0
  },
  "3;7": {
    "d_separation": 0.0
  },
  "3;8": {
    "d_separation": 0.0
  },
  "3;9": {
    "d_separation": 0.0
  },
  "4;5": {
    "d_separation": 0.0
  },
  "4;6": {
    "d_separation": 0.0
  },
  "4;7": {
    "d_separation": 0.0
  },
  "4;8": {
    "d_separation": 0.0
  },
  "4;9": {
    "d_separation": 0.0
  },
  "5;6": {
    "d_separation": 0.0
  },
  "5;7": {
    "d_separation": 0.0
  },
  "5;8": {
    "d_separation": 0.0
  },
  "5;9": {
    "d_separation": 0.0
  },
  "6;7": {
    "d_separation": 0.0
  },
  "6;8": {
    "d_separation": 0.0
  },
  "6;9": {
    "d_separation": 0.0
  },
  "7;8": {
    "d_separation": 0.0
  },
  "7;9": {
    "d_separation": 0.0
  },
  "8;9": {
    "d_separation": 0.0
  },
  "0;1|2": {
    "kci": 0.000509642651333686
  },
  "0;1|3": {
    "kci": 0.0001619465545619203
  },
  "0;1|4": {
    "kci": 8.656915942040211e-05
  },
  "0;1|5": {
    "kci": 0.0001823679194240535
  },
  "0;1|6": {
    "kci": 8.099818296536387e-05
  },
  "0;1|7": {
    "kci": 0.0005470722030301856
  },
  "0;1|8": {
    "kci": 0.00021251710674918822
  },
  "0;1|9": {
    "kci": 6.95540481071566e-05
  },
  "0;2|1": {
    "kci": 0.4455009670042587
  },
  "0;2|3": {
    "kci": 0.666284503504597
  },
  "0;2|4": {
    "kci": 0.5939788641247463
  },
  "0;2|5": {
    "kci": 0.5600667584608667
  },
  "0;2|6": {
    "kci": 0.3648153165802881
  },
  "0;2|7": {
    "kci": 0.2903132507176577
  },
  "0;2|8": {
    "kci": 0.4459433576155014
  },
  "0;2|9": {
    "kci": 0.4441011286118012
  },
  "0;3|1": {
    "kci": 6.463978467963205e-05
  },
  "0;3|2": {
    "kci": 0.0009288549372705734
  },
  "0;3|4": {
    "kci": 0.0001505565036272749
  },
  "0;3|5": {
    "kci": 0.0007945262534743147
  },
  "0;3|6": {
    "kci": 0.00018331768991664
  },
  "0;3|7": {
    "kci": 9.354096733416029e-06
  },
  "0;3|8": {
    "kci": 0.00015493979306002714
  },
  "0;3|9": {
    "kci": 0.0002418197476358186
  },
  "0;4|1": {
    "kci": 0.1286415196114613
  },
  "0;4|2": {
    "kci": 0.032646604724447026
  },
  "0;4|3": {
    "kci": 0.0020188671036872607
  },
  "0;4|5": {
    "kci": 0.017784812996153088
  },
  "0;4|6": {
    "kci": 0.02393095632004716
  },
  "0;4|7": {
    "kci": 0.11731723262669824
  },
  "0;4|8": {
    "kci": 0.060119522518953694
  },
  "0;4|9": {
    "kci": 0.01176612042301628
  },
  "0;5|1": {
    "kci": 0.3263173343584337
  },
  "0;5|2": {
    "kci": 0.37718316882463576
  },
  "0;5|3": {
    "kci": 0.6611323966572125
  },
  "0;5|4": {
    "kci": 0.305878191836934
  },
  "0;5|6": {
    "kci": 0.3297445593717033
  },
  "0;5|7": {
    "kci": 0.4751843689850731
  },
  "0;5|8": {
    "kci": 0.5272826377214305
  },
  "0;5|9": {
    "kci": 0.49540135015481757
  },
  "0;6|1": {
    "kci": 0.7578931414113592
  },
  "0;6|2": {
    "kci": 0.6681559723216035
  },
  "0;6|3": {
    "kci": 0.7028422346312322
  },
  "0;6|4": {
    "kci": 0.6683094384562795
  },
  "0;6|5": {
    "kci": 0.526648732324374
  },
  "0;6|7": {
    "kci": 0.5581739016096141
  },
  "0;6|8": {
    "kci": 0.6476712981706865
  },
  "0;6|9": {
    "kci": 0.75243174761799
  },
  "0;7|1": {
    "kci": 8.692365760509801e-08
  },
  "0;7|2": {
    "kci": 4.573351797265701e-08
  },
  "0;7|3": {
    "kci": 8.412337493268751e-11
  },
  "0;7|4": {
    "kci": 3.824023675491617e-08
  },
  "0;7|5": {
    "kci": 2.1367351588086336e-07
  },
  "0;7|6": {
    "kci": 5.167169225828161e-08
  },
  "0;7|8": {
    "kci": 4.2167166658391153e-07
  },
  "0;7|9": {
    "kci": 1.8699927817333872e-07
  },
  "0;8|1": {
    "kci": 0.14498607026186172
  },
  "0;8|2": {
    "kci": 0.08696011484231703
  },
  "0;8|3": {
    "kci": 0.0547298981628509
  },
  "0;8|4": {
    "kci": 0.08772942955732732
  },
  "0;8|5": {
    "kci": 0.10446277958945005
  },
  "0;8|6": {
    "kci": 0.052428245778996185
  },
  "0;8|7": {
    "kci": 0.17901117965272673
  },
  "0;8|9": {
    "kci": 0.04540685062754046
  },
  "0;9|1": {
    "kci": 0.13934801042480616
  },
  "0;9|2": {
    "kci": 0.22312532967570664
  },
  "0;9|3": {
    "kci": 0.18514462648927144
  },
  "0;9|4": {
    "kci": 0.22092758075255503
  },
  "0;9|5": {
    "kci": 0.2542005172551607
  },
  "0;9|6": {
    "kci": 0.17471491165885533
  },
  "0;9|7": {
    "kci": 0.12298324182411335
  },
  "0;9|8": {
    "kci": 0.2620453715798303
  },
  "1;2|0": {
    "kci": 0.4455725039931048
  },
  "1;2|3": {
    "kci": 0.4486594486401695
  },
  "1;2|4": {
    "kci": 0.7067477379119965
  },
  "1;2|5": {
    "kci": 0.05310898754818694
  },
  "1;2|6": {
    "kci": 0.6895913643136266
  },
  "1;2|7": {
    "kci": 0.2962688442963314
  },
  "1;2|8": {
    "kci": 0.3376839977001186
  },
  "1;2|9": {
    "kci": 0.3472116985631808
  },
  "1;3|0": {
    "kci": 0.6432111540007759
  },
  "1;3|2": {
    "kci": 0.3381113371559329
  },
  "1;3|4": {
    "kci": 0.04056550764490863
  },
  "1;3|5": {
    "kci": 0.2890668318392171
  },
  "1;3|6": {
    "kci": 0.10340836844558388
  },
  "1;3|7": {
    "kci": 0.03945251574856801
  },
  "1;3|8": {
    "kci": 0.11020896820624815
  },
  "1;3|9": {
    "kci": 0.10965345438556195
  },
  "1;4|0": {
    "kci": 2.1036568557453172e-05
  },
  "1;4|2": {
    "kci": 4.743730987688544e-06
  },
  "1;4|3": {
    "kci": 1.334607901970486e-08
  },
  "1;4|5": {
    "kci": 2.5698305217147777e-07
  },
  "1;4|6": {
    "kci": 3.0007038287482857e-07
  },
  "1;4|7": {
    "kci": 2.0554770738812067e-06
  },
  "1;4|8": {
    "kci": 6.189788720334377e-05
  },
  "1;4|9": {
    "kci": 1.5732726903472383e-06
  },
  "1;5|0": {
    "kci": 0.5100039981680702
  },
  "1;5|2": {
    "kci": 0.4844347869933884
  },
  "1;5|3": {
    "kci": 0.6387672891051706
  },
  "1;5|4": {
    "kci": 0.26304200122296584
  },
  "1;5|6": {
    "kci": 0.37426522837197407
  },
  "1;5|7": {
    "kci": 0.2715572380764596
  },
  "1;5|8": {
    "kci": 0.2822866939941431
  },
  "1;5|9": {
    "kci": 0.4616327829649244
  },
  "1;6|0": {
    "kci": 0.83138422119687
  },
  "1;6|2": {
    "kci": 0.7044892413726906
  },
  "1;6|3": {
    "kci": 0.6854109097468843
  },
  "1;6|4": {
    "kci": 0.8622667428802375
  },
  "1;6|5": {
    "kci": 0.8316999074131783
  },
  "1;6|7": {
    "kci": 0.8243349102248231
  },
  "1;6|8": {
    "kci": 0.7325276975711349
  },
  "1;6|9": {
    "kci": 0.8766509979349468
  },
  "1;7|0": {
    "kci": 0.6205824783189156
  },
  "1;7|2": {
    "kci": 0.12475192685296088
  },
  "1;7|3": {
    "kci": 0.12985896912201456
  },
  "1;7|4": {
    "kci": 0.31866774627640004
  },
  "1;7|5": {
    "kci": 0.18967734743508224
  },
  "1;7|6": {
    "kci": 0.08323548886213095
  },
  "1;7|8": {
    "kci": 0.6057862588116835
  },
  "1;7|9": {
    "kci": 0.14173254430119453
  },
  "1;8|0": {
    "kci": 0.02920186897751409
  },
  "1;8|2": {
    "kci": 0.024487774581654298
  },
  "1;8|3": {
    "kci": 0.007574941314636208
  },
  "1;8|4": {
    "kci": 0.0043433949080747825
  },
  "1;8|5": {
    "kci": 0.021218819861696714
  },