{
  "data_hash": "71096270c7110e8f24a1ed5c46c8caa3",
  "0;1": {
    "d_separation": 0.0
  },
  "0;2": {
    "d_separation": 0.0
  },
  "0;3": {
    "d_separation": 0.0
  },
  "0;4": {
    "d_separation": 0.0
  },
  "0;5": {
    "d_separation": 0.0
  },
  "0;6": {
    "d_separation": 0.0
  },
  "0;7": {
    "d_separation": 0.0
  },
  "0;8": {
    "d_separation": 0.0
  },
  "0;9": {
    "d_separation": 0.0
  },
  "1;2": {
    "d_separation": 0.0
  },
  "1;3": {
    "d_separation": 0.0
  },
  "1;4": {
    "d_separation": 1.0
  },
  "1;5": {
    "d_separation": 1.0
  },
  "1;6": {
    "d_separation": 1.0
  },
  "1;7": {
    "d_separation": 0.0
  },
  "1;8": {
    "d_separation": 0.0
  },
  "1;9": {
    "d_separation": 0.0
  },
  "2;3": {
    "d_separation": 0.0
  },
  "2;4": {
    "d_separation": 0.0
  },
  "2;5": {
    "d_separation": 0.0
  },
  "2;6": {
    "d_separation": 0.0
  },
  "2;7": {
    "d_separation": 0.0
  },
  "2;8": {
    "d_separation": 0.0
  },
  "2;9": {
    "d_separation": 0.0
  },
  "3;4": {
    "d_separation": 0.0
  },
  "3;5": {
    "d_separation": 0.0
  },
  "3;6": {
    "d_separation": 0.0
  },
  "3;7": {
    "d_separation": 0.0
  },
  "3;8": {
    "d_separation": 0.0
  },
  "3;9": {
    "d_separation": 0.0
  },
  "4;5": {
    "d_separation": 0.0
  },
  "4;6": {
    "d_separation": 0.0
  },
  "4;7": {
    "d_separation": 0.0
  },
  "4;8": {
    "d_separation": 0.0
  },
  "4;9": {
    "d_separation": 0.0
  },
  "5;6": {
    "d_separation": 0.0
  },
  "5;7": {
    "d_separation": 0.0
  },
  "5;8": {
    "d_separation": 0.0
  },
  "5;9": {
    "d_separation": 0.0
  },
  "6;7": {
    "d_separation": 0.0
  },
  "6;8": {
    "d_separation": 0.0
  },
  "6;9": {
    "d_separation": 0.0
  },
  "7;8": {
    "d_separation": 0.0
  },
  "7;9": {
    "d_separation": 0.0
  },
  "8;9": {
    "d_separation": 0.0
  },
  "0;1|2": {
    "kci": 0.6294481970583865
  },
  "0;1|3": {
    "kci": 0.5187632075466857
  },
  "0;1|4": {
    "kci": 0.4348197711192541
  },
  "0;1|5": {
    "kci": 0.5746720042977969
  },
  "0;1|6": {
    "kci": 0.5449923784199856
  },
  "0;1|7": {
    "kci": 0.5383678432616719
  },
  "0;1|8": {
    "kci": 0.33283914373340506
  },
  "0;1|9": {
    "kci": 0.46253192675345
  },
  "0;2|1": {
    "kci": 0.4834347127120844
  },
  "0;2|3": {
    "kci": 0.44187230590292503
  },
  "0;2|4": {
    "kci": 0.4728584271130758
  },
  "0;2|5": {
    "kci": 0.47271194986014875
  },
  "0;2|6": {
    "kci": 0.41239976527347255
  },
  "0;2|7": {
    "kci": 0.4810829123740553
  },
  "0;2|8": {
    "kci": 0.4867202782178155
  },
  "0;2|9": {
    "kci": 0.5451943447323616
  },
  "0;3|1": {
    "kci": 0.6264646760521804
  },
  "0;3|2": {
    "kci": 0.4256797476743571
  },
  "0;3|4": {
    "kci": 0.5696650741486515
  },
  "0;3|5": {
    "kci": 0.6103530381618708
  },
  "0;3|6": {
    "kci": 0.5890062597501675
  },
  "0;3|7": {
    "kci": 0.5495058100533521
  },
  "0;3|8": {
    "kci": 0.5864067693955366
  },
  "0;3|9": {
    "kci": 0.6149974162475293
  },
  "0;4|1": {
    "kci": 0.42238992224238225
  },
  "0;4|2": {
    "kci": 0.3157881264728398
  },
  "0;4|3": {
    "kci": 0.34777271078015937
  },
  "0;4|5": {
    "kci": 0.448602742796432
  },
  "0;4|6": {
    "kci": 0.4936432252517404
  },
  "0;4|7": {
    "kci": 0.5327980435614621
  },
  "0;4|8": {
    "kci": 0.43523213864390875
  },
  "0;4|9": {
    "kci": 0.4350113801351475
  },
  "0;5|1": {
    "kci": 0.28935346687746843
  },
  "0;5|2": {
    "kci": 0.2646181664036331
  },
  "0;5|3": {
    "kci": 0.40887007931661845
  },
  "0;5|4": {
    "kci": 0.25823666848758586
  },
  "0;5|6": {
    "kci": 0.20269187663534938
  },
  "0;5|7": {
    "kci": 0.363231147476075
  },
  "0;5|8": {
    "kci": 0.31069954628891217
  },
  "0;5|9": {
    "kci": 0.258761494628595
  },
  "0;6|1": {
    "kci": 0.46347900258920904
  },
  "0;6|2": {
    "kci": 0.3277700584297184
  },
  "0;6|3": {
    "kci": 0.2916620881408267
  },
  "0;6|4": {
    "kci": 0.16345166558325452
  },
  "0;6|5": {
    "kci": 0.14452869857095663
  },
  "0;6|7": {
    "kci": 0.31834375155489725
  },
  "0;6|8": {
    "kci": 0.09692386127781527
  },
  "0;6|9": {
    "kci": 0.17190673614402208
  },
  "0;7|1": {
    "kci": 0.3099372862819264
  },
  "0;7|2": {
    "kci": 0.05009439952918593
  },
  "0;7|3": {
    "kci": 0.303866523462504
  },
  "0;7|4": {
    "kci": 0.2901453944673822
  },
  "0;7|5": {
    "kci": 0.2975361037101698
  },
  "0;7|6": {
    "kci": 0.28960357900984246
  },
  "0;7|8": {
    "kci": 0.28804922819399403
  },
  "0;7|9": {
    "kci": 0.3046058069492723
  },
  "0;8|1": {
    "kci": 0.3243574921559129
  },
  "0;8|2": {
    "kci": 0.4985623962979362
  },
  "0;8|3": {
    "kci": 0.568699166079746
  },
  "0;8|4": {
    "kci": 0.5231004335621623
  },
  "0;8|5": {
    "kci": 0.6382533455011301
  },
  "0;8|6": {
    "kci": 0.6244899856429298
  },
  "0;8|7": {
    "kci": 0.47746464554099255
  },
  "0;8|9": {
    "kci": 0.5581262765350212
  },
  "0;9|1": {
    "kci": 0.5056808998521991
  },
  "0;9|2": {
    "kci": 0.751538244244244
  },
  "0;9|3": {
    "kci": 0.6509002385058633
  },
  "0;9|4": {
    "kci": 0.6479226726508336
  },
  "0;9|5": {
    "kci": 0.6805595027445253
  },
  "0;9|6": {
    "kci": 0.567060951521196
  },
  "0;9|7": {
    "kci": 0.5864547490691969
  },
  "0;9|8": {
    "kci": 0.5779774397757318
  },
  "1;2|0": {
    "kci": 0.13012934601318182
  },
  "1;2|3": {
    "kci": 0.19919777702437824
  },
  "1;2|7": {
    "kci": 0.17366213327819757
  },
  "1;2|8": {
    "kci": 0.13389564006957044
  },
  "1;2|9": {
    "kci": 0.09960522520680759
  },
  "1;3|0": {
    "kci": 0.011076224335659801
  },
  "1;3|2": {
    "kci": 0.001613298232855942
  },
  "1;3|7": {
    "kci": 0.007947779355833018
  },
  "1;3|8": {
    "kci": 0.0014917809261405512
  },
  "1;3|9": {
    "kci": 0.0015058113580497245
  },
  "1;7|0": {
    "kci": 0.2968605150794268
  },
  "1;7|2": {
    "kci": 0.1749671537509805
  },
  "1;7|3": {
    "kci": 0.3236128384232604
  },
  "1;7|8": {
    "kci": 0.27824921169212613
  },
  "1;7|9": {
    "kci": 0.2969294066671143
  },
  "1;8|0": {
    "kci": 0.6190103263653693
  },
  "1;8|2": {
    "kci": 0.6136145148710435
  },
  "1;8|3": {
    "kci": 0.6744150274036258
  },
  "1;8|7": {
    "kci": 0.49221451760013146
  },
  "1;8|9": {
    "kci": 0.5417722106792645
  },
  "1;9|0": {
    "kci": 0.36307625744937
  },
  "1;9|2": {
    "kci": 0.276927171528219
  },
  "1;9|3": {
    "kci": 0.1489302079708792
  },
  "1;9|7": {
    "kci": 0.2774686090267209
  },
  "1;9|8": {
    "kci": 0.4217367136918576
  },
  "1;2|4": {
    "kci": 0.12272183943890913
  },
  "1;2|5": {
    "kci": 0.08038669647699404
  },
  "1;2|6": {
    "kci": 0.12898404191410218
  },
  "2;3|0": {
    "kci": 0.09598560092313257
  },
  "2;3|1": {
    "kci": 0.05803721330713585
  },
  "2;3|4": {
    "kci": 0.26126940192828507
  },
  "2;3|5": {
    "kci": 0.1999686459888611
  },
  "2;3|6": {
    "kci": 0.4210211110556422
  },
  "2;3|7": {
    "kci": 0.14758402541393645
  },
  "2;3|8": {
    "kci": 0.24777933253976403
  },
  "2;3|9": {
    "kci": 0.18053596380118409
  },
  "2;4|0": {
    "kci": 0.42557382587850356
  },
  "2;4|1": {
    "kci": 0.38466977244914613
  },
  "2;4|3": {
    "kci": 0.33523306648018836
  },
  "2;4|5": {
    "kci": 0.3419539966280022
  },
  "2;4|6": {
    "kci": 0.35686767073126446
  },
  "2;4|7": {
    "kci": 0.3601286054671642
  },
  "2;4|8": {
    "kci": 0.33895447004126034
  },
  "2;4|9": {
    "kci": 0.38789222835697235
  },
  "2;5|0": {
    "kci": 0.6302678718621166
  },
  "2;5|1": {
    "kci": 0.46515313385795576
  },
  "2;5|3": {
    "kci": 0.7084979514050911
  },
  "2;5|4": {
    "kci": 0.7509112928021238
  },
  "2;5|6": {
    "kci": 0.29365191757461684
  },
  "2;5|7": {
    "kci": 0.6173832902721552
  },
  "2;5|8": {
    "kci": 0.7650318945980386
  },
  "2;5|9": {
    "kci": 0.6197265595305677
  },
  "2;6|0": {
    "kci": 0.036948341832584
  },
  "2;6|1": {
    "kci": 0.06369216936796807
  },
  "2;6|3": {
    "kci": 0.20501424273395652
  },