{
  "data_hash": "719a5ece0f95e44e7edbaff8ae735922",
  "0;1": {
    "d_separation": 0.0
  },
  "0;2": {
    "d_separation": 0.0
  },
  "0;3": {
    "d_separation": 0.0
  },
  "0;4": {
    "d_separation": 1.0
  },
  "0;5": {
    "d_separation": 0.0
  },
  "0;6": {
    "d_separation": 0.0
  },
  "0;7": {
    "d_separation": 0.0
  },
  "0;8": {
    "d_separation": 0.0
  },
  "0;9": {
    "d_separation": 0.0
  },
  "1;2": {
    "d_separation": 0.0
  },
  "1;3": {
    "d_separation": 0.0
  },
  "1;4": {
    "d_separation": 0.0
  },
  "1;5": {
    "d_separation": 0.0
  },
  "1;6": {
    "d_separation": 0.0
  },
  "1;7": {
    "d_separation": 0.0
  },
  "1;8": {
    "d_separation": 0.0
  },
  "1;9": {
    "d_separation": 0.0
  },
  "2;3": {
    "d_separation": 0.0
  },
  "2;4": {
    "d_separation": 0.0
  },
  "2;5": {
    "d_separation": 0.0
  },
  "2;6": {
    "d_separation": 0.0
  },
  "2;7": {
    "d_separation": 0.0
  },
  "2;8": {
    "d_separation": 0.0
  },
  "2;9": {
    "d_separation": 0.0
  },
  "3;4": {
    "d_separation": 0.0
  },
  "3;5": {
    "d_separation": 0.0
  },
  "3;6": {
    "d_separation": 0.0
  },
  "3;7": {
    "d_separation": 0.0
  },
  "3;8": {
    "d_separation": 0.0
  },
  "3;9": {
    "d_separation": 0.0
  },
  "4;5": {
    "d_separation": 1.0
  },
  "4;6": {
    "d_separation": 0.0
  },
  "4;7": {
    "d_separation": 1.0
  },
  "4;8": {
    "d_separation": 0.0
  },
  "4;9": {
    "d_separation": 0.0
  },
  "5;6": {
    "d_separation": 0.0
  },
  "5;7": {
    "d_separation": 0.0
  },
  "5;8": {
    "d_separation": 0.0
  },
  "5;9": {
    "d_separation": 0.0
  },
  "6;7": {
    "d_separation": 0.0
  },
  "6;8": {
    "d_separation": 0.0
  },
  "6;9": {
    "d_separation": 0.0
  },
  "7;8": {
    "d_separation": 0.0
  },
  "7;9": {
    "d_separation": 0.0
  },
  "8;9": {
    "d_separation": 0.0
  },
  "0;1|2": {
    "kci": 0.5312513161173225
  },
  "0;1|3": {
    "kci": 0.5495895906444237
  },
  "0;1|5": {
    "kci": 0.640573982532298
  },
  "0;1|6": {
    "kci": 0.42446468364475076
  },
  "0;1|7": {
    "kci": 0.49538165330536854
  },
  "0;1|8": {
    "kci": 0.48142494494769683
  },
  "0;1|9": {
    "kci": 0.5285093393054999
  },
  "0;2|1": {
    "kci": 0.3024485907295853
  },
  "0;2|3": {
    "kci": 0.3509420192156708
  },
  "0;2|5": {
    "kci": 0.37134013352538775
  },
  "0;2|6": {
    "kci": 0.35927073540853827
  },
  "0;2|7": {
    "kci": 0.36313552934345283
  },
  "0;2|8": {
    "kci": 0.37980393075103414
  },
  "0;2|9": {
    "kci": 0.22164318983747766
  },
  "0;3|1": {
    "kci": 0.09731668639994173
  },
  "0;3|2": {
    "kci": 0.02405539834459136
  },
  "0;3|5": {
    "kci": 0.486142236517322
  },
  "0;3|6": {
    "kci": 0.058682165904530015
  },
  "0;3|7": {
    "kci": 0.030761599589295474
  },
  "0;3|8": {
    "kci": 0.022935080031353694
  },
  "0;3|9": {
    "kci": 0.020106632447371764
  },
  "0;5|1": {
    "kci": 0.0
  },
  "0;5|2": {
    "kci": 0.0
  },
  "0;5|3": {
    "kci": 0.0
  },
  "0;5|6": {
    "kci": 0.0
  },
  "0;5|7": {
    "kci": 0.0
  },
  "0;5|8": {
    "kci": 0.0
  },
  "0;5|9": {
    "kci": 0.0
  },
  "0;6|1": {
    "kci": 0.5443173299149768
  },
  "0;6|2": {
    "kci": 0.4149919293487099
  },
  "0;6|3": {
    "kci": 0.5090319825459013
  },
  "0;6|5": {
    "kci": 0.42277202169495076
  },
  "0;6|7": {
    "kci": 0.49474697722592986
  },
  "0;6|8": {
    "kci": 0.4205549727669913
  },
  "0;6|9": {
    "kci": 0.40949703716646857
  },
  "0;7|1": {
    "kci": 0.3030205775399156
  },
  "0;7|2": {
    "kci": 0.4318943849529605
  },
  "0;7|3": {
    "kci": 0.335996553913957
  },
  "0;7|5": {
    "kci": 0.3957132336315592
  },
  "0;7|6": {
    "kci": 0.4337582075155758
  },
  "0;7|8": {
    "kci": 0.4809829891631877
  },
  "0;7|9": {
    "kci": 0.435205320794822
  },
  "0;8|1": {
    "kci": 0.22775242130265472
  },
  "0;8|2": {
    "kci": 0.23024173604014353
  },
  "0;8|3": {
    "kci": 0.07905700435458585
  },
  "0;8|5": {
    "kci": 0.4853651614116127
  },
  "0;8|6": {
    "kci": 0.22395871214291052
  },
  "0;8|7": {
    "kci": 0.22888976094708213
  },
  "0;8|9": {
    "kci": 0.2863755450449277
  },
  "0;9|1": {
    "kci": 0.36401974162534734
  },
  "0;9|2": {
    "kci": 0.46007752796565027
  },
  "0;9|3": {
    "kci": 0.4437265168501874
  },
  "0;9|5": {
    "kci": 0.1627278440672335
  },
  "0;9|6": {
    "kci": 0.3264482752560953
  },
  "0;9|7": {
    "kci": 0.48009678274857825
  },
  "0;9|8": {
    "kci": 0.42104619710766644
  },
  "0;1|4": {
    "kci": 0.4638884000118777
  },
  "1;2|0": {
    "kci": 0.18083382230445855
  },
  "1;2|3": {
    "kci": 0.29231225512742476
  },
  "1;2|4": {
    "kci": 0.34063487231325684
  },
  "1;2|5": {
    "kci": 0.2042907575930788
  },
  "1;2|6": {
    "kci": 0.3341542798517536
  },
  "1;2|7": {
    "kci": 0.33961312101651564
  },
  "1;2|8": {
    "kci": 0.33581631482710284
  },
  "1;2|9": {
    "kci": 0.18790348882322194
  },
  "1;3|0": {
    "kci": 0.2170111634960613
  },
  "1;3|2": {
    "kci": 0.5111599518698681
  },
  "1;3|4": {
    "kci": 0.42687436899987397
  },
  "1;3|5": {
    "kci": 0.12346742794604804
  },
  "1;3|6": {
    "kci": 0.709792490351016
  },
  "1;3|7": {
    "kci": 0.34385454972162344
  },
  "1;3|8": {
    "kci": 0.5852821247601203
  },
  "1;3|9": {
    "kci": 0.4172061740582368
  },
  "1;4|0": {
    "kci": 0.7177357600373173
  },
  "1;4|2": {
    "kci": 0.8254843485324266
  },
  "1;4|3": {
    "kci": 0.77616433527868
  },
  "1;4|5": {
    "kci": 0.3911692426050478
  },
  "1;4|6": {
    "kci": 0.7556870408721862
  },
  "1;4|7": {
    "kci": 0.7543207951561506
  },
  "1;4|8": {
    "kci": 0.6296210267462108
  },
  "1;4|9": {
    "kci": 0.7294055775439363
  },
  "1;5|0": {
    "kci": 0.041807620177324645
  },
  "1;5|2": {
    "kci": 0.024376124079203643
  },
  "1;5|3": {
    "kci": 0.018887899950796205
  },
  "1;5|4": {
    "kci": 0.020360470386238116
  },
  "1;5|6": {
    "kci": 0.022156265474652215
  },
  "1;5|7": {
    "kci": 0.015215087524778848
  },
  "1;5|8": {
    "kci": 0.014338768875683416
  },
  "1;5|9": {
    "kci": 0.0561968680319922
  },
  "1;6|0": {
    "kci": 0.5723603437381265
  },
  "1;6|2": {
    "kci": 0.617846786681765
  },
  "1;6|3": {
    "kci": 0.6592958227151036
  },
  "1;6|4": {
    "kci": 0.6070131252735711
  },
  "1;6|5": {
    "kci": 0.644801276933762
  },
  "1;6|7": {
    "kci": 0.8039843296693476
  },
  "1;6|8": {
    "kci": 0.7621271100487587
  },
  "1;6|9": {
    "kci": 0.5912497898025806
  },
  "1;7|0": {
    "kci": 0.4039743965925223
  },
  "1;7|2": {
    "kci": 0.4188616432294191
  },
  "1;7|3": {
    "kci": 0.3426625774089196
  },
  "1;7|4": {
    "kci": 0.34212387263580357
  },
  "1;7|5": {
    "kci": 0.4681466628162263
  },
  "1;7|6": {
    "kci": 0.3518993681927871
  },
  "1;7|8": {
    "kci": 0.3722808291751851
  },
  "1;7|9": {
    "kci": 0.38951455906177956
  },
  "1;8|0": {
    "kci": 0.3565025230141333
  },
  "1;8|2": {
    "kci": 0.38051743850766373
  },
  "1;8|3": {
    "kci": 0.34392373540750665
  },
  "1;8|4": {
    "kci": 0.3305860933569915
  },
  "1;8|5": {
    "kci": 0.3251210352969146
  },
  "1;8|6": {
    "kci": 0.3563942332738057
  },
  "1;8|7": {
    "kci": 0.3618279386233201
  },
  "1;8|9": {
    "kci": 0.367332056954191
  },
  "1;9|0": {
    "kci": 0.48367422780034786
  },
  "1;9|2": {
    "kci": 0.5275761182239125
  },
  "1;9|3": {
    "kci": 0.49177005422828957
  },
  "1;9|4": {
    "kci": 0.4139581890895292
  },
  "1;9|5": {
    "kci": 0.45553185782439887
  },
  "1;9|6": {
    "kci": 0.48798994052043065
  },
  "1;9|7": {
    "kci": 0.5344093996893965
  },
  "1;9|8": {
    "kci": 0.476582279621415
  },
  "0;2|4": {
    "kci": 0.3665109834870812
  },
  "2;3|0": {
    "kci": 0.1268643779550488
  },
  "2;3|1": {
    "kci": 0.4121229795067439
  },
  "2;3|4": {
    "kci": 0.3106085985428305
  },
  "2;3|5": {
    "kci": 0.3474062108262388
  },
  "2;3|6": {
    "kci": 0.3536353490955936
  },
  "2;3|7": {
    "kci": 0.3591405007574425
  },
  "2;3|8": {
    "kci": 0.36315292411767197
  },