{
  "data_hash": "73edda78fb9b00ecb9149d143ed06fb7",
  "0;1": {
    "d_separation": 0.0
  },
  "0;2": {
    "d_separation": 0.0
  },
  "0;3": {
    "d_separation": 0.0
  },
  "0;4": {
    "d_separation": 0.0
  },
  "0;5": {
    "d_separation": 0.0
  },
  "0;6": {
    "d_separation": 0.0
  },
  "0;7": {
    "d_separation": 0.0
  },
  "0;8": {
    "d_separation": 0.0
  },
  "0;9": {
    "d_separation": 0.0
  },
  "1;2": {
    "d_separation": 0.0
  },
  "1;3": {
    "d_separation": 0.0
  },
  "1;4": {
    "d_separation": 0.0
  },
  "1;5": {
    "d_separation": 0.0
  },
  "1;6": {
    "d_separation": 0.0
  },
  "1;7": {
    "d_separation": 0.0
  },
  "1;8": {
    "d_separation": 0.0
  },
  "1;9": {
    "d_separation": 0.0
  },
  "2;3": {
    "d_separation": 0.0
  },
  "2;4": {
    "d_separation": 0.0
  },
  "2;5": {
    "d_separation": 0.0
  },
  "2;6": {
    "d_separation": 0.0
  },
  "2;7": {
    "d_separation": 0.0
  },
  "2;8": {
    "d_separation": 0.0
  },
  "2;9": {
    "d_separation": 0.0
  },
  "3;4": {
    "d_separation": 0.0
  },
  "3;5": {
    "d_separation": 0.0
  },
  "3;6": {
    "d_separation": 0.0
  },
  "3;7": {
    "d_separation": 0.0
  },
  "3;8": {
    "d_separation": 0.0
  },
  "3;9": {
    "d_separation": 0.0
  },
  "4;5": {
    "d_separation": 0.0
  },
  "4;6": {
    "d_separation": 0.0
  },
  "4;7": {
    "d_separation": 0.0
  },
  "4;8": {
    "d_separation": 0.0
  },
  "4;9": {
    "d_separation": 0.0
  },
  "5;6": {
    "d_separation": 0.0
  },
  "5;7": {
    "d_separation": 0.0
  },
  "5;8": {
    "d_separation": 0.0
  },
  "5;9": {
    "d_separation": 0.0
  },
  "6;7": {
    "d_separation": 0.0
  },
  "6;8": {
    "d_separation": 0.0
  },
  "6;9": {
    "d_separation": 0.0
  },
  "7;8": {
    "d_separation": 0.0
  },
  "7;9": {
    "d_separation": 0.0
  },
  "8;9": {
    "d_separation": 0.0
  },
  "0;1|2": {
    "kci": 0.39729937224032263
  },
  "0;1|3": {
    "kci": 0.39639849097801017
  },
  "0;1|4": {
    "kci": 0.3777085343571335
  },
  "0;1|5": {
    "kci": 0.3823787527164699
  },
  "0;1|6": {
    "kci": 0.4094825983070116
  },
  "0;1|7": {
    "kci": 0.4121357051225545
  },
  "0;1|8": {
    "kci": 0.43861125485175134
  },
  "0;1|9": {
    "kci": 0.298762037645522
  },
  "0;2|1": {
    "kci": 0.46046792276469795
  },
  "0;2|3": {
    "kci": 0.38928885195418483
  },
  "0;2|4": {
    "kci": 0.5129097705430425
  },
  "0;2|5": {
    "kci": 0.44958930054154245
  },
  "0;2|6": {
    "kci": 0.5015644848305035
  },
  "0;2|7": {
    "kci": 0.32433378737354057
  },
  "0;2|8": {
    "kci": 0.5196683743632071
  },
  "0;2|9": {
    "kci": 0.20003615721145662
  },
  "0;3|1": {
    "kci": 0.24384145112338662
  },
  "0;3|2": {
    "kci": 0.22516704230196194
  },
  "0;3|4": {
    "kci": 0.2006049775085137
  },
  "0;3|5": {
    "kci": 0.314532813451315
  },
  "0;3|6": {
    "kci": 0.22320568986831169
  },
  "0;3|7": {
    "kci": 0.2295915727994866
  },
  "0;3|8": {
    "kci": 0.22735795339428977
  },
  "0;3|9": {
    "kci": 0.2946602611862982
  },
  "0;4|1": {
    "kci": 0.22938177335093102
  },
  "0;4|2": {
    "kci": 0.22758180751705992
  },
  "0;4|3": {
    "kci": 0.20381662909115394
  },
  "0;4|5": {
    "kci": 0.3154991535723787
  },
  "0;4|6": {
    "kci": 0.23160665420008342
  },
  "0;4|7": {
    "kci": 0.2465859121252616
  },
  "0;4|8": {
    "kci": 0.22426196421045452
  },
  "0;4|9": {
    "kci": 0.4067970223527536
  },
  "0;5|1": {
    "kci": 0.40845867534798286
  },
  "0;5|2": {
    "kci": 0.4022531777970523
  },
  "0;5|3": {
    "kci": 0.46277419228527406
  },
  "0;5|4": {
    "kci": 0.45799939452296823
  },
  "0;5|6": {
    "kci": 0.43436675559003124
  },
  "0;5|7": {
    "kci": 0.29066845823007414
  },
  "0;5|8": {
    "kci": 0.4567106031884547
  },
  "0;5|9": {
    "kci": 0.2837986248064003
  },
  "0;6|1": {
    "kci": 0.3700667899956679
  },
  "0;6|2": {
    "kci": 0.41185231960445645
  },
  "0;6|3": {
    "kci": 0.19706292406794879
  },
  "0;6|4": {
    "kci": 0.4518172379722155
  },
  "0;6|5": {
    "kci": 0.5115308071313002
  },
  "0;6|7": {
    "kci": 0.4545646969700221
  },
  "0;6|8": {
    "kci": 0.38127273134135975
  },
  "0;6|9": {
    "kci": 0.46518073487118694
  },
  "0;7|1": {
    "kci": 0.3971642533289146
  },
  "0;7|2": {
    "kci": 0.41368024685678206
  },
  "0;7|3": {
    "kci": 0.4501349853421105
  },
  "0;7|4": {
    "kci": 0.47585283088417174
  },
  "0;7|5": {
    "kci": 0.33719727880486494
  },
  "0;7|6": {
    "kci": 0.4008232774399568
  },
  "0;7|8": {
    "kci": 0.43733105391873983
  },
  "0;7|9": {
    "kci": 0.4071240121662736
  },
  "0;8|1": {
    "kci": 0.4765888061525573
  },
  "0;8|2": {
    "kci": 0.4712196182447763
  },
  "0;8|3": {
    "kci": 0.4501797030297623
  },
  "0;8|4": {
    "kci": 0.6100599022890847
  },
  "0;8|5": {
    "kci": 0.46903764407407234
  },
  "0;8|6": {
    "kci": 0.4848453264893605
  },
  "0;8|7": {
    "kci": 0.5226120216519399
  },
  "0;8|9": {
    "kci": 0.38072670811706166
  },
  "0;9|1": {
    "kci": 0.3145018697866986
  },
  "0;9|2": {
    "kci": 0.3219414754945412
  },
  "0;9|3": {
    "kci": 0.3169799368775569
  },
  "0;9|4": {
    "kci": 0.3190921941581777
  },
  "0;9|5": {
    "kci": 0.30467957037822824
  },
  "0;9|6": {
    "kci": 0.32707063431463035
  },
  "0;9|7": {
    "kci": 0.3118716863923222
  },
  "0;9|8": {
    "kci": 0.3220466379042157
  },
  "1;2|0": {
    "kci": 0.01658048436323689
  },
  "1;2|3": {
    "kci": 0.0037751745175037543
  },
  "1;2|4": {
    "kci": 0.007089470919024565
  },
  "1;2|5": {
    "kci": 0.001929129677485153
  },
  "1;2|6": {
    "kci": 0.008633328486734704
  },
  "1;2|7": {
    "kci": 0.015842974626787965
  },
  "1;2|8": {
    "kci": 0.030047919823034897
  },
  "1;2|9": {
    "kci": 0.012013900910213815
  },
  "1;3|0": {
    "kci": 0.03804087143489043
  },
  "1;3|2": {
    "kci": 0.002807908998677111
  },
  "1;3|4": {
    "kci": 0.016333378965506906
  },
  "1;3|5": {
    "kci": 0.050285736563364436
  },
  "1;3|6": {
    "kci": 0.04020768051036072
  },
  "1;3|7": {
    "kci": 0.02643061144633363
  },
  "1;3|8": {
    "kci": 0.0570283440613808
  },
  "1;3|9": {
    "kci": 0.10530548617805491
  },
  "1;4|0": {
    "kci": 0.6448185506426067
  },
  "1;4|2": {
    "kci": 0.42134026835648897
  },
  "1;4|3": {
    "kci": 0.6593636908899905
  },
  "1;4|5": {
    "kci": 0.5312580280108228
  },
  "1;4|6": {
    "kci": 0.5316048696753042
  },
  "1;4|7": {
    "kci": 0.5804173051967387
  },
  "1;4|8": {
    "kci": 0.6738958639742141
  },
  "1;4|9": {
    "kci": 0.5356049272805328
  },
  "1;5|0": {
    "kci": 0.6582153811072935
  },
  "1;5|2": {
    "kci": 0.22815668782884202
  },
  "1;5|3": {
    "kci": 0.7861225806805842
  },
  "1;5|4": {
    "kci": 0.6530723735379459
  },
  "1;5|6": {
    "kci": 0.6902304617188529
  },
  "1;5|7": {
    "kci": 0.5748240630487607
  },
  "1;5|8": {
    "kci": 0.7436079785648539
  },
  "1;5|9": {
    "kci": 0.5711067088323246
  },
  "1;6|0": {
    "kci": 0.23800374289043247
  },
  "1;6|2": {
    "kci": 0.24324161669223576
  },
  "1;6|3": {
    "kci": 0.2554857891460076
  },
  "1;6|4": {
    "kci": 0.2591488260957241
  },
  "1;6|5": {
    "kci": 0.2894062175844876
  },
  "1;6|7": {
    "kci": 0.24560621153158613
  },
  "1;6|8": {
    "kci": 0.2517378757673938
  },
  "1;6|9": {
    "kci": 0.22343288612025314
  },
  "1;7|0": {
    "kci": 0.25771220127212735
  },
  "1;7|2": {
    "kci": 0.24337305374421847
  },
  "1;7|3": {
    "kci": 0.3631338676949202
  },
  "1;7|4": {
    "kci": 0.17349289234761134
  },
  "1;7|5": {
    "kci": 0.19741742630788017
  },
  "1;7|6": {
    "kci": 0.2371907814135934
  },
  "1;7|8": {
    "kci": 0.21207692055766314
  },
  "1;7|9": {
    "kci": 0.28992059241217216
  },
  "1;8|0": {
    "kci": 0.2351773447301767
  },
  "1;8|2": {
    "kci": 0.34582741545157636
  },
  "1;8|3": {
    "kci": 0.33566448205203503
  },
  "1;8|4": {
    "kci": 0.1706246625774115
  },
  "1;8|5": {
    "kci": 0.16642133402979953
  },
  "1;8|6": {
    "kci": 0.1639453266175228
  },