{
  "data_hash": "7516103e261cc0c72dc40cf4920c8d36",
  "0;1": {
    "d_separation": 0.0
  },
  "0;2": {
    "d_separation": 0.0
  },
  "0;3": {
    "d_separation": 0.0
  },
  "0;4": {
    "d_separation": 0.0
  },
  "0;5": {
    "d_separation": 0.0
  },
  "0;6": {
    "d_separation": 0.0
  },
  "0;7": {
    "d_separation": 0.0
  },
  "0;8": {
    "d_separation": 0.0
  },
  "0;9": {
    "d_separation": 0.0
  },
  "1;2": {
    "d_separation": 0.0
  },
  "1;3": {
    "d_separation": 0.0
  },
  "1;4": {
    "d_separation": 0.0
  },
  "1;5": {
    "d_separation": 0.0
  },
  "1;6": {
    "d_separation": 0.0
  },
  "1;7": {
    "d_separation": 0.0
  },
  "1;8": {
    "d_separation": 0.0
  },
  "1;9": {
    "d_separation": 0.0
  },
  "2;3": {
    "d_separation": 0.0
  },
  "2;4": {
    "d_separation": 0.0
  },
  "2;5": {
    "d_separation": 0.0
  },
  "2;6": {
    "d_separation": 0.0
  },
  "2;7": {
    "d_separation": 0.0
  },
  "2;8": {
    "d_separation": 0.0
  },
  "2;9": {
    "d_separation": 0.0
  },
  "3;4": {
    "d_separation": 0.0
  },
  "3;5": {
    "d_separation": 0.0
  },
  "3;6": {
    "d_separation": 0.0
  },
  "3;7": {
    "d_separation": 0.0
  },
  "3;8": {
    "d_separation": 0.0
  },
  "3;9": {
    "d_separation": 0.0
  },
  "4;5": {
    "d_separation": 0.0
  },
  "4;6": {
    "d_separation": 0.0
  },
  "4;7": {
    "d_separation": 0.0
  },
  "4;8": {
    "d_separation": 0.0
  },
  "4;9": {
    "d_separation": 0.0
  },
  "5;6": {
    "d_separation": 0.0
  },
  "5;7": {
    "d_separation": 0.0
  },
  "5;8": {
    "d_separation": 0.0
  },
  "5;9": {
    "d_separation": 0.0
  },
  "6;7": {
    "d_separation": 0.0
  },
  "6;8": {
    "d_separation": 0.0
  },
  "6;9": {
    "d_separation": 0.0
  },
  "7;8": {
    "d_separation": 0.0
  },
  "7;9": {
    "d_separation": 0.0
  },
  "8;9": {
    "d_separation": 0.0
  },
  "0;1|2": {
    "kci": 0.7961624862853303
  },
  "0;1|3": {
    "kci": 0.3557266469888978
  },
  "0;1|4": {
    "kci": 0.41792600266821744
  },
  "0;1|5": {
    "kci": 0.5876457187693771
  },
  "0;1|6": {
    "kci": 0.7666121899888962
  },
  "0;1|7": {
    "kci": 0.6596581330492325
  },
  "0;1|8": {
    "kci": 0.7208499763573153
  },
  "0;1|9": {
    "kci": 0.8249845825920946
  },
  "0;2|1": {
    "kci": 0.6685145056756703
  },
  "0;2|3": {
    "kci": 0.7033893902822177
  },
  "0;2|4": {
    "kci": 0.6266842693144815
  },
  "0;2|5": {
    "kci": 0.5349961024865674
  },
  "0;2|6": {
    "kci": 0.6647450444996534
  },
  "0;2|7": {
    "kci": 0.4821352234381012
  },
  "0;2|8": {
    "kci": 0.6471649376198189
  },
  "0;2|9": {
    "kci": 0.7418016919021491
  },
  "0;3|1": {
    "kci": 0.021449660624120126
  },
  "0;3|2": {
    "kci": 0.012239138145728301
  },
  "0;3|4": {
    "kci": 0.05470696354852678
  },
  "0;3|5": {
    "kci": 0.13724435066121043
  },
  "0;3|6": {
    "kci": 0.017296359909863446
  },
  "0;3|7": {
    "kci": 0.00556095265608747
  },
  "0;3|8": {
    "kci": 0.017378703369447468
  },
  "0;3|9": {
    "kci": 0.013948244539733756
  },
  "0;4|1": {
    "kci": 0.03283469878788825
  },
  "0;4|2": {
    "kci": 0.007102498227733345
  },
  "0;4|3": {
    "kci": 0.1618781147602264
  },
  "0;4|5": {
    "kci": 0.029728298643447504
  },
  "0;4|6": {
    "kci": 0.01564687730229175
  },
  "0;4|7": {
    "kci": 0.004921012835812921
  },
  "0;4|8": {
    "kci": 0.0011155146190654497
  },
  "0;4|9": {
    "kci": 0.019437496456554126
  },
  "0;5|1": {
    "kci": 0.00097155887334055
  },
  "0;5|2": {
    "kci": 0.0001876417339782277
  },
  "0;5|3": {
    "kci": 0.0048945348277422696
  },
  "0;5|4": {
    "kci": 0.001794818625636574
  },
  "0;5|6": {
    "kci": 0.0003825416474100285
  },
  "0;5|7": {
    "kci": 0.00011279650648621242
  },
  "0;5|8": {
    "kci": 0.0006651163860474929
  },
  "0;5|9": {
    "kci": 0.0003210652369891598
  },
  "0;6|1": {
    "kci": 0.42133934253017125
  },
  "0;6|2": {
    "kci": 0.38229636698444547
  },
  "0;6|3": {
    "kci": 0.4823958419992065
  },
  "0;6|4": {
    "kci": 0.751903759182664
  },
  "0;6|5": {
    "kci": 0.42977926922975895
  },
  "0;6|7": {
    "kci": 0.38950159705946363
  },
  "0;6|8": {
    "kci": 0.24530753129065563
  },
  "0;6|9": {
    "kci": 0.4284164526701354
  },
  "0;7|1": {
    "kci": 0.1232117397411211
  },
  "0;7|2": {
    "kci": 0.11218420401866558
  },
  "0;7|3": {
    "kci": 0.07133570321323235
  },
  "0;7|4": {
    "kci": 0.33950485862808066
  },
  "0;7|5": {
    "kci": 0.05722133377036431
  },
  "0;7|6": {
    "kci": 0.19064914875524497
  },
  "0;7|8": {
    "kci": 0.2823719246768026
  },
  "0;7|9": {
    "kci": 0.12682111814778008
  },
  "0;8|1": {
    "kci": 0.46512220166897456
  },
  "0;8|2": {
    "kci": 0.5463965133638375
  },
  "0;8|3": {
    "kci": 0.5319471482410991
  },
  "0;8|4": {
    "kci": 0.431594970239109
  },
  "0;8|5": {
    "kci": 0.2038601726344702
  },
  "0;8|6": {
    "kci": 0.2686439103135012
  },
  "0;8|7": {
    "kci": 0.43899905061268263
  },
  "0;8|9": {
    "kci": 0.4863626964785268
  },
  "0;9|1": {
    "kci": 0.5305583503369949
  },
  "0;9|2": {
    "kci": 0.5205819238612855
  },
  "0;9|3": {
    "kci": 0.45498502692221754
  },
  "0;9|4": {
    "kci": 0.37171033077709137
  },
  "0;9|5": {
    "kci": 0.3376308879631994
  },
  "0;9|6": {
    "kci": 0.43244879950011594
  },
  "0;9|7": {
    "kci": 0.517340633584076
  },
  "0;9|8": {
    "kci": 0.457622716748572
  },
  "1;2|0": {
    "kci": 0.06194338649066122
  },
  "1;2|3": {
    "kci": 0.055119960553759784
  },
  "1;2|4": {
    "kci": 0.023615603259870888
  },
  "1;2|5": {
    "kci": 0.07738690842555407
  },
  "1;2|6": {
    "kci": 0.049192527760414606
  },
  "1;2|7": {
    "kci": 0.09874785250905593
  },
  "1;2|8": {
    "kci": 0.23118446200335518
  },
  "1;2|9": {
    "kci": 0.3313627050224486
  },
  "1;3|0": {
    "kci": 0.4679480274676818
  },
  "1;3|2": {
    "kci": 0.45038229993406953
  },
  "1;3|4": {
    "kci": 0.38809687903585144
  },
  "1;3|5": {
    "kci": 0.35685570797759614
  },
  "1;3|6": {
    "kci": 0.34848092237261663
  },
  "1;3|7": {
    "kci": 0.27328005181831116
  },
  "1;3|8": {
    "kci": 0.4322400954744987
  },
  "1;3|9": {
    "kci": 0.33791701408335617
  },
  "1;4|0": {
    "kci": 2.057243264630415e-13
  },
  "1;4|2": {
    "kci": 1.1030287794255855e-11
  },
  "1;4|3": {
    "kci": 5.624389842751043e-13
  },
  "1;4|5": {
    "kci": 1.8712809080057013e-12
  },
  "1;4|6": {
    "kci": 7.512546140731047e-12
  },
  "1;4|7": {
    "kci": 1.1675771460772921e-11
  },
  "1;4|8": {
    "kci": 3.5943470422239443e-12
  },
  "1;4|9": {
    "kci": 1.8524071165870737e-12
  },
  "1;5|0": {
    "kci": 0.6908020275678366
  },
  "1;5|2": {
    "kci": 0.5966115771104947
  },
  "1;5|3": {
    "kci": 0.212081867544052
  },
  "1;5|4": {
    "kci": 0.6224856816866484
  },
  "1;5|6": {
    "kci": 0.5165096831032205
  },
  "1;5|7": {
    "kci": 0.4647859864292486
  },
  "1;5|8": {
    "kci": 0.5752812678169105
  },
  "1;5|9": {
    "kci": 0.6241672799312783
  },
  "1;6|0": {
    "kci": 0.45378099945287287
  },
  "1;6|2": {
    "kci": 0.45019746400464455
  },
  "1;6|3": {
    "kci": 0.660021457135346
  },
  "1;6|4": {
    "kci": 0.40614449093975113
  },
  "1;6|5": {
    "kci": 0.6586866338161953
  },
  "1;6|7": {
    "kci": 0.45025168006281213
  },
  "1;6|8": {
    "kci": 0.2235771169776909
  },
  "1;6|9": {
    "kci": 0.33881517955164986
  },
  "1;7|0": {
    "kci": 0.09252197337431056
  },
  "1;7|2": {
    "kci": 0.02646622563569223
  },
  "1;7|3": {
    "kci": 0.05525881471650518
  },
  "1;7|4": {
    "kci": 0.09133010871048797
  },
  "1;7|5": {
    "kci": 0.04823333197789659
  },
  "1;7|6": {
    "kci": 0.044265240408304485
  },
  "1;7|8": {
    "kci": 0.05144953336671665
  },
  "1;7|9": {
    "kci": 0.04905735279778922
  },
  "1;8|0": {
    "kci": 0.219250539334212
  },
  "1;8|2": {
    "kci": 0.5927201429967123
  },
  "1;8|3": {
    "kci": 0.20736890235245586
  },
  "1;8|4": {
    "kci": 0.4657211114091032
  },
  "1;8|5": {
    "kci": 0.16997464785026017
  },