{
  "data_hash": "757e05a92ee5f9e0cf95b59c0b384362",
  "0;1": {
    "d_separation": 0.0
  },
  "0;2": {
    "d_separation": 0.0
  },
  "0;3": {
    "d_separation": 0.0
  },
  "0;4": {
    "d_separation": 0.0
  },
  "0;5": {
    "d_separation": 0.0
  },
  "0;6": {
    "d_separation": 0.0
  },
  "0;7": {
    "d_separation": 0.0
  },
  "0;8": {
    "d_separation": 0.0
  },
  "0;9": {
    "d_separation": 0.0
  },
  "1;2": {
    "d_separation": 0.0
  },
  "1;3": {
    "d_separation": 0.0
  },
  "1;4": {
    "d_separation": 0.0
  },
  "1;5": {
    "d_separation": 0.0
  },
  "1;6": {
    "d_separation": 0.0
  },
  "1;7": {
    "d_separation": 0.0
  },
  "1;8": {
    "d_separation": 0.0
  },
  "1;9": {
    "d_separation": 0.0
  },
  "2;3": {
    "d_separation": 0.0
  },
  "2;4": {
    "d_separation": 0.0
  },
  "2;5": {
    "d_separation": 0.0
  },
  "2;6": {
    "d_separation": 0.0
  },
  "2;7": {
    "d_separation": 0.0
  },
  "2;8": {
    "d_separation": 0.0
  },
  "2;9": {
    "d_separation": 0.0
  },
  "3;4": {
    "d_separation": 0.0
  },
  "3;5": {
    "d_separation": 0.0
  },
  "3;6": {
    "d_separation": 0.0
  },
  "3;7": {
    "d_separation": 0.0
  },
  "3;8": {
    "d_separation": 0.0
  },
  "3;9": {
    "d_separation": 0.0
  },
  "4;5": {
    "d_separation": 0.0
  },
  "4;6": {
    "d_separation": 0.0
  },
  "4;7": {
    "d_separation": 0.0
  },
  "4;8": {
    "d_separation": 0.0
  },
  "4;9": {
    "d_separation": 0.0
  },
  "5;6": {
    "d_separation": 0.0
  },
  "5;7": {
    "d_separation": 0.0
  },
  "5;8": {
    "d_separation": 0.0
  },
  "5;9": {
    "d_separation": 0.0
  },
  "6;7": {
    "d_separation": 0.0
  },
  "6;8": {
    "d_separation": 0.0
  },
  "6;9": {
    "d_separation": 0.0
  },
  "7;8": {
    "d_separation": 0.0
  },
  "7;9": {
    "d_separation": 0.0
  },
  "8;9": {
    "d_separation": 0.0
  },
  "0;1|2": {
    "kci": 0.06108708744849922
  },
  "0;1|3": {
    "kci": 0.0026285725204967525
  },
  "0;1|4": {
    "kci": 0.03746445353886707
  },
  "0;1|5": {
    "kci": 0.13262728530518897
  },
  "0;1|6": {
    "kci": 0.017045841855001242
  },
  "0;1|7": {
    "kci": 0.47447290114660223
  },
  "0;1|8": {
    "kci": 0.16168403680183174
  },
  "0;1|9": {
    "kci": 0.021924894848747267
  },
  "0;2|1": {
    "kci": 0.0969851402575872
  },
  "0;2|3": {
    "kci": 0.05501999553510162
  },
  "0;2|4": {
    "kci": 0.03028320497770609
  },
  "0;2|5": {
    "kci": 0.08742626312072599
  },
  "0;2|6": {
    "kci": 0.008359258777420497
  },
  "0;2|7": {
    "kci": 0.21721862549973614
  },
  "0;2|8": {
    "kci": 0.2400803208630924
  },
  "0;2|9": {
    "kci": 0.04726737676512738
  },
  "0;3|1": {
    "kci": 0.013722107443285725
  },
  "0;3|2": {
    "kci": 0.07715623732618027
  },
  "0;3|4": {
    "kci": 0.10697691646460727
  },
  "0;3|5": {
    "kci": 0.10982412393894025
  },
  "0;3|6": {
    "kci": 0.06861789296604615
  },
  "0;3|7": {
    "kci": 0.2823599472370626
  },
  "0;3|8": {
    "kci": 0.08389476463299039
  },
  "0;3|9": {
    "kci": 0.07135587371694918
  },
  "0;4|1": {
    "kci": 0.20919692414340085
  },
  "0;4|2": {
    "kci": 0.0001832101441093803
  },
  "0;4|3": {
    "kci": 0.15516485972920535
  },
  "0;4|5": {
    "kci": 0.15558132127745994
  },
  "0;4|6": {
    "kci": 0.011192212418999925
  },
  "0;4|7": {
    "kci": 0.26798105917963777
  },
  "0;4|8": {
    "kci": 0.16137319508274983
  },
  "0;4|9": {
    "kci": 0.20274272286744432
  },
  "0;5|1": {
    "kci": 0.006724774817968737
  },
  "0;5|2": {
    "kci": 0.016334890124344748
  },
  "0;5|3": {
    "kci": 0.011031883984260027
  },
  "0;5|4": {
    "kci": 0.0014669474487795098
  },
  "0;5|6": {
    "kci": 0.003747576157714927
  },
  "0;5|7": {
    "kci": 0.4376865266498067
  },
  "0;5|8": {
    "kci": 0.026269091985775206
  },
  "0;5|9": {
    "kci": 0.0017598003968812836
  },
  "0;6|1": {
    "kci": 0.5212525061968845
  },
  "0;6|2": {
    "kci": 0.609357734752535
  },
  "0;6|3": {
    "kci": 0.3710586624104514
  },
  "0;6|4": {
    "kci": 0.4094074284875673
  },
  "0;6|5": {
    "kci": 0.35816001006496
  },
  "0;6|7": {
    "kci": 0.029000212213466492
  },
  "0;6|8": {
    "kci": 0.4658584359059694
  },
  "0;6|9": {
    "kci": 0.5293029318831457
  },
  "0;7|1": {
    "kci": 0.0
  },
  "0;7|2": {
    "kci": 0.0
  },
  "0;7|3": {
    "kci": 0.0
  },
  "0;7|4": {
    "kci": 0.0
  },
  "0;7|5": {
    "kci": 0.0
  },
  "0;7|6": {
    "kci": 0.0
  },
  "0;7|8": {
    "kci": 0.0
  },
  "0;7|9": {
    "kci": 0.0
  },
  "0;8|1": {
    "kci": 0.49950456084218564
  },
  "0;8|2": {
    "kci": 0.19034146467582358
  },
  "0;8|3": {
    "kci": 0.038270610042593356
  },
  "0;8|4": {
    "kci": 0.07656442954502984
  },
  "0;8|5": {
    "kci": 0.1895718228566493
  },
  "0;8|6": {
    "kci": 0.028804487733858686
  },
  "0;8|7": {
    "kci": 0.44238777524594397
  },
  "0;8|9": {
    "kci": 0.06924379265804559
  },
  "0;9|1": {
    "kci": 0.33455849609670174
  },
  "0;9|2": {
    "kci": 0.34565890779303843
  },
  "0;9|3": {
    "kci": 0.3267754929598279
  },
  "0;9|4": {
    "kci": 0.3308474341240837
  },
  "0;9|5": {
    "kci": 0.33959555843187994
  },
  "0;9|6": {
    "kci": 0.3433876243162065
  },
  "0;9|7": {
    "kci": 0.32316277872240995
  },
  "0;9|8": {
    "kci": 0.33330093570569663
  },
  "1;2|0": {
    "kci": 0.387491835122056
  },
  "1;2|3": {
    "kci": 0.3436458794573094
  },
  "1;2|4": {
    "kci": 0.25612556552280863
  },
  "1;2|5": {
    "kci": 0.2930309388664112
  },
  "1;2|6": {
    "kci": 0.24828754618713256
  },
  "1;2|7": {
    "kci": 0.38454531503729905
  },
  "1;2|8": {
    "kci": 0.4115315842417514
  },
  "1;2|9": {
    "kci": 0.26083102008739123
  },
  "1;3|0": {
    "kci": 0.18763506258566998
  },
  "1;3|2": {
    "kci": 0.3268913428915562
  },
  "1;3|4": {
    "kci": 0.2878114553934562
  },
  "1;3|5": {
    "kci": 0.3114960248940608
  },
  "1;3|6": {
    "kci": 0.26128984237182196
  },
  "1;3|7": {
    "kci": 0.29881366637801177
  },
  "1;3|8": {
    "kci": 0.31948254485217176
  },
  "1;3|9": {
    "kci": 0.3190477097253128
  },
  "1;4|0": {
    "kci": 0.38630071250990006
  },
  "1;4|2": {
    "kci": 0.06444562312045632
  },
  "1;4|3": {
    "kci": 0.29129036267169195
  },
  "1;4|5": {
    "kci": 0.13762399435409034
  },
  "1;4|6": {
    "kci": 0.15026528093239766
  },
  "1;4|7": {
    "kci": 0.39783915981915197
  },
  "1;4|8": {
    "kci": 0.2711111528585719
  },
  "1;4|9": {
    "kci": 0.27591872183941635
  },
  "1;5|0": {
    "kci": 0.04404166684444644
  },
  "1;5|2": {
    "kci": 0.07684082842392403
  },
  "1;5|3": {
    "kci": 0.038220613022622585
  },
  "1;5|4": {
    "kci": 0.047943091920895964
  },
  "1;5|6": {
    "kci": 0.056196854629424586
  },
  "1;5|7": {
    "kci": 0.15459569526358063
  },
  "1;5|8": {
    "kci": 0.08031122130021218
  },
  "1;5|9": {
    "kci": 0.06525797956840973
  },
  "1;6|0": {
    "kci": 0.5959100247081119
  },
  "1;6|2": {
    "kci": 0.8176964303113303
  },
  "1;6|3": {
    "kci": 0.6710020400830148
  },
  "1;6|4": {
    "kci": 0.5673677197982194
  },
  "1;6|5": {
    "kci": 0.560368255663884
  },
  "1;6|7": {
    "kci": 0.362139718025567
  },
  "1;6|8": {
    "kci": 0.48374245192036347
  },
  "1;6|9": {
    "kci": 0.6032585777582262
  },
  "1;7|0": {
    "kci": 5.052780882475183e-06
  },
  "1;7|2": {
    "kci": 5.02676957669923e-06
  },
  "1;7|3": {
    "kci": 7.484680597524829e-08
  },
  "1;7|4": {
    "kci": 7.261555157178634e-08
  },
  "1;7|5": {
    "kci": 8.618285433836803e-05
  },
  "1;7|6": {
    "kci": 5.758974408465178e-09
  },
  "1;7|8": {
    "kci": 5.4399975704444437e-05
  },
  "1;7|9": {
    "kci": 8.421736108488176e-08
  },
  "1;8|0": {
    "kci": 1.166998838675326e-07
  },
  "1;8|2": {
    "kci": 2.5768134970238776e-07
  },
  "1;8|3": {
    "kci": 2.7217960218983706e-08
  },
  "1;8|4": {
    "kci": 2.9192266381983245e-09
  },
  "1;8|5": {
    "kci": 0.000510527094374269
  },
  "1;8|6": {
    "kci": 2.8784929995140374e-10
  },
  "1;8|7": {
    "kci": 0.0017093458963195474
  },