{
  "data_hash": "75fd8e49aa203d86a6a26a647058ec2c",
  "0;1": {
    "d_separation": 0.0
  },
  "0;2": {
    "d_separation": 0.0
  },
  "0;3": {
    "d_separation": 0.0
  },
  "0;4": {
    "d_separation": 0.0
  },
  "0;5": {
    "d_separation": 0.0
  },
  "0;6": {
    "d_separation": 0.0
  },
  "0;7": {
    "d_separation": 0.0
  },
  "0;8": {
    "d_separation": 0.0
  },
  "0;9": {
    "d_separation": 0.0
  },
  "1;2": {
    "d_separation": 0.0
  },
  "1;3": {
    "d_separation": 0.0
  },
  "1;4": {
    "d_separation": 0.0
  },
  "1;5": {
    "d_separation": 0.0
  },
  "1;6": {
    "d_separation": 0.0
  },
  "1;7": {
    "d_separation": 0.0
  },
  "1;8": {
    "d_separation": 0.0
  },
  "1;9": {
    "d_separation": 0.0
  },
  "2;3": {
    "d_separation": 0.0
  },
  "2;4": {
    "d_separation": 0.0
  },
  "2;5": {
    "d_separation": 0.0
  },
  "2;6": {
    "d_separation": 0.0
  },
  "2;7": {
    "d_separation": 0.0
  },
  "2;8": {
    "d_separation": 0.0
  },
  "2;9": {
    "d_separation": 0.0
  },
  "3;4": {
    "d_separation": 0.0
  },
  "3;5": {
    "d_separation": 0.0
  },
  "3;6": {
    "d_separation": 0.0
  },
  "3;7": {
    "d_separation": 0.0
  },
  "3;8": {
    "d_separation": 0.0
  },
  "3;9": {
    "d_separation": 0.0
  },
  "4;5": {
    "d_separation": 0.0
  },
  "4;6": {
    "d_separation": 0.0
  },
  "4;7": {
    "d_separation": 0.0
  },
  "4;8": {
    "d_separation": 0.0
  },
  "4;9": {
    "d_separation": 0.0
  },
  "5;6": {
    "d_separation": 0.0
  },
  "5;7": {
    "d_separation": 0.0
  },
  "5;8": {
    "d_separation": 0.0
  },
  "5;9": {
    "d_separation": 0.0
  },
  "6;7": {
    "d_separation": 0.0
  },
  "6;8": {
    "d_separation": 0.0
  },
  "6;9": {
    "d_separation": 0.0
  },
  "7;8": {
    "d_separation": 0.0
  },
  "7;9": {
    "d_separation": 0.0
  },
  "8;9": {
    "d_separation": 0.0
  },
  "0;1|2": {
    "kci": 0.014062627803374972
  },
  "0;1|3": {
    "kci": 0.021902348221454204
  },
  "0;1|4": {
    "kci": 0.0045775858265860725
  },
  "0;1|5": {
    "kci": 6.382342085942128e-07
  },
  "0;1|6": {
    "kci": 0.028204420064155578
  },
  "0;1|7": {
    "kci": 2.3182715339853388e-05
  },
  "0;1|8": {
    "kci": 0.0020254766390128687
  },
  "0;1|9": {
    "kci": 0.020131396347679242
  },
  "0;2|1": {
    "kci": 0.024235209238916977
  },
  "0;2|3": {
    "kci": 0.0776727339673624
  },
  "0;2|4": {
    "kci": 0.00035294559359078104
  },
  "0;2|5": {
    "kci": 0.19843429395507506
  },
  "0;2|6": {
    "kci": 0.0008004740148327416
  },
  "0;2|7": {
    "kci": 0.15117449090727653
  },
  "0;2|8": {
    "kci": 0.01037800163425584
  },
  "0;2|9": {
    "kci": 0.043625815610071395
  },
  "0;3|1": {
    "kci": 1.0379722470421626e-07
  },
  "0;3|2": {
    "kci": 3.384081191937227e-07
  },
  "0;3|4": {
    "kci": 5.966926619471735e-09
  },
  "0;3|5": {
    "kci": 8.658762595814551e-11
  },
  "0;3|6": {
    "kci": 2.9928944877966046e-09
  },
  "0;3|7": {
    "kci": 3.12890824361034e-11
  },
  "0;3|8": {
    "kci": 1.1098300911616121e-07
  },
  "0;3|9": {
    "kci": 7.227084930505612e-09
  },
  "0;4|1": {
    "kci": 3.674791582142234e-09
  },
  "0;4|2": {
    "kci": 2.9899715903169977e-07
  },
  "0;4|3": {
    "kci": 4.590695314776738e-06
  },
  "0;4|5": {
    "kci": 0.04781877102554433
  },
  "0;4|6": {
    "kci": 0.0035934089690980997
  },
  "0;4|7": {
    "kci": 1.0550058866520828e-06
  },
  "0;4|8": {
    "kci": 5.435876146986374e-07
  },
  "0;4|9": {
    "kci": 8.861901192980248e-06
  },
  "0;5|1": {
    "kci": 0.0
  },
  "0;5|2": {
    "kci": 0.0
  },
  "0;5|3": {
    "kci": 0.0
  },
  "0;5|4": {
    "kci": 0.0
  },
  "0;5|6": {
    "kci": 0.0
  },
  "0;5|7": {
    "kci": 0.0
  },
  "0;5|8": {
    "kci": 0.0
  },
  "0;5|9": {
    "kci": 0.0
  },
  "0;6|1": {
    "kci": 1.723066134218243e-13
  },
  "0;6|2": {
    "kci": 6.588152245967649e-11
  },
  "0;6|3": {
    "kci": 5.551115123125783e-16
  },
  "0;6|4": {
    "kci": 2.4407679211080335e-09
  },
  "0;6|5": {
    "kci": 8.133850537550558e-08
  },
  "0;6|7": {
    "kci": 9.417765900465724e-09
  },
  "0;6|8": {
    "kci": 6.127660601151774e-10
  },
  "0;6|9": {
    "kci": 2.8530008355787118e-09
  },
  "0;7|1": {
    "kci": 0.0
  },
  "0;7|2": {
    "kci": 5.88418203051333e-15
  },
  "0;7|3": {
    "kci": 4.4575454438700035e-13
  },
  "0;7|4": {
    "kci": 1.1102230246251565e-16
  },
  "0;7|5": {
    "kci": 7.738565344084236e-11
  },
  "0;7|6": {
    "kci": 2.220446049250313e-15
  },
  "0;7|8": {
    "kci": 1.1213252548714081e-14
  },
  "0;7|9": {
    "kci": 1.1102230246251565e-16
  },
  "0;8|1": {
    "kci": 2.8972682472039324e-05
  },
  "0;8|2": {
    "kci": 0.002396358966822665
  },
  "0;8|3": {
    "kci": 0.00039818249144008
  },
  "0;8|4": {
    "kci": 0.0007339573620620543
  },
  "0;8|5": {
    "kci": 0.010557012314810321
  },
  "0;8|6": {
    "kci": 0.0003253818007050713
  },
  "0;8|7": {
    "kci": 0.00018996580517216533
  },
  "0;8|9": {
    "kci": 0.0004909262670492742
  },
  "0;9|1": {
    "kci": 0.19866827271257026
  },
  "0;9|2": {
    "kci": 0.024507451056898444
  },
  "0;9|3": {
    "kci": 0.475350022079308
  },
  "0;9|4": {
    "kci": 0.056901301446050545
  },
  "0;9|5": {
    "kci": 0.10618020210816592
  },
  "0;9|6": {
    "kci": 0.002776824454489568
  },
  "0;9|7": {
    "kci": 0.13087078602380597
  },
  "0;9|8": {
    "kci": 0.20107244127220425
  },
  "1;2|0": {
    "kci": 0.013536245972825989
  },
  "1;2|3": {
    "kci": 0.00025231780122803027
  },
  "1;2|4": {
    "kci": 0.0005886668410461926
  },
  "1;2|5": {
    "kci": 0.00012110904875151096
  },
  "1;2|6": {
    "kci": 0.0004910637994461897
  },
  "1;2|7": {
    "kci": 0.15326077905250612
  },
  "1;2|8": {
    "kci": 0.07537549987468428
  },
  "1;2|9": {
    "kci": 0.00026530940417113236
  },
  "1;3|0": {
    "kci": 0.05818671085884952
  },
  "1;3|2": {
    "kci": 0.008216886321595673
  },
  "1;3|4": {
    "kci": 0.0888039530975363
  },
  "1;3|5": {
    "kci": 0.0007857663324737363
  },
  "1;3|6": {
    "kci": 0.021498403806971544
  },
  "1;3|7": {
    "kci": 0.015425659360350341
  },
  "1;3|8": {
    "kci": 0.11303403964129899
  },
  "1;3|9": {
    "kci": 0.08028028098997941
  },
  "1;4|0": {
    "kci": 0.0034600451859857495
  },
  "1;4|2": {
    "kci": 0.0002091232562337897
  },
  "1;4|3": {
    "kci": 0.0036828746795796174
  },
  "1;4|5": {
    "kci": 0.0027666712710269215
  },
  "1;4|6": {
    "kci": 7.877249324617086e-05
  },
  "1;4|7": {
    "kci": 0.0009075816159151984
  },
  "1;4|8": {
    "kci": 0.022408318330877863
  },
  "1;4|9": {
    "kci": 0.1233866400388407
  },
  "1;5|0": {
    "kci": 0.0011804703842351882
  },
  "1;5|2": {
    "kci": 1.2885897571202065e-08
  },
  "1;5|3": {
    "kci": 5.827866920160574e-07
  },
  "1;5|4": {
    "kci": 1.6550018495653518e-06
  },
  "1;5|6": {
    "kci": 1.187382785694524e-05
  },
  "1;5|7": {
    "kci": 8.749959025700083e-05
  },
  "1;5|8": {
    "kci": 3.3338425575735187e-08
  },
  "1;5|9": {
    "kci": 4.193461141888122e-06
  },
  "1;6|0": {
    "kci": 0.16693727159398675
  },
  "1;6|2": {
    "kci": 0.00975996154922798
  },
  "1;6|3": {
    "kci": 0.056388022731875265
  },
  "1;6|4": {
    "kci": 0.018712373728855924
  },
  "1;6|5": {
    "kci": 0.15194127975838279
  },
  "1;6|7": {
    "kci": 0.06745878435069863
  },
  "1;6|8": {
    "kci": 0.006880985195602318
  },
  "1;6|9": {
    "kci": 0.02537389072576024
  },
  "1;7|0": {
    "kci": 5.7171128498012536e-08
  },
  "1;7|2": {
    "kci": 0.00015048201707590358
  },
  "1;7|3": {
    "kci": 1.8717198222217846e-05
  },
  "1;7|4": {
    "kci": 6.070059458807009e-05
  },
  "1;7|5": {
    "kci": 7.711863415416076e-06
  },
  "1;7|6": {
    "kci": 8.870957126372314e-05
  },
  "1;7|8": {
    "kci": 0.0077344695606546
  },
  "1;7|9": {
    "kci": 2.56168807388768e-07
  },
  "1;8|0": {
    "kci": 0.003120598196773461
  },
  "1;8|2": {
    "kci": 0.00025992538385599673
  },
  "1;8|3": {
    "kci": 0.0010763221563344638
  },
  "1;8|4": {
    "kci": 4.7570690216658384e-05
  },