{
  "data_hash": "76fe25f7a45e649828af32bc2941c1c0",
  "0;1": {
    "d_separation": 1.0
  },
  "0;2": {
    "d_separation": 0.0
  },
  "0;3": {
    "d_separation": 0.0
  },
  "0;4": {
    "d_separation": 0.0
  },
  "0;5": {
    "d_separation": 0.0
  },
  "0;6": {
    "d_separation": 0.0
  },
  "0;7": {
    "d_separation": 0.0
  },
  "0;8": {
    "d_separation": 0.0
  },
  "0;9": {
    "d_separation": 0.0
  },
  "1;2": {
    "d_separation": 0.0
  },
  "1;3": {
    "d_separation": 1.0
  },
  "1;4": {
    "d_separation": 0.0
  },
  "1;5": {
    "d_separation": 0.0
  },
  "1;6": {
    "d_separation": 1.0
  },
  "1;7": {
    "d_separation": 1.0
  },
  "1;8": {
    "d_separation": 1.0
  },
  "1;9": {
    "d_separation": 0.0
  },
  "2;3": {
    "d_separation": 0.0
  },
  "2;4": {
    "d_separation": 0.0
  },
  "2;5": {
    "d_separation": 0.0
  },
  "2;6": {
    "d_separation": 0.0
  },
  "2;7": {
    "d_separation": 0.0
  },
  "2;8": {
    "d_separation": 0.0
  },
  "2;9": {
    "d_separation": 0.0
  },
  "3;4": {
    "d_separation": 0.0
  },
  "3;5": {
    "d_separation": 0.0
  },
  "3;6": {
    "d_separation": 0.0
  },
  "3;7": {
    "d_separation": 0.0
  },
  "3;8": {
    "d_separation": 0.0
  },
  "3;9": {
    "d_separation": 0.0
  },
  "4;5": {
    "d_separation": 0.0
  },
  "4;6": {
    "d_separation": 0.0
  },
  "4;7": {
    "d_separation": 0.0
  },
  "4;8": {
    "d_separation": 0.0
  },
  "4;9": {
    "d_separation": 0.0
  },
  "5;6": {
    "d_separation": 0.0
  },
  "5;7": {
    "d_separation": 0.0
  },
  "5;8": {
    "d_separation": 0.0
  },
  "5;9": {
    "d_separation": 0.0
  },
  "6;7": {
    "d_separation": 0.0
  },
  "6;8": {
    "d_separation": 0.0
  },
  "6;9": {
    "d_separation": 0.0
  },
  "7;8": {
    "d_separation": 0.0
  },
  "7;9": {
    "d_separation": 0.0
  },
  "8;9": {
    "d_separation": 0.0
  },
  "0;2|3": {
    "kci": 0.211177557232628
  },
  "0;2|4": {
    "kci": 0.21360919137284495
  },
  "0;2|5": {
    "kci": 0.18359244090246796
  },
  "0;2|6": {
    "kci": 0.18607706913562372
  },
  "0;2|7": {
    "kci": 0.14077883077929298
  },
  "0;2|8": {
    "kci": 0.12154807400347956
  },
  "0;2|9": {
    "kci": 0.1294353246072133
  },
  "0;3|2": {
    "kci": 0.47822970311839685
  },
  "0;3|4": {
    "kci": 0.3902001348438081
  },
  "0;3|5": {
    "kci": 0.48040395432130334
  },
  "0;3|6": {
    "kci": 0.40782593827520397
  },
  "0;3|7": {
    "kci": 0.44063206705953917
  },
  "0;3|8": {
    "kci": 0.44569551404273744
  },
  "0;3|9": {
    "kci": 0.42609688980453253
  },
  "0;4|2": {
    "kci": 0.4670948477162298
  },
  "0;4|3": {
    "kci": 0.18425851883103317
  },
  "0;4|5": {
    "kci": 0.0182954280365224
  },
  "0;4|6": {
    "kci": 0.5750049725801963
  },
  "0;4|7": {
    "kci": 0.1759940425259119
  },
  "0;4|8": {
    "kci": 0.2254032893687754
  },
  "0;4|9": {
    "kci": 0.1734631529980757
  },
  "0;5|2": {
    "kci": 0.00030404189369370727
  },
  "0;5|3": {
    "kci": 0.007236081093594193
  },
  "0;5|4": {
    "kci": 0.0012759109205243702
  },
  "0;5|6": {
    "kci": 5.896880391098591e-06
  },
  "0;5|7": {
    "kci": 0.0009710412180815586
  },
  "0;5|8": {
    "kci": 0.04387125727196517
  },
  "0;5|9": {
    "kci": 0.007044186909915262
  },
  "0;6|2": {
    "kci": 0.15039626004475837
  },
  "0;6|3": {
    "kci": 0.30275728237581145
  },
  "0;6|4": {
    "kci": 0.1717599887955379
  },
  "0;6|5": {
    "kci": 0.13477886390482718
  },
  "0;6|7": {
    "kci": 0.1526433575130195
  },
  "0;6|8": {
    "kci": 0.21838273188150248
  },
  "0;6|9": {
    "kci": 0.15996741849400298
  },
  "0;7|2": {
    "kci": 0.3084291312979687
  },
  "0;7|3": {
    "kci": 0.34296392605251236
  },
  "0;7|4": {
    "kci": 0.339040456618241
  },
  "0;7|5": {
    "kci": 0.26826032542010747
  },
  "0;7|6": {
    "kci": 0.31651697173023485
  },
  "0;7|8": {
    "kci": 0.3048560976630066
  },
  "0;7|9": {
    "kci": 0.317059904335136
  },
  "0;8|2": {
    "kci": 0.23614737852406054
  },
  "0;8|3": {
    "kci": 0.2914110540305924
  },
  "0;8|4": {
    "kci": 0.21780220662978123
  },
  "0;8|5": {
    "kci": 0.4865869009466467
  },
  "0;8|6": {
    "kci": 0.13824422187364394
  },
  "0;8|7": {
    "kci": 0.3028390500584017
  },
  "0;8|9": {
    "kci": 0.31473168741895896
  },
  "0;9|2": {
    "kci": 0.3195866447711432
  },
  "0;9|3": {
    "kci": 0.6416950463801341
  },
  "0;9|4": {
    "kci": 0.36450137066260546
  },
  "0;9|5": {
    "kci": 0.5952512445393652
  },
  "0;9|6": {
    "kci": 0.1479389200533826
  },
  "0;9|7": {
    "kci": 0.5103777819045456
  },
  "0;9|8": {
    "kci": 0.2962766744619193
  },
  "1;2|4": {
    "kci": 0.3676459632004697
  },
  "1;2|5": {
    "kci": 0.23249809986468728
  },
  "1;2|9": {
    "kci": 0.1662175514930413
  },
  "1;4|2": {
    "kci": 0.2459670503677701
  },
  "1;4|5": {
    "kci": 0.13036255104784833
  },
  "1;4|9": {
    "kci": 0.1145460768636839
  },
  "1;5|2": {
    "kci": 0.44031842213204964
  },
  "1;5|4": {
    "kci": 0.5067591060377892
  },
  "1;5|9": {
    "kci": 0.4810147158183501
  },
  "1;9|2": {
    "kci": 0.40532698871714545
  },
  "1;9|4": {
    "kci": 0.34662787019538566
  },
  "1;9|5": {
    "kci": 0.365652053647179
  },
  "0;2|1": {
    "kci": 0.20317533097761686
  },
  "1;2|0": {
    "kci": 0.20236315381541214
  },
  "1;2|3": {
    "kci": 0.30117718459118137
  },
  "1;2|6": {
    "kci": 0.16233595914794563
  },
  "1;2|7": {
    "kci": 0.22792015030415635
  },
  "1;2|8": {
    "kci": 0.1350354097501486
  },
  "2;3|0": {
    "kci": 0.5363255435737453
  },
  "2;3|1": {
    "kci": 0.37827368282206986
  },
  "2;3|4": {
    "kci": 0.41917510343974673
  },
  "2;3|5": {
    "kci": 0.49456500143549875
  },
  "2;3|6": {
    "kci": 0.7207865224471274
  },
  "2;3|7": {
    "kci": 0.4753637639161469
  },
  "2;3|8": {
    "kci": 0.4141417285988319
  },
  "2;3|9": {
    "kci": 0.5526340346678122
  },
  "2;4|0": {
    "kci": 2.8406584713813743e-05
  },
  "2;4|1": {
    "kci": 2.281674394144506e-05
  },
  "2;4|3": {
    "kci": 1.8371561225638544e-06
  },
  "2;4|5": {
    "kci": 5.52760130001495e-07
  },
  "2;4|6": {
    "kci": 1.5208313339787338e-06
  },
  "2;4|7": {
    "kci": 5.755059304723975e-05
  },
  "2;4|8": {
    "kci": 7.528153797020654e-05
  },
  "2;4|9": {
    "kci": 2.0122293931112978e-05
  },
  "2;5|0": {
    "kci": 0.3755114697632361
  },
  "2;5|1": {
    "kci": 0.3580833861535857
  },
  "2;5|3": {
    "kci": 0.3219884465102446
  },
  "2;5|4": {
    "kci": 0.22692311144492527
  },
  "2;5|6": {
    "kci": 0.29924745882246206
  },
  "2;5|7": {
    "kci": 0.30469812841075516
  },
  "2;5|8": {
    "kci": 0.269760727148632
  },
  "2;5|9": {
    "kci": 0.26485823437785017
  },
  "2;6|0": {
    "kci": 0.012553685063972475
  },
  "2;6|1": {
    "kci": 0.08081743794370977
  },
  "2;6|3": {
    "kci": 0.24707558025157472
  },
  "2;6|4": {
    "kci": 0.035871056940605994
  },
  "2;6|5": {
    "kci": 0.07886058663893425
  },
  "2;6|7": {
    "kci": 0.06942287964603122
  },
  "2;6|8": {
    "kci": 0.044074921741511064
  },
  "2;6|9": {
    "kci": 0.0788057938897484
  },
  "2;7|0": {
    "kci": 0.2293943055069788
  },
  "2;7|1": {
    "kci": 0.26984302404858496
  },
  "2;7|3": {
    "kci": 0.31290827711895275
  },
  "2;7|4": {
    "kci": 0.36478509351005584
  },
  "2;7|5": {
    "kci": 0.26502476592601976
  },
  "2;7|6": {
    "kci": 0.3094332114806807
  },
  "2;7|8": {
    "kci": 0.2839797009944469
  },
  "2;7|9": {
    "kci": 0.2797963621947066
  },
  "2;8|0": {
    "kci": 0.26219751980475847
  },
  "2;8|1": {
    "kci": 0.1426046016449607
  },
  "2;8|3": {
    "kci": 0.5834891511376127
  },
  "2;8|4": {
    "kci": 0.1927435497725256
  },
  "2;8|5": {
    "kci": 0.23176942621643737
  },
  "2;8|6": {
    "kci": 0.11045182546516241
  },
  "2;8|7": {
    "kci": 0.3105906346892655
  },
  "2;8|9": {
    "kci": 0.4317187330002257
  },
  "2;9|0": {
    "kci": 0.29724931668875487
  },
  "2;9|1": {
    "kci": 0.3701912087888164
  },
  "2;9|3": {
    "kci": 0.6933535374926119
  },