{
  "data_hash": "781c40e6d15b7904819381f8ca6d6751",
  "0;1": {
    "d_separation": 1.0
  },
  "0;2": {
    "d_separation": 0.0
  },
  "0;3": {
    "d_separation": 0.0
  },
  "0;4": {
    "d_separation": 0.0
  },
  "0;5": {
    "d_separation": 0.0
  },
  "0;6": {
    "d_separation": 0.0
  },
  "0;7": {
    "d_separation": 0.0
  },
  "0;8": {
    "d_separation": 0.0
  },
  "0;9": {
    "d_separation": 0.0
  },
  "1;2": {
    "d_separation": 0.0
  },
  "1;3": {
    "d_separation": 1.0
  },
  "1;4": {
    "d_separation": 0.0
  },
  "1;5": {
    "d_separation": 0.0
  },
  "1;6": {
    "d_separation": 1.0
  },
  "1;7": {
    "d_separation": 1.0
  },
  "1;8": {
    "d_separation": 1.0
  },
  "1;9": {
    "d_separation": 0.0
  },
  "2;3": {
    "d_separation": 0.0
  },
  "2;4": {
    "d_separation": 0.0
  },
  "2;5": {
    "d_separation": 0.0
  },
  "2;6": {
    "d_separation": 0.0
  },
  "2;7": {
    "d_separation": 0.0
  },
  "2;8": {
    "d_separation": 0.0
  },
  "2;9": {
    "d_separation": 0.0
  },
  "3;4": {
    "d_separation": 0.0
  },
  "3;5": {
    "d_separation": 0.0
  },
  "3;6": {
    "d_separation": 0.0
  },
  "3;7": {
    "d_separation": 0.0
  },
  "3;8": {
    "d_separation": 0.0
  },
  "3;9": {
    "d_separation": 0.0
  },
  "4;5": {
    "d_separation": 0.0
  },
  "4;6": {
    "d_separation": 0.0
  },
  "4;7": {
    "d_separation": 0.0
  },
  "4;8": {
    "d_separation": 0.0
  },
  "4;9": {
    "d_separation": 0.0
  },
  "5;6": {
    "d_separation": 0.0
  },
  "5;7": {
    "d_separation": 0.0
  },
  "5;8": {
    "d_separation": 0.0
  },
  "5;9": {
    "d_separation": 0.0
  },
  "6;7": {
    "d_separation": 0.0
  },
  "6;8": {
    "d_separation": 0.0
  },
  "6;9": {
    "d_separation": 0.0
  },
  "7;8": {
    "d_separation": 0.0
  },
  "7;9": {
    "d_separation": 0.0
  },
  "8;9": {
    "d_separation": 0.0
  },
  "0;2|3": {
    "fisherz": 0.7421242763097871
  },
  "0;2|4": {
    "fisherz": 0.7763392441494743
  },
  "0;2|5": {
    "fisherz": 0.7424227805197061
  },
  "0;2|6": {
    "fisherz": 0.7413969707166734
  },
  "0;2|7": {
    "fisherz": 0.7632705202354944
  },
  "0;2|8": {
    "fisherz": 0.7396511058005253
  },
  "0;2|9": {
    "fisherz": 0.8005903497089597
  },
  "0;3|2": {
    "fisherz": 0.9913820761156005
  },
  "0;3|4": {
    "fisherz": 0.8719522788674334
  },
  "0;3|5": {
    "fisherz": 0.9843399793867158
  },
  "0;3|6": {
    "fisherz": 0.9916098282208596
  },
  "0;3|7": {
    "fisherz": 0.9195086695804608
  },
  "0;3|8": {
    "fisherz": 0.9694191749969823
  },
  "0;3|9": {
    "fisherz": 0.8931398456601063
  },
  "0;4|2": {
    "fisherz": 0.0016265428940136495
  },
  "0;4|3": {
    "fisherz": 0.0015792535671088626
  },
  "0;4|5": {
    "fisherz": 0.0016082342613388256
  },
  "0;4|6": {
    "fisherz": 0.0015983585204331074
  },
  "0;4|7": {
    "fisherz": 0.0021000569266149682
  },
  "0;4|8": {
    "fisherz": 0.0016454714844826857
  },
  "0;4|9": {
    "fisherz": 0.0014575755646866195
  },
  "0;5|2": {
    "fisherz": 0.7765366500041297
  },
  "0;5|3": {
    "fisherz": 0.7758246118413725
  },
  "0;5|4": {
    "fisherz": 0.7859409347595432
  },
  "0;5|6": {
    "fisherz": 0.7763637566926165
  },
  "0;5|7": {
    "fisherz": 0.696372248183887
  },
  "0;5|8": {
    "fisherz": 0.7789906377555325
  },
  "0;5|9": {
    "fisherz": 0.7562257460536606
  },
  "0;6|2": {
    "fisherz": 0.9590510069683342
  },
  "0;6|3": {
    "fisherz": 0.9643648802714602
  },
  "0;6|4": {
    "fisherz": 0.9377911631066784
  },
  "0;6|5": {
    "fisherz": 0.9655025320046198
  },
  "0;6|7": {
    "fisherz": 0.8891211193558979
  },
  "0;6|8": {
    "fisherz": 0.9651312625724371
  },
  "0;6|9": {
    "fisherz": 0.9418840932649857
  },
  "0;7|2": {
    "fisherz": 0.25294791131960315
  },
  "0;7|3": {
    "fisherz": 0.24797859409458134
  },
  "0;7|4": {
    "fisherz": 0.3610677969513718
  },
  "0;7|5": {
    "fisherz": 0.23737083696375416
  },
  "0;7|6": {
    "fisherz": 0.2466794004156183
  },
  "0;7|8": {
    "fisherz": 0.2509113798665066
  },
  "0;7|9": {
    "fisherz": 0.25141161304663173
  },
  "0;8|2": {
    "fisherz": 0.6588703021560292
  },
  "0;8|3": {
    "fisherz": 0.6595367803454919
  },
  "0;8|4": {
    "fisherz": 0.7041200447756852
  },
  "0;8|5": {
    "fisherz": 0.6623624379713697
  },
  "0;8|6": {
    "fisherz": 0.6607265895345953
  },
  "0;8|7": {
    "fisherz": 0.6659053477100934
  },
  "0;8|9": {
    "fisherz": 0.6515910519151529
  },
  "0;9|2": {
    "fisherz": 0.160359064161677
  },
  "0;9|3": {
    "fisherz": 0.15387189005464963
  },
  "0;9|4": {
    "fisherz": 0.13916571979054249
  },
  "0;9|5": {
    "fisherz": 0.15411374391405985
  },
  "0;9|6": {
    "fisherz": 0.1553644380499848
  },
  "0;9|7": {
    "fisherz": 0.15664234554203804
  },
  "0;9|8": {
    "fisherz": 0.1545607216764262
  },
  "1;2|4": {
    "fisherz": 0.8900287298001406
  },
  "1;2|5": {
    "fisherz": 0.905456825492728
  },
  "1;2|9": {
    "fisherz": 0.9338772806121272
  },
  "1;4|2": {
    "fisherz": 0.27802789387256466
  },
  "1;4|5": {
    "fisherz": 0.2736977797787419
  },
  "1;4|9": {
    "fisherz": 0.28056638935987177
  },
  "1;5|2": {
    "fisherz": 0.2158119520300934
  },
  "1;5|4": {
    "fisherz": 0.21189134944288157
  },
  "1;5|9": {
    "fisherz": 0.2108358416809264
  },
  "1;9|2": {
    "fisherz": 0.5050409890939123
  },
  "1;9|4": {
    "fisherz": 0.5050897521289841
  },
  "1;9|5": {
    "fisherz": 0.4860906405125103
  },
  "0;2|1": {
    "fisherz": 0.74912800397934
  },
  "1;2|0": {
    "fisherz": 0.9268656894813185
  },
  "1;2|3": {
    "fisherz": 0.942615073905785
  },
  "1;2|6": {
    "fisherz": 0.9051628278474333
  },
  "1;2|7": {
    "fisherz": 0.9233956633590519
  },
  "1;2|8": {
    "fisherz": 0.9018646912867099
  },
  "2;3|0": {
    "fisherz": 0.48203966954947886
  },
  "2;3|1": {
    "fisherz": 0.486169809651537
  },
  "2;3|4": {
    "fisherz": 0.4743856436341676
  },
  "2;3|5": {
    "fisherz": 0.4812526057949691
  },
  "2;3|6": {
    "fisherz": 0.5013541155051087
  },
  "2;3|7": {
    "fisherz": 0.4624955828933368
  },
  "2;3|8": {
    "fisherz": 0.4856421048775519
  },
  "2;3|9": {
    "fisherz": 0.4371763833265383
  },
  "2;4|0": {
    "fisherz": 0.8685961220532163
  },
  "2;4|1": {
    "fisherz": 0.8070989588657649
  },
  "2;4|3": {
    "fisherz": 0.7878567240183614
  },
  "2;4|5": {
    "fisherz": 0.8149149633651727
  },
  "2;4|6": {
    "fisherz": 0.8050585572433127
  },
  "2;4|7": {
    "fisherz": 0.8373365644641089
  },
  "2;4|8": {
    "fisherz": 0.8130207184529714
  },
  "2;4|9": {
    "fisherz": 0.8103158389920122
  },
  "2;5|0": {
    "fisherz": 0.9921521968765368
  },
  "2;5|1": {
    "fisherz": 0.9952392324900481
  },
  "2;5|3": {
    "fisherz": 0.9631622306595127
  },
  "2;5|4": {
    "fisherz": 0.9879925906071743
  },
  "2;5|6": {
    "fisherz": 0.9863288721577956
  },
  "2;5|7": {
    "fisherz": 0.9614976615843942
  },
  "2;5|8": {
    "fisherz": 0.9861463642534729
  },
  "2;5|9": {
    "fisherz": 0.9760692413131826
  },
  "2;6|0": {
    "fisherz": 0.7479427436043902
  },
  "2;6|1": {
    "fisherz": 0.7489670929029186
  },
  "2;6|3": {
    "fisherz": 0.8057305877108665
  },
  "2;6|4": {
    "fisherz": 0.7417218642552559
  },
  "2;6|5": {
    "fisherz": 0.7487661186226577
  },
  "2;6|7": {
    "fisherz": 0.7700297691607028
  },
  "2;6|8": {
    "fisherz": 0.7488028114635252
  },
  "2;6|9": {
    "fisherz": 0.7602967556234905
  },
  "2;7|0": {
    "fisherz": 0.7446835064364272
  },
  "2;7|1": {
    "fisherz": 0.7307492375598157
  },
  "2;7|3": {
    "fisherz": 0.6808404732752451
  },
  "2;7|4": {
    "fisherz": 0.7392057365231717
  },
  "2;7|5": {
    "fisherz": 0.7230582223138211
  },
  "2;7|6": {
    "fisherz": 0.7442422584123181
  },
  "2;7|8": {
    "fisherz": 0.7246510202555614
  },
  "2;7|9": {
    "fisherz": 0.7288497818190811
  },
  "2;8|0": {
    "fisherz": 0.9097332382884804
  },
  "2;8|1": {
    "fisherz": 0.9147256042943321
  },
  "2;8|3": {
    "fisherz": 0.9591971377074451
  },