{
  "data_hash": "7a59f60d006945b15240d5d3ac14d747",
  "0;1": {
    "d_separation": 0.0
  },
  "0;2": {
    "d_separation": 0.0
  },
  "0;3": {
    "d_separation": 0.0
  },
  "0;4": {
    "d_separation": 0.0
  },
  "0;5": {
    "d_separation": 0.0
  },
  "0;6": {
    "d_separation": 0.0
  },
  "0;7": {
    "d_separation": 0.0
  },
  "0;8": {
    "d_separation": 0.0
  },
  "0;9": {
    "d_separation": 0.0
  },
  "1;2": {
    "d_separation": 0.0
  },
  "1;3": {
    "d_separation": 0.0
  },
  "1;4": {
    "d_separation": 0.0
  },
  "1;5": {
    "d_separation": 0.0
  },
  "1;6": {
    "d_separation": 0.0
  },
  "1;7": {
    "d_separation": 0.0
  },
  "1;8": {
    "d_separation": 0.0
  },
  "1;9": {
    "d_separation": 0.0
  },
  "2;3": {
    "d_separation": 0.0
  },
  "2;4": {
    "d_separation": 0.0
  },
  "2;5": {
    "d_separation": 0.0
  },
  "2;6": {
    "d_separation": 0.0
  },
  "2;7": {
    "d_separation": 0.0
  },
  "2;8": {
    "d_separation": 0.0
  },
  "2;9": {
    "d_separation": 0.0
  },
  "3;4": {
    "d_separation": 0.0
  },
  "3;5": {
    "d_separation": 0.0
  },
  "3;6": {
    "d_separation": 0.0
  },
  "3;7": {
    "d_separation": 0.0
  },
  "3;8": {
    "d_separation": 0.0
  },
  "3;9": {
    "d_separation": 1.0
  },
  "4;5": {
    "d_separation": 0.0
  },
  "4;6": {
    "d_separation": 0.0
  },
  "4;7": {
    "d_separation": 0.0
  },
  "4;8": {
    "d_separation": 0.0
  },
  "4;9": {
    "d_separation": 1.0
  },
  "5;6": {
    "d_separation": 0.0
  },
  "5;7": {
    "d_separation": 0.0
  },
  "5;8": {
    "d_separation": 0.0
  },
  "5;9": {
    "d_separation": 0.0
  },
  "6;7": {
    "d_separation": 0.0
  },
  "6;8": {
    "d_separation": 0.0
  },
  "6;9": {
    "d_separation": 0.0
  },
  "7;8": {
    "d_separation": 0.0
  },
  "7;9": {
    "d_separation": 0.0
  },
  "8;9": {
    "d_separation": 0.0
  },
  "0;1|2": {
    "fisherz": 0.025642477621362625
  },
  "0;1|3": {
    "fisherz": 0.022052554734207863
  },
  "0;1|4": {
    "fisherz": 0.02567852002531379
  },
  "0;1|5": {
    "fisherz": 0.026213821326588782
  },
  "0;1|6": {
    "fisherz": 0.025875505335138493
  },
  "0;1|7": {
    "fisherz": 0.025938772329081372
  },
  "0;1|8": {
    "fisherz": 0.01869413743742787
  },
  "0;1|9": {
    "fisherz": 0.02562256060250201
  },
  "0;2|1": {
    "fisherz": 0.9332161586374943
  },
  "0;2|3": {
    "fisherz": 0.9347566525280175
  },
  "0;2|4": {
    "fisherz": 0.9183047597939553
  },
  "0;2|5": {
    "fisherz": 0.9156093704276727
  },
  "0;2|6": {
    "fisherz": 0.956446218545917
  },
  "0;2|7": {
    "fisherz": 0.927822576755805
  },
  "0;2|8": {
    "fisherz": 0.9868833984535628
  },
  "0;2|9": {
    "fisherz": 0.9260360404708825
  },
  "0;3|1": {
    "fisherz": 0.3141232965415559
  },
  "0;3|2": {
    "fisherz": 0.3856047299933194
  },
  "0;3|4": {
    "fisherz": 0.3846176192312769
  },
  "0;3|5": {
    "fisherz": 0.3866730254479962
  },
  "0;3|6": {
    "fisherz": 0.34960474436055655
  },
  "0;3|7": {
    "fisherz": 0.3852600139683209
  },
  "0;3|8": {
    "fisherz": 0.3706383498944037
  },
  "0;3|9": {
    "fisherz": 0.3790268583390852
  },
  "0;4|1": {
    "fisherz": 0.968255481603085
  },
  "0;4|2": {
    "fisherz": 0.9310078514007123
  },
  "0;4|3": {
    "fisherz": 0.9342464969147481
  },
  "0;4|5": {
    "fisherz": 0.940576066738182
  },
  "0;4|6": {
    "fisherz": 0.9066485029325186
  },
  "0;4|7": {
    "fisherz": 0.9416479695430093
  },
  "0;4|8": {
    "fisherz": 0.8553937404907592
  },
  "0;4|9": {
    "fisherz": 0.940315438899336
  },
  "0;5|1": {
    "fisherz": 0.8146110700802369
  },
  "0;5|2": {
    "fisherz": 0.7554043968659327
  },
  "0;5|3": {
    "fisherz": 0.7652706088745076
  },
  "0;5|4": {
    "fisherz": 0.7586582599706853
  },
  "0;5|6": {
    "fisherz": 0.778272750863414
  },
  "0;5|7": {
    "fisherz": 0.7437146964175887
  },
  "0;5|8": {
    "fisherz": 0.8609904257557408
  },
  "0;5|9": {
    "fisherz": 0.7539157573055062
  },
  "0;6|1": {
    "fisherz": 0.09443715674515563
  },
  "0;6|2": {
    "fisherz": 0.09375956909193062
  },
  "0;6|3": {
    "fisherz": 0.08668846332779823
  },
  "0;6|4": {
    "fisherz": 0.09295404648674355
  },
  "0;6|5": {
    "fisherz": 0.09431965851258628
  },
  "0;6|7": {
    "fisherz": 0.09338627531533139
  },
  "0;6|8": {
    "fisherz": 0.09637664061162599
  },
  "0;6|9": {
    "fisherz": 0.09282953786086501
  },
  "0;7|1": {
    "fisherz": 0.9708202179844172
  },
  "0;7|2": {
    "fisherz": 0.8813977283418659
  },
  "0;7|3": {
    "fisherz": 0.882493382550392
  },
  "0;7|4": {
    "fisherz": 0.8809296327250582
  },
  "0;7|5": {
    "fisherz": 0.851333441069378
  },
  "0;7|6": {
    "fisherz": 0.8783873739901371
  },
  "0;7|8": {
    "fisherz": 0.8754638992033983
  },
  "0;7|9": {
    "fisherz": 0.879820249807141
  },
  "0;8|1": {
    "fisherz": 0.18226060493528284
  },
  "0;8|2": {
    "fisherz": 0.26834972917044686
  },
  "0;8|3": {
    "fisherz": 0.25782416296994226
  },
  "0;8|4": {
    "fisherz": 0.26142606702619076
  },
  "0;8|5": {
    "fisherz": 0.2794717623438021
  },
  "0;8|6": {
    "fisherz": 0.2765702490569635
  },
  "0;8|7": {
    "fisherz": 0.2663560567647978
  },
  "0;8|9": {
    "fisherz": 0.2667755806478822
  },
  "0;9|1": {
    "fisherz": 0.9885677184545143
  },
  "0;9|2": {
    "fisherz": 0.9827821979741549
  },
  "0;9|3": {
    "fisherz": 0.8885857354991484
  },
  "0;9|4": {
    "fisherz": 0.9825449238867654
  },
  "0;9|5": {
    "fisherz": 0.947712053896486
  },
  "0;9|6": {
    "fisherz": 0.9173535022205013
  },
  "0;9|7": {
    "fisherz": 0.9795984348786055
  },
  "0;9|8": {
    "fisherz": 0.9889138831550959
  },
  "1;2|0": {
    "fisherz": 0.9568224049389171
  },
  "1;2|3": {
    "fisherz": 0.9380649373535626
  },
  "1;2|4": {
    "fisherz": 0.921488434078795
  },
  "1;2|5": {
    "fisherz": 0.9282066673464171
  },
  "1;2|6": {
    "fisherz": 0.9496477045529037
  },
  "1;2|7": {
    "fisherz": 0.954514332593088
  },
  "1;2|8": {
    "fisherz": 0.8679981294737455
  },
  "1;2|9": {
    "fisherz": 0.9461775335638567
  },
  "1;3|0": {
    "fisherz": 0.30508920644526194
  },
  "1;3|2": {
    "fisherz": 0.37267332584840385
  },
  "1;3|4": {
    "fisherz": 0.37432112014999097
  },
  "1;3|5": {
    "fisherz": 0.369868102194407
  },
  "1;3|6": {
    "fisherz": 0.37584042434682763
  },
  "1;3|7": {
    "fisherz": 0.37115891093760967
  },
  "1;3|8": {
    "fisherz": 0.3544556970226824
  },
  "1;3|9": {
    "fisherz": 0.37140659121288433
  },
  "1;4|0": {
    "fisherz": 0.811623843987253
  },
  "1;4|2": {
    "fisherz": 0.7972540376497865
  },
  "1;4|3": {
    "fisherz": 0.8115197430257315
  },
  "1;4|5": {
    "fisherz": 0.8048253108807044
  },
  "1;4|6": {
    "fisherz": 0.8022461834236276
  },
  "1;4|7": {
    "fisherz": 0.8093783205672516
  },
  "1;4|8": {
    "fisherz": 0.9130696302786991
  },
  "1;4|9": {
    "fisherz": 0.8043335160092147
  },
  "1;5|0": {
    "fisherz": 0.6216948452642435
  },
  "1;5|2": {
    "fisherz": 0.5924411446726321
  },
  "1;5|3": {
    "fisherz": 0.5877724155274233
  },
  "1;5|4": {
    "fisherz": 0.594607646523734
  },
  "1;5|6": {
    "fisherz": 0.5965071244326712
  },
  "1;5|7": {
    "fisherz": 0.5278737611587203
  },
  "1;5|8": {
    "fisherz": 0.47552013562811046
  },
  "1;5|9": {
    "fisherz": 0.5868541115339823
  },
  "1;6|0": {
    "fisherz": 0.9339619062502467
  },
  "1;6|2": {
    "fisherz": 0.8782512112278484
  },
  "1;6|3": {
    "fisherz": 0.9023328291047901
  },
  "1;6|4": {
    "fisherz": 0.8721096436087497
  },
  "1;6|5": {
    "fisherz": 0.8838376365164784
  },
  "1;6|7": {
    "fisherz": 0.8762186202930198
  },
  "1;6|8": {
    "fisherz": 0.8570099162803022
  },
  "1;6|9": {
    "fisherz": 0.8754400998404825
  },
  "1;7|0": {
    "fisherz": 0.4267062447728609
  },
  "1;7|2": {
    "fisherz": 0.4194522728468182
  },
  "1;7|3": {
    "fisherz": 0.4166713125944166
  },
  "1;7|4": {
    "fisherz": 0.41993350879686986
  },
  "1;7|5": {
    "fisherz": 0.38061659722338037
  },