{
  "data_hash": "7c77d5eba09438b19dcef3b5a1b6218f",
  "0;1": {
    "d_separation": 0.0
  },
  "0;2": {
    "d_separation": 0.0
  },
  "0;3": {
    "d_separation": 0.0
  },
  "0;4": {
    "d_separation": 0.0
  },
  "0;5": {
    "d_separation": 0.0
  },
  "0;6": {
    "d_separation": 0.0
  },
  "0;7": {
    "d_separation": 0.0
  },
  "0;8": {
    "d_separation": 0.0
  },
  "0;9": {
    "d_separation": 0.0
  },
  "1;2": {
    "d_separation": 0.0
  },
  "1;3": {
    "d_separation": 0.0
  },
  "1;4": {
    "d_separation": 0.0
  },
  "1;5": {
    "d_separation": 0.0
  },
  "1;6": {
    "d_separation": 0.0
  },
  "1;7": {
    "d_separation": 0.0
  },
  "1;8": {
    "d_separation": 0.0
  },
  "1;9": {
    "d_separation": 0.0
  },
  "2;3": {
    "d_separation": 0.0
  },
  "2;4": {
    "d_separation": 0.0
  },
  "2;5": {
    "d_separation": 0.0
  },
  "2;6": {
    "d_separation": 0.0
  },
  "2;7": {
    "d_separation": 0.0
  },
  "2;8": {
    "d_separation": 0.0
  },
  "2;9": {
    "d_separation": 0.0
  },
  "3;4": {
    "d_separation": 0.0
  },
  "3;5": {
    "d_separation": 0.0
  },
  "3;6": {
    "d_separation": 0.0
  },
  "3;7": {
    "d_separation": 0.0
  },
  "3;8": {
    "d_separation": 0.0
  },
  "3;9": {
    "d_separation": 0.0
  },
  "4;5": {
    "d_separation": 0.0
  },
  "4;6": {
    "d_separation": 0.0
  },
  "4;7": {
    "d_separation": 0.0
  },
  "4;8": {
    "d_separation": 0.0
  },
  "4;9": {
    "d_separation": 0.0
  },
  "5;6": {
    "d_separation": 0.0
  },
  "5;7": {
    "d_separation": 0.0
  },
  "5;8": {
    "d_separation": 0.0
  },
  "5;9": {
    "d_separation": 0.0
  },
  "6;7": {
    "d_separation": 0.0
  },
  "6;8": {
    "d_separation": 0.0
  },
  "6;9": {
    "d_separation": 0.0
  },
  "7;8": {
    "d_separation": 0.0
  },
  "7;9": {
    "d_separation": 0.0
  },
  "8;9": {
    "d_separation": 0.0
  },
  "0;1|2": {
    "kci": 1.7429690888359772e-06
  },
  "0;1|3": {
    "kci": 3.20354142047119e-06
  },
  "0;1|4": {
    "kci": 6.689456349517897e-06
  },
  "0;1|5": {
    "kci": 0.006000849629926752
  },
  "0;1|6": {
    "kci": 9.925024234691548e-07
  },
  "0;1|7": {
    "kci": 6.250930301154867e-07
  },
  "0;1|8": {
    "kci": 5.237627503484887e-06
  },
  "0;1|9": {
    "kci": 0.0029309160953464586
  },
  "0;2|1": {
    "kci": 0.4671334187201428
  },
  "0;2|3": {
    "kci": 0.505949396945879
  },
  "0;2|4": {
    "kci": 0.4302556241060994
  },
  "0;2|5": {
    "kci": 0.1786577694195879
  },
  "0;2|6": {
    "kci": 0.4746431030780536
  },
  "0;2|7": {
    "kci": 0.3880089758679215
  },
  "0;2|8": {
    "kci": 0.3263952080211019
  },
  "0;2|9": {
    "kci": 0.7045364237175764
  },
  "0;3|1": {
    "kci": 0.4064890275021822
  },
  "0;3|2": {
    "kci": 0.3551484458782066
  },
  "0;3|4": {
    "kci": 0.38395558536756025
  },
  "0;3|5": {
    "kci": 0.20912961241681394
  },
  "0;3|6": {
    "kci": 0.3305536076846636
  },
  "0;3|7": {
    "kci": 0.31929198106849777
  },
  "0;3|8": {
    "kci": 0.26963998097010955
  },
  "0;3|9": {
    "kci": 0.29859245141895285
  },
  "0;4|1": {
    "kci": 0.016832918079189962
  },
  "0;4|2": {
    "kci": 0.008294083205657943
  },
  "0;4|3": {
    "kci": 0.007290425342990958
  },
  "0;4|5": {
    "kci": 0.07194745383364753
  },
  "0;4|6": {
    "kci": 0.01007725630895473
  },
  "0;4|7": {
    "kci": 0.00627931861290032
  },
  "0;4|8": {
    "kci": 0.0060120390380964395
  },
  "0;4|9": {
    "kci": 0.00211116000758349
  },
  "0;5|1": {
    "kci": 4.770683847965529e-10
  },
  "0;5|2": {
    "kci": 1.0304324060683712e-10
  },
  "0;5|3": {
    "kci": 4.0734082773496993e-13
  },
  "0;5|4": {
    "kci": 1.3557787115203723e-09
  },
  "0;5|6": {
    "kci": 1.057154364048074e-11
  },
  "0;5|7": {
    "kci": 5.696554339351678e-13
  },
  "0;5|8": {
    "kci": 3.255173908200959e-13
  },
  "0;5|9": {
    "kci": 1.3830048217755575e-12
  },
  "0;6|1": {
    "kci": 0.21461481794992698
  },
  "0;6|2": {
    "kci": 0.21146191521775815
  },
  "0;6|3": {
    "kci": 0.275303814081846
  },
  "0;6|4": {
    "kci": 0.29614328501163145
  },
  "0;6|5": {
    "kci": 0.21353290111629974
  },
  "0;6|7": {
    "kci": 0.20934218285925932
  },
  "0;6|8": {
    "kci": 0.37679685332224655
  },
  "0;6|9": {
    "kci": 0.15602731350267707
  },
  "0;7|1": {
    "kci": 0.23722477648928386
  },
  "0;7|2": {
    "kci": 0.32823673137061304
  },
  "0;7|3": {
    "kci": 0.33674284464855775
  },
  "0;7|4": {
    "kci": 0.33910684352770604
  },
  "0;7|5": {
    "kci": 0.3235124308580216
  },
  "0;7|6": {
    "kci": 0.3305661388287534
  },
  "0;7|8": {
    "kci": 0.3341257956107655
  },
  "0;7|9": {
    "kci": 0.3254520116279962
  },
  "0;8|1": {
    "kci": 0.018166522545801644
  },
  "0;8|2": {
    "kci": 0.02311506261514351
  },
  "0;8|3": {
    "kci": 0.06636996372332238
  },
  "0;8|4": {
    "kci": 0.022896087925364017
  },
  "0;8|5": {
    "kci": 0.05468004828442319
  },
  "0;8|6": {
    "kci": 0.03738020205652215
  },
  "0;8|7": {
    "kci": 0.03550090312882581
  },
  "0;8|9": {
    "kci": 0.32780227623070635
  },
  "0;9|1": {
    "kci": 0.16378205289462622
  },
  "0;9|2": {
    "kci": 0.04827454852768387
  },
  "0;9|3": {
    "kci": 0.11290142779740386
  },
  "0;9|4": {
    "kci": 0.05450891356991405
  },
  "0;9|5": {
    "kci": 0.11399845164523204
  },
  "0;9|6": {
    "kci": 0.06809638063410062
  },
  "0;9|7": {
    "kci": 0.07889089179469566
  },
  "0;9|8": {
    "kci": 0.08033347983180628
  },
  "1;2|0": {
    "kci": 0.28431322258872926
  },
  "1;2|3": {
    "kci": 0.3401649016646743
  },
  "1;2|4": {
    "kci": 0.24859164675872902
  },
  "1;2|5": {
    "kci": 0.23185340036831203
  },
  "1;2|6": {
    "kci": 0.44081697378843177
  },
  "1;2|7": {
    "kci": 0.4054391656054084
  },
  "1;2|8": {
    "kci": 0.3635893270457854
  },
  "1;2|9": {
    "kci": 0.4292169035352029
  },
  "1;3|0": {
    "kci": 0.2919731257810535
  },
  "1;3|2": {
    "kci": 0.3843910898130025
  },
  "1;3|4": {
    "kci": 0.273642411135013
  },
  "1;3|5": {
    "kci": 0.33495533538139355
  },
  "1;3|6": {
    "kci": 0.25759535076771356
  },
  "1;3|7": {
    "kci": 0.2183756333149527
  },
  "1;3|8": {
    "kci": 0.22993457302698728
  },
  "1;3|9": {
    "kci": 0.5039393770807301
  },
  "1;4|0": {
    "kci": 0.7975267280549411
  },
  "1;4|2": {
    "kci": 0.5530562742270876
  },
  "1;4|3": {
    "kci": 0.6229301190102594
  },
  "1;4|5": {
    "kci": 0.6299556170569477
  },
  "1;4|6": {
    "kci": 0.5618884519985434
  },
  "1;4|7": {
    "kci": 0.5542269919282541
  },
  "1;4|8": {
    "kci": 0.6566089119025809
  },
  "1;4|9": {
    "kci": 0.6007843434004594
  },
  "1;5|0": {
    "kci": 0.22712337382555015
  },
  "1;5|2": {
    "kci": 0.04550085333559162
  },
  "1;5|3": {
    "kci": 0.04366368170495727
  },
  "1;5|4": {
    "kci": 0.10625365748755244
  },
  "1;5|6": {
    "kci": 0.08358055886053006
  },
  "1;5|7": {
    "kci": 0.057788395416092375
  },
  "1;5|8": {
    "kci": 0.052407962306043054
  },
  "1;5|9": {
    "kci": 0.28661248211116286
  },
  "1;6|0": {
    "kci": 0.5686331305672162
  },
  "1;6|2": {
    "kci": 0.449832220028493
  },
  "1;6|3": {
    "kci": 0.5757671247095968
  },
  "1;6|4": {
    "kci": 0.6682267089026168
  },
  "1;6|5": {
    "kci": 0.5185391528483636
  },
  "1;6|7": {
    "kci": 0.7573519942996942
  },
  "1;6|8": {
    "kci": 0.5140870410670031
  },
  "1;6|9": {
    "kci": 0.4528636023672429
  },
  "1;7|0": {
    "kci": 0.3004374199302483
  },
  "1;7|2": {
    "kci": 0.306953001912587
  },
  "1;7|3": {
    "kci": 0.3161362412294888
  },
  "1;7|4": {
    "kci": 0.31534673405963154
  },
  "1;7|5": {
    "kci": 0.30534708410119094
  },
  "1;7|6": {
    "kci": 0.3090718822398527
  },
  "1;7|8": {
    "kci": 0.3147414826257926
  },
  "1;7|9": {
    "kci": 0.3144696421416908
  },
  "1;8|0": {
    "kci": 0.052869676208371574
  },
  "1;8|2": {
    "kci": 0.4377363604005291
  },
  "1;8|3": {
    "kci": 0.3363053908298925
  },
  "1;8|4": {
    "kci": 0.7043062826833064
  },
  "1;8|5": {
    "kci": 0.2814191702283345
  },