{
  "data_hash": "7ca800bcab8b8c16ec41925d589f1341",
  "0;1": {
    "d_separation": 0.0
  },
  "0;2": {
    "d_separation": 0.0
  },
  "0;3": {
    "d_separation": 0.0
  },
  "0;4": {
    "d_separation": 0.0
  },
  "0;5": {
    "d_separation": 0.0
  },
  "0;6": {
    "d_separation": 0.0
  },
  "0;7": {
    "d_separation": 0.0
  },
  "0;8": {
    "d_separation": 0.0
  },
  "0;9": {
    "d_separation": 0.0
  },
  "1;2": {
    "d_separation": 0.0
  },
  "1;3": {
    "d_separation": 0.0
  },
  "1;4": {
    "d_separation": 0.0
  },
  "1;5": {
    "d_separation": 0.0
  },
  "1;6": {
    "d_separation": 0.0
  },
  "1;7": {
    "d_separation": 0.0
  },
  "1;8": {
    "d_separation": 0.0
  },
  "1;9": {
    "d_separation": 0.0
  },
  "2;3": {
    "d_separation": 0.0
  },
  "2;4": {
    "d_separation": 0.0
  },
  "2;5": {
    "d_separation": 0.0
  },
  "2;6": {
    "d_separation": 0.0
  },
  "2;7": {
    "d_separation": 0.0
  },
  "2;8": {
    "d_separation": 0.0
  },
  "2;9": {
    "d_separation": 0.0
  },
  "3;4": {
    "d_separation": 0.0
  },
  "3;5": {
    "d_separation": 0.0
  },
  "3;6": {
    "d_separation": 0.0
  },
  "3;7": {
    "d_separation": 0.0
  },
  "3;8": {
    "d_separation": 0.0
  },
  "3;9": {
    "d_separation": 0.0
  },
  "4;5": {
    "d_separation": 0.0
  },
  "4;6": {
    "d_separation": 0.0
  },
  "4;7": {
    "d_separation": 0.0
  },
  "4;8": {
    "d_separation": 0.0
  },
  "4;9": {
    "d_separation": 0.0
  },
  "5;6": {
    "d_separation": 0.0
  },
  "5;7": {
    "d_separation": 0.0
  },
  "5;8": {
    "d_separation": 0.0
  },
  "5;9": {
    "d_separation": 0.0
  },
  "6;7": {
    "d_separation": 0.0
  },
  "6;8": {
    "d_separation": 0.0
  },
  "6;9": {
    "d_separation": 0.0
  },
  "7;8": {
    "d_separation": 0.0
  },
  "7;9": {
    "d_separation": 0.0
  },
  "8;9": {
    "d_separation": 0.0
  },
  "0;1|2": {
    "kci": 0.07765235224994238
  },
  "0;1|3": {
    "kci": 0.06203618694076041
  },
  "0;1|4": {
    "kci": 0.04250641074823169
  },
  "0;1|5": {
    "kci": 0.10955949822513111
  },
  "0;1|6": {
    "kci": 0.048061270468850115
  },
  "0;1|7": {
    "kci": 0.19554181723323505
  },
  "0;1|8": {
    "kci": 0.07806698850660176
  },
  "0;1|9": {
    "kci": 0.019019308532774337
  },
  "0;2|1": {
    "kci": 0.546336990316283
  },
  "0;2|3": {
    "kci": 0.44321618459983936
  },
  "0;2|4": {
    "kci": 0.5243239730309353
  },
  "0;2|5": {
    "kci": 0.37956610982507266
  },
  "0;2|6": {
    "kci": 0.39008066546595366
  },
  "0;2|7": {
    "kci": 0.4724089513208318
  },
  "0;2|8": {
    "kci": 0.4181405375542594
  },
  "0;2|9": {
    "kci": 0.3354369872637746
  },
  "0;3|1": {
    "kci": 0.3386804434214634
  },
  "0;3|2": {
    "kci": 0.33799049184183094
  },
  "0;3|4": {
    "kci": 0.3287571177619041
  },
  "0;3|5": {
    "kci": 0.31037396555651076
  },
  "0;3|6": {
    "kci": 0.3334810863545381
  },
  "0;3|7": {
    "kci": 0.3378175510227863
  },
  "0;3|8": {
    "kci": 0.33505427374689034
  },
  "0;3|9": {
    "kci": 0.3240712894263247
  },
  "0;4|1": {
    "kci": 0.39842644386467385
  },
  "0;4|2": {
    "kci": 0.1886949924332908
  },
  "0;4|3": {
    "kci": 0.19053215149701563
  },
  "0;4|5": {
    "kci": 0.1910439613071585
  },
  "0;4|6": {
    "kci": 0.3979913700424176
  },
  "0;4|7": {
    "kci": 0.05351778650659644
  },
  "0;4|8": {
    "kci": 0.15421210192612111
  },
  "0;4|9": {
    "kci": 0.4505088399252327
  },
  "0;5|1": {
    "kci": 0.0
  },
  "0;5|2": {
    "kci": 0.0
  },
  "0;5|3": {
    "kci": 0.0
  },
  "0;5|4": {
    "kci": 0.0
  },
  "0;5|6": {
    "kci": 0.0
  },
  "0;5|7": {
    "kci": 0.0
  },
  "0;5|8": {
    "kci": 0.0
  },
  "0;5|9": {
    "kci": 0.0
  },
  "0;6|1": {
    "kci": 0.6878273816640674
  },
  "0;6|2": {
    "kci": 0.5234104103600972
  },
  "0;6|3": {
    "kci": 0.5770128941521999
  },
  "0;6|4": {
    "kci": 0.5227621650783962
  },
  "0;6|5": {
    "kci": 0.09282351896691632
  },
  "0;6|7": {
    "kci": 0.5220962103129332
  },
  "0;6|8": {
    "kci": 0.38852601894282923
  },
  "0;6|9": {
    "kci": 0.5319455418379151
  },
  "0;7|1": {
    "kci": 0.5249635126648612
  },
  "0;7|2": {
    "kci": 0.3677431268736404
  },
  "0;7|3": {
    "kci": 0.4832221147826353
  },
  "0;7|4": {
    "kci": 0.23143629282056333
  },
  "0;7|5": {
    "kci": 0.09166296962989884
  },
  "0;7|6": {
    "kci": 0.43873030257564305
  },
  "0;7|8": {
    "kci": 0.14583522085325162
  },
  "0;7|9": {
    "kci": 0.5129929557408714
  },
  "0;8|1": {
    "kci": 0.16550919918947082
  },
  "0;8|2": {
    "kci": 0.14236220553309864
  },
  "0;8|3": {
    "kci": 0.11015112896465229
  },
  "0;8|4": {
    "kci": 0.05829591529065559
  },
  "0;8|5": {
    "kci": 0.581981950531699
  },
  "0;8|6": {
    "kci": 0.056068863131932156
  },
  "0;8|7": {
    "kci": 0.03430857209170557
  },
  "0;8|9": {
    "kci": 0.06507933989905501
  },
  "0;9|1": {
    "kci": 0.8887449498380056
  },
  "0;9|2": {
    "kci": 0.9441777942650875
  },
  "0;9|3": {
    "kci": 0.9540953344888036
  },
  "0;9|4": {
    "kci": 0.9144518381874726
  },
  "0;9|5": {
    "kci": 0.7998842970495907
  },
  "0;9|6": {
    "kci": 0.9290902465895975
  },
  "0;9|7": {
    "kci": 0.9610847377529426
  },
  "0;9|8": {
    "kci": 0.8848028694040649
  },
  "1;2|0": {
    "kci": 0.44672187252873796
  },
  "1;2|3": {
    "kci": 0.44014161478478697
  },
  "1;2|4": {
    "kci": 0.45258083931643067
  },
  "1;2|5": {
    "kci": 0.28664191058121813
  },
  "1;2|6": {
    "kci": 0.44052059815797784
  },
  "1;2|7": {
    "kci": 0.2880088805690997
  },
  "1;2|8": {
    "kci": 0.38220094146925576
  },
  "1;2|9": {
    "kci": 0.38800356077113607
  },
  "1;3|0": {
    "kci": 0.45438050802232555
  },
  "1;3|2": {
    "kci": 0.4057307809030024
  },
  "1;3|4": {
    "kci": 0.415782159671257
  },
  "1;3|5": {
    "kci": 0.3926728826497553
  },
  "1;3|6": {
    "kci": 0.39510490812186516
  },
  "1;3|7": {
    "kci": 0.4431091207093544
  },
  "1;3|8": {
    "kci": 0.4659563623848314
  },
  "1;3|9": {
    "kci": 0.3782910938039177
  },
  "1;4|0": {
    "kci": 0.550453775331168
  },
  "1;4|2": {
    "kci": 0.4408709035963484
  },
  "1;4|3": {
    "kci": 0.6449090576960724
  },
  "1;4|5": {
    "kci": 0.40362663529457987
  },
  "1;4|6": {
    "kci": 0.7188055652504087
  },
  "1;4|7": {
    "kci": 0.38339949157316555
  },
  "1;4|8": {
    "kci": 0.5690831248268386
  },
  "1;4|9": {
    "kci": 0.7869455494481433
  },
  "1;5|0": {
    "kci": 0.3496683420063823
  },
  "1;5|2": {
    "kci": 0.8863890818050464
  },
  "1;5|3": {
    "kci": 0.8187234183537029
  },
  "1;5|4": {
    "kci": 0.8245436891523701
  },
  "1;5|6": {
    "kci": 0.9015496960976421
  },
  "1;5|7": {
    "kci": 0.847973746228533
  },
  "1;5|8": {
    "kci": 0.88272138100706
  },
  "1;5|9": {
    "kci": 0.7757041331644842
  },
  "1;6|0": {
    "kci": 0.8551481947423338
  },
  "1;6|2": {
    "kci": 0.844940390309412
  },
  "1;6|3": {
    "kci": 0.8522546604690772
  },
  "1;6|4": {
    "kci": 0.7201473192240582
  },
  "1;6|5": {
    "kci": 0.8025820037777269
  },
  "1;6|7": {
    "kci": 0.7813279635285572
  },
  "1;6|8": {
    "kci": 0.8227476004751417
  },
  "1;6|9": {
    "kci": 0.7396179562210076
  },
  "1;7|0": {
    "kci": 0.0074646578719653744
  },
  "1;7|2": {
    "kci": 0.008444373544503891
  },
  "1;7|3": {
    "kci": 0.01573350899395609
  },
  "1;7|4": {
    "kci": 0.026480307300400963
  },
  "1;7|5": {
    "kci": 0.018211527933765126
  },
  "1;7|6": {
    "kci": 0.012776868396820018
  },
  "1;7|8": {
    "kci": 0.06950920126941662
  },
  "1;7|9": {
    "kci": 0.012830262294236006
  },
  "1;8|0": {
    "kci": 0.5442809088972309
  },
  "1;8|2": {
    "kci": 0.4981385002071411
  },
  "1;8|3": {
    "kci": 0.4731360004121824
  },
  "1;8|4": {
    "kci": 0.49585433195103423
  },
  "1;8|5": {
    "kci": 0.5731307266409709
  },
  "1;8|6": {
    "kci": 0.41367538538881843
  },
  "1;8|7": {
    "kci": 0.6198166712387221
  },
  "1;8|9": {
    "kci": 0.5633825925986549
  },
  "1;9|0": {
    "kci": 0.07893579018208874
  },