{
  "data_hash": "7f16b16d0c6e5027e65ee223048f7d2e",
  "0;1": {
    "d_separation": 0.0
  },
  "0;2": {
    "d_separation": 0.0
  },
  "0;3": {
    "d_separation": 0.0
  },
  "0;4": {
    "d_separation": 0.0
  },
  "0;5": {
    "d_separation": 0.0
  },
  "0;6": {
    "d_separation": 0.0
  },
  "0;7": {
    "d_separation": 0.0
  },
  "0;8": {
    "d_separation": 0.0
  },
  "0;9": {
    "d_separation": 1.0
  },
  "1;2": {
    "d_separation": 0.0
  },
  "1;3": {
    "d_separation": 0.0
  },
  "1;4": {
    "d_separation": 0.0
  },
  "1;5": {
    "d_separation": 0.0
  },
  "1;6": {
    "d_separation": 0.0
  },
  "1;7": {
    "d_separation": 0.0
  },
  "1;8": {
    "d_separation": 0.0
  },
  "1;9": {
    "d_separation": 0.0
  },
  "2;3": {
    "d_separation": 0.0
  },
  "2;4": {
    "d_separation": 0.0
  },
  "2;5": {
    "d_separation": 0.0
  },
  "2;6": {
    "d_separation": 0.0
  },
  "2;7": {
    "d_separation": 0.0
  },
  "2;8": {
    "d_separation": 0.0
  },
  "2;9": {
    "d_separation": 0.0
  },
  "3;4": {
    "d_separation": 0.0
  },
  "3;5": {
    "d_separation": 0.0
  },
  "3;6": {
    "d_separation": 0.0
  },
  "3;7": {
    "d_separation": 0.0
  },
  "3;8": {
    "d_separation": 0.0
  },
  "3;9": {
    "d_separation": 0.0
  },
  "4;5": {
    "d_separation": 0.0
  },
  "4;6": {
    "d_separation": 0.0
  },
  "4;7": {
    "d_separation": 0.0
  },
  "4;8": {
    "d_separation": 0.0
  },
  "4;9": {
    "d_separation": 1.0
  },
  "5;6": {
    "d_separation": 0.0
  },
  "5;7": {
    "d_separation": 0.0
  },
  "5;8": {
    "d_separation": 0.0
  },
  "5;9": {
    "d_separation": 0.0
  },
  "6;7": {
    "d_separation": 0.0
  },
  "6;8": {
    "d_separation": 0.0
  },
  "6;9": {
    "d_separation": 1.0
  },
  "7;8": {
    "d_separation": 0.0
  },
  "7;9": {
    "d_separation": 0.0
  },
  "8;9": {
    "d_separation": 0.0
  },
  "0;1|2": {
    "kci": 0.00023361450102854509
  },
  "0;1|3": {
    "kci": 0.0003800288302633348
  },
  "0;1|4": {
    "kci": 0.003945990987567982
  },
  "0;1|5": {
    "kci": 0.00016650087539826774
  },
  "0;1|6": {
    "kci": 0.0023322637714959793
  },
  "0;1|7": {
    "kci": 0.0017994705310138137
  },
  "0;1|8": {
    "kci": 3.97670110807713e-06
  },
  "0;2|1": {
    "kci": 2.029878976017585e-08
  },
  "0;2|3": {
    "kci": 2.5818565085877765e-07
  },
  "0;2|4": {
    "kci": 1.0275270234672007e-06
  },
  "0;2|5": {
    "kci": 3.5246969454227894e-08
  },
  "0;2|6": {
    "kci": 1.0275967743389458e-08
  },
  "0;2|7": {
    "kci": 0.008485995019196002
  },
  "0;2|8": {
    "kci": 7.206515273416869e-08
  },
  "0;3|1": {
    "kci": 0.6964580898285627
  },
  "0;3|2": {
    "kci": 0.5132559438435749
  },
  "0;3|4": {
    "kci": 0.7681752091895708
  },
  "0;3|5": {
    "kci": 0.6632291751509163
  },
  "0;3|6": {
    "kci": 0.6340258918846007
  },
  "0;3|7": {
    "kci": 0.7289360677998874
  },
  "0;3|8": {
    "kci": 0.5455687194682237
  },
  "0;4|1": {
    "kci": 0.016871362479900953
  },
  "0;4|2": {
    "kci": 0.09365612862241712
  },
  "0;4|3": {
    "kci": 0.04473128733678555
  },
  "0;4|5": {
    "kci": 0.021986229947843605
  },
  "0;4|6": {
    "kci": 0.01977181831557917
  },
  "0;4|7": {
    "kci": 0.30774680586760517
  },
  "0;4|8": {
    "kci": 0.029375047662482
  },
  "0;5|1": {
    "kci": 0.368122807842437
  },
  "0;5|2": {
    "kci": 0.3204636027645975
  },
  "0;5|3": {
    "kci": 0.28411368783629354
  },
  "0;5|4": {
    "kci": 0.3017811458027361
  },
  "0;5|6": {
    "kci": 0.24093518222065868
  },
  "0;5|7": {
    "kci": 0.3915246339121823
  },
  "0;5|8": {
    "kci": 0.2467093850049561
  },
  "0;6|1": {
    "kci": 0.44645941825238655
  },
  "0;6|2": {
    "kci": 0.6736993505396967
  },
  "0;6|3": {
    "kci": 0.49024196059417646
  },
  "0;6|4": {
    "kci": 0.5180889771675896
  },
  "0;6|5": {
    "kci": 0.4694250997462779
  },
  "0;6|7": {
    "kci": 0.5491249575774813
  },
  "0;6|8": {
    "kci": 0.4246166686769569
  },
  "0;7|1": {
    "kci": 0.0
  },
  "0;7|2": {
    "kci": 1.7918517770332265e-05
  },
  "0;7|3": {
    "kci": 2.220446049250313e-16
  },
  "0;7|4": {
    "kci": 1.0658141036401503e-13
  },
  "0;7|5": {
    "kci": 2.220446049250313e-16
  },
  "0;7|6": {
    "kci": 9.992007221626409e-16
  },
  "0;7|8": {
    "kci": 2.220446049250313e-16
  },
  "0;8|1": {
    "kci": 0.14016462272991292
  },
  "0;8|2": {
    "kci": 0.4043165272984971
  },
  "0;8|3": {
    "kci": 0.38585997539948547
  },
  "0;8|4": {
    "kci": 0.3671239364291735
  },
  "0;8|5": {
    "kci": 0.34934451997275007
  },
  "0;8|6": {
    "kci": 0.39057584672952195
  },
  "0;8|7": {
    "kci": 0.3603330934382938
  },
  "0;1|9": {
    "kci": 0.000530606666508171
  },
  "1;2|0": {
    "kci": 0.18197929582513916
  },
  "1;2|3": {
    "kci": 0.036021440098961244
  },
  "1;2|4": {
    "kci": 0.07679649277374756
  },
  "1;2|5": {
    "kci": 0.026303561770371298
  },
  "1;2|6": {
    "kci": 0.14748109014076372
  },
  "1;2|7": {
    "kci": 0.12811096747740125
  },
  "1;2|8": {
    "kci": 0.0557008131739718
  },
  "1;2|9": {
    "kci": 0.05035033895260388
  },
  "1;3|0": {
    "kci": 0.34167413879158914
  },
  "1;3|2": {
    "kci": 0.6255625047563003
  },
  "1;3|4": {
    "kci": 0.7263662190451601
  },
  "1;3|5": {
    "kci": 0.6981966945315019
  },
  "1;3|6": {
    "kci": 0.6422768572761497
  },
  "1;3|7": {
    "kci": 0.3788839895800502
  },
  "1;3|8": {
    "kci": 0.7367098727648036
  },
  "1;3|9": {
    "kci": 0.4772737738565437
  },
  "1;4|0": {
    "kci": 0.38796932030712394
  },
  "1;4|2": {
    "kci": 0.2213145893999905
  },
  "1;4|3": {
    "kci": 0.09995701097040355
  },
  "1;4|5": {
    "kci": 0.06205492706799043
  },
  "1;4|6": {
    "kci": 0.04766091334823819
  },
  "1;4|7": {
    "kci": 0.2606358629971057
  },
  "1;4|8": {
    "kci": 0.09145053974863304
  },
  "1;4|9": {
    "kci": 0.08160825999568277
  },
  "1;5|0": {
    "kci": 0.3939499006455677
  },
  "1;5|2": {
    "kci": 0.4305052539651254
  },
  "1;5|3": {
    "kci": 0.2950263200252352
  },
  "1;5|4": {
    "kci": 0.37157257870955773
  },
  "1;5|6": {
    "kci": 0.37094816113608786
  },
  "1;5|7": {
    "kci": 0.31594210885668894
  },
  "1;5|8": {
    "kci": 0.20999673797180463
  },
  "1;5|9": {
    "kci": 0.35912599093457065
  },
  "1;6|0": {
    "kci": 0.21359038146673281
  },
  "1;6|2": {
    "kci": 0.32252224494244275
  },
  "1;6|3": {
    "kci": 0.25671385126545687
  },
  "1;6|4": {
    "kci": 0.17842488293933179
  },
  "1;6|5": {
    "kci": 0.3355595352753542
  },
  "1;6|7": {
    "kci": 0.5080372358778119
  },
  "1;6|8": {
    "kci": 0.28761454188370195
  },
  "1;6|9": {
    "kci": 0.46131620088354985
  },
  "1;7|0": {
    "kci": 0.4081237197485923
  },
  "1;7|2": {
    "kci": 0.3712067982852796
  },
  "1;7|3": {
    "kci": 0.2653013944469502
  },
  "1;7|4": {
    "kci": 0.4649608215748027
  },
  "1;7|5": {
    "kci": 0.20629470811027073
  },
  "1;7|6": {
    "kci": 0.3159826210414749
  },
  "1;7|8": {
    "kci": 0.02525267364564643
  },
  "1;7|9": {
    "kci": 0.1504485652989307
  },
  "1;8|0": {
    "kci": 0.1773972175349029
  },
  "1;8|2": {
    "kci": 0.3317507666212043
  },
  "1;8|3": {
    "kci": 0.31844351173010166
  },
  "1;8|4": {
    "kci": 0.3171394140130903
  },
  "1;8|5": {
    "kci": 0.3771285319492341
  },
  "1;8|6": {
    "kci": 0.3597694853094602
  },
  "1;8|7": {
    "kci": 0.25889142370775275
  },
  "1;8|9": {
    "kci": 0.3418025426356792
  },
  "1;9|0": {
    "kci": 0.25048954729971207
  },
  "1;9|2": {
    "kci": 0.22771295629262867
  },
  "1;9|3": {
    "kci": 0.04391336745706775
  },
  "1;9|4": {
    "kci": 0.15804501030110463
  },
  "1;9|5": {
    "kci": 0.09215485454509742
  },
  "1;9|6": {
    "kci": 0.07819132522677064
  },
  "1;9|7": {
    "kci": 0.09231695966601716
  },
  "1;9|8": {
    "kci": 0.06053724350170664
  },
  "0;2|9": {
    "kci": 2.790057970325499e-06
  },
  "2;3|0": {
    "kci": 0.3204498493911101
  },
  "2;3|1": {
    "kci": 0.3450995203359506
  },
  "2;3|4": {
    "kci": 0.6658843102929691
  },