{
  "data_hash": "8102b43668605775270a9117a725101d",
  "0;1": {
    "d_separation": 0.0
  },
  "0;2": {
    "d_separation": 0.0
  },
  "0;3": {
    "d_separation": 0.0
  },
  "0;4": {
    "d_separation": 0.0
  },
  "0;5": {
    "d_separation": 0.0
  },
  "0;6": {
    "d_separation": 0.0
  },
  "0;7": {
    "d_separation": 0.0
  },
  "0;8": {
    "d_separation": 0.0
  },
  "0;9": {
    "d_separation": 0.0
  },
  "1;2": {
    "d_separation": 0.0
  },
  "1;3": {
    "d_separation": 0.0
  },
  "1;4": {
    "d_separation": 0.0
  },
  "1;5": {
    "d_separation": 0.0
  },
  "1;6": {
    "d_separation": 0.0
  },
  "1;7": {
    "d_separation": 0.0
  },
  "1;8": {
    "d_separation": 0.0
  },
  "1;9": {
    "d_separation": 0.0
  },
  "2;3": {
    "d_separation": 0.0
  },
  "2;4": {
    "d_separation": 0.0
  },
  "2;5": {
    "d_separation": 0.0
  },
  "2;6": {
    "d_separation": 0.0
  },
  "2;7": {
    "d_separation": 0.0
  },
  "2;8": {
    "d_separation": 0.0
  },
  "2;9": {
    "d_separation": 0.0
  },
  "3;4": {
    "d_separation": 0.0
  },
  "3;5": {
    "d_separation": 0.0
  },
  "3;6": {
    "d_separation": 0.0
  },
  "3;7": {
    "d_separation": 0.0
  },
  "3;8": {
    "d_separation": 0.0
  },
  "3;9": {
    "d_separation": 0.0
  },
  "4;5": {
    "d_separation": 0.0
  },
  "4;6": {
    "d_separation": 0.0
  },
  "4;7": {
    "d_separation": 0.0
  },
  "4;8": {
    "d_separation": 0.0
  },
  "4;9": {
    "d_separation": 0.0
  },
  "5;6": {
    "d_separation": 0.0
  },
  "5;7": {
    "d_separation": 0.0
  },
  "5;8": {
    "d_separation": 0.0
  },
  "5;9": {
    "d_separation": 0.0
  },
  "6;7": {
    "d_separation": 0.0
  },
  "6;8": {
    "d_separation": 0.0
  },
  "6;9": {
    "d_separation": 0.0
  },
  "7;8": {
    "d_separation": 0.0
  },
  "7;9": {
    "d_separation": 0.0
  },
  "8;9": {
    "d_separation": 0.0
  },
  "0;1|2": {
    "kci": 0.09176825122321408
  },
  "0;1|3": {
    "kci": 0.12622448857570412
  },
  "0;1|4": {
    "kci": 0.06520618739414685
  },
  "0;1|5": {
    "kci": 0.09686786884716048
  },
  "0;1|6": {
    "kci": 0.14939549297681198
  },
  "0;1|7": {
    "kci": 0.14289781884447017
  },
  "0;1|8": {
    "kci": 0.1562804434202978
  },
  "0;1|9": {
    "kci": 0.1414527219021855
  },
  "0;2|1": {
    "kci": 0.0005116189179246167
  },
  "0;2|3": {
    "kci": 0.0005663682186435315
  },
  "0;2|4": {
    "kci": 0.2726656052998171
  },
  "0;2|5": {
    "kci": 0.17044213911368222
  },
  "0;2|6": {
    "kci": 0.05185796661591635
  },
  "0;2|7": {
    "kci": 0.0003431498995171145
  },
  "0;2|8": {
    "kci": 0.0005396961976261716
  },
  "0;2|9": {
    "kci": 0.21018394153157494
  },
  "0;3|1": {
    "kci": 0.5910329184967071
  },
  "0;3|2": {
    "kci": 0.4466856349470415
  },
  "0;3|4": {
    "kci": 0.30583990769502656
  },
  "0;3|5": {
    "kci": 0.32020067317002443
  },
  "0;3|6": {
    "kci": 0.3862488821743263
  },
  "0;3|7": {
    "kci": 0.43856569849510707
  },
  "0;3|8": {
    "kci": 0.5891439064344521
  },
  "0;3|9": {
    "kci": 0.3270621609488613
  },
  "0;4|1": {
    "kci": 6.900386307906459e-07
  },
  "0;4|2": {
    "kci": 6.829607390734793e-08
  },
  "0;4|3": {
    "kci": 1.8726521278100705e-07
  },
  "0;4|5": {
    "kci": 9.611753583527172e-05
  },
  "0;4|6": {
    "kci": 6.120573965429088e-07
  },
  "0;4|7": {
    "kci": 9.70017621781949e-09
  },
  "0;4|8": {
    "kci": 3.3879940786185614e-07
  },
  "0;4|9": {
    "kci": 0.07433569954086006
  },
  "0;5|1": {
    "kci": 0.00012045907256996724
  },
  "0;5|2": {
    "kci": 0.031362522585530295
  },
  "0;5|3": {
    "kci": 7.737184113398854e-05
  },
  "0;5|4": {
    "kci": 0.22403081042793838
  },
  "0;5|6": {
    "kci": 0.010502005205082598
  },
  "0;5|7": {
    "kci": 2.1452170003044557e-05
  },
  "0;5|8": {
    "kci": 8.723123020792922e-05
  },
  "0;5|9": {
    "kci": 0.2609295077762923
  },
  "0;6|1": {
    "kci": 0.07237375948788682
  },
  "0;6|2": {
    "kci": 0.2091792647869326
  },
  "0;6|3": {
    "kci": 0.08387425245236768
  },
  "0;6|4": {
    "kci": 0.21933341949188756
  },
  "0;6|5": {
    "kci": 0.18537291480328788
  },
  "0;6|7": {
    "kci": 0.06480486401258267
  },
  "0;6|8": {
    "kci": 0.07260094646387183
  },
  "0;6|9": {
    "kci": 0.01898853999316108
  },
  "0;7|1": {
    "kci": 0.4390558320585862
  },
  "0;7|2": {
    "kci": 0.5342724931384035
  },
  "0;7|3": {
    "kci": 0.5889622339776146
  },
  "0;7|4": {
    "kci": 0.6565005767581245
  },
  "0;7|5": {
    "kci": 0.6210499500459753
  },
  "0;7|6": {
    "kci": 0.5025634842440033
  },
  "0;7|8": {
    "kci": 0.4803525213597757
  },
  "0;7|9": {
    "kci": 0.5637089864928044
  },
  "0;8|1": {
    "kci": 0.4566353683516444
  },
  "0;8|2": {
    "kci": 0.4465155908628926
  },
  "0;8|3": {
    "kci": 0.45372648275127747
  },
  "0;8|4": {
    "kci": 0.32597031740275106
  },
  "0;8|5": {
    "kci": 0.4543626152471473
  },
  "0;8|6": {
    "kci": 0.2841175052024423
  },
  "0;8|7": {
    "kci": 0.45343853786790644
  },
  "0;8|9": {
    "kci": 0.3990649691113416
  },
  "0;9|1": {
    "kci": 9.775279875423593e-05
  },
  "0;9|2": {
    "kci": 4.740196843600053e-06
  },
  "0;9|3": {
    "kci": 7.139319870896887e-05
  },
  "0;9|4": {
    "kci": 0.4317435210811157
  },
  "0;9|5": {
    "kci": 0.005024306305783988
  },
  "0;9|6": {
    "kci": 0.0002333515432092481
  },
  "0;9|7": {
    "kci": 9.67298245313497e-06
  },
  "0;9|8": {
    "kci": 6.694038137688985e-05
  },
  "1;2|0": {
    "kci": 0.6712121119758198
  },
  "1;2|3": {
    "kci": 0.6641084759241249
  },
  "1;2|4": {
    "kci": 0.3245536164591287
  },
  "1;2|5": {
    "kci": 0.5484540657554898
  },
  "1;2|6": {
    "kci": 0.6941315921426097
  },
  "1;2|7": {
    "kci": 0.7127813335467865
  },
  "1;2|8": {
    "kci": 0.6187084093832746
  },
  "1;2|9": {
    "kci": 0.4375037776720816
  },
  "1;3|0": {
    "kci": 0.40388482648111546
  },
  "1;3|2": {
    "kci": 0.44012690354550665
  },
  "1;3|4": {
    "kci": 0.5983839896091895
  },
  "1;3|5": {
    "kci": 0.45137483933740874
  },
  "1;3|6": {
    "kci": 0.2015707335543313
  },
  "1;3|7": {
    "kci": 0.37022810545710727
  },
  "1;3|8": {
    "kci": 0.3872339214565399
  },
  "1;3|9": {
    "kci": 0.42003226793261417
  },
  "1;4|0": {
    "kci": 0.08921457881493333
  },
  "1;4|2": {
    "kci": 0.019342837698161697
  },
  "1;4|3": {
    "kci": 0.07349481804340496
  },
  "1;4|5": {
    "kci": 0.12681875134307308
  },
  "1;4|6": {
    "kci": 0.042497647271047656
  },
  "1;4|7": {
    "kci": 0.01592408525904576
  },
  "1;4|8": {
    "kci": 0.03851545461570427
  },
  "1;4|9": {
    "kci": 0.29632262449529634
  },
  "1;5|0": {
    "kci": 0.23147465151670388
  },
  "1;5|2": {
    "kci": 0.40103576890664816
  },
  "1;5|3": {
    "kci": 0.603889189074587
  },
  "1;5|4": {
    "kci": 0.5789532014892163
  },
  "1;5|6": {
    "kci": 0.5288078608070801
  },
  "1;5|7": {
    "kci": 0.4485637235852862
  },
  "1;5|8": {
    "kci": 0.5881413147385728
  },
  "1;5|9": {
    "kci": 0.45743452848681354
  },
  "1;6|0": {
    "kci": 0.36151067445057117
  },
  "1;6|2": {
    "kci": 0.29301875547487655
  },
  "1;6|3": {
    "kci": 0.37322484767126496
  },
  "1;6|4": {
    "kci": 0.21610861692620764
  },
  "1;6|5": {
    "kci": 0.28188855350008846
  },
  "1;6|7": {
    "kci": 0.2555903721603785
  },
  "1;6|8": {
    "kci": 0.24422052079035161
  },
  "1;6|9": {
    "kci": 0.1462558286443707
  },
  "1;7|0": {
    "kci": 0.37104643014510674
  },
  "1;7|2": {
    "kci": 0.3708939133937038
  },
  "1;7|3": {
    "kci": 0.45852744005034884
  },
  "1;7|4": {
    "kci": 0.2894977658718134
  },
  "1;7|5": {
    "kci": 0.3035959229337095
  },
  "1;7|6": {
    "kci": 0.28651508123642055
  },
  "1;7|8": {
    "kci": 0.41409440409144527
  },
  "1;7|9": {
    "kci": 0.42105944236865056
  },
  "1;8|0": {
    "kci": 0.24713403392415523
  },
  "1;8|2": {
    "kci": 0.2958797270801129
  },
  "1;8|3": {
    "kci": 0.268098526350395
  },
  "1;8|4": {
    "kci": 0.23905950539626275
  },
  "1;8|5": {
    "kci": 0.22979242896926744
  },