{
  "data_hash": "82e60e3ca2413b4d53ab592c9831d83f",
  "0;1": {
    "d_separation": 0.0
  },
  "0;2": {
    "d_separation": 0.0
  },
  "0;3": {
    "d_separation": 0.0
  },
  "0;4": {
    "d_separation": 0.0
  },
  "0;5": {
    "d_separation": 0.0
  },
  "0;6": {
    "d_separation": 0.0
  },
  "0;7": {
    "d_separation": 0.0
  },
  "0;8": {
    "d_separation": 0.0
  },
  "0;9": {
    "d_separation": 0.0
  },
  "1;2": {
    "d_separation": 0.0
  },
  "1;3": {
    "d_separation": 0.0
  },
  "1;4": {
    "d_separation": 0.0
  },
  "1;5": {
    "d_separation": 0.0
  },
  "1;6": {
    "d_separation": 0.0
  },
  "1;7": {
    "d_separation": 0.0
  },
  "1;8": {
    "d_separation": 0.0
  },
  "1;9": {
    "d_separation": 0.0
  },
  "2;3": {
    "d_separation": 0.0
  },
  "2;4": {
    "d_separation": 0.0
  },
  "2;5": {
    "d_separation": 0.0
  },
  "2;6": {
    "d_separation": 0.0
  },
  "2;7": {
    "d_separation": 0.0
  },
  "2;8": {
    "d_separation": 0.0
  },
  "2;9": {
    "d_separation": 0.0
  },
  "3;4": {
    "d_separation": 0.0
  },
  "3;5": {
    "d_separation": 0.0
  },
  "3;6": {
    "d_separation": 0.0
  },
  "3;7": {
    "d_separation": 0.0
  },
  "3;8": {
    "d_separation": 0.0
  },
  "3;9": {
    "d_separation": 0.0
  },
  "4;5": {
    "d_separation": 0.0
  },
  "4;6": {
    "d_separation": 0.0
  },
  "4;7": {
    "d_separation": 0.0
  },
  "4;8": {
    "d_separation": 0.0
  },
  "4;9": {
    "d_separation": 0.0
  },
  "5;6": {
    "d_separation": 0.0
  },
  "5;7": {
    "d_separation": 0.0
  },
  "5;8": {
    "d_separation": 0.0
  },
  "5;9": {
    "d_separation": 0.0
  },
  "6;7": {
    "d_separation": 0.0
  },
  "6;8": {
    "d_separation": 0.0
  },
  "6;9": {
    "d_separation": 0.0
  },
  "7;8": {
    "d_separation": 0.0
  },
  "7;9": {
    "d_separation": 0.0
  },
  "8;9": {
    "d_separation": 0.0
  },
  "0;1|2": {
    "kci": 0.03214559260066374
  },
  "0;1|3": {
    "kci": 0.2748086193862783
  },
  "0;1|4": {
    "kci": 0.24165575561731767
  },
  "0;1|5": {
    "kci": 0.23655666573977052
  },
  "0;1|6": {
    "kci": 0.20378168499834226
  },
  "0;1|7": {
    "kci": 0.03039898572453059
  },
  "0;1|8": {
    "kci": 0.1829331679199081
  },
  "0;1|9": {
    "kci": 0.004690251940504653
  },
  "0;2|1": {
    "kci": 0.3372214675014811
  },
  "0;2|3": {
    "kci": 0.5969002980536731
  },
  "0;2|4": {
    "kci": 0.4776483607953891
  },
  "0;2|5": {
    "kci": 0.598002709847717
  },
  "0;2|6": {
    "kci": 0.40549932791406496
  },
  "0;2|7": {
    "kci": 0.7060935617322641
  },
  "0;2|8": {
    "kci": 0.563967441332448
  },
  "0;2|9": {
    "kci": 0.7813708650287563
  },
  "0;3|1": {
    "kci": 0.4267353836383958
  },
  "0;3|2": {
    "kci": 0.6730046950207258
  },
  "0;3|4": {
    "kci": 0.7767369584617637
  },
  "0;3|5": {
    "kci": 0.7276408141271584
  },
  "0;3|6": {
    "kci": 0.7934119647383843
  },
  "0;3|7": {
    "kci": 0.4640206282396553
  },
  "0;3|8": {
    "kci": 0.6121700896321209
  },
  "0;3|9": {
    "kci": 0.6898507466971829
  },
  "0;4|1": {
    "kci": 0.2594677627439703
  },
  "0;4|2": {
    "kci": 0.28514033671024896
  },
  "0;4|3": {
    "kci": 0.10943637510996007
  },
  "0;4|5": {
    "kci": 0.2490073296695604
  },
  "0;4|6": {
    "kci": 0.14445167455363261
  },
  "0;4|7": {
    "kci": 0.2841895898137423
  },
  "0;4|8": {
    "kci": 0.242568357348815
  },
  "0;4|9": {
    "kci": 0.4761594458743613
  },
  "0;5|1": {
    "kci": 0.453288310146158
  },
  "0;5|2": {
    "kci": 0.43626501969904885
  },
  "0;5|3": {
    "kci": 0.3022252247527407
  },
  "0;5|4": {
    "kci": 0.42347853052521367
  },
  "0;5|6": {
    "kci": 0.5066462521590309
  },
  "0;5|7": {
    "kci": 0.577436670229674
  },
  "0;5|8": {
    "kci": 0.49971442174452063
  },
  "0;5|9": {
    "kci": 0.27149719838597
  },
  "0;6|1": {
    "kci": 0.3161442616765665
  },
  "0;6|2": {
    "kci": 0.32271788685458747
  },
  "0;6|3": {
    "kci": 0.3281070815142778
  },
  "0;6|4": {
    "kci": 0.32765058010269765
  },
  "0;6|5": {
    "kci": 0.3213374528885383
  },
  "0;6|7": {
    "kci": 0.3212039925932324
  },
  "0;6|8": {
    "kci": 0.3308423148526677
  },
  "0;6|9": {
    "kci": 0.31112428149975135
  },
  "0;7|1": {
    "kci": 0.6064312978439053
  },
  "0;7|2": {
    "kci": 0.7325195505013469
  },
  "0;7|3": {
    "kci": 0.8164060799154975
  },
  "0;7|4": {
    "kci": 0.6647466841700813
  },
  "0;7|5": {
    "kci": 0.6699017947542978
  },
  "0;7|6": {
    "kci": 0.6919181948041593
  },
  "0;7|8": {
    "kci": 0.6713750818548547
  },
  "0;7|9": {
    "kci": 0.40581941706036084
  },
  "0;8|1": {
    "kci": 0.4064492637378576
  },
  "0;8|2": {
    "kci": 0.3204974932540785
  },
  "0;8|3": {
    "kci": 0.16168648621131798
  },
  "0;8|4": {
    "kci": 0.07701630849019636
  },
  "0;8|5": {
    "kci": 0.22235138777485197
  },
  "0;8|6": {
    "kci": 0.25651077356613716
  },
  "0;8|7": {
    "kci": 0.2641637642646748
  },
  "0;8|9": {
    "kci": 0.14548295437566883
  },
  "0;9|1": {
    "kci": 0.06929053622023229
  },
  "0;9|2": {
    "kci": 0.08774665686032879
  },
  "0;9|3": {
    "kci": 0.06302836317556804
  },
  "0;9|4": {
    "kci": 0.0792415266526516
  },
  "0;9|5": {
    "kci": 0.06982807432784821
  },
  "0;9|6": {
    "kci": 0.06361076095190232
  },
  "0;9|7": {
    "kci": 0.06047957846034169
  },
  "0;9|8": {
    "kci": 0.05378238290976822
  },
  "1;2|0": {
    "kci": 0.7831864893163928
  },
  "1;2|3": {
    "kci": 0.6040499438854149
  },
  "1;2|4": {
    "kci": 0.5336336596668996
  },
  "1;2|5": {
    "kci": 0.6278127920592969
  },
  "1;2|6": {
    "kci": 0.7057323342960378
  },
  "1;2|7": {
    "kci": 0.5667334884605972
  },
  "1;2|8": {
    "kci": 0.612847450667199
  },
  "1;2|9": {
    "kci": 0.5239719284524442
  },
  "1;3|0": {
    "kci": 0.15604392237396336
  },
  "1;3|2": {
    "kci": 0.10013962204383353
  },
  "1;3|4": {
    "kci": 0.19414857875388336
  },
  "1;3|5": {
    "kci": 0.12901987123934544
  },
  "1;3|6": {
    "kci": 0.24199786169386805
  },
  "1;3|7": {
    "kci": 0.276083041573423
  },
  "1;3|8": {
    "kci": 0.32183117316616894
  },
  "1;3|9": {
    "kci": 0.18193061195716487
  },
  "1;4|0": {
    "kci": 0.5699873821397414
  },
  "1;4|2": {
    "kci": 0.3870238307482452
  },
  "1;4|3": {
    "kci": 0.49130158300248217
  },
  "1;4|5": {
    "kci": 0.3576292421272522
  },
  "1;4|6": {
    "kci": 0.3112323479842112
  },
  "1;4|7": {
    "kci": 0.11854129025005777
  },
  "1;4|8": {
    "kci": 0.33767287032733684
  },
  "1;4|9": {
    "kci": 0.13058079714813098
  },
  "1;5|0": {
    "kci": 0.06633360480707207
  },
  "1;5|2": {
    "kci": 0.17030567020196852
  },
  "1;5|3": {
    "kci": 0.142577478899098
  },
  "1;5|4": {
    "kci": 0.08478164181026326
  },
  "1;5|6": {
    "kci": 0.08384939503382338
  },
  "1;5|7": {
    "kci": 0.191728574195547
  },
  "1;5|8": {
    "kci": 0.08525789691538865
  },
  "1;5|9": {
    "kci": 0.08521137160905368
  },
  "1;6|0": {
    "kci": 0.24779319456464222
  },
  "1;6|2": {
    "kci": 0.31943481929723916
  },
  "1;6|3": {
    "kci": 0.2767352959105137
  },
  "1;6|4": {
    "kci": 0.2689688269981786
  },
  "1;6|5": {
    "kci": 0.28840010855878284
  },
  "1;6|7": {
    "kci": 0.3247828327510689
  },
  "1;6|8": {
    "kci": 0.28122584323038136
  },
  "1;6|9": {
    "kci": 0.3398035061231347
  },
  "1;7|0": {
    "kci": 0.3169175177261163
  },
  "1;7|2": {
    "kci": 0.12053575520309368
  },
  "1;7|3": {
    "kci": 0.4032341222060092
  },
  "1;7|4": {
    "kci": 0.19728516004133723
  },
  "1;7|5": {
    "kci": 0.28196105729116105
  },
  "1;7|6": {
    "kci": 0.45817720168804854
  },
  "1;7|8": {
    "kci": 0.24230217667643328
  },
  "1;7|9": {
    "kci": 0.37690941412425416
  },
  "1;8|0": {
    "kci": 0.2745397260841157
  },
  "1;8|2": {
    "kci": 0.2541351547653865
  },
  "1;8|3": {
    "kci": 0.22797195130924364
  },
  "1;8|4": {
    "kci": 0.26071750890201084
  },
  "1;8|5": {
    "kci": 0.26304739004094
  },
  "1;8|6": {
    "kci": 0.2767362495264214
  },
  "1;8|7": {
    "kci": 0.2581134667988403
  },