{
  "data_hash": "834f46beb7b4f2c651491ba84f374286",
  "0;1": {
    "d_separation": 0.0
  },
  "0;2": {
    "d_separation": 0.0
  },
  "0;3": {
    "d_separation": 0.0
  },
  "0;4": {
    "d_separation": 0.0
  },
  "0;5": {
    "d_separation": 0.0
  },
  "0;6": {
    "d_separation": 0.0
  },
  "0;7": {
    "d_separation": 0.0
  },
  "0;8": {
    "d_separation": 0.0
  },
  "0;9": {
    "d_separation": 0.0
  },
  "1;2": {
    "d_separation": 0.0
  },
  "1;3": {
    "d_separation": 0.0
  },
  "1;4": {
    "d_separation": 0.0
  },
  "1;5": {
    "d_separation": 0.0
  },
  "1;6": {
    "d_separation": 0.0
  },
  "1;7": {
    "d_separation": 0.0
  },
  "1;8": {
    "d_separation": 0.0
  },
  "1;9": {
    "d_separation": 0.0
  },
  "2;3": {
    "d_separation": 0.0
  },
  "2;4": {
    "d_separation": 0.0
  },
  "2;5": {
    "d_separation": 0.0
  },
  "2;6": {
    "d_separation": 0.0
  },
  "2;7": {
    "d_separation": 0.0
  },
  "2;8": {
    "d_separation": 0.0
  },
  "2;9": {
    "d_separation": 0.0
  },
  "3;4": {
    "d_separation": 0.0
  },
  "3;5": {
    "d_separation": 0.0
  },
  "3;6": {
    "d_separation": 0.0
  },
  "3;7": {
    "d_separation": 0.0
  },
  "3;8": {
    "d_separation": 0.0
  },
  "3;9": {
    "d_separation": 0.0
  },
  "4;5": {
    "d_separation": 0.0
  },
  "4;6": {
    "d_separation": 0.0
  },
  "4;7": {
    "d_separation": 0.0
  },
  "4;8": {
    "d_separation": 0.0
  },
  "4;9": {
    "d_separation": 0.0
  },
  "5;6": {
    "d_separation": 0.0
  },
  "5;7": {
    "d_separation": 0.0
  },
  "5;8": {
    "d_separation": 0.0
  },
  "5;9": {
    "d_separation": 0.0
  },
  "6;7": {
    "d_separation": 0.0
  },
  "6;8": {
    "d_separation": 0.0
  },
  "6;9": {
    "d_separation": 0.0
  },
  "7;8": {
    "d_separation": 0.0
  },
  "7;9": {
    "d_separation": 0.0
  },
  "8;9": {
    "d_separation": 0.0
  },
  "0;1|2": {
    "kci": 0.3160602653140365
  },
  "0;1|3": {
    "kci": 0.6087350197969991
  },
  "0;1|4": {
    "kci": 0.293656208313693
  },
  "0;1|5": {
    "kci": 0.7247791843929227
  },
  "0;1|6": {
    "kci": 0.15891012839803753
  },
  "0;1|7": {
    "kci": 0.06782806889278148
  },
  "0;1|8": {
    "kci": 0.138898366098831
  },
  "0;1|9": {
    "kci": 0.6418356090404225
  },
  "0;2|1": {
    "kci": 0.0029354438862521093
  },
  "0;2|3": {
    "kci": 9.200355901084478e-05
  },
  "0;2|4": {
    "kci": 0.00044192311360080616
  },
  "0;2|5": {
    "kci": 0.0011679494046464844
  },
  "0;2|6": {
    "kci": 0.00010963731352930939
  },
  "0;2|7": {
    "kci": 1.3653635444477175e-05
  },
  "0;2|8": {
    "kci": 0.00027600274001704506
  },
  "0;2|9": {
    "kci": 0.00011119732697306706
  },
  "0;3|1": {
    "kci": 0.025009884595441623
  },
  "0;3|2": {
    "kci": 0.3864821226424797
  },
  "0;3|4": {
    "kci": 0.36329936457823575
  },
  "0;3|5": {
    "kci": 0.1943625441144058
  },
  "0;3|6": {
    "kci": 0.7470632952598872
  },
  "0;3|7": {
    "kci": 0.48043875332077624
  },
  "0;3|8": {
    "kci": 0.035267857989596085
  },
  "0;3|9": {
    "kci": 0.10510663811149301
  },
  "0;4|1": {
    "kci": 3.089420558666234e-05
  },
  "0;4|2": {
    "kci": 0.00036609592673730873
  },
  "0;4|3": {
    "kci": 0.006552440985077568
  },
  "0;4|5": {
    "kci": 0.00017607200974745219
  },
  "0;4|6": {
    "kci": 0.02167324763137446
  },
  "0;4|7": {
    "kci": 0.023924063673576357
  },
  "0;4|8": {
    "kci": 0.00014344267026744628
  },
  "0;4|9": {
    "kci": 0.0014335582035684968
  },
  "0;5|1": {
    "kci": 0.003988659930482696
  },
  "0;5|2": {
    "kci": 0.001084705886472359
  },
  "0;5|3": {
    "kci": 0.0006785926356992489
  },
  "0;5|4": {
    "kci": 0.0006392449585896909
  },
  "0;5|6": {
    "kci": 0.0007544130784292724
  },
  "0;5|7": {
    "kci": 0.0006317469815554366
  },
  "0;5|8": {
    "kci": 0.00019638542652322677
  },
  "0;5|9": {
    "kci": 0.0009857609660450795
  },
  "0;6|1": {
    "kci": 9.438229431335543e-08
  },
  "0;6|2": {
    "kci": 1.430421188164388e-07
  },
  "0;6|3": {
    "kci": 2.4860781582147773e-05
  },
  "0;6|4": {
    "kci": 0.0002097283427855423
  },
  "0;6|5": {
    "kci": 2.2308060413367414e-06
  },
  "0;6|7": {
    "kci": 3.335025828199445e-05
  },
  "0;6|8": {
    "kci": 1.5779620698985752e-07
  },
  "0;6|9": {
    "kci": 3.945786331183143e-05
  },
  "0;7|1": {
    "kci": 2.2352705785766425e-05
  },
  "0;7|2": {
    "kci": 8.994956069374727e-05
  },
  "0;7|3": {
    "kci": 3.221620998861141e-07
  },
  "0;7|4": {
    "kci": 1.908795201643887e-05
  },
  "0;7|5": {
    "kci": 3.7869707140258946e-05
  },
  "0;7|6": {
    "kci": 4.687817775517189e-06
  },
  "0;7|8": {
    "kci": 2.851523406399714e-06
  },
  "0;7|9": {
    "kci": 1.1028939463142429e-05
  },
  "0;8|1": {
    "kci": 0.26171550703813473
  },
  "0;8|2": {
    "kci": 0.11312677424482764
  },
  "0;8|3": {
    "kci": 0.05689344068828783
  },
  "0;8|4": {
    "kci": 0.07008965897269825
  },
  "0;8|5": {
    "kci": 0.3721770699396225
  },
  "0;8|6": {
    "kci": 0.13477016874091907
  },
  "0;8|7": {
    "kci": 0.154076106241406
  },
  "0;8|9": {
    "kci": 0.11791893979347445
  },
  "0;9|1": {
    "kci": 0.0023102712638570777
  },
  "0;9|2": {
    "kci": 0.00037072331329079944
  },
  "0;9|3": {
    "kci": 0.014706224791359745
  },
  "0;9|4": {
    "kci": 0.003908292761558463
  },
  "0;9|5": {
    "kci": 0.0032199783261342985
  },
  "0;9|6": {
    "kci": 0.010728260608957263
  },
  "0;9|7": {
    "kci": 0.00045245708151286923
  },
  "0;9|8": {
    "kci": 0.0002660621880785641
  },
  "1;2|0": {
    "kci": 0.30689280196098667
  },
  "1;2|3": {
    "kci": 0.22049500662688915
  },
  "1;2|4": {
    "kci": 0.2521166562546602
  },
  "1;2|5": {
    "kci": 0.5458818731192907
  },
  "1;2|6": {
    "kci": 0.2528386001427524
  },
  "1;2|7": {
    "kci": 0.28415384573595204
  },
  "1;2|8": {
    "kci": 0.4560601000875276
  },
  "1;2|9": {
    "kci": 0.43977404366609085
  },
  "1;3|0": {
    "kci": 0.17204615592563632
  },
  "1;3|2": {
    "kci": 0.34088511407232813
  },
  "1;3|4": {
    "kci": 0.6469831792347025
  },
  "1;3|5": {
    "kci": 0.6047465349221319
  },
  "1;3|6": {
    "kci": 0.9276735814647243
  },
  "1;3|7": {
    "kci": 0.43216051761559204
  },
  "1;3|8": {
    "kci": 0.24108076369115095
  },
  "1;3|9": {
    "kci": 0.3647187486396648
  },
  "1;4|0": {
    "kci": 0.3632754978548286
  },
  "1;4|2": {
    "kci": 0.4561442234799272
  },
  "1;4|3": {
    "kci": 0.22956054998033482
  },
  "1;4|5": {
    "kci": 0.5164982020783522
  },
  "1;4|6": {
    "kci": 0.0900101405839846
  },
  "1;4|7": {
    "kci": 0.054324929107436026
  },
  "1;4|8": {
    "kci": 0.18536470051132936
  },
  "1;4|9": {
    "kci": 0.18380182748647145
  },
  "1;5|0": {
    "kci": 0.0019349307839917618
  },
  "1;5|2": {
    "kci": 0.0031379298217408813
  },
  "1;5|3": {
    "kci": 0.0016848867929588618
  },
  "1;5|4": {
    "kci": 0.0005830148250064449
  },
  "1;5|6": {
    "kci": 0.00020054416669312847
  },
  "1;5|7": {
    "kci": 2.996593169024564e-05
  },
  "1;5|8": {
    "kci": 0.0010472233134124487
  },
  "1;5|9": {
    "kci": 0.0003494222351609899
  },
  "1;6|0": {
    "kci": 0.014688823071211221
  },
  "1;6|2": {
    "kci": 0.10664943422250905
  },
  "1;6|3": {
    "kci": 0.29570592815633967
  },
  "1;6|4": {
    "kci": 0.08478804016255792
  },
  "1;6|5": {
    "kci": 0.019502718520877038
  },
  "1;6|7": {
    "kci": 0.09117994917691874
  },
  "1;6|8": {
    "kci": 0.00845925169974171
  },
  "1;6|9": {
    "kci": 0.015414248548853315
  },
  "1;7|0": {
    "kci": 0.3586075621048853
  },
  "1;7|2": {
    "kci": 0.6115233251516818
  },
  "1;7|3": {
    "kci": 0.7565892313424049
  },
  "1;7|4": {
    "kci": 0.4517834253596773
  },
  "1;7|5": {
    "kci": 0.6710018828815272
  },
  "1;7|6": {
    "kci": 0.8011779451079086
  },
  "1;7|8": {
    "kci": 0.4685544930136172
  },
  "1;7|9": {
    "kci": 0.5017796849118545
  },
  "1;8|0": {
    "kci": 0.13066393926996311
  },
  "1;8|2": {
    "kci": 0.09929729775877816
  },
  "1;8|3": {
    "kci": 0.040886614230217444
  },