{
  "data_hash": "8aaa61712e6ea600a35afd997f0dd630",
  "0;1": {
    "d_separation": 0.0
  },
  "0;2": {
    "d_separation": 0.0
  },
  "0;3": {
    "d_separation": 0.0
  },
  "0;4": {
    "d_separation": 0.0
  },
  "0;5": {
    "d_separation": 0.0
  },
  "0;6": {
    "d_separation": 0.0
  },
  "0;7": {
    "d_separation": 0.0
  },
  "0;8": {
    "d_separation": 0.0
  },
  "0;9": {
    "d_separation": 0.0
  },
  "1;2": {
    "d_separation": 0.0
  },
  "1;3": {
    "d_separation": 0.0
  },
  "1;4": {
    "d_separation": 0.0
  },
  "1;5": {
    "d_separation": 0.0
  },
  "1;6": {
    "d_separation": 0.0
  },
  "1;7": {
    "d_separation": 0.0
  },
  "1;8": {
    "d_separation": 0.0
  },
  "1;9": {
    "d_separation": 0.0
  },
  "2;3": {
    "d_separation": 0.0
  },
  "2;4": {
    "d_separation": 0.0
  },
  "2;5": {
    "d_separation": 0.0
  },
  "2;6": {
    "d_separation": 0.0
  },
  "2;7": {
    "d_separation": 0.0
  },
  "2;8": {
    "d_separation": 0.0
  },
  "2;9": {
    "d_separation": 0.0
  },
  "3;4": {
    "d_separation": 0.0
  },
  "3;5": {
    "d_separation": 0.0
  },
  "3;6": {
    "d_separation": 0.0
  },
  "3;7": {
    "d_separation": 0.0
  },
  "3;8": {
    "d_separation": 0.0
  },
  "3;9": {
    "d_separation": 0.0
  },
  "4;5": {
    "d_separation": 0.0
  },
  "4;6": {
    "d_separation": 0.0
  },
  "4;7": {
    "d_separation": 0.0
  },
  "4;8": {
    "d_separation": 0.0
  },
  "4;9": {
    "d_separation": 0.0
  },
  "5;6": {
    "d_separation": 0.0
  },
  "5;7": {
    "d_separation": 0.0
  },
  "5;8": {
    "d_separation": 0.0
  },
  "5;9": {
    "d_separation": 0.0
  },
  "6;7": {
    "d_separation": 0.0
  },
  "6;8": {
    "d_separation": 0.0
  },
  "6;9": {
    "d_separation": 0.0
  },
  "7;8": {
    "d_separation": 0.0
  },
  "7;9": {
    "d_separation": 0.0
  },
  "8;9": {
    "d_separation": 0.0
  },
  "0;1|2": {
    "kci": 0.20438465508977133
  },
  "0;1|3": {
    "kci": 0.2950851079643645
  },
  "0;1|4": {
    "kci": 0.3934716066458879
  },
  "0;1|5": {
    "kci": 0.38958671541840784
  },
  "0;1|6": {
    "kci": 0.28667311484123925
  },
  "0;1|7": {
    "kci": 0.2731075281882749
  },
  "0;1|8": {
    "kci": 0.4974010199946832
  },
  "0;1|9": {
    "kci": 0.40436261130618645
  },
  "0;2|1": {
    "kci": 0.5177606304570406
  },
  "0;2|3": {
    "kci": 0.4324700558350276
  },
  "0;2|4": {
    "kci": 0.5802135316289947
  },
  "0;2|5": {
    "kci": 0.24679821475420394
  },
  "0;2|6": {
    "kci": 0.5805837909872802
  },
  "0;2|7": {
    "kci": 0.7015248009539014
  },
  "0;2|8": {
    "kci": 0.6851504621260889
  },
  "0;2|9": {
    "kci": 0.7464086805555572
  },
  "0;3|1": {
    "kci": 0.014065469889407711
  },
  "0;3|2": {
    "kci": 0.05743913996460526
  },
  "0;3|4": {
    "kci": 0.02338277014071677
  },
  "0;3|5": {
    "kci": 0.009480887067023436
  },
  "0;3|6": {
    "kci": 0.02399670678211252
  },
  "0;3|7": {
    "kci": 0.018833332851928675
  },
  "0;3|8": {
    "kci": 0.014094069172395307
  },
  "0;3|9": {
    "kci": 0.034355155148832806
  },
  "0;4|1": {
    "kci": 0.5658530129092911
  },
  "0;4|2": {
    "kci": 0.45763345970173397
  },
  "0;4|3": {
    "kci": 0.5647895441090414
  },
  "0;4|5": {
    "kci": 0.42328878489425137
  },
  "0;4|6": {
    "kci": 0.5762005789763662
  },
  "0;4|7": {
    "kci": 0.3954214563779681
  },
  "0;4|8": {
    "kci": 0.3588203663787697
  },
  "0;4|9": {
    "kci": 0.559984383858716
  },
  "0;5|1": {
    "kci": 7.234570817549191e-05
  },
  "0;5|2": {
    "kci": 3.5672747153103757e-05
  },
  "0;5|3": {
    "kci": 9.877727064144803e-05
  },
  "0;5|4": {
    "kci": 9.793740856411937e-05
  },
  "0;5|6": {
    "kci": 3.226460525906916e-05
  },
  "0;5|7": {
    "kci": 0.00013383352680096383
  },
  "0;5|8": {
    "kci": 7.935765706679199e-05
  },
  "0;5|9": {
    "kci": 0.0002240215558702019
  },
  "0;6|1": {
    "kci": 0.48250560049718816
  },
  "0;6|2": {
    "kci": 0.42427995252243733
  },
  "0;6|3": {
    "kci": 0.14507272933605408
  },
  "0;6|4": {
    "kci": 0.5436866910228957
  },
  "0;6|5": {
    "kci": 0.7331869684823318
  },
  "0;6|7": {
    "kci": 0.3896784240076121
  },
  "0;6|8": {
    "kci": 0.45156131398177046
  },
  "0;6|9": {
    "kci": 0.4073897006333631
  },
  "0;7|1": {
    "kci": 0.41760553555042135
  },
  "0;7|2": {
    "kci": 0.28196229709715537
  },
  "0;7|3": {
    "kci": 0.2195632397170898
  },
  "0;7|4": {
    "kci": 0.2372178504334168
  },
  "0;7|5": {
    "kci": 0.5393924161989152
  },
  "0;7|6": {
    "kci": 0.1668769006337537
  },
  "0;7|8": {
    "kci": 0.2829838747092246
  },
  "0;7|9": {
    "kci": 0.21676472255715595
  },
  "0;8|1": {
    "kci": 0.8229062631512802
  },
  "0;8|2": {
    "kci": 0.7838800574933789
  },
  "0;8|3": {
    "kci": 0.19165457242147743
  },
  "0;8|4": {
    "kci": 0.7885173655811708
  },
  "0;8|5": {
    "kci": 0.2742296673884552
  },
  "0;8|6": {
    "kci": 0.7246014447736572
  },
  "0;8|7": {
    "kci": 0.6912467957592147
  },
  "0;8|9": {
    "kci": 0.7784719900111114
  },
  "0;9|1": {
    "kci": 0.43752950003466196
  },
  "0;9|2": {
    "kci": 0.5161374623232855
  },
  "0;9|3": {
    "kci": 0.011418667336063115
  },
  "0;9|4": {
    "kci": 0.6038881958210909
  },
  "0;9|5": {
    "kci": 0.6105570177155287
  },
  "0;9|6": {
    "kci": 0.16238184755989793
  },
  "0;9|7": {
    "kci": 0.453009128450537
  },
  "0;9|8": {
    "kci": 0.1938994655189894
  },
  "1;2|0": {
    "kci": 0.001411348113877442
  },
  "1;2|3": {
    "kci": 0.00036626555252128323
  },
  "1;2|4": {
    "kci": 0.0018514541489932368
  },
  "1;2|5": {
    "kci": 0.018644863820918456
  },
  "1;2|6": {
    "kci": 0.0022403271479138898
  },
  "1;2|7": {
    "kci": 0.0027028860579302316
  },
  "1;2|8": {
    "kci": 0.00297278400718326
  },
  "1;2|9": {
    "kci": 0.0026279230615758875
  },
  "1;3|0": {
    "kci": 0.09761631621601174
  },
  "1;3|2": {
    "kci": 0.28726984792224997
  },
  "1;3|4": {
    "kci": 0.18131038681746636
  },
  "1;3|5": {
    "kci": 0.16314233636840336
  },
  "1;3|6": {
    "kci": 0.472846809897734
  },
  "1;3|7": {
    "kci": 0.09306778626023049
  },
  "1;3|8": {
    "kci": 0.29753154978957985
  },
  "1;3|9": {
    "kci": 0.607970221664879
  },
  "1;4|0": {
    "kci": 0.027408718210328087
  },
  "1;4|2": {
    "kci": 0.0050714809835361585
  },
  "1;4|3": {
    "kci": 0.017474776916275636
  },
  "1;4|5": {
    "kci": 3.8366610312645655e-05
  },
  "1;4|6": {
    "kci": 0.20257255671045882
  },
  "1;4|7": {
    "kci": 0.19110567908120069
  },
  "1;4|8": {
    "kci": 0.003499699105863896
  },
  "1;4|9": {
    "kci": 0.1477576819081925
  },
  "1;5|0": {
    "kci": 0.140956493126686
  },
  "1;5|2": {
    "kci": 0.7838670560443397
  },
  "1;5|3": {
    "kci": 0.32554251695581793
  },
  "1;5|4": {
    "kci": 0.1146202168987408
  },
  "1;5|6": {
    "kci": 0.5293982549703684
  },
  "1;5|7": {
    "kci": 0.0897219519276562
  },
  "1;5|8": {
    "kci": 0.533488862919719
  },
  "1;5|9": {
    "kci": 0.37278246848053875
  },
  "1;6|0": {
    "kci": 0.0009744520396458567
  },
  "1;6|2": {
    "kci": 0.11571449242288034
  },
  "1;6|3": {
    "kci": 0.0365936771503379
  },
  "1;6|4": {
    "kci": 0.002525610983867055
  },
  "1;6|5": {
    "kci": 0.002431153699270938
  },
  "1;6|7": {
    "kci": 0.0035089742876366348
  },
  "1;6|8": {
    "kci": 0.1285751699843396
  },
  "1;6|9": {
    "kci": 0.145502737077582
  },
  "1;7|0": {
    "kci": 0.04474390614250168
  },
  "1;7|2": {
    "kci": 0.3525338091723429
  },
  "1;7|3": {
    "kci": 0.06490184550129707
  },
  "1;7|4": {
    "kci": 0.19977192210208616
  },
  "1;7|5": {
    "kci": 0.01856859150120649
  },
  "1;7|6": {
    "kci": 0.048804758281169036
  },
  "1;7|8": {
    "kci": 0.05077955200410578
  },
  "1;7|9": {
    "kci": 0.10780589506481042
  },
  "1;8|0": {
    "kci": 0.3552649816455845
  },
  "1;8|2": {
    "kci": 0.16361851295570695
  },
  "1;8|3": {
    "kci": 0.059018561526543056
  },
  "1;8|4": {
    "kci": 0.13502212253534207
  },
  "1;8|5": {
    "kci": 0.27586776485605125
  },