{
  "data_hash": "8b5b5cd72fcc36d2249c33b2ac3ab52d",
  "0;1": {
    "d_separation": 0.0
  },
  "0;2": {
    "d_separation": 0.0
  },
  "0;3": {
    "d_separation": 0.0
  },
  "0;4": {
    "d_separation": 0.0
  },
  "0;5": {
    "d_separation": 0.0
  },
  "0;6": {
    "d_separation": 0.0
  },
  "0;7": {
    "d_separation": 0.0
  },
  "0;8": {
    "d_separation": 0.0
  },
  "0;9": {
    "d_separation": 0.0
  },
  "1;2": {
    "d_separation": 0.0
  },
  "1;3": {
    "d_separation": 0.0
  },
  "1;4": {
    "d_separation": 0.0
  },
  "1;5": {
    "d_separation": 0.0
  },
  "1;6": {
    "d_separation": 0.0
  },
  "1;7": {
    "d_separation": 0.0
  },
  "1;8": {
    "d_separation": 0.0
  },
  "1;9": {
    "d_separation": 0.0
  },
  "2;3": {
    "d_separation": 0.0
  },
  "2;4": {
    "d_separation": 0.0
  },
  "2;5": {
    "d_separation": 0.0
  },
  "2;6": {
    "d_separation": 0.0
  },
  "2;7": {
    "d_separation": 0.0
  },
  "2;8": {
    "d_separation": 0.0
  },
  "2;9": {
    "d_separation": 0.0
  },
  "3;4": {
    "d_separation": 0.0
  },
  "3;5": {
    "d_separation": 0.0
  },
  "3;6": {
    "d_separation": 0.0
  },
  "3;7": {
    "d_separation": 0.0
  },
  "3;8": {
    "d_separation": 0.0
  },
  "3;9": {
    "d_separation": 0.0
  },
  "4;5": {
    "d_separation": 0.0
  },
  "4;6": {
    "d_separation": 0.0
  },
  "4;7": {
    "d_separation": 0.0
  },
  "4;8": {
    "d_separation": 0.0
  },
  "4;9": {
    "d_separation": 0.0
  },
  "5;6": {
    "d_separation": 0.0
  },
  "5;7": {
    "d_separation": 0.0
  },
  "5;8": {
    "d_separation": 0.0
  },
  "5;9": {
    "d_separation": 0.0
  },
  "6;7": {
    "d_separation": 0.0
  },
  "6;8": {
    "d_separation": 0.0
  },
  "6;9": {
    "d_separation": 0.0
  },
  "7;8": {
    "d_separation": 0.0
  },
  "7;9": {
    "d_separation": 0.0
  },
  "8;9": {
    "d_separation": 0.0
  },
  "0;1|2": {
    "kci": 0.288115700086224
  },
  "0;1|3": {
    "kci": 0.07563577862773296
  },
  "0;1|4": {
    "kci": 0.05984008025302201
  },
  "0;1|5": {
    "kci": 0.1681481560675917
  },
  "0;1|6": {
    "kci": 0.09603147573844406
  },
  "0;1|7": {
    "kci": 0.1239454795763083
  },
  "0;1|8": {
    "kci": 0.04342168813527514
  },
  "0;1|9": {
    "kci": 0.14792957209511903
  },
  "0;2|1": {
    "kci": 0.3896860490330786
  },
  "0;2|3": {
    "kci": 0.39249954854022984
  },
  "0;2|4": {
    "kci": 0.38094477094849943
  },
  "0;2|5": {
    "kci": 0.3769670143753696
  },
  "0;2|6": {
    "kci": 0.38490126591481666
  },
  "0;2|7": {
    "kci": 0.38570884044304143
  },
  "0;2|8": {
    "kci": 0.40381101889456217
  },
  "0;2|9": {
    "kci": 0.40729719808075393
  },
  "0;3|1": {
    "kci": 0.000848339788627861
  },
  "0;3|2": {
    "kci": 0.003543994784218407
  },
  "0;3|4": {
    "kci": 0.0040049997309135055
  },
  "0;3|5": {
    "kci": 0.13902857506284672
  },
  "0;3|6": {
    "kci": 0.011246949756689162
  },
  "0;3|7": {
    "kci": 0.009696015489363274
  },
  "0;3|8": {
    "kci": 0.0025603354590642002
  },
  "0;3|9": {
    "kci": 0.002953965473087905
  },
  "0;4|1": {
    "kci": 0.0778334523544163
  },
  "0;4|2": {
    "kci": 0.12645991897404918
  },
  "0;4|3": {
    "kci": 0.04379165356346493
  },
  "0;4|5": {
    "kci": 0.04418744099342997
  },
  "0;4|6": {
    "kci": 0.058267111232406466
  },
  "0;4|7": {
    "kci": 0.08202213353809862
  },
  "0;4|8": {
    "kci": 0.0780608782208787
  },
  "0;4|9": {
    "kci": 0.1298076097131613
  },
  "0;5|1": {
    "kci": 0.028712956569673098
  },
  "0;5|2": {
    "kci": 0.028690948012394024
  },
  "0;5|3": {
    "kci": 0.0860162448606514
  },
  "0;5|4": {
    "kci": 0.0162271690233875
  },
  "0;5|6": {
    "kci": 0.02926196726274699
  },
  "0;5|7": {
    "kci": 0.021912922929311796
  },
  "0;5|8": {
    "kci": 0.030054440763720658
  },
  "0;5|9": {
    "kci": 0.01223927445761619
  },
  "0;6|1": {
    "kci": 0.19934963057445754
  },
  "0;6|2": {
    "kci": 0.14515607895364535
  },
  "0;6|3": {
    "kci": 0.28266452575583634
  },
  "0;6|4": {
    "kci": 0.4156539732947102
  },
  "0;6|5": {
    "kci": 0.3163400214815625
  },
  "0;6|7": {
    "kci": 0.24572760842258834
  },
  "0;6|8": {
    "kci": 0.26929493308789887
  },
  "0;6|9": {
    "kci": 0.4862403562312112
  },
  "0;7|1": {
    "kci": 0.28841342599777176
  },
  "0;7|2": {
    "kci": 0.2512628207915727
  },
  "0;7|3": {
    "kci": 0.2081892904982926
  },
  "0;7|4": {
    "kci": 0.4812290987432679
  },
  "0;7|5": {
    "kci": 0.12568056646744286
  },
  "0;7|6": {
    "kci": 0.32388250142862385
  },
  "0;7|8": {
    "kci": 0.2473122170802926
  },
  "0;7|9": {
    "kci": 0.16702918007786005
  },
  "0;8|1": {
    "kci": 0.0036364314152570465
  },
  "0;8|2": {
    "kci": 0.010370165974305956
  },
  "0;8|3": {
    "kci": 0.014885655090788652
  },
  "0;8|4": {
    "kci": 0.0035126763025384866
  },
  "0;8|5": {
    "kci": 0.005159541472643081
  },
  "0;8|6": {
    "kci": 0.002927639154396533
  },
  "0;8|7": {
    "kci": 0.0044422930350627166
  },
  "0;8|9": {
    "kci": 0.005377187345971146
  },
  "0;9|1": {
    "kci": 0.0010109363165606844
  },
  "0;9|2": {
    "kci": 0.0022587867769026104
  },
  "0;9|3": {
    "kci": 0.0006925254446562557
  },
  "0;9|4": {
    "kci": 0.009301755316558857
  },
  "0;9|5": {
    "kci": 0.004725936598927394
  },
  "0;9|6": {
    "kci": 0.002109488039222618
  },
  "0;9|7": {
    "kci": 0.0014113134022947227
  },
  "0;9|8": {
    "kci": 0.001484623059050838
  },
  "1;2|0": {
    "kci": 0.007622883791028046
  },
  "1;2|3": {
    "kci": 0.07239204697478419
  },
  "1;2|4": {
    "kci": 0.04902982147403023
  },
  "1;2|5": {
    "kci": 0.06622984561425338
  },
  "1;2|6": {
    "kci": 0.038887540733842596
  },
  "1;2|7": {
    "kci": 0.027304817846592444
  },
  "1;2|8": {
    "kci": 0.04789999431719483
  },
  "1;2|9": {
    "kci": 0.010976717939863767
  },
  "1;3|0": {
    "kci": 0.002352825203233655
  },
  "1;3|2": {
    "kci": 0.017103648568130403
  },
  "1;3|4": {
    "kci": 0.02545534166040775
  },
  "1;3|5": {
    "kci": 0.0029028513216771135
  },
  "1;3|6": {
    "kci": 0.009122537057871583
  },
  "1;3|7": {
    "kci": 0.0008317025531461297
  },
  "1;3|8": {
    "kci": 0.000647474034168094
  },
  "1;3|9": {
    "kci": 0.004153082930306584
  },
  "1;4|0": {
    "kci": 0.005438211881181987
  },
  "1;4|2": {
    "kci": 0.008304745722705675
  },
  "1;4|3": {
    "kci": 0.015286603363308227
  },
  "1;4|5": {
    "kci": 0.006028198447510569
  },
  "1;4|6": {
    "kci": 0.02180860810379215
  },
  "1;4|7": {
    "kci": 0.002592732270589204
  },
  "1;4|8": {
    "kci": 0.012243123324881089
  },
  "1;4|9": {
    "kci": 0.0063828044326198485
  },
  "1;5|0": {
    "kci": 0.2907450351025711
  },
  "1;5|2": {
    "kci": 0.3668408582177619
  },
  "1;5|3": {
    "kci": 0.5912261219989534
  },
  "1;5|4": {
    "kci": 0.18694623310101055
  },
  "1;5|6": {
    "kci": 0.3046868727960804
  },
  "1;5|7": {
    "kci": 0.22022868946714647
  },
  "1;5|8": {
    "kci": 0.3991214010014197
  },
  "1;5|9": {
    "kci": 0.4510295390127791
  },
  "1;6|0": {
    "kci": 0.33185890760871095
  },
  "1;6|2": {
    "kci": 0.47815265817807806
  },
  "1;6|3": {
    "kci": 0.44267909730663935
  },
  "1;6|4": {
    "kci": 0.43727038515240946
  },
  "1;6|5": {
    "kci": 0.38990266389223127
  },
  "1;6|7": {
    "kci": 0.32011279131984505
  },
  "1;6|8": {
    "kci": 0.45640411027473615
  },
  "1;6|9": {
    "kci": 0.36242651396462
  },
  "1;7|0": {
    "kci": 0.4893165678752167
  },
  "1;7|2": {
    "kci": 0.5856600429284666
  },
  "1;7|3": {
    "kci": 0.09345875707578188
  },
  "1;7|4": {
    "kci": 0.6813999773783506
  },
  "1;7|5": {
    "kci": 0.43404747831388835
  },
  "1;7|6": {
    "kci": 0.32475860275948465
  },
  "1;7|8": {
    "kci": 0.4747440820252117
  },
  "1;7|9": {
    "kci": 0.4053831508575232
  },
  "1;8|0": {
    "kci": 0.04386858976909591
  },
  "1;8|2": {
    "kci": 0.06172389113745913
  },
  "1;8|3": {
    "kci": 0.06876811504387093
  },
  "1;8|4": {
    "kci": 0.07880424025110944
  },