{
  "data_hash": "8b76d98c78b591ea32a6a263eca6ff5b",
  "0;1": {
    "d_separation": 0.0
  },
  "0;2": {
    "d_separation": 1.0
  },
  "0;3": {
    "d_separation": 0.0
  },
  "0;4": {
    "d_separation": 1.0
  },
  "0;5": {
    "d_separation": 0.0
  },
  "0;6": {
    "d_separation": 0.0
  },
  "0;7": {
    "d_separation": 1.0
  },
  "0;8": {
    "d_separation": 1.0
  },
  "0;9": {
    "d_separation": 0.0
  },
  "1;2": {
    "d_separation": 0.0
  },
  "1;3": {
    "d_separation": 0.0
  },
  "1;4": {
    "d_separation": 0.0
  },
  "1;5": {
    "d_separation": 0.0
  },
  "1;6": {
    "d_separation": 0.0
  },
  "1;7": {
    "d_separation": 0.0
  },
  "1;8": {
    "d_separation": 0.0
  },
  "1;9": {
    "d_separation": 0.0
  },
  "2;3": {
    "d_separation": 0.0
  },
  "2;4": {
    "d_separation": 0.0
  },
  "2;5": {
    "d_separation": 0.0
  },
  "2;6": {
    "d_separation": 0.0
  },
  "2;7": {
    "d_separation": 0.0
  },
  "2;8": {
    "d_separation": 0.0
  },
  "2;9": {
    "d_separation": 0.0
  },
  "3;4": {
    "d_separation": 0.0
  },
  "3;5": {
    "d_separation": 0.0
  },
  "3;6": {
    "d_separation": 0.0
  },
  "3;7": {
    "d_separation": 0.0
  },
  "3;8": {
    "d_separation": 0.0
  },
  "3;9": {
    "d_separation": 0.0
  },
  "4;5": {
    "d_separation": 0.0
  },
  "4;6": {
    "d_separation": 0.0
  },
  "4;7": {
    "d_separation": 1.0
  },
  "4;8": {
    "d_separation": 0.0
  },
  "4;9": {
    "d_separation": 0.0
  },
  "5;6": {
    "d_separation": 0.0
  },
  "5;7": {
    "d_separation": 0.0
  },
  "5;8": {
    "d_separation": 0.0
  },
  "5;9": {
    "d_separation": 0.0
  },
  "6;7": {
    "d_separation": 0.0
  },
  "6;8": {
    "d_separation": 0.0
  },
  "6;9": {
    "d_separation": 0.0
  },
  "7;8": {
    "d_separation": 0.0
  },
  "7;9": {
    "d_separation": 0.0
  },
  "8;9": {
    "d_separation": 0.0
  },
  "0;1|3": {
    "kci": 4.356182081721727e-12
  },
  "0;1|5": {
    "kci": 1.651923042800263e-10
  },
  "0;1|6": {
    "kci": 9.896034523393382e-06
  },
  "0;1|9": {
    "kci": 5.416272985669934e-10
  },
  "0;3|1": {
    "kci": 0.15166313231460582
  },
  "0;3|5": {
    "kci": 0.21788164190748027
  },
  "0;3|6": {
    "kci": 0.4241738935608168
  },
  "0;3|9": {
    "kci": 0.40460405898760077
  },
  "0;5|1": {
    "kci": 0.0010198333155303496
  },
  "0;5|3": {
    "kci": 0.001091158580550755
  },
  "0;5|6": {
    "kci": 0.00038083040589398376
  },
  "0;5|9": {
    "kci": 0.0016573817490931342
  },
  "0;6|1": {
    "kci": 0.0
  },
  "0;6|3": {
    "kci": 0.0
  },
  "0;6|5": {
    "kci": 0.0
  },
  "0;6|9": {
    "kci": 0.0
  },
  "0;9|1": {
    "kci": 0.4868030915957162
  },
  "0;9|3": {
    "kci": 0.5551102266876993
  },
  "0;9|5": {
    "kci": 0.47361853927749276
  },
  "0;9|6": {
    "kci": 0.39892208843331134
  },
  "0;1|2": {
    "kci": 6.893023929421815e-10
  },
  "0;1|4": {
    "kci": 7.488809572464561e-11
  },
  "0;1|7": {
    "kci": 9.817814339285746e-10
  },
  "0;1|8": {
    "kci": 1.0349832102463097e-10
  },
  "1;2|0": {
    "kci": 0.282128887836792
  },
  "1;2|3": {
    "kci": 0.5723302527671263
  },
  "1;2|4": {
    "kci": 0.6345080087179382
  },
  "1;2|5": {
    "kci": 0.570210969406888
  },
  "1;2|6": {
    "kci": 0.43597520987437255
  },
  "1;2|7": {
    "kci": 0.47744065942555036
  },
  "1;2|8": {
    "kci": 0.40120666548392114
  },
  "1;2|9": {
    "kci": 0.5266785838883079
  },
  "1;3|0": {
    "kci": 0.028009912333882725
  },
  "1;3|2": {
    "kci": 0.0009906780799274761
  },
  "1;3|4": {
    "kci": 0.6230327488596886
  },
  "1;3|5": {
    "kci": 0.00592194163767279
  },
  "1;3|6": {
    "kci": 0.012941352988444454
  },
  "1;3|7": {
    "kci": 0.0024826975175737953
  },
  "1;3|8": {
    "kci": 0.0118162090113072
  },
  "1;3|9": {
    "kci": 0.00432210409560263
  },
  "1;4|0": {
    "kci": 5.113439960346966e-08
  },
  "1;4|2": {
    "kci": 2.1155124318994467e-08
  },
  "1;4|3": {
    "kci": 4.926598895504952e-08
  },
  "1;4|5": {
    "kci": 1.2472518052808468e-06
  },
  "1;4|6": {
    "kci": 4.8421554543764955e-09
  },
  "1;4|7": {
    "kci": 1.0353410152541542e-06
  },
  "1;4|8": {
    "kci": 1.583728027498843e-06
  },
  "1;4|9": {
    "kci": 2.1358237067836683e-08
  },
  "1;5|0": {
    "kci": 0.01413490626953895
  },
  "1;5|2": {
    "kci": 0.0011030684995219087
  },
  "1;5|3": {
    "kci": 0.0022874127195817717
  },
  "1;5|4": {
    "kci": 0.7141609025617206
  },
  "1;5|6": {
    "kci": 0.004403044146140567
  },
  "1;5|7": {
    "kci": 0.003243212569001841
  },
  "1;5|8": {
    "kci": 0.00781245957006782
  },
  "1;5|9": {
    "kci": 0.00199394872409131
  },
  "1;6|0": {
    "kci": 0.5354363301545936
  },
  "1;6|2": {
    "kci": 0.0005648866117013984
  },
  "1;6|3": {
    "kci": 0.0002728904859520265
  },
  "1;6|4": {
    "kci": 0.0006370529939287994
  },
  "1;6|5": {
    "kci": 9.538644200390856e-05
  },
  "1;6|7": {
    "kci": 1.0959809218613614e-05
  },
  "1;6|8": {
    "kci": 0.0005192130961412245
  },
  "1;6|9": {
    "kci": 0.00015532762972225722
  },
  "1;7|0": {
    "kci": 0.3528280553273275
  },
  "1;7|2": {
    "kci": 0.40282351223388513
  },
  "1;7|3": {
    "kci": 0.7545036537639532
  },
  "1;7|4": {
    "kci": 0.6042392519738452
  },
  "1;7|5": {
    "kci": 0.4458644136829425
  },
  "1;7|6": {
    "kci": 0.3783905116013435
  },
  "1;7|8": {
    "kci": 0.39760674795910145
  },
  "1;7|9": {
    "kci": 0.4996049326541193
  },
  "1;8|0": {
    "kci": 0.6002471786935777
  },
  "1;8|2": {
    "kci": 0.6939529672799122
  },
  "1;8|3": {
    "kci": 0.593378579546705
  },
  "1;8|4": {
    "kci": 0.7403306888270673
  },
  "1;8|5": {
    "kci": 0.41246894031672166
  },
  "1;8|6": {
    "kci": 0.8112436561407582
  },
  "1;8|7": {
    "kci": 0.4584320848922814
  },
  "1;8|9": {
    "kci": 0.5489497158202346
  },
  "1;9|0": {
    "kci": 0.6088281706271115
  },
  "1;9|2": {
    "kci": 0.40907456332401626
  },
  "1;9|3": {
    "kci": 0.3931620019146167
  },
  "1;9|4": {
    "kci": 0.39140329573261434
  },
  "1;9|5": {
    "kci": 0.43623376597031216
  },
  "1;9|6": {
    "kci": 0.32253726086563017
  },
  "1;9|7": {
    "kci": 0.37065086568240324
  },
  "1;9|8": {
    "kci": 0.39509171261139076
  },
  "2;3|1": {
    "kci": 0.5638839337015524
  },
  "2;3|4": {
    "kci": 0.45473959931876606
  },
  "2;3|5": {
    "kci": 0.5484506748599801
  },
  "2;3|6": {
    "kci": 0.5023900462611888
  },
  "2;3|7": {
    "kci": 0.4699082013773279
  },
  "2;3|8": {
    "kci": 0.4640707146100168
  },
  "2;3|9": {
    "kci": 0.4457630605859835
  },
  "2;4|1": {
    "kci": 0.0013748856950522859
  },
  "2;4|3": {
    "kci": 6.370125028065665e-05
  },
  "2;4|5": {
    "kci": 0.005599935811700374
  },
  "2;4|6": {
    "kci": 0.0008702052085947098
  },
  "2;4|7": {
    "kci": 0.0008182707853118254
  },
  "2;4|8": {
    "kci": 0.0001597179108236979
  },
  "2;4|9": {
    "kci": 0.0003918188544651535
  },
  "2;5|1": {
    "kci": 0.2062157901017203
  },
  "2;5|3": {
    "kci": 0.1632146866009513
  },
  "2;5|4": {
    "kci": 0.4488400896678064
  },
  "2;5|6": {
    "kci": 0.08870970551957036
  },
  "2;5|7": {
    "kci": 0.15172288918907706
  },
  "2;5|8": {
    "kci": 0.04626702034296437
  },
  "2;5|9": {
    "kci": 0.16412573818592857
  },
  "2;6|1": {
    "kci": 0.4159840037725001
  },
  "2;6|3": {
    "kci": 0.5252090047850319
  },
  "2;6|4": {
    "kci": 0.4964441276660143
  },
  "2;6|5": {
    "kci": 0.6738642023904462
  },
  "2;6|7": {
    "kci": 0.38067076878423045
  },
  "2;6|8": {
    "kci": 0.6725075690809967
  },
  "2;6|9": {
    "kci": 0.597851776636538
  },
  "2;7|1": {
    "kci": 0.14400888333938844
  },
  "2;7|3": {
    "kci": 0.0499285329333492
  },
  "2;7|4": {
    "kci": 0.05749184921146988
  },
  "2;7|5": {
    "kci": 0.011255769370626223
  },
  "2;7|6": {
    "kci": 0.033108748690433454
  },
  "2;7|8": {
    "kci": 0.0330745923156921
  },
  "2;7|9": {
    "kci": 0.053612097151169213
  },
  "2;8|1": {
    "kci": 0.2224050468557558
  },
  "2;8|3": {
    "kci": 0.22471383717392857
  },