{
  "data_hash": "8b8f6f0eefb536b566aa812351c47759",
  "0;1": {
    "d_separation": 0.0
  },
  "0;2": {
    "d_separation": 0.0
  },
  "0;3": {
    "d_separation": 0.0
  },
  "0;4": {
    "d_separation": 0.0
  },
  "0;5": {
    "d_separation": 0.0
  },
  "0;6": {
    "d_separation": 0.0
  },
  "0;7": {
    "d_separation": 0.0
  },
  "0;8": {
    "d_separation": 0.0
  },
  "0;9": {
    "d_separation": 0.0
  },
  "1;2": {
    "d_separation": 0.0
  },
  "1;3": {
    "d_separation": 0.0
  },
  "1;4": {
    "d_separation": 0.0
  },
  "1;5": {
    "d_separation": 0.0
  },
  "1;6": {
    "d_separation": 0.0
  },
  "1;7": {
    "d_separation": 0.0
  },
  "1;8": {
    "d_separation": 0.0
  },
  "1;9": {
    "d_separation": 0.0
  },
  "2;3": {
    "d_separation": 0.0
  },
  "2;4": {
    "d_separation": 0.0
  },
  "2;5": {
    "d_separation": 0.0
  },
  "2;6": {
    "d_separation": 0.0
  },
  "2;7": {
    "d_separation": 0.0
  },
  "2;8": {
    "d_separation": 0.0
  },
  "2;9": {
    "d_separation": 0.0
  },
  "3;4": {
    "d_separation": 0.0
  },
  "3;5": {
    "d_separation": 0.0
  },
  "3;6": {
    "d_separation": 0.0
  },
  "3;7": {
    "d_separation": 0.0
  },
  "3;8": {
    "d_separation": 0.0
  },
  "3;9": {
    "d_separation": 0.0
  },
  "4;5": {
    "d_separation": 0.0
  },
  "4;6": {
    "d_separation": 0.0
  },
  "4;7": {
    "d_separation": 0.0
  },
  "4;8": {
    "d_separation": 0.0
  },
  "4;9": {
    "d_separation": 0.0
  },
  "5;6": {
    "d_separation": 0.0
  },
  "5;7": {
    "d_separation": 0.0
  },
  "5;8": {
    "d_separation": 0.0
  },
  "5;9": {
    "d_separation": 0.0
  },
  "6;7": {
    "d_separation": 0.0
  },
  "6;8": {
    "d_separation": 0.0
  },
  "6;9": {
    "d_separation": 0.0
  },
  "7;8": {
    "d_separation": 0.0
  },
  "7;9": {
    "d_separation": 0.0
  },
  "8;9": {
    "d_separation": 0.0
  },
  "0;1|2": {
    "kci": 2.6012456945223583e-05
  },
  "0;1|3": {
    "kci": 0.0039522578121152785
  },
  "0;1|4": {
    "kci": 0.0006277240478747004
  },
  "0;1|5": {
    "kci": 0.06364041431050893
  },
  "0;1|6": {
    "kci": 0.005528917199937089
  },
  "0;1|7": {
    "kci": 3.6134029406387214e-06
  },
  "0;1|8": {
    "kci": 3.454740684261104e-05
  },
  "0;1|9": {
    "kci": 0.002066988532990366
  },
  "0;2|1": {
    "kci": 0.16536212453128663
  },
  "0;2|3": {
    "kci": 0.0007139237385083153
  },
  "0;2|4": {
    "kci": 0.0015047758946291623
  },
  "0;2|5": {
    "kci": 0.00284514120898971
  },
  "0;2|6": {
    "kci": 0.026726931181690672
  },
  "0;2|7": {
    "kci": 0.5601381432077789
  },
  "0;2|8": {
    "kci": 0.07476496698536983
  },
  "0;2|9": {
    "kci": 0.03154273774632843
  },
  "0;3|1": {
    "kci": 0.0
  },
  "0;3|2": {
    "kci": 0.0
  },
  "0;3|4": {
    "kci": 0.0
  },
  "0;3|5": {
    "kci": 1.1583911607715436e-10
  },
  "0;3|6": {
    "kci": 0.0
  },
  "0;3|7": {
    "kci": 0.0
  },
  "0;3|8": {
    "kci": 0.0
  },
  "0;3|9": {
    "kci": 0.0
  },
  "0;4|1": {
    "kci": 8.496838811322682e-06
  },
  "0;4|2": {
    "kci": 8.634303435384183e-05
  },
  "0;4|3": {
    "kci": 0.00048039489947027114
  },
  "0;4|5": {
    "kci": 0.061331690986162646
  },
  "0;4|6": {
    "kci": 0.00013208562616850994
  },
  "0;4|7": {
    "kci": 0.00030789676956877177
  },
  "0;4|8": {
    "kci": 0.0016596454787236592
  },
  "0;4|9": {
    "kci": 0.03418977517134991
  },
  "0;5|1": {
    "kci": 0.0
  },
  "0;5|2": {
    "kci": 0.0
  },
  "0;5|3": {
    "kci": 1.1836420732436181e-11
  },
  "0;5|4": {
    "kci": 0.0
  },
  "0;5|6": {
    "kci": 0.0
  },
  "0;5|7": {
    "kci": 0.0
  },
  "0;5|8": {
    "kci": 0.0
  },
  "0;5|9": {
    "kci": 0.0
  },
  "0;6|1": {
    "kci": 0.662936203524723
  },
  "0;6|2": {
    "kci": 0.0776937511471304
  },
  "0;6|3": {
    "kci": 0.03755464772292327
  },
  "0;6|4": {
    "kci": 0.11843079394114708
  },
  "0;6|5": {
    "kci": 0.36167840783919547
  },
  "0;6|7": {
    "kci": 0.3019890856419438
  },
  "0;6|8": {
    "kci": 0.25223092202254105
  },
  "0;6|9": {
    "kci": 0.22191604379802354
  },
  "0;7|1": {
    "kci": 9.325873406851315e-15
  },
  "0;7|2": {
    "kci": 1.8631451936812482e-10
  },
  "0;7|3": {
    "kci": 1.9115456273421927e-06
  },
  "0;7|4": {
    "kci": 1.7884582703686647e-12
  },
  "0;7|5": {
    "kci": 1.0333882087598667e-05
  },
  "0;7|6": {
    "kci": 2.9976021664879227e-15
  },
  "0;7|8": {
    "kci": 1.2029266471813571e-12
  },
  "0;7|9": {
    "kci": 0.0
  },
  "0;8|1": {
    "kci": 0.4032806696430553
  },
  "0;8|2": {
    "kci": 0.35450779892408013
  },
  "0;8|3": {
    "kci": 0.35456109066373265
  },
  "0;8|4": {
    "kci": 0.0852279501204769
  },
  "0;8|5": {
    "kci": 0.3985572758301671
  },
  "0;8|6": {
    "kci": 0.0009258706931866145
  },
  "0;8|7": {
    "kci": 0.7821695042065125
  },
  "0;8|9": {
    "kci": 0.0017507323883437786
  },
  "0;9|1": {
    "kci": 0.0008010093591948042
  },
  "0;9|2": {
    "kci": 0.0241318300273059
  },
  "0;9|3": {
    "kci": 0.31941345673592003
  },
  "0;9|4": {
    "kci": 0.014050782571517928
  },
  "0;9|5": {
    "kci": 0.21822763797947575
  },
  "0;9|6": {
    "kci": 0.0019112986531871767
  },
  "0;9|7": {
    "kci": 8.773797007710638e-05
  },
  "0;9|8": {
    "kci": 0.005097535794193697
  },
  "1;2|0": {
    "kci": 0.0059487644578405385
  },
  "1;2|3": {
    "kci": 0.00028236322794084057
  },
  "1;2|4": {
    "kci": 1.6951576062185225e-05
  },
  "1;2|5": {
    "kci": 0.0010365530637519438
  },
  "1;2|6": {
    "kci": 0.006860778137125378
  },
  "1;2|7": {
    "kci": 0.0033546678351468184
  },
  "1;2|8": {
    "kci": 0.0004198944673818872
  },
  "1;2|9": {
    "kci": 2.2565659631990087e-06
  },
  "1;3|0": {
    "kci": 0.00014935206371602394
  },
  "1;3|2": {
    "kci": 2.492979420676278e-07
  },
  "1;3|4": {
    "kci": 3.4059609855474626e-05
  },
  "1;3|5": {
    "kci": 4.364521856048409e-05
  },
  "1;3|6": {
    "kci": 0.00015025650551858671
  },
  "1;3|7": {
    "kci": 1.1618170869809319e-08
  },
  "1;3|8": {
    "kci": 1.9027497387691383e-06
  },
  "1;3|9": {
    "kci": 1.1309100940826156e-05
  },
  "1;4|0": {
    "kci": 0.00015777132720917741
  },
  "1;4|2": {
    "kci": 0.0002427793187378402
  },
  "1;4|3": {
    "kci": 0.0002779583650996953
  },
  "1;4|5": {
    "kci": 0.0009756445371702505
  },
  "1;4|6": {
    "kci": 0.0011521607766870057
  },
  "1;4|7": {
    "kci": 0.004583376994261257
  },
  "1;4|8": {
    "kci": 0.005415566731958643
  },
  "1;4|9": {
    "kci": 0.019908964988575306
  },
  "1;5|0": {
    "kci": 0.19358964284352476
  },
  "1;5|2": {
    "kci": 0.01906874951215609
  },
  "1;5|3": {
    "kci": 0.2188469586500832
  },
  "1;5|4": {
    "kci": 0.03364533649793988
  },
  "1;5|6": {
    "kci": 0.0766332045120125
  },
  "1;5|7": {
    "kci": 8.860702571311663e-05
  },
  "1;5|8": {
    "kci": 0.0023552526017643904
  },
  "1;5|9": {
    "kci": 0.01959303339860763
  },
  "1;6|0": {
    "kci": 0.6759057602677139
  },
  "1;6|2": {
    "kci": 0.49503116545585946
  },
  "1;6|3": {
    "kci": 0.7748770119807009
  },
  "1;6|4": {
    "kci": 0.40553479970427664
  },
  "1;6|5": {
    "kci": 0.5820180871709784
  },
  "1;6|7": {
    "kci": 0.15471876343368973
  },
  "1;6|8": {
    "kci": 0.11813559518213412
  },
  "1;6|9": {
    "kci": 0.0467717955450051
  },
  "1;7|0": {
    "kci": 0.038605085764016
  },
  "1;7|2": {
    "kci": 0.19515874430320113
  },
  "1;7|3": {
    "kci": 0.00367347495634629
  },
  "1;7|4": {
    "kci": 0.07165664896477397
  },
  "1;7|5": {
    "kci": 0.032344840582769874
  },
  "1;7|6": {
    "kci": 0.06077962937795156
  },
  "1;7|8": {
    "kci": 0.059221014198452715
  },
  "1;7|9": {
    "kci": 0.3781792570728213
  },
  "1;8|0": {
    "kci": 0.05788679386562279
  },
  "1;8|2": {
    "kci": 0.072295718216977
  },
  "1;8|3": {
    "kci": 0.060991833818590635
  },
  "1;8|4": {
    "kci": 0.026094778520808437
  },
  "1;8|5": {
    "kci": 0.33119325672392774
  },
  "1;8|6": {
    "kci": 0.015846553263987317
  },
  "1;8|7": {
    "kci": 0.06757015073172146
  },
  "1;8|9": {
    "kci": 0.26046234343837804
  },