{
  "data_hash": "8f3c1cd59ec1213040cc27a5247103b2",
  "0;1": {
    "d_separation": 0.0
  },
  "0;2": {
    "d_separation": 0.0
  },
  "0;3": {
    "d_separation": 0.0
  },
  "0;4": {
    "d_separation": 0.0
  },
  "0;5": {
    "d_separation": 0.0
  },
  "0;6": {
    "d_separation": 0.0
  },
  "0;7": {
    "d_separation": 0.0
  },
  "0;8": {
    "d_separation": 0.0
  },
  "0;9": {
    "d_separation": 0.0
  },
  "1;2": {
    "d_separation": 0.0
  },
  "1;3": {
    "d_separation": 0.0
  },
  "1;4": {
    "d_separation": 0.0
  },
  "1;5": {
    "d_separation": 0.0
  },
  "1;6": {
    "d_separation": 0.0
  },
  "1;7": {
    "d_separation": 0.0
  },
  "1;8": {
    "d_separation": 0.0
  },
  "1;9": {
    "d_separation": 0.0
  },
  "2;3": {
    "d_separation": 0.0
  },
  "2;4": {
    "d_separation": 0.0
  },
  "2;5": {
    "d_separation": 0.0
  },
  "2;6": {
    "d_separation": 0.0
  },
  "2;7": {
    "d_separation": 0.0
  },
  "2;8": {
    "d_separation": 0.0
  },
  "2;9": {
    "d_separation": 0.0
  },
  "3;4": {
    "d_separation": 0.0
  },
  "3;5": {
    "d_separation": 0.0
  },
  "3;6": {
    "d_separation": 0.0
  },
  "3;7": {
    "d_separation": 0.0
  },
  "3;8": {
    "d_separation": 0.0
  },
  "3;9": {
    "d_separation": 0.0
  },
  "4;5": {
    "d_separation": 0.0
  },
  "4;6": {
    "d_separation": 0.0
  },
  "4;7": {
    "d_separation": 0.0
  },
  "4;8": {
    "d_separation": 0.0
  },
  "4;9": {
    "d_separation": 0.0
  },
  "5;6": {
    "d_separation": 0.0
  },
  "5;7": {
    "d_separation": 0.0
  },
  "5;8": {
    "d_separation": 0.0
  },
  "5;9": {
    "d_separation": 0.0
  },
  "6;7": {
    "d_separation": 0.0
  },
  "6;8": {
    "d_separation": 0.0
  },
  "6;9": {
    "d_separation": 0.0
  },
  "7;8": {
    "d_separation": 0.0
  },
  "7;9": {
    "d_separation": 0.0
  },
  "8;9": {
    "d_separation": 0.0
  },
  "0;1|2": {
    "kci": 0.30815801311544344
  },
  "0;1|3": {
    "kci": 0.3396496663311461
  },
  "0;1|4": {
    "kci": 0.3022815195527655
  },
  "0;1|5": {
    "kci": 0.32453015630554916
  },
  "0;1|6": {
    "kci": 0.2854241754640934
  },
  "0;1|7": {
    "kci": 0.3265805992504114
  },
  "0;1|8": {
    "kci": 0.3119259512676551
  },
  "0;1|9": {
    "kci": 0.24005325412124612
  },
  "0;2|1": {
    "kci": 0.08638303460385388
  },
  "0;2|3": {
    "kci": 0.16428676643538498
  },
  "0;2|4": {
    "kci": 0.20629420569533097
  },
  "0;2|5": {
    "kci": 0.5923990056921655
  },
  "0;2|6": {
    "kci": 0.15009610294091913
  },
  "0;2|7": {
    "kci": 0.04484983787261143
  },
  "0;2|8": {
    "kci": 0.3612706127936641
  },
  "0;2|9": {
    "kci": 0.22351865638098767
  },
  "0;3|1": {
    "kci": 0.0003435749782849662
  },
  "0;3|2": {
    "kci": 0.04794418727396055
  },
  "0;3|4": {
    "kci": 0.007721822763499642
  },
  "0;3|5": {
    "kci": 0.02830976992874057
  },
  "0;3|6": {
    "kci": 0.003151355164067393
  },
  "0;3|7": {
    "kci": 0.0010467289676299174
  },
  "0;3|8": {
    "kci": 0.0048416220685278955
  },
  "0;3|9": {
    "kci": 0.008615820697633114
  },
  "0;4|1": {
    "kci": 0.401822214310271
  },
  "0;4|2": {
    "kci": 0.4194685157094621
  },
  "0;4|3": {
    "kci": 0.43818225522955423
  },
  "0;4|5": {
    "kci": 0.3898781387963852
  },
  "0;4|6": {
    "kci": 0.37496193489428586
  },
  "0;4|7": {
    "kci": 0.43495342069738285
  },
  "0;4|8": {
    "kci": 0.43916232044180625
  },
  "0;4|9": {
    "kci": 0.4205934082573979
  },
  "0;5|1": {
    "kci": 0.20779398930042803
  },
  "0;5|2": {
    "kci": 0.7970180378357479
  },
  "0;5|3": {
    "kci": 0.6376700412386301
  },
  "0;5|4": {
    "kci": 0.33387927304427945
  },
  "0;5|6": {
    "kci": 0.4042975360710154
  },
  "0;5|7": {
    "kci": 0.12349795439800659
  },
  "0;5|8": {
    "kci": 0.5031246118903023
  },
  "0;5|9": {
    "kci": 0.32096513418293604
  },
  "0;6|1": {
    "kci": 0.6032876100364675
  },
  "0;6|2": {
    "kci": 0.3378151577042561
  },
  "0;6|3": {
    "kci": 0.5714783513139818
  },
  "0;6|4": {
    "kci": 0.46285369617281324
  },
  "0;6|5": {
    "kci": 0.39022611765951054
  },
  "0;6|7": {
    "kci": 0.4615288758740783
  },
  "0;6|8": {
    "kci": 0.478275060834364
  },
  "0;6|9": {
    "kci": 0.37029404358795426
  },
  "0;7|1": {
    "kci": 0.5427977080498004
  },
  "0;7|2": {
    "kci": 0.48563004805780097
  },
  "0;7|3": {
    "kci": 0.5481619674548239
  },
  "0;7|4": {
    "kci": 0.5273430585975927
  },
  "0;7|5": {
    "kci": 0.42256549148048395
  },
  "0;7|6": {
    "kci": 0.4869971715050062
  },
  "0;7|8": {
    "kci": 0.4733266727999602
  },
  "0;7|9": {
    "kci": 0.5493340209621973
  },
  "0;8|1": {
    "kci": 0.025412635555759455
  },
  "0;8|2": {
    "kci": 0.3657277652670926
  },
  "0;8|3": {
    "kci": 0.11841981979119054
  },
  "0;8|4": {
    "kci": 0.07191481040636083
  },
  "0;8|5": {
    "kci": 0.5367251396500318
  },
  "0;8|6": {
    "kci": 0.05040546857049111
  },
  "0;8|7": {
    "kci": 0.09437090515000379
  },
  "0;8|9": {
    "kci": 0.02708139945200283
  },
  "0;9|1": {
    "kci": 0.09544989197107334
  },
  "0;9|2": {
    "kci": 0.4852289517537377
  },
  "0;9|3": {
    "kci": 0.44107934988360387
  },
  "0;9|4": {
    "kci": 0.5224101833338356
  },
  "0;9|5": {
    "kci": 0.33035816246097516
  },
  "0;9|6": {
    "kci": 0.13506568201534186
  },
  "0;9|7": {
    "kci": 0.2967365475896786
  },
  "0;9|8": {
    "kci": 0.39954357372693816
  },
  "1;2|0": {
    "kci": 0.33144583546568573
  },
  "1;2|3": {
    "kci": 0.6199862326474213
  },
  "1;2|4": {
    "kci": 0.5494640364949058
  },
  "1;2|5": {
    "kci": 0.08969149518278197
  },
  "1;2|6": {
    "kci": 0.3761396732364466
  },
  "1;2|7": {
    "kci": 0.48334201344576955
  },
  "1;2|8": {
    "kci": 0.24090777406632002
  },
  "1;2|9": {
    "kci": 0.5086326825131504
  },
  "1;3|0": {
    "kci": 0.12062077852229203
  },
  "1;3|2": {
    "kci": 0.41199100461089944
  },
  "1;3|4": {
    "kci": 0.32757665827523497
  },
  "1;3|5": {
    "kci": 0.27486971632760726
  },
  "1;3|6": {
    "kci": 0.4406523073895582
  },
  "1;3|7": {
    "kci": 0.24104964109437543
  },
  "1;3|8": {
    "kci": 0.10797940594009192
  },
  "1;3|9": {
    "kci": 0.3754171626692391
  },
  "1;4|0": {
    "kci": 0.30271235274203545
  },
  "1;4|2": {
    "kci": 0.31355299181525265
  },
  "1;4|3": {
    "kci": 0.2714527957956554
  },
  "1;4|5": {
    "kci": 0.28656213175490386
  },
  "1;4|6": {
    "kci": 0.2942508582605248
  },
  "1;4|7": {
    "kci": 0.23931269770786878
  },
  "1;4|8": {
    "kci": 0.23590938062470157
  },
  "1;4|9": {
    "kci": 0.30232206002866313
  },
  "1;5|0": {
    "kci": 0.6500551612498279
  },
  "1;5|2": {
    "kci": 0.5985399318143008
  },
  "1;5|3": {
    "kci": 0.6442966428406492
  },
  "1;5|4": {
    "kci": 0.7779852995847054
  },
  "1;5|6": {
    "kci": 0.7291589125141078
  },
  "1;5|7": {
    "kci": 0.8036515077315224
  },
  "1;5|8": {
    "kci": 0.8238689858677616
  },
  "1;5|9": {
    "kci": 0.584260374935671
  },
  "1;6|0": {
    "kci": 0.6405231877258971
  },
  "1;6|2": {
    "kci": 0.421756295582535
  },
  "1;6|3": {
    "kci": 0.45560323815731485
  },
  "1;6|4": {
    "kci": 0.43966368512110643
  },
  "1;6|5": {
    "kci": 0.3788276032683169
  },
  "1;6|7": {
    "kci": 0.4284375561243795
  },
  "1;6|8": {
    "kci": 0.42088120724682354
  },
  "1;6|9": {
    "kci": 0.3329542284500492
  },
  "1;7|0": {
    "kci": 0.4647290314302659
  },
  "1;7|2": {
    "kci": 0.5871644730152058
  },
  "1;7|3": {
    "kci": 0.4751698512897733
  },
  "1;7|4": {
    "kci": 0.5446855416081577
  },
  "1;7|5": {
    "kci": 0.5217499889050561
  },
  "1;7|6": {
    "kci": 0.6607760861587775
  },
  "1;7|8": {
    "kci": 0.5206835427129992
  },
  "1;7|9": {
    "kci": 0.7324696265427966
  },
  "1;8|0": {
    "kci": 0.35252126810358364
  },
  "1;8|2": {
    "kci": 0.26598347338906536
  },
  "1;8|3": {
    "kci": 0.28469187262353324
  },
  "1;8|4": {
    "kci": 0.26949531899668844
  },
  "1;8|5": {
    "kci": 0.43464290604692
  },
  "1;8|6": {
    "kci": 0.28363180278186384
  },