{
  "data_hash": "8fac6d574943fbb484b03f267d6bc612",
  "0;1": {
    "d_separation": 0.0
  },
  "0;2": {
    "d_separation": 0.0
  },
  "0;3": {
    "d_separation": 0.0
  },
  "0;4": {
    "d_separation": 0.0
  },
  "0;5": {
    "d_separation": 0.0
  },
  "0;6": {
    "d_separation": 0.0
  },
  "0;7": {
    "d_separation": 0.0
  },
  "0;8": {
    "d_separation": 0.0
  },
  "0;9": {
    "d_separation": 0.0
  },
  "1;2": {
    "d_separation": 0.0
  },
  "1;3": {
    "d_separation": 0.0
  },
  "1;4": {
    "d_separation": 0.0
  },
  "1;5": {
    "d_separation": 0.0
  },
  "1;6": {
    "d_separation": 0.0
  },
  "1;7": {
    "d_separation": 0.0
  },
  "1;8": {
    "d_separation": 0.0
  },
  "1;9": {
    "d_separation": 0.0
  },
  "2;3": {
    "d_separation": 0.0
  },
  "2;4": {
    "d_separation": 0.0
  },
  "2;5": {
    "d_separation": 1.0
  },
  "2;6": {
    "d_separation": 0.0
  },
  "2;7": {
    "d_separation": 0.0
  },
  "2;8": {
    "d_separation": 0.0
  },
  "2;9": {
    "d_separation": 0.0
  },
  "3;4": {
    "d_separation": 0.0
  },
  "3;5": {
    "d_separation": 0.0
  },
  "3;6": {
    "d_separation": 0.0
  },
  "3;7": {
    "d_separation": 0.0
  },
  "3;8": {
    "d_separation": 0.0
  },
  "3;9": {
    "d_separation": 0.0
  },
  "4;5": {
    "d_separation": 0.0
  },
  "4;6": {
    "d_separation": 0.0
  },
  "4;7": {
    "d_separation": 0.0
  },
  "4;8": {
    "d_separation": 0.0
  },
  "4;9": {
    "d_separation": 0.0
  },
  "5;6": {
    "d_separation": 0.0
  },
  "5;7": {
    "d_separation": 0.0
  },
  "5;8": {
    "d_separation": 0.0
  },
  "5;9": {
    "d_separation": 0.0
  },
  "6;7": {
    "d_separation": 0.0
  },
  "6;8": {
    "d_separation": 0.0
  },
  "6;9": {
    "d_separation": 0.0
  },
  "7;8": {
    "d_separation": 0.0
  },
  "7;9": {
    "d_separation": 0.0
  },
  "8;9": {
    "d_separation": 0.0
  },
  "0;1|2": {
    "kci": 0.22617122785015198
  },
  "0;1|3": {
    "kci": 0.3091514130609513
  },
  "0;1|4": {
    "kci": 0.24260118272180797
  },
  "0;1|5": {
    "kci": 0.36444257726992413
  },
  "0;1|6": {
    "kci": 0.3207479254605794
  },
  "0;1|7": {
    "kci": 0.2905497324899863
  },
  "0;1|8": {
    "kci": 0.2854134869202116
  },
  "0;1|9": {
    "kci": 0.30354626493395953
  },
  "0;2|1": {
    "kci": 0.002549816348590972
  },
  "0;2|3": {
    "kci": 0.13654754086524012
  },
  "0;2|4": {
    "kci": 0.006423559704538007
  },
  "0;2|5": {
    "kci": 0.001972328759984543
  },
  "0;2|6": {
    "kci": 0.01611797957331973
  },
  "0;2|7": {
    "kci": 0.001103010095188095
  },
  "0;2|8": {
    "kci": 0.03435568083261309
  },
  "0;2|9": {
    "kci": 0.003541504331490919
  },
  "0;3|1": {
    "kci": 0.003699262362567679
  },
  "0;3|2": {
    "kci": 0.15486829451134654
  },
  "0;3|4": {
    "kci": 0.003400214243189259
  },
  "0;3|5": {
    "kci": 0.047387237200522514
  },
  "0;3|6": {
    "kci": 0.009952539123479931
  },
  "0;3|7": {
    "kci": 0.0058717106333052715
  },
  "0;3|8": {
    "kci": 0.02099756451613355
  },
  "0;3|9": {
    "kci": 0.0004581670687684447
  },
  "0;4|1": {
    "kci": 0.48626239993453824
  },
  "0;4|2": {
    "kci": 0.31328794483916766
  },
  "0;4|3": {
    "kci": 0.3259320946761737
  },
  "0;4|5": {
    "kci": 0.4199286226541711
  },
  "0;4|6": {
    "kci": 0.44316454452627274
  },
  "0;4|7": {
    "kci": 0.402293768196315
  },
  "0;4|8": {
    "kci": 0.2808172017897488
  },
  "0;4|9": {
    "kci": 0.2519396389850105
  },
  "0;5|1": {
    "kci": 0.15407723204482893
  },
  "0;5|2": {
    "kci": 0.007364834281207044
  },
  "0;5|3": {
    "kci": 0.1703775923626797
  },
  "0;5|4": {
    "kci": 0.18253100967544378
  },
  "0;5|6": {
    "kci": 0.1855164577648316
  },
  "0;5|7": {
    "kci": 0.19159207209656148
  },
  "0;5|8": {
    "kci": 0.035727983208186376
  },
  "0;5|9": {
    "kci": 0.027336827050201684
  },
  "0;6|1": {
    "kci": 0.26897037426863046
  },
  "0;6|2": {
    "kci": 0.08832450684543758
  },
  "0;6|3": {
    "kci": 0.38184909002154643
  },
  "0;6|4": {
    "kci": 0.25296468715680986
  },
  "0;6|5": {
    "kci": 0.1724368231908312
  },
  "0;6|7": {
    "kci": 0.3700920828912355
  },
  "0;6|8": {
    "kci": 0.2132646709845022
  },
  "0;6|9": {
    "kci": 0.3472154123859118
  },
  "0;7|1": {
    "kci": 0.19590142193314408
  },
  "0;7|2": {
    "kci": 0.1749823324749471
  },
  "0;7|3": {
    "kci": 0.3445653374276939
  },
  "0;7|4": {
    "kci": 0.15302327095688284
  },
  "0;7|5": {
    "kci": 0.2875053103743861
  },
  "0;7|6": {
    "kci": 0.2873484256495549
  },
  "0;7|8": {
    "kci": 0.34144646944673385
  },
  "0;7|9": {
    "kci": 0.18647580856089752
  },
  "0;8|1": {
    "kci": 0.024222976509001626
  },
  "0;8|2": {
    "kci": 0.34642258434590567
  },
  "0;8|3": {
    "kci": 0.6763354318694986
  },
  "0;8|4": {
    "kci": 0.011495017618569081
  },
  "0;8|5": {
    "kci": 0.034141160058823505
  },
  "0;8|6": {
    "kci": 0.02648180852240911
  },
  "0;8|7": {
    "kci": 0.049895402366473385
  },
  "0;8|9": {
    "kci": 0.035075274964338266
  },
  "0;9|1": {
    "kci": 0.41013206811107805
  },
  "0;9|2": {
    "kci": 0.3610768147750594
  },
  "0;9|3": {
    "kci": 0.4247222970643785
  },
  "0;9|4": {
    "kci": 0.3313650355841331
  },
  "0;9|5": {
    "kci": 0.3239169430795612
  },
  "0;9|6": {
    "kci": 0.3958432757573679
  },
  "0;9|7": {
    "kci": 0.4074645084229763
  },
  "0;9|8": {
    "kci": 0.3969629379285212
  },
  "1;2|0": {
    "kci": 0.5568832597074123
  },
  "1;2|3": {
    "kci": 0.40777132534705995
  },
  "1;2|4": {
    "kci": 0.5196484081829962
  },
  "1;2|5": {
    "kci": 0.423343596063416
  },
  "1;2|6": {
    "kci": 0.5615496204347232
  },
  "1;2|7": {
    "kci": 0.4404128779801888
  },
  "1;2|8": {
    "kci": 0.5610668959572004
  },
  "1;2|9": {
    "kci": 0.46545753358841324
  },
  "1;3|0": {
    "kci": 0.5169433970911217
  },
  "1;3|2": {
    "kci": 0.3251217159430638
  },
  "1;3|4": {
    "kci": 0.5374170680262376
  },
  "1;3|5": {
    "kci": 0.28436128403231764
  },
  "1;3|6": {
    "kci": 0.5613652343488174
  },
  "1;3|7": {
    "kci": 0.39201110930704997
  },
  "1;3|8": {
    "kci": 0.40348784376135105
  },
  "1;3|9": {
    "kci": 0.534357519563359
  },
  "1;4|0": {
    "kci": 0.21233277866117484
  },
  "1;4|2": {
    "kci": 0.3010635839274811
  },
  "1;4|3": {
    "kci": 0.27836445819269495
  },
  "1;4|5": {
    "kci": 0.1066310038783469
  },
  "1;4|6": {
    "kci": 0.2547343431195239
  },
  "1;4|7": {
    "kci": 0.2632670382842406
  },
  "1;4|8": {
    "kci": 0.28785360473205934
  },
  "1;4|9": {
    "kci": 0.2986520362689946
  },
  "1;5|0": {
    "kci": 0.07310135144460206
  },
  "1;5|2": {
    "kci": 0.10972907815985966
  },
  "1;5|3": {
    "kci": 0.07875380670072651
  },
  "1;5|4": {
    "kci": 0.05213470644256757
  },
  "1;5|6": {
    "kci": 0.12869605262323058
  },
  "1;5|7": {
    "kci": 0.05296285781571186
  },
  "1;5|8": {
    "kci": 0.09253043563215457
  },
  "1;5|9": {
    "kci": 0.08973296434915057
  },
  "1;6|0": {
    "kci": 0.04180286989250026
  },
  "1;6|2": {
    "kci": 0.17807246991680603
  },
  "1;6|3": {
    "kci": 0.07220028854332128
  },
  "1;6|4": {
    "kci": 0.03884911169518224
  },
  "1;6|5": {
    "kci": 0.45032990187372934
  },
  "1;6|7": {
    "kci": 0.058061491423818445
  },
  "1;6|8": {
    "kci": 0.1852592051824392
  },
  "1;6|9": {
    "kci": 0.12253738220952759
  },
  "1;7|0": {
    "kci": 0.26512253212886816
  },
  "1;7|2": {
    "kci": 0.324457513583549
  },
  "1;7|3": {
    "kci": 0.2583782775540151
  },
  "1;7|4": {
    "kci": 0.2645637505152696
  },
  "1;7|5": {
    "kci": 0.05774606977250163
  },
  "1;7|6": {
    "kci": 0.28040369374656426
  },
  "1;7|8": {
    "kci": 0.33310778934807606
  },
  "1;7|9": {
    "kci": 0.3677333282920682
  },
  "1;8|0": {
    "kci": 0.12812820102028621
  },
  "1;8|2": {
    "kci": 0.5597100850548109
  },
  "1;8|3": {
    "kci": 0.18876950991736685
  },
  "1;8|4": {
    "kci": 0.3618601701196519
  },
  "1;8|5": {
    "kci": 0.33276780480866264
  },
  "1;8|6": {
    "kci": 0.5984197973071357
  },