{
  "data_hash": "92ecbbb434d6a758aee0e5ecb3e88155",
  "0;1": {
    "d_separation": 0.0
  },
  "0;2": {
    "d_separation": 0.0
  },
  "0;3": {
    "d_separation": 0.0
  },
  "0;4": {
    "d_separation": 0.0
  },
  "0;5": {
    "d_separation": 0.0
  },
  "0;6": {
    "d_separation": 0.0
  },
  "0;7": {
    "d_separation": 0.0
  },
  "0;8": {
    "d_separation": 0.0
  },
  "0;9": {
    "d_separation": 0.0
  },
  "1;2": {
    "d_separation": 0.0
  },
  "1;3": {
    "d_separation": 0.0
  },
  "1;4": {
    "d_separation": 0.0
  },
  "1;5": {
    "d_separation": 0.0
  },
  "1;6": {
    "d_separation": 0.0
  },
  "1;7": {
    "d_separation": 0.0
  },
  "1;8": {
    "d_separation": 0.0
  },
  "1;9": {
    "d_separation": 0.0
  },
  "2;3": {
    "d_separation": 0.0
  },
  "2;4": {
    "d_separation": 0.0
  },
  "2;5": {
    "d_separation": 0.0
  },
  "2;6": {
    "d_separation": 0.0
  },
  "2;7": {
    "d_separation": 0.0
  },
  "2;8": {
    "d_separation": 0.0
  },
  "2;9": {
    "d_separation": 0.0
  },
  "3;4": {
    "d_separation": 0.0
  },
  "3;5": {
    "d_separation": 0.0
  },
  "3;6": {
    "d_separation": 0.0
  },
  "3;7": {
    "d_separation": 0.0
  },
  "3;8": {
    "d_separation": 0.0
  },
  "3;9": {
    "d_separation": 0.0
  },
  "4;5": {
    "d_separation": 0.0
  },
  "4;6": {
    "d_separation": 0.0
  },
  "4;7": {
    "d_separation": 0.0
  },
  "4;8": {
    "d_separation": 0.0
  },
  "4;9": {
    "d_separation": 0.0
  },
  "5;6": {
    "d_separation": 0.0
  },
  "5;7": {
    "d_separation": 0.0
  },
  "5;8": {
    "d_separation": 0.0
  },
  "5;9": {
    "d_separation": 0.0
  },
  "6;7": {
    "d_separation": 0.0
  },
  "6;8": {
    "d_separation": 0.0
  },
  "6;9": {
    "d_separation": 0.0
  },
  "7;8": {
    "d_separation": 0.0
  },
  "7;9": {
    "d_separation": 0.0
  },
  "8;9": {
    "d_separation": 0.0
  },
  "0;1|2": {
    "kci": 0.4291594337037752
  },
  "0;1|3": {
    "kci": 0.5702237507400063
  },
  "0;1|4": {
    "kci": 0.37587563108966804
  },
  "0;1|5": {
    "kci": 0.24908878591654926
  },
  "0;1|6": {
    "kci": 0.5458980650280318
  },
  "0;1|7": {
    "kci": 0.5414461242833284
  },
  "0;1|8": {
    "kci": 0.461048381255287
  },
  "0;1|9": {
    "kci": 0.22947776995458757
  },
  "0;2|1": {
    "kci": 0.00030392840142479116
  },
  "0;2|3": {
    "kci": 0.00018008328574037336
  },
  "0;2|4": {
    "kci": 1.2265584596882206e-06
  },
  "0;2|5": {
    "kci": 0.003214119038324248
  },
  "0;2|6": {
    "kci": 0.00020749360611505008
  },
  "0;2|7": {
    "kci": 8.859577576170174e-05
  },
  "0;2|8": {
    "kci": 0.00011990099824998879
  },
  "0;2|9": {
    "kci": 0.00885945020018497
  },
  "0;3|1": {
    "kci": 0.27680774028587496
  },
  "0;3|2": {
    "kci": 0.2972819226452069
  },
  "0;3|4": {
    "kci": 0.1894283715285987
  },
  "0;3|5": {
    "kci": 0.09662078342212777
  },
  "0;3|6": {
    "kci": 0.2390149340486295
  },
  "0;3|7": {
    "kci": 0.2348606693128057
  },
  "0;3|8": {
    "kci": 0.25254784086393445
  },
  "0;3|9": {
    "kci": 0.32856435181144084
  },
  "0;4|1": {
    "kci": 0.062163596955297384
  },
  "0;4|2": {
    "kci": 0.006147510487831798
  },
  "0;4|3": {
    "kci": 0.03202390999544624
  },
  "0;4|5": {
    "kci": 0.4179130093588441
  },
  "0;4|6": {
    "kci": 0.40553717694698266
  },
  "0;4|7": {
    "kci": 0.17723364560457
  },
  "0;4|8": {
    "kci": 0.04883335916792131
  },
  "0;4|9": {
    "kci": 0.5448004459174063
  },
  "0;5|1": {
    "kci": 1.1102230246251565e-16
  },
  "0;5|2": {
    "kci": 2.1738166822160565e-13
  },
  "0;5|3": {
    "kci": 2.220446049250313e-16
  },
  "0;5|4": {
    "kci": 2.851052727237402e-13
  },
  "0;5|6": {
    "kci": 8.61422044806659e-13
  },
  "0;5|7": {
    "kci": 5.88418203051333e-15
  },
  "0;5|8": {
    "kci": 5.3290705182007514e-14
  },
  "0;5|9": {
    "kci": 0.22410552532725025
  },
  "0;6|1": {
    "kci": 0.03674108072664206
  },
  "0;6|2": {
    "kci": 0.07953977212441321
  },
  "0;6|3": {
    "kci": 0.01896763376485211
  },
  "0;6|4": {
    "kci": 0.0249412794947792
  },
  "0;6|5": {
    "kci": 0.10053996432998513
  },
  "0;6|7": {
    "kci": 0.023501699220150107
  },
  "0;6|8": {
    "kci": 0.020742392367063434
  },
  "0;6|9": {
    "kci": 0.24621297775697015
  },
  "0;7|1": {
    "kci": 0.4374486748165821
  },
  "0;7|2": {
    "kci": 0.39028064587044264
  },
  "0;7|3": {
    "kci": 0.45645392313201216
  },
  "0;7|4": {
    "kci": 0.34420680475164533
  },
  "0;7|5": {
    "kci": 0.7318377600473227
  },
  "0;7|6": {
    "kci": 0.4869800653237416
  },
  "0;7|8": {
    "kci": 0.3943378714787855
  },
  "0;7|9": {
    "kci": 0.46793368903443444
  },
  "0;8|1": {
    "kci": 0.09386445358050666
  },
  "0;8|2": {
    "kci": 0.19873430880550758
  },
  "0;8|3": {
    "kci": 0.1689093983554366
  },
  "0;8|4": {
    "kci": 0.08943845689001195
  },
  "0;8|5": {
    "kci": 0.2746025377707819
  },
  "0;8|6": {
    "kci": 0.19495453356644354
  },
  "0;8|7": {
    "kci": 0.08002324209166467
  },
  "0;8|9": {
    "kci": 0.45369513856811783
  },
  "0;9|1": {
    "kci": 0.0
  },
  "0;9|2": {
    "kci": 0.0
  },
  "0;9|3": {
    "kci": 0.0
  },
  "0;9|4": {
    "kci": 0.0
  },
  "0;9|5": {
    "kci": 3.1223912344557903e-12
  },
  "0;9|6": {
    "kci": 0.0
  },
  "0;9|7": {
    "kci": 0.0
  },
  "0;9|8": {
    "kci": 0.0
  },
  "1;2|0": {
    "kci": 0.5114145601310149
  },
  "1;2|3": {
    "kci": 0.516086158113689
  },
  "1;2|4": {
    "kci": 0.4563253967111922
  },
  "1;2|5": {
    "kci": 0.4733320378367899
  },
  "1;2|6": {
    "kci": 0.4876613931447278
  },
  "1;2|7": {
    "kci": 0.5340552771948592
  },
  "1;2|8": {
    "kci": 0.5083296474410129
  },
  "1;2|9": {
    "kci": 0.48474412092687447
  },
  "1;3|0": {
    "kci": 0.28673806314265393
  },
  "1;3|2": {
    "kci": 0.33023114639205164
  },
  "1;3|4": {
    "kci": 0.44486627355979325
  },
  "1;3|5": {
    "kci": 0.3583382635818291
  },
  "1;3|6": {
    "kci": 0.20944061967325744
  },
  "1;3|7": {
    "kci": 0.28582352238692754
  },
  "1;3|8": {
    "kci": 0.29184306858444
  },
  "1;3|9": {
    "kci": 0.3096080813183677
  },
  "1;4|0": {
    "kci": 0.0897940116576792
  },
  "1;4|2": {
    "kci": 0.20733961202039142
  },
  "1;4|3": {
    "kci": 0.19623222304790255
  },
  "1;4|5": {
    "kci": 0.08137297724490233
  },
  "1;4|6": {
    "kci": 0.07337175891368641
  },
  "1;4|7": {
    "kci": 0.1629251200568148
  },
  "1;4|8": {
    "kci": 0.13712756298192375
  },
  "1;4|9": {
    "kci": 0.0780836826141611
  },
  "1;5|0": {
    "kci": 0.0645174623582182
  },
  "1;5|2": {
    "kci": 0.10639426025030696
  },
  "1;5|3": {
    "kci": 0.10526437787188758
  },
  "1;5|4": {
    "kci": 0.12334019412213215
  },
  "1;5|6": {
    "kci": 0.058365982469715916
  },
  "1;5|7": {
    "kci": 0.09946372639426271
  },
  "1;5|8": {
    "kci": 0.08093256355933176
  },
  "1;5|9": {
    "kci": 0.08582426020861711
  },
  "1;6|0": {
    "kci": 0.3167274855099277
  },
  "1;6|2": {
    "kci": 0.3149574636402076
  },
  "1;6|3": {
    "kci": 0.3210804500070793
  },
  "1;6|4": {
    "kci": 0.312765169972422
  },
  "1;6|5": {
    "kci": 0.31729501969345686
  },
  "1;6|7": {
    "kci": 0.31813640483384287
  },
  "1;6|8": {
    "kci": 0.31003030803223297
  },
  "1;6|9": {
    "kci": 0.3083099362485241
  },
  "1;7|0": {
    "kci": 0.169382019837936
  },
  "1;7|2": {
    "kci": 0.17747850197155446
  },
  "1;7|3": {
    "kci": 0.21107813168939926
  },
  "1;7|4": {
    "kci": 0.2509022077370473
  },
  "1;7|5": {
    "kci": 0.337644170891104
  },
  "1;7|6": {
    "kci": 0.2125772278039011
  },
  "1;7|8": {
    "kci": 0.20154832098276565
  },
  "1;7|9": {
    "kci": 0.22758408149975762
  },
  "1;8|0": {
    "kci": 0.35769673280859127
  },
  "1;8|2": {
    "kci": 0.6970822424212338
  },
  "1;8|3": {
    "kci": 0.6172173423811071
  },
  "1;8|4": {
    "kci": 0.6807742540519988
  },
  "1;8|5": {
    "kci": 0.6814616866466477
  },
  "1;8|6": {
    "kci": 0.5208385602892807
  },
  "1;8|7": {
    "kci": 0.7260814855046684
  },
  "1;8|9": {
    "kci": 0.6731224229051063
  },