{
  "data_hash": "965f7becce0524169aae9dd3bdc0b883",
  "0;1": {
    "d_separation": 0.0
  },
  "0;2": {
    "d_separation": 0.0
  },
  "0;3": {
    "d_separation": 0.0
  },
  "0;4": {
    "d_separation": 0.0
  },
  "0;5": {
    "d_separation": 0.0
  },
  "0;6": {
    "d_separation": 0.0
  },
  "0;7": {
    "d_separation": 0.0
  },
  "0;8": {
    "d_separation": 0.0
  },
  "0;9": {
    "d_separation": 0.0
  },
  "1;2": {
    "d_separation": 0.0
  },
  "1;3": {
    "d_separation": 0.0
  },
  "1;4": {
    "d_separation": 0.0
  },
  "1;5": {
    "d_separation": 0.0
  },
  "1;6": {
    "d_separation": 0.0
  },
  "1;7": {
    "d_separation": 0.0
  },
  "1;8": {
    "d_separation": 0.0
  },
  "1;9": {
    "d_separation": 0.0
  },
  "2;3": {
    "d_separation": 0.0
  },
  "2;4": {
    "d_separation": 0.0
  },
  "2;5": {
    "d_separation": 0.0
  },
  "2;6": {
    "d_separation": 0.0
  },
  "2;7": {
    "d_separation": 0.0
  },
  "2;8": {
    "d_separation": 0.0
  },
  "2;9": {
    "d_separation": 0.0
  },
  "3;4": {
    "d_separation": 0.0
  },
  "3;5": {
    "d_separation": 0.0
  },
  "3;6": {
    "d_separation": 0.0
  },
  "3;7": {
    "d_separation": 0.0
  },
  "3;8": {
    "d_separation": 0.0
  },
  "3;9": {
    "d_separation": 0.0
  },
  "4;5": {
    "d_separation": 0.0
  },
  "4;6": {
    "d_separation": 0.0
  },
  "4;7": {
    "d_separation": 0.0
  },
  "4;8": {
    "d_separation": 0.0
  },
  "4;9": {
    "d_separation": 0.0
  },
  "5;6": {
    "d_separation": 0.0
  },
  "5;7": {
    "d_separation": 0.0
  },
  "5;8": {
    "d_separation": 0.0
  },
  "5;9": {
    "d_separation": 0.0
  },
  "6;7": {
    "d_separation": 0.0
  },
  "6;8": {
    "d_separation": 0.0
  },
  "6;9": {
    "d_separation": 0.0
  },
  "7;8": {
    "d_separation": 0.0
  },
  "7;9": {
    "d_separation": 0.0
  },
  "8;9": {
    "d_separation": 0.0
  },
  "0;1|2": {
    "kci": 0.01324266164390231
  },
  "0;1|3": {
    "kci": 0.013998827420984239
  },
  "0;1|4": {
    "kci": 0.0627702635051487
  },
  "0;1|5": {
    "kci": 0.016844521149461222
  },
  "0;1|6": {
    "kci": 0.019049377323930083
  },
  "0;1|7": {
    "kci": 0.47599697185217604
  },
  "0;1|8": {
    "kci": 0.012830708151755466
  },
  "0;1|9": {
    "kci": 0.016228788141016803
  },
  "0;2|1": {
    "kci": 0.09169750940669896
  },
  "0;2|3": {
    "kci": 0.01732072386535244
  },
  "0;2|4": {
    "kci": 0.11829078702705498
  },
  "0;2|5": {
    "kci": 0.0012060509993587765
  },
  "0;2|6": {
    "kci": 0.05460677051696994
  },
  "0;2|7": {
    "kci": 0.5826702956693002
  },
  "0;2|8": {
    "kci": 0.09257659236928917
  },
  "0;2|9": {
    "kci": 0.053009798023348265
  },
  "0;3|1": {
    "kci": 0.37597388454982184
  },
  "0;3|2": {
    "kci": 0.34127600148485193
  },
  "0;3|4": {
    "kci": 0.45094400299295745
  },
  "0;3|5": {
    "kci": 0.3879286569057846
  },
  "0;3|6": {
    "kci": 0.3552915439674562
  },
  "0;3|7": {
    "kci": 0.3589519351796342
  },
  "0;3|8": {
    "kci": 0.3384913070302237
  },
  "0;3|9": {
    "kci": 0.37732803096122747
  },
  "0;4|1": {
    "kci": 0.14290654090748667
  },
  "0;4|2": {
    "kci": 0.05232306365187489
  },
  "0;4|3": {
    "kci": 0.0200058352149306
  },
  "0;4|5": {
    "kci": 0.010261655035444628
  },
  "0;4|6": {
    "kci": 0.04414898884082907
  },
  "0;4|7": {
    "kci": 0.3430432242707431
  },
  "0;4|8": {
    "kci": 0.02913143465266954
  },
  "0;4|9": {
    "kci": 0.013719741484490733
  },
  "0;5|1": {
    "kci": 0.616489241587109
  },
  "0;5|2": {
    "kci": 0.5816650001574424
  },
  "0;5|3": {
    "kci": 0.6111712061270661
  },
  "0;5|4": {
    "kci": 0.585084178808415
  },
  "0;5|6": {
    "kci": 0.5123011502027603
  },
  "0;5|7": {
    "kci": 0.46110795547394323
  },
  "0;5|8": {
    "kci": 0.4524586734626084
  },
  "0;5|9": {
    "kci": 0.509625588845297
  },
  "0;6|1": {
    "kci": 0.1393970866562253
  },
  "0;6|2": {
    "kci": 0.40087577913031436
  },
  "0;6|3": {
    "kci": 0.3324320506450029
  },
  "0;6|4": {
    "kci": 0.4059119912376954
  },
  "0;6|5": {
    "kci": 0.37843148003477034
  },
  "0;6|7": {
    "kci": 0.521439948219909
  },
  "0;6|8": {
    "kci": 0.2215065928358294
  },
  "0;6|9": {
    "kci": 0.27472678114942584
  },
  "0;7|1": {
    "kci": 2.7931250423662846e-08
  },
  "0;7|2": {
    "kci": 4.723712175858097e-07
  },
  "0;7|3": {
    "kci": 7.005507285384738e-14
  },
  "0;7|4": {
    "kci": 7.368216814462869e-09
  },
  "0;7|5": {
    "kci": 8.610889778992714e-13
  },
  "0;7|6": {
    "kci": 6.280531650304511e-13
  },
  "0;7|8": {
    "kci": 1.8152489511535919e-09
  },
  "0;7|9": {
    "kci": 6.979972155818359e-13
  },
  "0;8|1": {
    "kci": 0.23991592904022652
  },
  "0;8|2": {
    "kci": 0.1743714143281072
  },
  "0;8|3": {
    "kci": 0.05729520401234811
  },
  "0;8|4": {
    "kci": 0.20547409760067437
  },
  "0;8|5": {
    "kci": 0.0475345118524354
  },
  "0;8|6": {
    "kci": 0.09205120716507675
  },
  "0;8|7": {
    "kci": 0.40507840500043435
  },
  "0;8|9": {
    "kci": 0.0656171400644413
  },
  "0;9|1": {
    "kci": 0.12813303216017613
  },
  "0;9|2": {
    "kci": 0.14179164150354306
  },
  "0;9|3": {
    "kci": 0.14048173101252526
  },
  "0;9|4": {
    "kci": 0.1294990948253778
  },
  "0;9|5": {
    "kci": 0.2136666927592612
  },
  "0;9|6": {
    "kci": 0.3892944487450709
  },
  "0;9|7": {
    "kci": 0.3099074407773178
  },
  "0;9|8": {
    "kci": 0.23811234661767267
  },
  "1;2|0": {
    "kci": 0.08906597733560317
  },
  "1;2|3": {
    "kci": 0.0850841427486676
  },
  "1;2|4": {
    "kci": 0.1454539713915486
  },
  "1;2|5": {
    "kci": 0.14061551217330237
  },
  "1;2|6": {
    "kci": 0.06138406288794307
  },
  "1;2|7": {
    "kci": 0.11757468117835534
  },
  "1;2|8": {
    "kci": 0.10145641201255517
  },
  "1;2|9": {
    "kci": 0.15674622827944729
  },
  "1;3|0": {
    "kci": 0.32645006020753686
  },
  "1;3|2": {
    "kci": 0.3224897343751416
  },
  "1;3|4": {
    "kci": 0.35192723416266625
  },
  "1;3|5": {
    "kci": 0.32670077991848623
  },
  "1;3|6": {
    "kci": 0.3349275107163221
  },
  "1;3|7": {
    "kci": 0.344122202666877
  },
  "1;3|8": {
    "kci": 0.3287619297947333
  },
  "1;3|9": {
    "kci": 0.353357629313798
  },
  "1;4|0": {
    "kci": 0.47306834005584186
  },
  "1;4|2": {
    "kci": 0.3717013999160588
  },
  "1;4|3": {
    "kci": 0.3254893572365416
  },
  "1;4|5": {
    "kci": 0.3196401747248363
  },
  "1;4|6": {
    "kci": 0.2918858541161886
  },
  "1;4|7": {
    "kci": 0.5430514501096869
  },
  "1;4|8": {
    "kci": 0.4176379528343066
  },
  "1;4|9": {
    "kci": 0.35679580156557766
  },
  "1;5|0": {
    "kci": 0.28136548574287845
  },
  "1;5|2": {
    "kci": 0.40163017966327974
  },
  "1;5|3": {
    "kci": 0.40535526776891295
  },
  "1;5|4": {
    "kci": 0.5258293173020983
  },
  "1;5|6": {
    "kci": 0.484740283597457
  },
  "1;5|7": {
    "kci": 0.2884199986953333
  },
  "1;5|8": {
    "kci": 0.40354859461650117
  },
  "1;5|9": {
    "kci": 0.6299968049057967
  },
  "1;6|0": {
    "kci": 0.4243569176107723
  },
  "1;6|2": {
    "kci": 0.4013972625331834
  },
  "1;6|3": {
    "kci": 0.4712289084086786
  },
  "1;6|4": {
    "kci": 0.46126733032314116
  },
  "1;6|5": {
    "kci": 0.3802936354181461
  },
  "1;6|7": {
    "kci": 0.3155946081938311
  },
  "1;6|8": {
    "kci": 0.43323832184195854
  },
  "1;6|9": {
    "kci": 0.5455827279551709
  },
  "1;7|0": {
    "kci": 0.014227324825083043
  },
  "1;7|2": {
    "kci": 0.0016970240054403618
  },
  "1;7|3": {
    "kci": 0.000832338184762027
  },
  "1;7|4": {
    "kci": 0.012393398599755301
  },
  "1;7|5": {
    "kci": 0.00044602600918031143
  },
  "1;7|6": {
    "kci": 0.0023288974895828707
  },
  "1;7|8": {
    "kci": 0.015748404421970563
  },
  "1;7|9": {
    "kci": 0.0007529773639863846
  },
  "1;8|0": {
    "kci": 0.04923025881851273
  },
  "1;8|2": {
    "kci": 0.0532347927375062
  },
  "1;8|3": {
    "kci": 0.053001627098477
  },
  "1;8|4": {
    "kci": 0.032011429081784115
  },
  "1;8|5": {
    "kci": 0.04734337945877509
  },