{
  "data_hash": "9863e4ea63eb3e4cbecad39635234886",
  "0;1": {
    "d_separation": 0.0
  },
  "0;2": {
    "d_separation": 0.0
  },
  "0;3": {
    "d_separation": 0.0
  },
  "0;4": {
    "d_separation": 0.0
  },
  "0;5": {
    "d_separation": 0.0
  },
  "0;6": {
    "d_separation": 0.0
  },
  "0;7": {
    "d_separation": 0.0
  },
  "0;8": {
    "d_separation": 0.0
  },
  "0;9": {
    "d_separation": 0.0
  },
  "1;2": {
    "d_separation": 0.0
  },
  "1;3": {
    "d_separation": 1.0
  },
  "1;4": {
    "d_separation": 0.0
  },
  "1;5": {
    "d_separation": 0.0
  },
  "1;6": {
    "d_separation": 0.0
  },
  "1;7": {
    "d_separation": 0.0
  },
  "1;8": {
    "d_separation": 0.0
  },
  "1;9": {
    "d_separation": 0.0
  },
  "2;3": {
    "d_separation": 0.0
  },
  "2;4": {
    "d_separation": 0.0
  },
  "2;5": {
    "d_separation": 0.0
  },
  "2;6": {
    "d_separation": 0.0
  },
  "2;7": {
    "d_separation": 0.0
  },
  "2;8": {
    "d_separation": 0.0
  },
  "2;9": {
    "d_separation": 0.0
  },
  "3;4": {
    "d_separation": 1.0
  },
  "3;5": {
    "d_separation": 0.0
  },
  "3;6": {
    "d_separation": 0.0
  },
  "3;7": {
    "d_separation": 0.0
  },
  "3;8": {
    "d_separation": 0.0
  },
  "3;9": {
    "d_separation": 0.0
  },
  "4;5": {
    "d_separation": 0.0
  },
  "4;6": {
    "d_separation": 0.0
  },
  "4;7": {
    "d_separation": 0.0
  },
  "4;8": {
    "d_separation": 0.0
  },
  "4;9": {
    "d_separation": 0.0
  },
  "5;6": {
    "d_separation": 0.0
  },
  "5;7": {
    "d_separation": 0.0
  },
  "5;8": {
    "d_separation": 0.0
  },
  "5;9": {
    "d_separation": 0.0
  },
  "6;7": {
    "d_separation": 0.0
  },
  "6;8": {
    "d_separation": 0.0
  },
  "6;9": {
    "d_separation": 0.0
  },
  "7;8": {
    "d_separation": 0.0
  },
  "7;9": {
    "d_separation": 0.0
  },
  "8;9": {
    "d_separation": 0.0
  },
  "0;1|2": {
    "kci": 0.40896008367584014
  },
  "0;1|3": {
    "kci": 0.3510261500788324
  },
  "0;1|4": {
    "kci": 0.3545487995177259
  },
  "0;1|5": {
    "kci": 0.3425122092209285
  },
  "0;1|6": {
    "kci": 0.3677164765457547
  },
  "0;1|7": {
    "kci": 0.4079031348084863
  },
  "0;1|8": {
    "kci": 0.4132910623891748
  },
  "0;1|9": {
    "kci": 0.38573576340579985
  },
  "0;2|1": {
    "kci": 0.1359106067328909
  },
  "0;2|3": {
    "kci": 0.05514533980844738
  },
  "0;2|4": {
    "kci": 0.11969393884004342
  },
  "0;2|5": {
    "kci": 0.23406726132189382
  },
  "0;2|6": {
    "kci": 0.05910180068520843
  },
  "0;2|7": {
    "kci": 0.11722217987551153
  },
  "0;2|8": {
    "kci": 0.1596392560833899
  },
  "0;2|9": {
    "kci": 0.2883736177411651
  },
  "0;3|1": {
    "kci": 0.5576110235935506
  },
  "0;3|2": {
    "kci": 0.4374937377233665
  },
  "0;3|4": {
    "kci": 0.49305349769973694
  },
  "0;3|5": {
    "kci": 0.42730393019488633
  },
  "0;3|6": {
    "kci": 0.6557841706726837
  },
  "0;3|7": {
    "kci": 0.4497509434355257
  },
  "0;3|8": {
    "kci": 0.41010025162625396
  },
  "0;3|9": {
    "kci": 0.3841247528901335
  },
  "0;4|1": {
    "kci": 0.14620065146449657
  },
  "0;4|2": {
    "kci": 0.0454694872618826
  },
  "0;4|3": {
    "kci": 0.0812019343741619
  },
  "0;4|5": {
    "kci": 0.07569606739698276
  },
  "0;4|6": {
    "kci": 0.14489231238400013
  },
  "0;4|7": {
    "kci": 0.10592299208177225
  },
  "0;4|8": {
    "kci": 0.07942572963685879
  },
  "0;4|9": {
    "kci": 0.10113387283834896
  },
  "0;5|1": {
    "kci": 0.7805754554961926
  },
  "0;5|2": {
    "kci": 0.6365674904355152
  },
  "0;5|3": {
    "kci": 0.5746824011851939
  },
  "0;5|4": {
    "kci": 0.6246588547074405
  },
  "0;5|6": {
    "kci": 0.7561052492728374
  },
  "0;5|7": {
    "kci": 0.7739085201448955
  },
  "0;5|8": {
    "kci": 0.7591619747988271
  },
  "0;5|9": {
    "kci": 0.6695680983918937
  },
  "0;6|1": {
    "kci": 0.201628993908459
  },
  "0;6|2": {
    "kci": 0.10809724400674647
  },
  "0;6|3": {
    "kci": 0.03681853590467499
  },
  "0;6|4": {
    "kci": 0.0513848923177358
  },
  "0;6|5": {
    "kci": 0.11150339310354018
  },
  "0;6|7": {
    "kci": 0.09632572852417498
  },
  "0;6|8": {
    "kci": 0.11719889383532056
  },
  "0;6|9": {
    "kci": 0.16660817133789474
  },
  "0;7|1": {
    "kci": 0.8068142187657772
  },
  "0;7|2": {
    "kci": 0.6170149612472764
  },
  "0;7|3": {
    "kci": 0.608255794065917
  },
  "0;7|4": {
    "kci": 0.492933545353863
  },
  "0;7|5": {
    "kci": 0.7439356544969001
  },
  "0;7|6": {
    "kci": 0.6982567242988598
  },
  "0;7|8": {
    "kci": 0.6677499745138922
  },
  "0;7|9": {
    "kci": 0.7419440422367065
  },
  "0;8|1": {
    "kci": 0.5912818127482045
  },
  "0;8|2": {
    "kci": 0.632870689496617
  },
  "0;8|3": {
    "kci": 0.36803495231599026
  },
  "0;8|4": {
    "kci": 0.7821550916809131
  },
  "0;8|5": {
    "kci": 0.7576032064756967
  },
  "0;8|6": {
    "kci": 0.6964161898958623
  },
  "0;8|7": {
    "kci": 0.7775272264422459
  },
  "0;8|9": {
    "kci": 0.632470793902258
  },
  "0;9|1": {
    "kci": 0.47448088799171884
  },
  "0;9|2": {
    "kci": 0.4791889699534555
  },
  "0;9|3": {
    "kci": 0.4406673762041069
  },
  "0;9|4": {
    "kci": 0.3917027858814037
  },
  "0;9|5": {
    "kci": 0.4790234501978601
  },
  "0;9|6": {
    "kci": 0.6417042117710889
  },
  "0;9|7": {
    "kci": 0.4061821988579062
  },
  "0;9|8": {
    "kci": 0.4654337052352848
  },
  "1;2|0": {
    "kci": 0.6859070803427555
  },
  "1;2|4": {
    "kci": 0.235881067047777
  },
  "1;2|5": {
    "kci": 0.45617831028195355
  },
  "1;2|6": {
    "kci": 0.6515072286615282
  },
  "1;2|7": {
    "kci": 0.6473847608108438
  },
  "1;2|8": {
    "kci": 0.556034401641966
  },
  "1;2|9": {
    "kci": 0.4373338943312909
  },
  "1;4|0": {
    "kci": 0.011652832289473336
  },
  "1;4|2": {
    "kci": 0.009339795596479461
  },
  "1;4|5": {
    "kci": 0.0112544732155897
  },
  "1;4|6": {
    "kci": 0.00413517477530112
  },
  "1;4|7": {
    "kci": 0.0034885133085672537
  },
  "1;4|8": {
    "kci": 0.0020653073485316087
  },
  "1;4|9": {
    "kci": 0.03239712100936443
  },
  "1;5|0": {
    "kci": 0.3732535405245564
  },
  "1;5|2": {
    "kci": 0.3682998817379346
  },
  "1;5|4": {
    "kci": 0.40253023654324793
  },
  "1;5|6": {
    "kci": 0.3284281062855573
  },
  "1;5|7": {
    "kci": 0.31456979344662295
  },
  "1;5|8": {
    "kci": 0.34887221562281356
  },
  "1;5|9": {
    "kci": 0.40557828344167557
  },
  "1;6|0": {
    "kci": 0.349464605628512
  },
  "1;6|2": {
    "kci": 0.4530344744615531
  },
  "1;6|4": {
    "kci": 0.57570010128027
  },
  "1;6|5": {
    "kci": 0.33681979544260954
  },
  "1;6|7": {
    "kci": 0.41975384376156477
  },
  "1;6|8": {
    "kci": 0.4082065875761809
  },
  "1;6|9": {
    "kci": 0.4201761969679224
  },
  "1;7|0": {
    "kci": 0.2786518843889153
  },
  "1;7|2": {
    "kci": 0.2883428698862789
  },
  "1;7|4": {
    "kci": 0.4410875168846746
  },
  "1;7|5": {
    "kci": 0.09332548827741272
  },
  "1;7|6": {
    "kci": 0.30189591454548714
  },
  "1;7|8": {
    "kci": 0.09470865993626487
  },
  "1;7|9": {
    "kci": 0.20542160079544214
  },
  "1;8|0": {
    "kci": 0.446411858431105
  },
  "1;8|2": {
    "kci": 0.43579890103089114
  },
  "1;8|4": {
    "kci": 0.36478960740290656
  },
  "1;8|5": {
    "kci": 0.5369815187998115
  },
  "1;8|6": {
    "kci": 0.4235212081849977
  },
  "1;8|7": {
    "kci": 0.41249003006233775
  },
  "1;8|9": {
    "kci": 0.4322643083824439
  },
  "1;9|0": {
    "kci": 0.22077050655085495
  },
  "1;9|2": {
    "kci": 0.24907544861497577
  },
  "1;9|4": {
    "kci": 0.37982661041224963
  },
  "1;9|5": {
    "kci": 0.2545605678690023
  },
  "1;9|6": {
    "kci": 0.2274971199951441
  },
  "1;9|7": {
    "kci": 0.2943598975787529
  },
  "1;9|8": {
    "kci": 0.19867658981986147
  },
  "1;2|3": {
    "kci": 0.5366542946302981
  },
  "2;3|0": {
    "kci": 0.1933618003449573
  },
  "2;3|1": {
    "kci": 0.12045215498756079
  },
  "2;3|4": {
    "kci": 0.09508891275412168
  },
  "2;3|5": {
    "kci": 0.25692390866043835
  },
  "2;3|6": {
    "kci": 0.25854419284305863
  },