{
  "data_hash": "9b640d64865145c87b0f596b35e37379",
  "0;1": {
    "d_separation": 0.0
  },
  "0;2": {
    "d_separation": 0.0
  },
  "0;3": {
    "d_separation": 0.0
  },
  "0;4": {
    "d_separation": 0.0
  },
  "0;5": {
    "d_separation": 0.0
  },
  "0;6": {
    "d_separation": 0.0
  },
  "0;7": {
    "d_separation": 0.0
  },
  "0;8": {
    "d_separation": 0.0
  },
  "0;9": {
    "d_separation": 0.0
  },
  "1;2": {
    "d_separation": 0.0
  },
  "1;3": {
    "d_separation": 0.0
  },
  "1;4": {
    "d_separation": 0.0
  },
  "1;5": {
    "d_separation": 0.0
  },
  "1;6": {
    "d_separation": 0.0
  },
  "1;7": {
    "d_separation": 1.0
  },
  "1;8": {
    "d_separation": 0.0
  },
  "1;9": {
    "d_separation": 0.0
  },
  "2;3": {
    "d_separation": 0.0
  },
  "2;4": {
    "d_separation": 0.0
  },
  "2;5": {
    "d_separation": 0.0
  },
  "2;6": {
    "d_separation": 0.0
  },
  "2;7": {
    "d_separation": 0.0
  },
  "2;8": {
    "d_separation": 0.0
  },
  "2;9": {
    "d_separation": 0.0
  },
  "3;4": {
    "d_separation": 0.0
  },
  "3;5": {
    "d_separation": 0.0
  },
  "3;6": {
    "d_separation": 0.0
  },
  "3;7": {
    "d_separation": 1.0
  },
  "3;8": {
    "d_separation": 0.0
  },
  "3;9": {
    "d_separation": 0.0
  },
  "4;5": {
    "d_separation": 0.0
  },
  "4;6": {
    "d_separation": 0.0
  },
  "4;7": {
    "d_separation": 1.0
  },
  "4;8": {
    "d_separation": 0.0
  },
  "4;9": {
    "d_separation": 0.0
  },
  "5;6": {
    "d_separation": 0.0
  },
  "5;7": {
    "d_separation": 0.0
  },
  "5;8": {
    "d_separation": 0.0
  },
  "5;9": {
    "d_separation": 0.0
  },
  "6;7": {
    "d_separation": 0.0
  },
  "6;8": {
    "d_separation": 0.0
  },
  "6;9": {
    "d_separation": 0.0
  },
  "7;8": {
    "d_separation": 0.0
  },
  "7;9": {
    "d_separation": 0.0
  },
  "8;9": {
    "d_separation": 0.0
  },
  "0;1|2": {
    "kci": 0.17648767798705156
  },
  "0;1|3": {
    "kci": 0.3618820987747984
  },
  "0;1|4": {
    "kci": 0.380975041251429
  },
  "0;1|5": {
    "kci": 0.3626575126554057
  },
  "0;1|6": {
    "kci": 0.3213293257604585
  },
  "0;1|7": {
    "kci": 0.1529640136644249
  },
  "0;1|8": {
    "kci": 0.3427005479587888
  },
  "0;1|9": {
    "kci": 0.344899511366094
  },
  "0;2|1": {
    "kci": 0.009672126635048905
  },
  "0;2|3": {
    "kci": 0.040061451127406555
  },
  "0;2|4": {
    "kci": 0.06344730047492098
  },
  "0;2|5": {
    "kci": 0.11449663642195418
  },
  "0;2|6": {
    "kci": 0.05925745271028948
  },
  "0;2|7": {
    "kci": 0.19089641505280486
  },
  "0;2|8": {
    "kci": 0.08901101609290374
  },
  "0;2|9": {
    "kci": 0.07771061932471446
  },
  "0;3|1": {
    "kci": 0.7032616840776886
  },
  "0;3|2": {
    "kci": 0.47855749570749906
  },
  "0;3|4": {
    "kci": 0.6164192966904791
  },
  "0;3|5": {
    "kci": 0.3279423494803275
  },
  "0;3|6": {
    "kci": 0.4613921384096906
  },
  "0;3|7": {
    "kci": 0.33313089610737623
  },
  "0;3|8": {
    "kci": 0.4989865362945669
  },
  "0;3|9": {
    "kci": 0.5904692053566549
  },
  "0;4|1": {
    "kci": 0.18043915589384296
  },
  "0;4|2": {
    "kci": 0.02564954814590259
  },
  "0;4|3": {
    "kci": 0.08191234975962791
  },
  "0;4|5": {
    "kci": 0.012739655144475948
  },
  "0;4|6": {
    "kci": 0.034609345553524795
  },
  "0;4|7": {
    "kci": 0.03943355537566029
  },
  "0;4|8": {
    "kci": 0.03640149797612169
  },
  "0;4|9": {
    "kci": 0.010750087930852525
  },
  "0;5|1": {
    "kci": 0.44593817860767715
  },
  "0;5|2": {
    "kci": 0.19007674512941797
  },
  "0;5|3": {
    "kci": 0.7606900480511881
  },
  "0;5|4": {
    "kci": 0.27172413043472843
  },
  "0;5|6": {
    "kci": 0.3605433386329009
  },
  "0;5|7": {
    "kci": 0.25318270013740474
  },
  "0;5|8": {
    "kci": 0.242533362772116
  },
  "0;5|9": {
    "kci": 0.21322591163697746
  },
  "0;6|1": {
    "kci": 0.582100214920279
  },
  "0;6|2": {
    "kci": 0.35043756771610235
  },
  "0;6|3": {
    "kci": 0.29922042798433024
  },
  "0;6|4": {
    "kci": 0.33524147039635355
  },
  "0;6|5": {
    "kci": 0.3878840720916472
  },
  "0;6|7": {
    "kci": 0.3332963834235475
  },
  "0;6|8": {
    "kci": 0.4151926902964832
  },
  "0;6|9": {
    "kci": 0.6084997156152154
  },
  "0;7|1": {
    "kci": 0.1778328732865584
  },
  "0;7|2": {
    "kci": 0.10919684787160078
  },
  "0;7|3": {
    "kci": 0.15611437379283943
  },
  "0;7|4": {
    "kci": 0.07100855017965124
  },
  "0;7|5": {
    "kci": 0.1396171375302231
  },
  "0;7|6": {
    "kci": 0.14096440789517029
  },
  "0;7|8": {
    "kci": 0.08438867554713536
  },
  "0;7|9": {
    "kci": 0.01370266065077752
  },
  "0;8|1": {
    "kci": 0.5868105562163204
  },
  "0;8|2": {
    "kci": 0.5410211673570822
  },
  "0;8|3": {
    "kci": 0.6705924880866545
  },
  "0;8|4": {
    "kci": 0.41410169689792353
  },
  "0;8|5": {
    "kci": 0.563094472602255
  },
  "0;8|6": {
    "kci": 0.531397864463458
  },
  "0;8|7": {
    "kci": 0.2717417185286135
  },
  "0;8|9": {
    "kci": 0.6195183244197549
  },
  "0;9|1": {
    "kci": 0.2526735211144666
  },
  "0;9|2": {
    "kci": 0.1796600516711695
  },
  "0;9|3": {
    "kci": 0.41735257956302707
  },
  "0;9|4": {
    "kci": 0.1033373973534385
  },
  "0;9|5": {
    "kci": 0.17143191201132346
  },
  "0;9|6": {
    "kci": 0.4226846386115646
  },
  "0;9|7": {
    "kci": 0.33905831131972086
  },
  "0;9|8": {
    "kci": 0.42569124606205755
  },
  "1;2|0": {
    "kci": 0.00024336184595619148
  },
  "1;2|3": {
    "kci": 3.6887586748468593e-06
  },
  "1;2|4": {
    "kci": 1.6194991658835534e-07
  },
  "1;2|5": {
    "kci": 0.004892994734540412
  },
  "1;2|6": {
    "kci": 1.1867209138038959e-05
  },
  "1;2|8": {
    "kci": 5.821127743521615e-05
  },
  "1;2|9": {
    "kci": 0.0008066479863988452
  },
  "1;3|0": {
    "kci": 0.17780382909162729
  },
  "1;3|2": {
    "kci": 0.08101127961137278
  },
  "1;3|4": {
    "kci": 0.14599687789545124
  },
  "1;3|5": {
    "kci": 0.02396676116729357
  },
  "1;3|6": {
    "kci": 0.11115261084257666
  },
  "1;3|8": {
    "kci": 0.14285468154382097
  },
  "1;3|9": {
    "kci": 0.04388041812722521
  },
  "1;4|0": {
    "kci": 0.007323560257518569
  },
  "1;4|2": {
    "kci": 0.0005587726284345118
  },
  "1;4|3": {
    "kci": 0.002461268758126689
  },
  "1;4|5": {
    "kci": 0.0033042927216484497
  },
  "1;4|6": {
    "kci": 0.0009245924204396294
  },
  "1;4|8": {
    "kci": 0.004838028435029118
  },
  "1;4|9": {
    "kci": 0.001463699334469104
  },
  "1;5|0": {
    "kci": 6.623835924202126e-10
  },
  "1;5|2": {
    "kci": 3.095868006397495e-11
  },
  "1;5|3": {
    "kci": 3.63484797816227e-11
  },
  "1;5|4": {
    "kci": 7.764474618809913e-10
  },
  "1;5|6": {
    "kci": 7.004397062360113e-13
  },
  "1;5|8": {
    "kci": 1.3016028588275219e-08
  },
  "1;5|9": {
    "kci": 1.7551238240542943e-10
  },
  "1;6|0": {
    "kci": 0.25757628369850827
  },
  "1;6|2": {
    "kci": 0.18086623650039568
  },
  "1;6|3": {
    "kci": 0.3002895599621811
  },
  "1;6|4": {
    "kci": 0.1971718686882793
  },
  "1;6|5": {
    "kci": 0.012360021088613893
  },
  "1;6|8": {
    "kci": 0.2472992376851677
  },
  "1;6|9": {
    "kci": 0.2648105677380016
  },
  "1;8|0": {
    "kci": 0.6314181227626543
  },
  "1;8|2": {
    "kci": 0.5527883347359177
  },
  "1;8|3": {
    "kci": 0.5026280770811229
  },
  "1;8|4": {
    "kci": 0.48891482108310147
  },
  "1;8|5": {
    "kci": 0.47984913984857935
  },
  "1;8|6": {
    "kci": 0.4911706399968431
  },
  "1;8|9": {
    "kci": 0.6117079067627049
  },
  "1;9|0": {
    "kci": 0.193368856174301
  },
  "1;9|2": {
    "kci": 0.48456664235614666
  },
  "1;9|3": {
    "kci": 0.041911047623147124
  },
  "1;9|4": {
    "kci": 0.03848769831676402
  },
  "1;9|5": {
    "kci": 0.16036301609183323
  },
  "1;9|6": {
    "kci": 0.11062663524051797
  },
  "1;9|8": {
    "kci": 0.20549071709536582
  },
  "1;2|7": {
    "kci": 1.5590719345204285e-05
  },
  "2;3|0": {
    "kci": 0.3447719307666961
  },
  "2;3|1": {
    "kci": 0.34457131247486217
  },
  "2;3|4": {
    "kci": 0.44494545569461286
  },