{
  "data_hash": "9bcec740155c5235ad0492ef215bfbd6",
  "0;1": {
    "d_separation": 0.0
  },
  "0;2": {
    "d_separation": 0.0
  },
  "0;3": {
    "d_separation": 0.0
  },
  "0;4": {
    "d_separation": 0.0
  },
  "0;5": {
    "d_separation": 0.0
  },
  "0;6": {
    "d_separation": 0.0
  },
  "0;7": {
    "d_separation": 0.0
  },
  "0;8": {
    "d_separation": 0.0
  },
  "0;9": {
    "d_separation": 0.0
  },
  "1;2": {
    "d_separation": 0.0
  },
  "1;3": {
    "d_separation": 1.0
  },
  "1;4": {
    "d_separation": 0.0
  },
  "1;5": {
    "d_separation": 0.0
  },
  "1;6": {
    "d_separation": 0.0
  },
  "1;7": {
    "d_separation": 0.0
  },
  "1;8": {
    "d_separation": 0.0
  },
  "1;9": {
    "d_separation": 0.0
  },
  "2;3": {
    "d_separation": 0.0
  },
  "2;4": {
    "d_separation": 0.0
  },
  "2;5": {
    "d_separation": 0.0
  },
  "2;6": {
    "d_separation": 0.0
  },
  "2;7": {
    "d_separation": 0.0
  },
  "2;8": {
    "d_separation": 0.0
  },
  "2;9": {
    "d_separation": 0.0
  },
  "3;4": {
    "d_separation": 1.0
  },
  "3;5": {
    "d_separation": 0.0
  },
  "3;6": {
    "d_separation": 0.0
  },
  "3;7": {
    "d_separation": 0.0
  },
  "3;8": {
    "d_separation": 0.0
  },
  "3;9": {
    "d_separation": 0.0
  },
  "4;5": {
    "d_separation": 0.0
  },
  "4;6": {
    "d_separation": 0.0
  },
  "4;7": {
    "d_separation": 0.0
  },
  "4;8": {
    "d_separation": 0.0
  },
  "4;9": {
    "d_separation": 0.0
  },
  "5;6": {
    "d_separation": 0.0
  },
  "5;7": {
    "d_separation": 0.0
  },
  "5;8": {
    "d_separation": 0.0
  },
  "5;9": {
    "d_separation": 0.0
  },
  "6;7": {
    "d_separation": 0.0
  },
  "6;8": {
    "d_separation": 0.0
  },
  "6;9": {
    "d_separation": 0.0
  },
  "7;8": {
    "d_separation": 0.0
  },
  "7;9": {
    "d_separation": 0.0
  },
  "8;9": {
    "d_separation": 0.0
  },
  "0;1|2": {
    "kci": 0.5175989119091196
  },
  "0;1|3": {
    "kci": 0.49259288646042687
  },
  "0;1|4": {
    "kci": 0.30017567113931976
  },
  "0;1|5": {
    "kci": 0.7980365809048603
  },
  "0;1|6": {
    "kci": 0.5561939818087691
  },
  "0;1|7": {
    "kci": 0.665773588259829
  },
  "0;1|8": {
    "kci": 0.46304165702287425
  },
  "0;1|9": {
    "kci": 0.5484171561896714
  },
  "0;2|1": {
    "kci": 0.07156771512131122
  },
  "0;2|3": {
    "kci": 0.2334878425860386
  },
  "0;2|4": {
    "kci": 0.09569242534441247
  },
  "0;2|5": {
    "kci": 0.09910553782360099
  },
  "0;2|6": {
    "kci": 0.09711657688677744
  },
  "0;2|7": {
    "kci": 0.23339737057232457
  },
  "0;2|8": {
    "kci": 0.336436306539205
  },
  "0;2|9": {
    "kci": 0.12621456953631383
  },
  "0;3|1": {
    "kci": 0.7835642978789866
  },
  "0;3|2": {
    "kci": 0.7573995638648034
  },
  "0;3|4": {
    "kci": 0.7198536958596813
  },
  "0;3|5": {
    "kci": 0.6301086919101978
  },
  "0;3|6": {
    "kci": 0.759263998698712
  },
  "0;3|7": {
    "kci": 0.7088727680369463
  },
  "0;3|8": {
    "kci": 0.7167104604776151
  },
  "0;3|9": {
    "kci": 0.8587253985309815
  },
  "0;4|1": {
    "kci": 0.6358760591555188
  },
  "0;4|2": {
    "kci": 0.5853729122785032
  },
  "0;4|3": {
    "kci": 0.474170962936463
  },
  "0;4|5": {
    "kci": 0.6220696111408046
  },
  "0;4|6": {
    "kci": 0.521277601927852
  },
  "0;4|7": {
    "kci": 0.67852821345354
  },
  "0;4|8": {
    "kci": 0.8312131851699494
  },
  "0;4|9": {
    "kci": 0.5524119772133498
  },
  "0;5|1": {
    "kci": 0.35253260943320663
  },
  "0;5|2": {
    "kci": 0.20043900372738366
  },
  "0;5|3": {
    "kci": 0.3667657253731196
  },
  "0;5|4": {
    "kci": 0.2638150227074867
  },
  "0;5|6": {
    "kci": 0.4118945691521987
  },
  "0;5|7": {
    "kci": 0.3764844315995457
  },
  "0;5|8": {
    "kci": 0.3448356289356047
  },
  "0;5|9": {
    "kci": 0.3437647250415794
  },
  "0;6|1": {
    "kci": 0.49021738562212147
  },
  "0;6|2": {
    "kci": 0.5194411560967089
  },
  "0;6|3": {
    "kci": 0.3678616387030731
  },
  "0;6|4": {
    "kci": 0.5253164511628357
  },
  "0;6|5": {
    "kci": 0.4253671836729004
  },
  "0;6|7": {
    "kci": 0.5640980865938783
  },
  "0;6|8": {
    "kci": 0.4942098754635963
  },
  "0;6|9": {
    "kci": 0.2484928331642452
  },
  "0;7|1": {
    "kci": 0.3562079527148503
  },
  "0;7|2": {
    "kci": 0.4171804622058164
  },
  "0;7|3": {
    "kci": 0.37980827741051626
  },
  "0;7|4": {
    "kci": 0.3797986333359915
  },
  "0;7|5": {
    "kci": 0.362358845216856
  },
  "0;7|6": {
    "kci": 0.2649553348712259
  },
  "0;7|8": {
    "kci": 0.4062617216368989
  },
  "0;7|9": {
    "kci": 0.2537505556336599
  },
  "0;8|1": {
    "kci": 0.2897073449886032
  },
  "0;8|2": {
    "kci": 0.4423322513149355
  },
  "0;8|3": {
    "kci": 0.5186856701963948
  },
  "0;8|4": {
    "kci": 0.23359424917669935
  },
  "0;8|5": {
    "kci": 0.24966366827643283
  },
  "0;8|6": {
    "kci": 0.3524891644698813
  },
  "0;8|7": {
    "kci": 0.4064170470014834
  },
  "0;8|9": {
    "kci": 0.15331949365736153
  },
  "0;9|1": {
    "kci": 0.7825480139613773
  },
  "0;9|2": {
    "kci": 0.9099748135440572
  },
  "0;9|3": {
    "kci": 0.8425764071282023
  },
  "0;9|4": {
    "kci": 0.7787428606624307
  },
  "0;9|5": {
    "kci": 0.7587058110665409
  },
  "0;9|6": {
    "kci": 0.8569366870327056
  },
  "0;9|7": {
    "kci": 0.9041791536444159
  },
  "0;9|8": {
    "kci": 0.8204614905093516
  },
  "1;2|0": {
    "kci": 0.000538264200413141
  },
  "1;2|4": {
    "kci": 0.002101104967377032
  },
  "1;2|5": {
    "kci": 0.003225129620055167
  },
  "1;2|6": {
    "kci": 0.00035979704261945855
  },
  "1;2|7": {
    "kci": 0.0004091225335270954
  },
  "1;2|8": {
    "kci": 0.0009054288934536858
  },
  "1;2|9": {
    "kci": 9.903115053977452e-05
  },
  "1;4|0": {
    "kci": 3.3160683088340193e-09
  },
  "1;4|2": {
    "kci": 5.402449787528241e-08
  },
  "1;4|5": {
    "kci": 1.386564217442654e-06
  },
  "1;4|6": {
    "kci": 2.133259857650671e-08
  },
  "1;4|7": {
    "kci": 4.5910229284906734e-08
  },
  "1;4|8": {
    "kci": 9.789264387993768e-08
  },
  "1;4|9": {
    "kci": 5.73712677365279e-09
  },
  "1;5|0": {
    "kci": 0.2121741361408157
  },
  "1;5|2": {
    "kci": 0.20753257966783223
  },
  "1;5|4": {
    "kci": 0.3143773111906796
  },
  "1;5|6": {
    "kci": 0.20015286624292972
  },
  "1;5|7": {
    "kci": 0.20747534327459105
  },
  "1;5|8": {
    "kci": 0.23518436341777527
  },
  "1;5|9": {
    "kci": 0.26081051081621265
  },
  "1;6|0": {
    "kci": 0.17228523923632622
  },
  "1;6|2": {
    "kci": 0.21879624740412063
  },
  "1;6|4": {
    "kci": 0.325786258789335
  },
  "1;6|5": {
    "kci": 0.019669175277544082
  },
  "1;6|7": {
    "kci": 0.2191402737868069
  },
  "1;6|8": {
    "kci": 0.10920360210025437
  },
  "1;6|9": {
    "kci": 0.3248744687249079
  },
  "1;7|0": {
    "kci": 0.7829684877502463
  },
  "1;7|2": {
    "kci": 0.516507903352632
  },
  "1;7|4": {
    "kci": 0.5555225646106857
  },
  "1;7|5": {
    "kci": 0.7480281875463874
  },
  "1;7|6": {
    "kci": 0.7480929453154281
  },
  "1;7|8": {
    "kci": 0.647812598401879
  },
  "1;7|9": {
    "kci": 0.6787240924202638
  },
  "1;8|0": {
    "kci": 0.026787538968674807
  },
  "1;8|2": {
    "kci": 0.0257318113690459
  },
  "1;8|4": {
    "kci": 0.35618540118552455
  },
  "1;8|5": {
    "kci": 0.014250037367375734
  },
  "1;8|6": {
    "kci": 0.019166335702934356
  },
  "1;8|7": {
    "kci": 0.00851173539352612
  },
  "1;8|9": {
    "kci": 0.045831065408770355
  },
  "1;9|0": {
    "kci": 0.009110423753577623
  },
  "1;9|2": {
    "kci": 0.010546448311047563
  },
  "1;9|4": {
    "kci": 0.23669736461577295
  },
  "1;9|5": {
    "kci": 0.03533457655368755
  },
  "1;9|6": {
    "kci": 0.0048802840015294
  },
  "1;9|7": {
    "kci": 0.002232198676644037
  },
  "1;9|8": {
    "kci": 0.001176339839802809
  },
  "1;2|3": {
    "kci": 0.00013883469399178505
  },
  "2;3|0": {
    "kci": 0.4247839370938429
  },
  "2;3|1": {
    "kci": 0.5318293867887633
  },
  "2;3|4": {
    "kci": 0.2936065433252141
  },
  "2;3|5": {
    "kci": 0.38305619935281854
  },