{
  "data_hash": "9e3e0f9c9a421a497d9d6207381a9ab1",
  "0;1": {
    "d_separation": 0.0
  },
  "0;2": {
    "d_separation": 0.0
  },
  "0;3": {
    "d_separation": 0.0
  },
  "0;4": {
    "d_separation": 0.0
  },
  "0;5": {
    "d_separation": 0.0
  },
  "0;6": {
    "d_separation": 0.0
  },
  "0;7": {
    "d_separation": 0.0
  },
  "0;8": {
    "d_separation": 0.0
  },
  "0;9": {
    "d_separation": 0.0
  },
  "1;2": {
    "d_separation": 0.0
  },
  "1;3": {
    "d_separation": 0.0
  },
  "1;4": {
    "d_separation": 0.0
  },
  "1;5": {
    "d_separation": 0.0
  },
  "1;6": {
    "d_separation": 0.0
  },
  "1;7": {
    "d_separation": 0.0
  },
  "1;8": {
    "d_separation": 0.0
  },
  "1;9": {
    "d_separation": 0.0
  },
  "2;3": {
    "d_separation": 0.0
  },
  "2;4": {
    "d_separation": 0.0
  },
  "2;5": {
    "d_separation": 0.0
  },
  "2;6": {
    "d_separation": 0.0
  },
  "2;7": {
    "d_separation": 0.0
  },
  "2;8": {
    "d_separation": 0.0
  },
  "2;9": {
    "d_separation": 0.0
  },
  "3;4": {
    "d_separation": 0.0
  },
  "3;5": {
    "d_separation": 0.0
  },
  "3;6": {
    "d_separation": 0.0
  },
  "3;7": {
    "d_separation": 0.0
  },
  "3;8": {
    "d_separation": 0.0
  },
  "3;9": {
    "d_separation": 0.0
  },
  "4;5": {
    "d_separation": 0.0
  },
  "4;6": {
    "d_separation": 0.0
  },
  "4;7": {
    "d_separation": 0.0
  },
  "4;8": {
    "d_separation": 1.0
  },
  "4;9": {
    "d_separation": 0.0
  },
  "5;6": {
    "d_separation": 0.0
  },
  "5;7": {
    "d_separation": 0.0
  },
  "5;8": {
    "d_separation": 1.0
  },
  "5;9": {
    "d_separation": 0.0
  },
  "6;7": {
    "d_separation": 0.0
  },
  "6;8": {
    "d_separation": 0.0
  },
  "6;9": {
    "d_separation": 0.0
  },
  "7;8": {
    "d_separation": 0.0
  },
  "7;9": {
    "d_separation": 0.0
  },
  "8;9": {
    "d_separation": 0.0
  },
  "0;1|2": {
    "fisherz": 0.6400577290972245
  },
  "0;1|3": {
    "fisherz": 0.9644716360957406
  },
  "0;1|4": {
    "fisherz": 0.9673855655728558
  },
  "0;1|5": {
    "fisherz": 0.918521901979708
  },
  "0;1|6": {
    "fisherz": 0.9647601054465693
  },
  "0;1|7": {
    "fisherz": 0.9533571001508607
  },
  "0;1|8": {
    "fisherz": 0.940879921882263
  },
  "0;1|9": {
    "fisherz": 0.9627907472541575
  },
  "0;2|1": {
    "fisherz": 0.4618013546968629
  },
  "0;2|3": {
    "fisherz": 0.5688881709787903
  },
  "0;2|4": {
    "fisherz": 0.6062814945669324
  },
  "0;2|5": {
    "fisherz": 0.7602604543651621
  },
  "0;2|6": {
    "fisherz": 0.7237604624588139
  },
  "0;2|7": {
    "fisherz": 0.5664810722993321
  },
  "0;2|8": {
    "fisherz": 0.5315099051791692
  },
  "0;2|9": {
    "fisherz": 0.5671724094557566
  },
  "0;3|1": {
    "fisherz": 0.9824447186489311
  },
  "0;3|2": {
    "fisherz": 0.9865812718915539
  },
  "0;3|4": {
    "fisherz": 0.9709819323706266
  },
  "0;3|5": {
    "fisherz": 0.9945728780475536
  },
  "0;3|6": {
    "fisherz": 0.7780586518673813
  },
  "0;3|7": {
    "fisherz": 0.9912723751966845
  },
  "0;3|8": {
    "fisherz": 0.779435339342315
  },
  "0;3|9": {
    "fisherz": 0.7385890061584455
  },
  "0;4|1": {
    "fisherz": 0.16526211529822987
  },
  "0;4|2": {
    "fisherz": 0.17188027601268585
  },
  "0;4|3": {
    "fisherz": 0.16513543486220583
  },
  "0;4|5": {
    "fisherz": 0.49778151160582684
  },
  "0;4|6": {
    "fisherz": 0.7621308280114736
  },
  "0;4|7": {
    "fisherz": 0.1353693679225354
  },
  "0;4|8": {
    "fisherz": 0.1618807570278109
  },
  "0;4|9": {
    "fisherz": 0.16456729959653105
  },
  "0;5|1": {
    "fisherz": 0.0088360366812823
  },
  "0;5|2": {
    "fisherz": 0.010121243767965415
  },
  "0;5|3": {
    "fisherz": 0.008880663725145066
  },
  "0;5|4": {
    "fisherz": 0.02047041091918178
  },
  "0;5|6": {
    "fisherz": 0.39737074871971423
  },
  "0;5|7": {
    "fisherz": 0.010071971454714612
  },
  "0;5|8": {
    "fisherz": 0.008881855247976356
  },
  "0;5|9": {
    "fisherz": 0.009376932329530074
  },
  "0;6|1": {
    "fisherz": 0.0015808904513718858
  },
  "0;6|2": {
    "fisherz": 0.0017647152676885103
  },
  "0;6|3": {
    "fisherz": 0.0015136517423210982
  },
  "0;6|4": {
    "fisherz": 0.004358950516067717
  },
  "0;6|5": {
    "fisherz": 0.050483402896127405
  },
  "0;6|7": {
    "fisherz": 0.0015742662046283051
  },
  "0;6|8": {
    "fisherz": 0.003162358844929436
  },
  "0;6|9": {
    "fisherz": 0.0014412546898339151
  },
  "0;7|1": {
    "fisherz": 0.543963774478174
  },
  "0;7|2": {
    "fisherz": 0.5426430153822168
  },
  "0;7|3": {
    "fisherz": 0.5449512098240477
  },
  "0;7|4": {
    "fisherz": 0.4129575334089133
  },
  "0;7|5": {
    "fisherz": 0.7045623621154222
  },
  "0;7|6": {
    "fisherz": 0.5406126716431543
  },
  "0;7|8": {
    "fisherz": 0.5105196591289949
  },
  "0;7|9": {
    "fisherz": 0.5444986461572465
  },
  "0;8|1": {
    "fisherz": 0.2596767303019285
  },
  "0;8|2": {
    "fisherz": 0.24813054789103006
  },
  "0;8|3": {
    "fisherz": 0.2461475184341846
  },
  "0;8|4": {
    "fisherz": 0.25461889797289117
  },
  "0;8|5": {
    "fisherz": 0.26046556444836
  },
  "0;8|6": {
    "fisherz": 0.9158542778443921
  },
  "0;8|7": {
    "fisherz": 0.2482304958023409
  },
  "0;8|9": {
    "fisherz": 0.23763038215694987
  },
  "0;9|1": {
    "fisherz": 0.7088271182008903
  },
  "0;9|2": {
    "fisherz": 0.7063529361922298
  },
  "0;9|3": {
    "fisherz": 0.6169580200449116
  },
  "0;9|4": {
    "fisherz": 0.703091995855267
  },
  "0;9|5": {
    "fisherz": 0.8364582201772279
  },
  "0;9|6": {
    "fisherz": 0.579299896419782
  },
  "0;9|7": {
    "fisherz": 0.708560018176924
  },
  "0;9|8": {
    "fisherz": 0.6055516915887993
  },
  "1;2|0": {
    "fisherz": 0.0
  },
  "1;2|3": {
    "fisherz": 0.0
  },
  "1;2|4": {
    "fisherz": 0.0
  },
  "1;2|5": {
    "fisherz": 0.0
  },
  "1;2|6": {
    "fisherz": 0.0
  },
  "1;2|7": {
    "fisherz": 0.0
  },
  "1;2|8": {
    "fisherz": 0.0
  },
  "1;2|9": {
    "fisherz": 0.0
  },
  "1;3|0": {
    "fisherz": 0.8924060858122971
  },
  "1;3|2": {
    "fisherz": 0.9664811551535546
  },
  "1;3|4": {
    "fisherz": 0.8919912801734775
  },
  "1;3|5": {
    "fisherz": 0.8907051716306229
  },
  "1;3|6": {
    "fisherz": 0.8915377757004976
  },
  "1;3|7": {
    "fisherz": 0.8869970100348012
  },
  "1;3|8": {
    "fisherz": 0.9634785510297075
  },
  "1;3|9": {
    "fisherz": 0.7890435574502703
  },
  "1;4|0": {
    "fisherz": 0.966804573836028
  },
  "1;4|2": {
    "fisherz": 0.5917509119493223
  },
  "1;4|3": {
    "fisherz": 0.9627052719093669
  },
  "1;4|5": {
    "fisherz": 0.8814405230882187
  },
  "1;4|6": {
    "fisherz": 0.9634506119179338
  },
  "1;4|7": {
    "fisherz": 0.9950907632946993
  },
  "1;4|8": {
    "fisherz": 0.9659052263734411
  },
  "1;4|9": {
    "fisherz": 0.9640840153060068
  },
  "1;5|0": {
    "fisherz": 0.7249539401047387
  },
  "1;5|2": {
    "fisherz": 0.04536523140929494
  },
  "1;5|3": {
    "fisherz": 0.7335239080474623
  },
  "1;5|4": {
    "fisherz": 0.7127796229548418
  },
  "1;5|6": {
    "fisherz": 0.6596496336217479
  },
  "1;5|7": {
    "fisherz": 0.757302131792922
  },
  "1;5|8": {
    "fisherz": 0.7359351944955808
  },
  "1;5|9": {
    "fisherz": 0.7375641313981456
  },
  "1;6|0": {
    "fisherz": 0.9986385936167308
  },
  "1;6|2": {
    "fisherz": 0.2982030818599868
  },
  "1;6|3": {
    "fisherz": 0.9854332411171516
  },
  "1;6|4": {
    "fisherz": 0.992403436375592
  },
  "1;6|5": {
    "fisherz": 0.7791237598193155
  },
  "1;6|7": {
    "fisherz": 0.9936949866405904
  },
  "1;6|8": {
    "fisherz": 0.8809165673189323
  },
  "1;6|9": {
    "fisherz": 0.9977017899409815
  },
  "1;7|0": {
    "fisherz": 0.7211120316179871
  },
  "1;7|2": {
    "fisherz": 0.678940300642676
  },
  "1;7|3": {
    "fisherz": 0.7206287540437673
  },
  "1;7|4": {
    "fisherz": 0.7247513503009042
  },
  "1;7|5": {
    "fisherz": 0.7445416210749158
  },
  "1;7|6": {
    "fisherz": 0.7225951724254855
  },
  "1;7|8": {
    "fisherz": 0.7086954282980464
  },