{
  "data_hash": "9ef4e81617fbc09eb9dd92b23bb1cf65",
  "0;1": {
    "d_separation": 0.0
  },
  "0;2": {
    "d_separation": 0.0
  },
  "0;3": {
    "d_separation": 0.0
  },
  "0;4": {
    "d_separation": 0.0
  },
  "0;5": {
    "d_separation": 0.0
  },
  "0;6": {
    "d_separation": 0.0
  },
  "0;7": {
    "d_separation": 0.0
  },
  "0;8": {
    "d_separation": 0.0
  },
  "0;9": {
    "d_separation": 0.0
  },
  "1;2": {
    "d_separation": 0.0
  },
  "1;3": {
    "d_separation": 0.0
  },
  "1;4": {
    "d_separation": 0.0
  },
  "1;5": {
    "d_separation": 0.0
  },
  "1;6": {
    "d_separation": 0.0
  },
  "1;7": {
    "d_separation": 0.0
  },
  "1;8": {
    "d_separation": 0.0
  },
  "1;9": {
    "d_separation": 0.0
  },
  "2;3": {
    "d_separation": 0.0
  },
  "2;4": {
    "d_separation": 0.0
  },
  "2;5": {
    "d_separation": 0.0
  },
  "2;6": {
    "d_separation": 0.0
  },
  "2;7": {
    "d_separation": 0.0
  },
  "2;8": {
    "d_separation": 0.0
  },
  "2;9": {
    "d_separation": 0.0
  },
  "3;4": {
    "d_separation": 0.0
  },
  "3;5": {
    "d_separation": 0.0
  },
  "3;6": {
    "d_separation": 0.0
  },
  "3;7": {
    "d_separation": 0.0
  },
  "3;8": {
    "d_separation": 0.0
  },
  "3;9": {
    "d_separation": 0.0
  },
  "4;5": {
    "d_separation": 0.0
  },
  "4;6": {
    "d_separation": 0.0
  },
  "4;7": {
    "d_separation": 0.0
  },
  "4;8": {
    "d_separation": 0.0
  },
  "4;9": {
    "d_separation": 0.0
  },
  "5;6": {
    "d_separation": 0.0
  },
  "5;7": {
    "d_separation": 0.0
  },
  "5;8": {
    "d_separation": 1.0
  },
  "5;9": {
    "d_separation": 0.0
  },
  "6;7": {
    "d_separation": 0.0
  },
  "6;8": {
    "d_separation": 0.0
  },
  "6;9": {
    "d_separation": 0.0
  },
  "7;8": {
    "d_separation": 0.0
  },
  "7;9": {
    "d_separation": 0.0
  },
  "8;9": {
    "d_separation": 0.0
  },
  "0;1|2": {
    "kci": 0.0012475399150246869
  },
  "0;1|3": {
    "kci": 0.0033433352671066174
  },
  "0;1|4": {
    "kci": 0.0006202525888812094
  },
  "0;1|5": {
    "kci": 0.005060447711857763
  },
  "0;1|6": {
    "kci": 0.0023901582763743434
  },
  "0;1|7": {
    "kci": 0.0008345154670403865
  },
  "0;1|8": {
    "kci": 0.001933269240363189
  },
  "0;1|9": {
    "kci": 0.0042690463268467704
  },
  "0;2|1": {
    "kci": 0.21554108970757524
  },
  "0;2|3": {
    "kci": 0.5079072293217366
  },
  "0;2|4": {
    "kci": 0.3341883339373156
  },
  "0;2|5": {
    "kci": 0.3252567312623922
  },
  "0;2|6": {
    "kci": 0.5274752666208211
  },
  "0;2|7": {
    "kci": 0.4155376190717156
  },
  "0;2|8": {
    "kci": 0.3377463719080247
  },
  "0;2|9": {
    "kci": 0.39562219536432797
  },
  "0;3|1": {
    "kci": 0.6076090431287147
  },
  "0;3|2": {
    "kci": 0.31630205423030755
  },
  "0;3|4": {
    "kci": 0.2776380506264762
  },
  "0;3|5": {
    "kci": 0.16733526267745213
  },
  "0;3|6": {
    "kci": 0.44355672926152767
  },
  "0;3|7": {
    "kci": 0.47889276061057806
  },
  "0;3|8": {
    "kci": 0.42520543634919783
  },
  "0;3|9": {
    "kci": 0.0988974507276742
  },
  "0;4|1": {
    "kci": 0.783738391174551
  },
  "0;4|2": {
    "kci": 0.864202360823886
  },
  "0;4|3": {
    "kci": 0.7074445102928989
  },
  "0;4|5": {
    "kci": 0.6560527147051143
  },
  "0;4|6": {
    "kci": 0.7541404980281967
  },
  "0;4|7": {
    "kci": 0.8142147788615284
  },
  "0;4|8": {
    "kci": 0.5497169872959095
  },
  "0;4|9": {
    "kci": 0.8319054466512347
  },
  "0;5|1": {
    "kci": 0.6427741915962975
  },
  "0;5|2": {
    "kci": 0.3525103698920762
  },
  "0;5|3": {
    "kci": 0.20111065489051605
  },
  "0;5|4": {
    "kci": 0.378795802967131
  },
  "0;5|6": {
    "kci": 0.4755671671095868
  },
  "0;5|7": {
    "kci": 0.4723274231362372
  },
  "0;5|8": {
    "kci": 0.43587425048069894
  },
  "0;5|9": {
    "kci": 0.3370145385887764
  },
  "0;6|1": {
    "kci": 0.5398912909862817
  },
  "0;6|2": {
    "kci": 0.581612303204408
  },
  "0;6|3": {
    "kci": 0.5444351989495582
  },
  "0;6|4": {
    "kci": 0.35482998611311434
  },
  "0;6|5": {
    "kci": 0.6355195895997793
  },
  "0;6|7": {
    "kci": 0.5883606567713382
  },
  "0;6|8": {
    "kci": 0.3842325123161294
  },
  "0;6|9": {
    "kci": 0.4683223269604283
  },
  "0;7|1": {
    "kci": 0.2807611472294089
  },
  "0;7|2": {
    "kci": 0.2753794988769884
  },
  "0;7|3": {
    "kci": 0.28475102614982495
  },
  "0;7|4": {
    "kci": 0.26888423584293564
  },
  "0;7|5": {
    "kci": 0.29548689599724987
  },
  "0;7|6": {
    "kci": 0.2761449108340919
  },
  "0;7|8": {
    "kci": 0.2913643994078705
  },
  "0;7|9": {
    "kci": 0.25732180314749953
  },
  "0;8|1": {
    "kci": 0.5915969392283451
  },
  "0;8|2": {
    "kci": 0.7771518970216862
  },
  "0;8|3": {
    "kci": 0.8272488467038597
  },
  "0;8|4": {
    "kci": 0.6240488712213859
  },
  "0;8|5": {
    "kci": 0.6626854731819363
  },
  "0;8|6": {
    "kci": 0.6864415176587223
  },
  "0;8|7": {
    "kci": 0.8032394317251896
  },
  "0;8|9": {
    "kci": 0.6502604853865872
  },
  "0;9|1": {
    "kci": 0.8656959812385047
  },
  "0;9|2": {
    "kci": 0.8356701123123926
  },
  "0;9|3": {
    "kci": 0.8106261569849956
  },
  "0;9|4": {
    "kci": 0.8285854368252897
  },
  "0;9|5": {
    "kci": 0.8811874913247799
  },
  "0;9|6": {
    "kci": 0.8056808394895094
  },
  "0;9|7": {
    "kci": 0.8280557885512684
  },
  "0;9|8": {
    "kci": 0.707215760453197
  },
  "1;2|0": {
    "kci": 0.379710029807824
  },
  "1;2|3": {
    "kci": 0.2445810086020992
  },
  "1;2|4": {
    "kci": 0.5396929058518098
  },
  "1;2|5": {
    "kci": 0.2859610023492747
  },
  "1;2|6": {
    "kci": 0.5316544986954158
  },
  "1;2|7": {
    "kci": 0.5233097689741034
  },
  "1;2|8": {
    "kci": 0.5790314626408569
  },
  "1;2|9": {
    "kci": 0.42323767165844295
  },
  "1;3|0": {
    "kci": 0.05714707915960282
  },
  "1;3|2": {
    "kci": 0.14307782191228835
  },
  "1;3|4": {
    "kci": 0.08106455928538736
  },
  "1;3|5": {
    "kci": 0.3334694335884407
  },
  "1;3|6": {
    "kci": 0.3142500263068948
  },
  "1;3|7": {
    "kci": 0.45695459352958034
  },
  "1;3|8": {
    "kci": 0.028961509183347833
  },
  "1;3|9": {
    "kci": 0.17861825119395114
  },
  "1;4|0": {
    "kci": 0.38825133981677806
  },
  "1;4|2": {
    "kci": 0.49646691430360934
  },
  "1;4|3": {
    "kci": 0.4370550544724925
  },
  "1;4|5": {
    "kci": 0.43402415089388036
  },
  "1;4|6": {
    "kci": 0.433297829632211
  },
  "1;4|7": {
    "kci": 0.46191854451273406
  },
  "1;4|8": {
    "kci": 0.44038694175012194
  },
  "1;4|9": {
    "kci": 0.4675002887527405
  },
  "1;5|0": {
    "kci": 0.6685387004128279
  },
  "1;5|2": {
    "kci": 0.6089393429822665
  },
  "1;5|3": {
    "kci": 0.6844500753165932
  },
  "1;5|4": {
    "kci": 0.6181420022635503
  },
  "1;5|6": {
    "kci": 0.721222425234286
  },
  "1;5|7": {
    "kci": 0.6552004443287603
  },
  "1;5|8": {
    "kci": 0.4840885613530338
  },
  "1;5|9": {
    "kci": 0.6070426040277551
  },
  "1;6|0": {
    "kci": 0.4304670041273023
  },
  "1;6|2": {
    "kci": 0.4116321198719899
  },
  "1;6|3": {
    "kci": 0.4191768264377016
  },
  "1;6|4": {
    "kci": 0.5603977050791279
  },
  "1;6|5": {
    "kci": 0.4655032638945682
  },
  "1;6|7": {
    "kci": 0.4239891359054888
  },
  "1;6|8": {
    "kci": 0.5150608458956079
  },
  "1;6|9": {
    "kci": 0.14132683051241057
  },
  "1;7|0": {
    "kci": 0.4054069789499908
  },
  "1;7|2": {
    "kci": 0.5649949050027926
  },
  "1;7|3": {
    "kci": 0.40850467034424665
  },
  "1;7|4": {
    "kci": 0.523802834366633
  },
  "1;7|5": {
    "kci": 0.3609153375233982
  },
  "1;7|6": {
    "kci": 0.5185293841223992
  },
  "1;7|8": {
    "kci": 0.5291466476780459
  },
  "1;7|9": {
    "kci": 0.561364255794264
  },
  "1;8|0": {
    "kci": 0.718996836905749
  },
  "1;8|2": {
    "kci": 0.8407916861073078
  },
  "1;8|3": {
    "kci": 0.7508039995410529
  },
  "1;8|4": {
    "kci": 0.80802292197911
  },
  "1;8|5": {
    "kci": 0.6613277197386029
  },
  "1;8|6": {
    "kci": 0.8728328517601399
  },
  "1;8|7": {
    "kci": 0.8208177344305898
  },