{
  "data_hash": "9fff40cb1076a8815101bd428e77ace6",
  "0;1": {
    "d_separation": 0.0
  },
  "0;2": {
    "d_separation": 0.0
  },
  "0;3": {
    "d_separation": 0.0
  },
  "0;4": {
    "d_separation": 0.0
  },
  "0;5": {
    "d_separation": 0.0
  },
  "0;6": {
    "d_separation": 0.0
  },
  "0;7": {
    "d_separation": 0.0
  },
  "0;8": {
    "d_separation": 0.0
  },
  "0;9": {
    "d_separation": 0.0
  },
  "1;2": {
    "d_separation": 0.0
  },
  "1;3": {
    "d_separation": 0.0
  },
  "1;4": {
    "d_separation": 0.0
  },
  "1;5": {
    "d_separation": 0.0
  },
  "1;6": {
    "d_separation": 0.0
  },
  "1;7": {
    "d_separation": 0.0
  },
  "1;8": {
    "d_separation": 0.0
  },
  "1;9": {
    "d_separation": 0.0
  },
  "2;3": {
    "d_separation": 0.0
  },
  "2;4": {
    "d_separation": 0.0
  },
  "2;5": {
    "d_separation": 0.0
  },
  "2;6": {
    "d_separation": 0.0
  },
  "2;7": {
    "d_separation": 0.0
  },
  "2;8": {
    "d_separation": 0.0
  },
  "2;9": {
    "d_separation": 0.0
  },
  "3;4": {
    "d_separation": 0.0
  },
  "3;5": {
    "d_separation": 0.0
  },
  "3;6": {
    "d_separation": 0.0
  },
  "3;7": {
    "d_separation": 0.0
  },
  "3;8": {
    "d_separation": 0.0
  },
  "3;9": {
    "d_separation": 0.0
  },
  "4;5": {
    "d_separation": 0.0
  },
  "4;6": {
    "d_separation": 0.0
  },
  "4;7": {
    "d_separation": 0.0
  },
  "4;8": {
    "d_separation": 0.0
  },
  "4;9": {
    "d_separation": 0.0
  },
  "5;6": {
    "d_separation": 0.0
  },
  "5;7": {
    "d_separation": 0.0
  },
  "5;8": {
    "d_separation": 0.0
  },
  "5;9": {
    "d_separation": 0.0
  },
  "6;7": {
    "d_separation": 0.0
  },
  "6;8": {
    "d_separation": 0.0
  },
  "6;9": {
    "d_separation": 0.0
  },
  "7;8": {
    "d_separation": 0.0
  },
  "7;9": {
    "d_separation": 0.0
  },
  "8;9": {
    "d_separation": 0.0
  },
  "0;1|2": {
    "kci": 0.29770008365527745
  },
  "0;1|3": {
    "kci": 0.6655986996237082
  },
  "0;1|4": {
    "kci": 0.5305114351714055
  },
  "0;1|5": {
    "kci": 0.38092182107925043
  },
  "0;1|6": {
    "kci": 0.373672872641154
  },
  "0;1|7": {
    "kci": 0.319629558872772
  },
  "0;1|8": {
    "kci": 0.2835165828157806
  },
  "0;1|9": {
    "kci": 0.3915663261744824
  },
  "0;2|1": {
    "kci": 0.3754704290371845
  },
  "0;2|3": {
    "kci": 0.43691114913153994
  },
  "0;2|4": {
    "kci": 0.37962896023474224
  },
  "0;2|5": {
    "kci": 0.4700665086712844
  },
  "0;2|6": {
    "kci": 0.20308425757730786
  },
  "0;2|7": {
    "kci": 0.5397686337166232
  },
  "0;2|8": {
    "kci": 0.2983465359273071
  },
  "0;2|9": {
    "kci": 0.28542298308809233
  },
  "0;3|1": {
    "kci": 0.00017995461507891441
  },
  "0;3|2": {
    "kci": 0.0004729071703779564
  },
  "0;3|4": {
    "kci": 0.00015490379851634817
  },
  "0;3|5": {
    "kci": 7.234326490579424e-05
  },
  "0;3|6": {
    "kci": 4.514607082839461e-06
  },
  "0;3|7": {
    "kci": 0.00013872806278192318
  },
  "0;3|8": {
    "kci": 3.2718704056744485e-05
  },
  "0;3|9": {
    "kci": 2.7843069945854282e-05
  },
  "0;4|1": {
    "kci": 0.4208136835195294
  },
  "0;4|2": {
    "kci": 0.37901655908218035
  },
  "0;4|3": {
    "kci": 0.46453922822782867
  },
  "0;4|5": {
    "kci": 0.46561858478526197
  },
  "0;4|6": {
    "kci": 0.32830855665519765
  },
  "0;4|7": {
    "kci": 0.057175647939383456
  },
  "0;4|8": {
    "kci": 0.2610451543802639
  },
  "0;4|9": {
    "kci": 0.5207840039837828
  },
  "0;5|1": {
    "kci": 0.5176273334780068
  },
  "0;5|2": {
    "kci": 0.6694518580312471
  },
  "0;5|3": {
    "kci": 0.44535597467899024
  },
  "0;5|4": {
    "kci": 0.7009981008235119
  },
  "0;5|6": {
    "kci": 0.7142036453257824
  },
  "0;5|7": {
    "kci": 0.7294136685493622
  },
  "0;5|8": {
    "kci": 0.607640363066574
  },
  "0;5|9": {
    "kci": 0.46419066932776876
  },
  "0;6|1": {
    "kci": 0.5115492830098837
  },
  "0;6|2": {
    "kci": 0.44771802980473974
  },
  "0;6|3": {
    "kci": 0.28251698586603
  },
  "0;6|4": {
    "kci": 0.3256583472093322
  },
  "0;6|5": {
    "kci": 0.5887455548860292
  },
  "0;6|7": {
    "kci": 0.3974640321937879
  },
  "0;6|8": {
    "kci": 0.799693305577075
  },
  "0;6|9": {
    "kci": 0.6504822975720836
  },
  "0;7|1": {
    "kci": 0.020106197903677736
  },
  "0;7|2": {
    "kci": 0.02150226776109787
  },
  "0;7|3": {
    "kci": 0.04210277876805335
  },
  "0;7|4": {
    "kci": 0.008321340941705335
  },
  "0;7|5": {
    "kci": 0.031138498726388297
  },
  "0;7|6": {
    "kci": 0.015904796621833084
  },
  "0;7|8": {
    "kci": 0.004774951323081256
  },
  "0;7|9": {
    "kci": 0.0016832284095439354
  },
  "0;8|1": {
    "kci": 0.0032744177850788647
  },
  "0;8|2": {
    "kci": 0.009739997699671044
  },
  "0;8|3": {
    "kci": 0.0005305975021995257
  },
  "0;8|4": {
    "kci": 0.011530338476072988
  },
  "0;8|5": {
    "kci": 0.003279102474094797
  },
  "0;8|6": {
    "kci": 0.01849188778821742
  },
  "0;8|7": {
    "kci": 0.0009707809053867145
  },
  "0;8|9": {
    "kci": 0.015092032778777797
  },
  "0;9|1": {
    "kci": 0.1925186383932479
  },
  "0;9|2": {
    "kci": 0.34780743287101346
  },
  "0;9|3": {
    "kci": 0.190041461228585
  },
  "0;9|4": {
    "kci": 0.2413547707207404
  },
  "0;9|5": {
    "kci": 0.21343547600694424
  },
  "0;9|6": {
    "kci": 0.3141285861259646
  },
  "0;9|7": {
    "kci": 0.09598530230941726
  },
  "0;9|8": {
    "kci": 0.10679261483999136
  },
  "1;2|0": {
    "kci": 0.3748983257644294
  },
  "1;2|3": {
    "kci": 0.3495411825498793
  },
  "1;2|4": {
    "kci": 0.3668850116397294
  },
  "1;2|5": {
    "kci": 0.3737220316500838
  },
  "1;2|6": {
    "kci": 0.3675622437532773
  },
  "1;2|7": {
    "kci": 0.3730742808191009
  },
  "1;2|8": {
    "kci": 0.381570758984927
  },
  "1;2|9": {
    "kci": 0.36361901222232496
  },
  "1;3|0": {
    "kci": 0.1529049496758469
  },
  "1;3|2": {
    "kci": 0.09237431668032314
  },
  "1;3|4": {
    "kci": 0.12152250940153642
  },
  "1;3|5": {
    "kci": 0.09846211168842411
  },
  "1;3|6": {
    "kci": 0.10640118605052995
  },
  "1;3|7": {
    "kci": 0.16791127887785684
  },
  "1;3|8": {
    "kci": 0.10039531682300573
  },
  "1;3|9": {
    "kci": 0.09944171278064384
  },
  "1;4|0": {
    "kci": 0.40469965822708986
  },
  "1;4|2": {
    "kci": 0.3859736554121408
  },
  "1;4|3": {
    "kci": 0.3980853449927615
  },
  "1;4|5": {
    "kci": 0.4166387983158757
  },
  "1;4|6": {
    "kci": 0.40751882447810095
  },
  "1;4|7": {
    "kci": 0.34284778964930296
  },
  "1;4|8": {
    "kci": 0.3926404288535795
  },
  "1;4|9": {
    "kci": 0.41568522262791685
  },
  "1;5|0": {
    "kci": 0.04312699910585249
  },
  "1;5|2": {
    "kci": 0.06460869370482392
  },
  "1;5|3": {
    "kci": 0.052880487651246755
  },
  "1;5|4": {
    "kci": 0.030129760462237587
  },
  "1;5|6": {
    "kci": 0.03401407074350393
  },
  "1;5|7": {
    "kci": 0.02569733812282904
  },
  "1;5|8": {
    "kci": 0.05279207219936055
  },
  "1;5|9": {
    "kci": 0.1050048549052005
  },
  "1;6|0": {
    "kci": 0.5981469188428719
  },
  "1;6|2": {
    "kci": 0.6019886896296647
  },
  "1;6|3": {
    "kci": 0.6822028787877212
  },
  "1;6|4": {
    "kci": 0.1969802829173799
  },
  "1;6|5": {
    "kci": 0.6758436503061739
  },
  "1;6|7": {
    "kci": 0.41464320812580624
  },
  "1;6|8": {
    "kci": 0.6913447987808439
  },
  "1;6|9": {
    "kci": 0.6081432909923192
  },
  "1;7|0": {
    "kci": 0.4896120337784067
  },
  "1;7|2": {
    "kci": 0.6182567581262475
  },
  "1;7|3": {
    "kci": 0.4877507348999276
  },
  "1;7|4": {
    "kci": 0.5566758823207294
  },
  "1;7|5": {
    "kci": 0.5757917353923765
  },
  "1;7|6": {
    "kci": 0.5293092806270803
  },
  "1;7|8": {
    "kci": 0.6899097232209055
  },
  "1;7|9": {
    "kci": 0.5946524648944312
  },
  "1;8|0": {
    "kci": 0.44278153525192454
  },
  "1;8|2": {
    "kci": 0.5690645244438948
  },
  "1;8|3": {
    "kci": 0.3572867415174936
  },
  "1;8|4": {
    "kci": 0.35176641507746864
  },
  "1;8|5": {
    "kci": 0.46260202986599663
  },
  "1;8|6": {
    "kci": 0.42699670080674357
  },