{
  "data_hash": "a092fe0e2cb38bd68fceb5aa1498e3fc",
  "0;1": {
    "d_separation": 0.0
  },
  "0;2": {
    "d_separation": 0.0
  },
  "0;3": {
    "d_separation": 0.0
  },
  "0;4": {
    "d_separation": 0.0
  },
  "0;5": {
    "d_separation": 0.0
  },
  "0;6": {
    "d_separation": 0.0
  },
  "0;7": {
    "d_separation": 0.0
  },
  "0;8": {
    "d_separation": 0.0
  },
  "0;9": {
    "d_separation": 0.0
  },
  "1;2": {
    "d_separation": 0.0
  },
  "1;3": {
    "d_separation": 0.0
  },
  "1;4": {
    "d_separation": 0.0
  },
  "1;5": {
    "d_separation": 0.0
  },
  "1;6": {
    "d_separation": 0.0
  },
  "1;7": {
    "d_separation": 1.0
  },
  "1;8": {
    "d_separation": 0.0
  },
  "1;9": {
    "d_separation": 0.0
  },
  "2;3": {
    "d_separation": 0.0
  },
  "2;4": {
    "d_separation": 0.0
  },
  "2;5": {
    "d_separation": 0.0
  },
  "2;6": {
    "d_separation": 0.0
  },
  "2;7": {
    "d_separation": 0.0
  },
  "2;8": {
    "d_separation": 0.0
  },
  "2;9": {
    "d_separation": 0.0
  },
  "3;4": {
    "d_separation": 0.0
  },
  "3;5": {
    "d_separation": 0.0
  },
  "3;6": {
    "d_separation": 0.0
  },
  "3;7": {
    "d_separation": 1.0
  },
  "3;8": {
    "d_separation": 0.0
  },
  "3;9": {
    "d_separation": 0.0
  },
  "4;5": {
    "d_separation": 0.0
  },
  "4;6": {
    "d_separation": 0.0
  },
  "4;7": {
    "d_separation": 1.0
  },
  "4;8": {
    "d_separation": 0.0
  },
  "4;9": {
    "d_separation": 0.0
  },
  "5;6": {
    "d_separation": 0.0
  },
  "5;7": {
    "d_separation": 0.0
  },
  "5;8": {
    "d_separation": 0.0
  },
  "5;9": {
    "d_separation": 0.0
  },
  "6;7": {
    "d_separation": 0.0
  },
  "6;8": {
    "d_separation": 0.0
  },
  "6;9": {
    "d_separation": 0.0
  },
  "7;8": {
    "d_separation": 0.0
  },
  "7;9": {
    "d_separation": 0.0
  },
  "8;9": {
    "d_separation": 0.0
  },
  "0;1|2": {
    "fisherz": 0.9592959947102511
  },
  "0;1|3": {
    "fisherz": 0.9236981939345632
  },
  "0;1|4": {
    "fisherz": 0.9350159448776976
  },
  "0;1|5": {
    "fisherz": 0.942204562765391
  },
  "0;1|6": {
    "fisherz": 0.9534976572090916
  },
  "0;1|7": {
    "fisherz": 0.852273989218733
  },
  "0;1|8": {
    "fisherz": 0.9871419672315098
  },
  "0;1|9": {
    "fisherz": 0.9660783110944124
  },
  "0;2|1": {
    "fisherz": 0.4165945955997741
  },
  "0;2|3": {
    "fisherz": 0.41842295559406417
  },
  "0;2|4": {
    "fisherz": 0.41659412194971335
  },
  "0;2|5": {
    "fisherz": 0.41047820625257403
  },
  "0;2|6": {
    "fisherz": 0.4086035806414108
  },
  "0;2|7": {
    "fisherz": 0.3749670411930981
  },
  "0;2|8": {
    "fisherz": 0.39715620090473047
  },
  "0;2|9": {
    "fisherz": 0.48072446864968876
  },
  "0;3|1": {
    "fisherz": 0.8812181796227594
  },
  "0;3|2": {
    "fisherz": 0.9179839453266851
  },
  "0;3|4": {
    "fisherz": 0.8848009034159454
  },
  "0;3|5": {
    "fisherz": 0.8856461309107748
  },
  "0;3|6": {
    "fisherz": 0.8329957808102975
  },
  "0;3|7": {
    "fisherz": 0.880732603721667
  },
  "0;3|8": {
    "fisherz": 0.9887811950769578
  },
  "0;3|9": {
    "fisherz": 0.9386984478320615
  },
  "0;4|1": {
    "fisherz": 0.9404510944274378
  },
  "0;4|2": {
    "fisherz": 0.9687111690857113
  },
  "0;4|3": {
    "fisherz": 0.9344256537026678
  },
  "0;4|5": {
    "fisherz": 0.9661797872423632
  },
  "0;4|6": {
    "fisherz": 0.9371863928978224
  },
  "0;4|7": {
    "fisherz": 0.9615089329981072
  },
  "0;4|8": {
    "fisherz": 0.9957897644592499
  },
  "0;4|9": {
    "fisherz": 0.9865820196064707
  },
  "0;5|1": {
    "fisherz": 0.7792938599050667
  },
  "0;5|2": {
    "fisherz": 0.7599253556640713
  },
  "0;5|3": {
    "fisherz": 0.7762075245688185
  },
  "0;5|4": {
    "fisherz": 0.7825940413380417
  },
  "0;5|6": {
    "fisherz": 0.7185112909878926
  },
  "0;5|7": {
    "fisherz": 0.7135573445173486
  },
  "0;5|8": {
    "fisherz": 0.7116480898724795
  },
  "0;5|9": {
    "fisherz": 0.8043408610027261
  },
  "0;6|1": {
    "fisherz": 0.38880064805113657
  },
  "0;6|2": {
    "fisherz": 0.38181364837436327
  },
  "0;6|3": {
    "fisherz": 0.3800218690587638
  },
  "0;6|4": {
    "fisherz": 0.3875637593736845
  },
  "0;6|5": {
    "fisherz": 0.3722934632676027
  },
  "0;6|7": {
    "fisherz": 0.4283525035795872
  },
  "0;6|8": {
    "fisherz": 0.34787888748116025
  },
  "0;6|9": {
    "fisherz": 0.33907859263889417
  },
  "0;7|1": {
    "fisherz": 0.39286661021448066
  },
  "0;7|2": {
    "fisherz": 0.36366854923378344
  },
  "0;7|3": {
    "fisherz": 0.4012083954136987
  },
  "0;7|4": {
    "fisherz": 0.40320952154699397
  },
  "0;7|5": {
    "fisherz": 0.38430967243404757
  },
  "0;7|6": {
    "fisherz": 0.445004975262298
  },
  "0;7|8": {
    "fisherz": 0.38411647830709716
  },
  "0;7|9": {
    "fisherz": 0.3363469295881243
  },
  "0;8|1": {
    "fisherz": 0.042184368688145124
  },
  "0;8|2": {
    "fisherz": 0.04072295571968709
  },
  "0;8|3": {
    "fisherz": 0.042517527964267776
  },
  "0;8|4": {
    "fisherz": 0.042163395658926905
  },
  "0;8|5": {
    "fisherz": 0.04063132342465581
  },
  "0;8|6": {
    "fisherz": 0.038785456999194334
  },
  "0;8|7": {
    "fisherz": 0.04066203037338001
  },
  "0;8|9": {
    "fisherz": 0.030893368295787482
  },
  "0;9|1": {
    "fisherz": 0.04270630073661841
  },
  "0;9|2": {
    "fisherz": 0.04703438433942053
  },
  "0;9|3": {
    "fisherz": 0.04293705488770505
  },
  "0;9|4": {
    "fisherz": 0.042717954489056575
  },
  "0;9|5": {
    "fisherz": 0.04305651350382811
  },
  "0;9|6": {
    "fisherz": 0.038545363957830814
  },
  "0;9|7": {
    "fisherz": 0.037326202508431994
  },
  "0;9|8": {
    "fisherz": 0.03129882293612485
  },
  "1;2|0": {
    "fisherz": 0.6001322141518919
  },
  "1;2|3": {
    "fisherz": 0.5515380676536961
  },
  "1;2|4": {
    "fisherz": 0.5974800439071113
  },
  "1;2|5": {
    "fisherz": 0.5885507770947385
  },
  "1;2|6": {
    "fisherz": 0.5942798846368427
  },
  "1;2|8": {
    "fisherz": 0.5916853445786456
  },
  "1;2|9": {
    "fisherz": 0.6316449073935646
  },
  "1;3|0": {
    "fisherz": 0.17088926971309082
  },
  "1;3|2": {
    "fisherz": 0.16274597673348556
  },
  "1;3|4": {
    "fisherz": 0.1707890254612563
  },
  "1;3|5": {
    "fisherz": 0.1724595181958244
  },
  "1;3|6": {
    "fisherz": 0.1794132962462347
  },
  "1;3|8": {
    "fisherz": 0.15682847419423007
  },
  "1;3|9": {
    "fisherz": 0.1616063630105633
  },
  "1;4|0": {
    "fisherz": 0.9904454306858517
  },
  "1;4|2": {
    "fisherz": 0.99144091912222
  },
  "1;4|3": {
    "fisherz": 0.9525245520301742
  },
  "1;4|5": {
    "fisherz": 0.9678818925139352
  },
  "1;4|6": {
    "fisherz": 0.9887290953033134
  },
  "1;4|8": {
    "fisherz": 0.9913001128946819
  },
  "1;4|9": {
    "fisherz": 0.9787218457176916
  },
  "1;5|0": {
    "fisherz": 0.6513054470304529
  },
  "1;5|2": {
    "fisherz": 0.639481877862415
  },
  "1;5|3": {
    "fisherz": 0.6591783981717332
  },
  "1;5|4": {
    "fisherz": 0.6490270195595318
  },
  "1;5|6": {
    "fisherz": 0.6249031772154194
  },
  "1;5|8": {
    "fisherz": 0.6296683636642988
  },
  "1;5|9": {
    "fisherz": 0.6611407209931639
  },
  "1;6|0": {
    "fisherz": 0.7070279147278657
  },
  "1;6|2": {
    "fisherz": 0.6991295445532852
  },
  "1;6|3": {
    "fisherz": 0.7847496706466444
  },
  "1;6|4": {
    "fisherz": 0.7037813080511204
  },
  "1;6|5": {
    "fisherz": 0.6731894875281268
  },
  "1;6|8": {
    "fisherz": 0.687362618170503
  },
  "1;6|9": {
    "fisherz": 0.6774304140359093
  },
  "1;8|0": {
    "fisherz": 0.5015715801881244
  },
  "1;8|2": {
    "fisherz": 0.49442426503725034
  },
  "1;8|3": {
    "fisherz": 0.44255892751098136
  },
  "1;8|4": {
    "fisherz": 0.4985703352721633
  },
  "1;8|5": {
    "fisherz": 0.48622264198992715
  },
  "1;8|6": {
    "fisherz": 0.49048800129927006
  },
  "1;8|9": {
    "fisherz": 0.47106614147905024
  },
  "1;9|0": {
    "fisherz": 0.3911126728912311
  },
  "1;9|2": {
    "fisherz": 0.4057286364608941
  },
  "1;9|3": {
    "fisherz": 0.36322909478963394
  },