{
  "data_hash": "a1f1caae00be388182bb16f7230b58e7",
  "0;1": {
    "d_separation": 0.0
  },
  "0;2": {
    "d_separation": 0.0
  },
  "0;3": {
    "d_separation": 0.0
  },
  "0;4": {
    "d_separation": 0.0
  },
  "0;5": {
    "d_separation": 0.0
  },
  "0;6": {
    "d_separation": 0.0
  },
  "0;7": {
    "d_separation": 0.0
  },
  "0;8": {
    "d_separation": 0.0
  },
  "0;9": {
    "d_separation": 0.0
  },
  "1;2": {
    "d_separation": 0.0
  },
  "1;3": {
    "d_separation": 0.0
  },
  "1;4": {
    "d_separation": 0.0
  },
  "1;5": {
    "d_separation": 0.0
  },
  "1;6": {
    "d_separation": 0.0
  },
  "1;7": {
    "d_separation": 0.0
  },
  "1;8": {
    "d_separation": 0.0
  },
  "1;9": {
    "d_separation": 0.0
  },
  "2;3": {
    "d_separation": 0.0
  },
  "2;4": {
    "d_separation": 0.0
  },
  "2;5": {
    "d_separation": 0.0
  },
  "2;6": {
    "d_separation": 0.0
  },
  "2;7": {
    "d_separation": 0.0
  },
  "2;8": {
    "d_separation": 0.0
  },
  "2;9": {
    "d_separation": 0.0
  },
  "3;4": {
    "d_separation": 0.0
  },
  "3;5": {
    "d_separation": 0.0
  },
  "3;6": {
    "d_separation": 0.0
  },
  "3;7": {
    "d_separation": 0.0
  },
  "3;8": {
    "d_separation": 0.0
  },
  "3;9": {
    "d_separation": 0.0
  },
  "4;5": {
    "d_separation": 0.0
  },
  "4;6": {
    "d_separation": 0.0
  },
  "4;7": {
    "d_separation": 0.0
  },
  "4;8": {
    "d_separation": 0.0
  },
  "4;9": {
    "d_separation": 0.0
  },
  "5;6": {
    "d_separation": 0.0
  },
  "5;7": {
    "d_separation": 0.0
  },
  "5;8": {
    "d_separation": 0.0
  },
  "5;9": {
    "d_separation": 0.0
  },
  "6;7": {
    "d_separation": 0.0
  },
  "6;8": {
    "d_separation": 0.0
  },
  "6;9": {
    "d_separation": 0.0
  },
  "7;8": {
    "d_separation": 0.0
  },
  "7;9": {
    "d_separation": 0.0
  },
  "8;9": {
    "d_separation": 0.0
  },
  "0;1|2": {
    "kci": 5.664246849335086e-12
  },
  "0;1|3": {
    "kci": 3.2267928329332562e-09
  },
  "0;1|4": {
    "kci": 1.9440440923723656e-08
  },
  "0;1|5": {
    "kci": 0.00353082882459943
  },
  "0;1|6": {
    "kci": 4.661809250849913e-07
  },
  "0;1|7": {
    "kci": 5.151363554589672e-05
  },
  "0;1|8": {
    "kci": 4.4957884082208466e-09
  },
  "0;1|9": {
    "kci": 8.196560097317729e-09
  },
  "0;2|1": {
    "kci": 6.433111468162611e-05
  },
  "0;2|3": {
    "kci": 0.012439527036040787
  },
  "0;2|4": {
    "kci": 0.23562776450045542
  },
  "0;2|5": {
    "kci": 0.00750646617855566
  },
  "0;2|6": {
    "kci": 0.0020395626045396353
  },
  "0;2|7": {
    "kci": 0.06652337139000952
  },
  "0;2|8": {
    "kci": 0.014732827635236645
  },
  "0;2|9": {
    "kci": 0.014119576602044215
  },
  "0;3|1": {
    "kci": 1.1590728377086634e-13
  },
  "0;3|2": {
    "kci": 1.1102230246251565e-16
  },
  "0;3|4": {
    "kci": 3.040139118226648e-08
  },
  "0;3|5": {
    "kci": 3.912792233551343e-07
  },
  "0;3|6": {
    "kci": 2.5144181403646826e-08
  },
  "0;3|7": {
    "kci": 6.234854284414837e-05
  },
  "0;3|8": {
    "kci": 4.440892098500626e-16
  },
  "0;3|9": {
    "kci": 1.438849039914203e-13
  },
  "0;4|1": {
    "kci": 3.3293535992573453e-06
  },
  "0;4|2": {
    "kci": 0.0004566435097471677
  },
  "0;4|3": {
    "kci": 0.16620638013458944
  },
  "0;4|5": {
    "kci": 0.10133839117819254
  },
  "0;4|6": {
    "kci": 0.0015403125120696526
  },
  "0;4|7": {
    "kci": 0.8654536349683724
  },
  "0;4|8": {
    "kci": 6.537493351999046e-06
  },
  "0;4|9": {
    "kci": 0.0014654657880572852
  },
  "0;5|1": {
    "kci": 4.599228775603592e-10
  },
  "0;5|2": {
    "kci": 2.9246050026188186e-11
  },
  "0;5|3": {
    "kci": 3.04867242562068e-13
  },
  "0;5|4": {
    "kci": 5.799805080641818e-13
  },
  "0;5|6": {
    "kci": 7.203682095280328e-12
  },
  "0;5|7": {
    "kci": 1.6095061949883416e-09
  },
  "0;5|8": {
    "kci": 3.1530333899354446e-14
  },
  "0;5|9": {
    "kci": 2.67663669006879e-12
  },
  "0;6|1": {
    "kci": 1.1740426330564269e-05
  },
  "0;6|2": {
    "kci": 9.084955010507656e-13
  },
  "0;6|3": {
    "kci": 0.0002990798086359714
  },
  "0;6|4": {
    "kci": 2.8617702207967e-08
  },
  "0;6|5": {
    "kci": 0.019588825926140974
  },
  "0;6|7": {
    "kci": 0.000156447245638347
  },
  "0;6|8": {
    "kci": 9.99422766767566e-13
  },
  "0;6|9": {
    "kci": 0.00018363576289015526
  },
  "0;7|1": {
    "kci": 0.0
  },
  "0;7|2": {
    "kci": 0.0
  },
  "0;7|3": {
    "kci": 0.0
  },
  "0;7|4": {
    "kci": 0.0
  },
  "0;7|5": {
    "kci": 3.3306690738754696e-16
  },
  "0;7|6": {
    "kci": 0.0
  },
  "0;7|8": {
    "kci": 0.0
  },
  "0;7|9": {
    "kci": 0.0
  },
  "0;8|1": {
    "kci": 0.13439254862754524
  },
  "0;8|2": {
    "kci": 0.36794312818475317
  },
  "0;8|3": {
    "kci": 0.2575895200586842
  },
  "0;8|4": {
    "kci": 0.48410047574915915
  },
  "0;8|5": {
    "kci": 0.12076598732901844
  },
  "0;8|6": {
    "kci": 0.13317365030387152
  },
  "0;8|7": {
    "kci": 0.22310848619410428
  },
  "0;8|9": {
    "kci": 0.1714610889561795
  },
  "0;9|1": {
    "kci": 8.184555590662335e-05
  },
  "0;9|2": {
    "kci": 2.011438349214245e-09
  },
  "0;9|3": {
    "kci": 0.00032627682313024486
  },
  "0;9|4": {
    "kci": 3.3220841509917776e-06
  },
  "0;9|5": {
    "kci": 0.07861293816928416
  },
  "0;9|6": {
    "kci": 0.06018256862765947
  },
  "0;9|7": {
    "kci": 0.008523710573410503
  },
  "0;9|8": {
    "kci": 1.5305534617482408e-12
  },
  "1;2|0": {
    "kci": 0.015364961962029855
  },
  "1;2|3": {
    "kci": 0.00011218964920212127
  },
  "1;2|4": {
    "kci": 0.0005136409822444898
  },
  "1;2|5": {
    "kci": 0.005649655712349655
  },
  "1;2|6": {
    "kci": 0.00033798696867826106
  },
  "1;2|7": {
    "kci": 0.01860859319171182
  },
  "1;2|8": {
    "kci": 0.06316665481625539
  },
  "1;2|9": {
    "kci": 0.012270519367544752
  },
  "1;3|0": {
    "kci": 8.355373274371303e-07
  },
  "1;3|2": {
    "kci": 0.0
  },
  "1;3|4": {
    "kci": 4.67415439686647e-10
  },
  "1;3|5": {
    "kci": 3.60371775753876e-08
  },
  "1;3|6": {
    "kci": 5.979431744407293e-06
  },
  "1;3|7": {
    "kci": 0.003256739036451739
  },
  "1;3|8": {
    "kci": 8.948397578478762e-14
  },
  "1;3|9": {
    "kci": 7.425360326607233e-11
  },
  "1;4|0": {
    "kci": 0.03560336152324517
  },
  "1;4|2": {
    "kci": 0.0005693809298035202
  },
  "1;4|3": {
    "kci": 0.010345481858134331
  },
  "1;4|5": {
    "kci": 0.04429968791426575
  },
  "1;4|6": {
    "kci": 0.0004264032028671316
  },
  "1;4|7": {
    "kci": 0.09702267071855641
  },
  "1;4|8": {
    "kci": 0.0007770043127413029
  },
  "1;4|9": {
    "kci": 0.04100480017236241
  },
  "1;5|0": {
    "kci": 0.183412923519512
  },
  "1;5|2": {
    "kci": 0.04735600415839125
  },
  "1;5|3": {
    "kci": 0.016078987907060527
  },
  "1;5|4": {
    "kci": 0.05527717910767649
  },
  "1;5|6": {
    "kci": 0.06858882300238256
  },
  "1;5|7": {
    "kci": 0.06587071964500024
  },
  "1;5|8": {
    "kci": 0.005693159919482604
  },
  "1;5|9": {
    "kci": 0.03459984129524274
  },
  "1;6|0": {
    "kci": 0.015392462069664159
  },
  "1;6|2": {
    "kci": 1.5611218651123693e-08
  },
  "1;6|3": {
    "kci": 0.16691979255331568
  },
  "1;6|4": {
    "kci": 3.4597382065904014e-06
  },
  "1;6|5": {
    "kci": 0.0007145462406116243
  },
  "1;6|7": {
    "kci": 0.19867056436788877
  },
  "1;6|8": {
    "kci": 1.3236087887946724e-06
  },
  "1;6|9": {
    "kci": 0.00843863044241111
  },
  "1;7|0": {
    "kci": 0.00020633210582599038
  },
  "1;7|2": {
    "kci": 1.6310730543978025e-11
  },
  "1;7|3": {
    "kci": 0.005732476412455445
  },
  "1;7|4": {
    "kci": 5.175349385710959e-07
  },
  "1;7|5": {
    "kci": 0.00010143572054122085
  },
  "1;7|6": {
    "kci": 0.00031798717041975344
  },
  "1;7|8": {
    "kci": 1.2827516826519059e-10
  },
  "1;7|9": {
    "kci": 3.671331536558853e-07
  },
  "1;8|0": {
    "kci": 0.4432533968711111
  },
  "1;8|2": {
    "kci": 0.18073821066889606
  },
  "1;8|3": {
    "kci": 0.2248820159795596
  },
  "1;8|4": {
    "kci": 0.5093722917093604
  },