{
  "data_hash": "a2ab5883bc68d5a11496eaa003d2630d",
  "0;1": {
    "d_separation": 0.0
  },
  "0;2": {
    "d_separation": 0.0
  },
  "0;3": {
    "d_separation": 1.0
  },
  "0;4": {
    "d_separation": 0.0
  },
  "0;5": {
    "d_separation": 0.0
  },
  "0;6": {
    "d_separation": 0.0
  },
  "0;7": {
    "d_separation": 0.0
  },
  "0;8": {
    "d_separation": 0.0
  },
  "0;9": {
    "d_separation": 1.0
  },
  "1;2": {
    "d_separation": 0.0
  },
  "1;3": {
    "d_separation": 0.0
  },
  "1;4": {
    "d_separation": 0.0
  },
  "1;5": {
    "d_separation": 0.0
  },
  "1;6": {
    "d_separation": 0.0
  },
  "1;7": {
    "d_separation": 0.0
  },
  "1;8": {
    "d_separation": 0.0
  },
  "1;9": {
    "d_separation": 0.0
  },
  "2;3": {
    "d_separation": 0.0
  },
  "2;4": {
    "d_separation": 0.0
  },
  "2;5": {
    "d_separation": 0.0
  },
  "2;6": {
    "d_separation": 0.0
  },
  "2;7": {
    "d_separation": 0.0
  },
  "2;8": {
    "d_separation": 0.0
  },
  "2;9": {
    "d_separation": 0.0
  },
  "3;4": {
    "d_separation": 0.0
  },
  "3;5": {
    "d_separation": 1.0
  },
  "3;6": {
    "d_separation": 0.0
  },
  "3;7": {
    "d_separation": 0.0
  },
  "3;8": {
    "d_separation": 0.0
  },
  "3;9": {
    "d_separation": 1.0
  },
  "4;5": {
    "d_separation": 0.0
  },
  "4;6": {
    "d_separation": 0.0
  },
  "4;7": {
    "d_separation": 0.0
  },
  "4;8": {
    "d_separation": 0.0
  },
  "4;9": {
    "d_separation": 0.0
  },
  "5;6": {
    "d_separation": 0.0
  },
  "5;7": {
    "d_separation": 0.0
  },
  "5;8": {
    "d_separation": 0.0
  },
  "5;9": {
    "d_separation": 0.0
  },
  "6;7": {
    "d_separation": 0.0
  },
  "6;8": {
    "d_separation": 0.0
  },
  "6;9": {
    "d_separation": 0.0
  },
  "7;8": {
    "d_separation": 0.0
  },
  "7;9": {
    "d_separation": 0.0
  },
  "8;9": {
    "d_separation": 0.0
  },
  "0;1|2": {
    "kci": 0.2691616488486619
  },
  "0;1|4": {
    "kci": 0.25327672445150884
  },
  "0;1|5": {
    "kci": 0.24821259615340208
  },
  "0;1|6": {
    "kci": 0.2597645630658356
  },
  "0;1|7": {
    "kci": 0.2153061206879272
  },
  "0;1|8": {
    "kci": 0.26702971989338287
  },
  "0;2|1": {
    "kci": 0.003888544436590813
  },
  "0;2|4": {
    "kci": 0.0035075236703815404
  },
  "0;2|5": {
    "kci": 0.0029837736180277075
  },
  "0;2|6": {
    "kci": 0.004391610826684933
  },
  "0;2|7": {
    "kci": 0.0046180897682848165
  },
  "0;2|8": {
    "kci": 0.0031917661443080503
  },
  "0;4|1": {
    "kci": 0.9230017962523583
  },
  "0;4|2": {
    "kci": 0.7389065966007315
  },
  "0;4|5": {
    "kci": 0.9166032794688019
  },
  "0;4|6": {
    "kci": 0.8845092410615075
  },
  "0;4|7": {
    "kci": 0.9145659215429304
  },
  "0;4|8": {
    "kci": 0.9098127273229512
  },
  "0;5|1": {
    "kci": 0.02611810245944657
  },
  "0;5|2": {
    "kci": 0.0569261543957259
  },
  "0;5|4": {
    "kci": 0.04710116907677109
  },
  "0;5|6": {
    "kci": 0.016950404344660663
  },
  "0;5|7": {
    "kci": 0.08477056842417074
  },
  "0;5|8": {
    "kci": 0.07337796720608392
  },
  "0;6|1": {
    "kci": 0.6649764866036915
  },
  "0;6|2": {
    "kci": 0.7320670026604333
  },
  "0;6|4": {
    "kci": 0.7791407919709534
  },
  "0;6|5": {
    "kci": 0.5875433216371861
  },
  "0;6|7": {
    "kci": 0.7594455195500995
  },
  "0;6|8": {
    "kci": 0.5956987599479655
  },
  "0;7|1": {
    "kci": 0.05879816704741847
  },
  "0;7|2": {
    "kci": 0.03600707073166032
  },
  "0;7|4": {
    "kci": 0.03318402254597386
  },
  "0;7|5": {
    "kci": 0.05890599862486845
  },
  "0;7|6": {
    "kci": 0.012443988362810465
  },
  "0;7|8": {
    "kci": 0.029277510944901275
  },
  "0;8|1": {
    "kci": 0.5410514333579528
  },
  "0;8|2": {
    "kci": 0.6849477967723752
  },
  "0;8|4": {
    "kci": 0.5608421556060348
  },
  "0;8|5": {
    "kci": 0.6150280369078287
  },
  "0;8|6": {
    "kci": 0.4728510733924086
  },
  "0;8|7": {
    "kci": 0.4649641482200767
  },
  "0;1|3": {
    "kci": 0.29647753343614935
  },
  "0;1|9": {
    "kci": 0.26278784401599886
  },
  "1;2|0": {
    "kci": 0.2249406024564321
  },
  "1;2|3": {
    "kci": 0.2130988664204465
  },
  "1;2|4": {
    "kci": 0.21501355889681983
  },
  "1;2|5": {
    "kci": 0.17299146144875155
  },
  "1;2|6": {
    "kci": 0.2045661875979219
  },
  "1;2|7": {
    "kci": 0.17918642321520617
  },
  "1;2|8": {
    "kci": 0.18304389313013747
  },
  "1;2|9": {
    "kci": 0.1928212618470082
  },
  "1;3|0": {
    "kci": 0.4207297837918611
  },
  "1;3|2": {
    "kci": 0.43151271093173027
  },
  "1;3|4": {
    "kci": 0.40965839340108956
  },
  "1;3|5": {
    "kci": 0.40902475154835194
  },
  "1;3|6": {
    "kci": 0.3848516349748523
  },
  "1;3|7": {
    "kci": 0.4274391748378392
  },
  "1;3|8": {
    "kci": 0.3766543221870512
  },
  "1;3|9": {
    "kci": 0.37335531746950223
  },
  "1;4|0": {
    "kci": 0.20596250112783843
  },
  "1;4|2": {
    "kci": 0.18248251440985586
  },
  "1;4|3": {
    "kci": 0.228221979052443
  },
  "1;4|5": {
    "kci": 0.1596159990627457
  },
  "1;4|6": {
    "kci": 0.20094451628250465
  },
  "1;4|7": {
    "kci": 0.1763101970308163
  },
  "1;4|8": {
    "kci": 0.19079526680082237
  },
  "1;4|9": {
    "kci": 0.22272228085822143
  },
  "1;5|0": {
    "kci": 0.4511371100411472
  },
  "1;5|2": {
    "kci": 0.4854154831610863
  },
  "1;5|3": {
    "kci": 0.4992658498044108
  },
  "1;5|4": {
    "kci": 0.7233052062644292
  },
  "1;5|6": {
    "kci": 0.40702256949964755
  },
  "1;5|7": {
    "kci": 0.45084906893480126
  },
  "1;5|8": {
    "kci": 0.2499862528023361
  },
  "1;5|9": {
    "kci": 0.32343950213368566
  },
  "1;6|0": {
    "kci": 0.37997326281272614
  },
  "1;6|2": {
    "kci": 0.3249420508494131
  },
  "1;6|3": {
    "kci": 0.365348638698726
  },
  "1;6|4": {
    "kci": 0.30899528436432
  },
  "1;6|5": {
    "kci": 0.32518557244084434
  },
  "1;6|7": {
    "kci": 0.30191909971153974
  },
  "1;6|8": {
    "kci": 0.3639322568089757
  },
  "1;6|9": {
    "kci": 0.34272205932076794
  },
  "1;7|0": {
    "kci": 0.2714770124757774
  },
  "1;7|2": {
    "kci": 0.2744318213949418
  },
  "1;7|3": {
    "kci": 0.28788914807657384
  },
  "1;7|4": {
    "kci": 0.2549491321481786
  },
  "1;7|5": {
    "kci": 0.27438497123672345
  },
  "1;7|6": {
    "kci": 0.2847181426181945
  },
  "1;7|8": {
    "kci": 0.28322057931433664
  },
  "1;7|9": {
    "kci": 0.2738577821218734
  },
  "1;8|0": {
    "kci": 0.5691201411239852
  },
  "1;8|2": {
    "kci": 0.5422206741131892
  },
  "1;8|3": {
    "kci": 0.4995499351751076
  },
  "1;8|4": {
    "kci": 0.45012844456771384
  },
  "1;8|5": {
    "kci": 0.4733135567588902
  },
  "1;8|6": {
    "kci": 0.551100648423331
  },
  "1;8|7": {
    "kci": 0.5732631650315371
  },
  "1;8|9": {
    "kci": 0.5218041348484832
  },
  "1;9|0": {
    "kci": 0.3549992461502157
  },
  "1;9|2": {
    "kci": 0.369264183218883
  },
  "1;9|3": {
    "kci": 0.3498845012595957
  },
  "1;9|4": {
    "kci": 0.3704554086493155
  },
  "1;9|5": {
    "kci": 0.334069913360874
  },
  "1;9|6": {
    "kci": 0.37354838843580973
  },
  "1;9|7": {
    "kci": 0.36067536764100694
  },
  "1;9|8": {
    "kci": 0.390759246055873
  },
  "0;2|3": {
    "kci": 9.47376779060205e-05
  },
  "0;2|9": {
    "kci": 0.0003416956437007901
  },
  "2;3|0": {
    "kci": 0.05214658419128859
  },
  "2;3|1": {
    "kci": 0.299982038548532
  },
  "2;3|4": {
    "kci": 0.4017951476424888
  },
  "2;3|5": {
    "kci": 0.3393581379640642
  },
  "2;3|6": {
    "kci": 0.3589186787106633
  },
  "2;3|7": {
    "kci": 0.15687129093321994
  },
  "2;3|8": {
    "kci": 0.4408596013342315
  },
  "2;3|9": {
    "kci": 0.18351891606092552
  },
  "2;4|0": {
    "kci": 0.029159395651535025
  },
  "2;4|1": {
    "kci": 0.20554272325088385
  },
  "2;4|3": {
    "kci": 0.021203346960518732
  },
  "2;4|5": {
    "kci": 0.1863555506082898
  },
  "2;4|6": {
    "kci": 0.03175735850529615
  },
  "2;4|7": {
    "kci": 0.07791466457459606
  },
  "2;4|8": {
    "kci": 0.09567171640126593
  },
  "2;4|9": {
    "kci": 0.03553651809293201
  },