{
  "data_hash": "a310fe8f35477736435bf215fb630359",
  "0;1": {
    "d_separation": 0.0
  },
  "0;2": {
    "d_separation": 0.0
  },
  "0;3": {
    "d_separation": 0.0
  },
  "0;4": {
    "d_separation": 0.0
  },
  "0;5": {
    "d_separation": 0.0
  },
  "0;6": {
    "d_separation": 0.0
  },
  "0;7": {
    "d_separation": 0.0
  },
  "0;8": {
    "d_separation": 0.0
  },
  "0;9": {
    "d_separation": 0.0
  },
  "1;2": {
    "d_separation": 0.0
  },
  "1;3": {
    "d_separation": 0.0
  },
  "1;4": {
    "d_separation": 0.0
  },
  "1;5": {
    "d_separation": 0.0
  },
  "1;6": {
    "d_separation": 0.0
  },
  "1;7": {
    "d_separation": 1.0
  },
  "1;8": {
    "d_separation": 0.0
  },
  "1;9": {
    "d_separation": 0.0
  },
  "2;3": {
    "d_separation": 0.0
  },
  "2;4": {
    "d_separation": 0.0
  },
  "2;5": {
    "d_separation": 0.0
  },
  "2;6": {
    "d_separation": 0.0
  },
  "2;7": {
    "d_separation": 0.0
  },
  "2;8": {
    "d_separation": 0.0
  },
  "2;9": {
    "d_separation": 0.0
  },
  "3;4": {
    "d_separation": 0.0
  },
  "3;5": {
    "d_separation": 0.0
  },
  "3;6": {
    "d_separation": 0.0
  },
  "3;7": {
    "d_separation": 1.0
  },
  "3;8": {
    "d_separation": 0.0
  },
  "3;9": {
    "d_separation": 0.0
  },
  "4;5": {
    "d_separation": 0.0
  },
  "4;6": {
    "d_separation": 0.0
  },
  "4;7": {
    "d_separation": 1.0
  },
  "4;8": {
    "d_separation": 0.0
  },
  "4;9": {
    "d_separation": 0.0
  },
  "5;6": {
    "d_separation": 0.0
  },
  "5;7": {
    "d_separation": 0.0
  },
  "5;8": {
    "d_separation": 0.0
  },
  "5;9": {
    "d_separation": 0.0
  },
  "6;7": {
    "d_separation": 0.0
  },
  "6;8": {
    "d_separation": 0.0
  },
  "6;9": {
    "d_separation": 0.0
  },
  "7;8": {
    "d_separation": 0.0
  },
  "7;9": {
    "d_separation": 0.0
  },
  "8;9": {
    "d_separation": 0.0
  },
  "0;1|2": {
    "fisherz": 0.7883406400985193
  },
  "0;1|3": {
    "fisherz": 0.80669966853627
  },
  "0;1|4": {
    "fisherz": 0.8164189773366424
  },
  "0;1|5": {
    "fisherz": 0.86100671880236
  },
  "0;1|6": {
    "fisherz": 0.7942339500304532
  },
  "0;1|7": {
    "fisherz": 0.8440860144371078
  },
  "0;1|8": {
    "fisherz": 0.8479434584133867
  },
  "0;1|9": {
    "fisherz": 0.829057119008443
  },
  "0;2|1": {
    "fisherz": 0.9802245390421924
  },
  "0;2|3": {
    "fisherz": 0.9687528126092637
  },
  "0;2|4": {
    "fisherz": 0.9602510920383882
  },
  "0;2|5": {
    "fisherz": 0.9976077787406603
  },
  "0;2|6": {
    "fisherz": 0.9683163296631725
  },
  "0;2|7": {
    "fisherz": 0.9085131467999301
  },
  "0;2|8": {
    "fisherz": 0.9975600003313327
  },
  "0;2|9": {
    "fisherz": 0.986213392528398
  },
  "0;3|1": {
    "fisherz": 0.7530002973057996
  },
  "0;3|2": {
    "fisherz": 0.7377086732696951
  },
  "0;3|4": {
    "fisherz": 0.7668802532591117
  },
  "0;3|5": {
    "fisherz": 0.7807320507592757
  },
  "0;3|6": {
    "fisherz": 0.7378816019183483
  },
  "0;3|7": {
    "fisherz": 0.6628078569567117
  },
  "0;3|8": {
    "fisherz": 0.7362939181942376
  },
  "0;3|9": {
    "fisherz": 0.7948878044589835
  },
  "0;4|1": {
    "fisherz": 0.5836523139377092
  },
  "0;4|2": {
    "fisherz": 0.5713539155367708
  },
  "0;4|3": {
    "fisherz": 0.5869058252736696
  },
  "0;4|5": {
    "fisherz": 0.5914978450710291
  },
  "0;4|6": {
    "fisherz": 0.5716940602461749
  },
  "0;4|7": {
    "fisherz": 0.4768801952742545
  },
  "0;4|8": {
    "fisherz": 0.5787074416578473
  },
  "0;4|9": {
    "fisherz": 0.585090758907719
  },
  "0;5|1": {
    "fisherz": 0.2506228643115631
  },
  "0;5|2": {
    "fisherz": 0.2434143658567267
  },
  "0;5|3": {
    "fisherz": 0.24924749326324247
  },
  "0;5|4": {
    "fisherz": 0.2486748440104285
  },
  "0;5|6": {
    "fisherz": 0.24985601727479612
  },
  "0;5|7": {
    "fisherz": 0.36334376937046775
  },
  "0;5|8": {
    "fisherz": 0.25090093419684933
  },
  "0;5|9": {
    "fisherz": 0.25422030327178335
  },
  "0;6|1": {
    "fisherz": 0.556107152410652
  },
  "0;6|2": {
    "fisherz": 0.5532633484476746
  },
  "0;6|3": {
    "fisherz": 0.5533744172450838
  },
  "0;6|4": {
    "fisherz": 0.5530712548351477
  },
  "0;6|5": {
    "fisherz": 0.5756122829050394
  },
  "0;6|7": {
    "fisherz": 0.6657935397399473
  },
  "0;6|8": {
    "fisherz": 0.5634470864502272
  },
  "0;6|9": {
    "fisherz": 0.5858014039787867
  },
  "0;7|1": {
    "fisherz": 0.04196948665047118
  },
  "0;7|2": {
    "fisherz": 0.04083915866482224
  },
  "0;7|3": {
    "fisherz": 0.039265402135344685
  },
  "0;7|4": {
    "fisherz": 0.03682626609775008
  },
  "0;7|5": {
    "fisherz": 0.05664562472296408
  },
  "0;7|6": {
    "fisherz": 0.04536039288790339
  },
  "0;7|8": {
    "fisherz": 0.045218169504394945
  },
  "0;7|9": {
    "fisherz": 0.03911217451950311
  },
  "0;8|1": {
    "fisherz": 0.6606422858589198
  },
  "0;8|2": {
    "fisherz": 0.6334172692494251
  },
  "0;8|3": {
    "fisherz": 0.6313452251573741
  },
  "0;8|4": {
    "fisherz": 0.6406918893110836
  },
  "0;8|5": {
    "fisherz": 0.667035513705911
  },
  "0;8|6": {
    "fisherz": 0.6457548009979561
  },
  "0;8|7": {
    "fisherz": 0.7922472579178881
  },
  "0;8|9": {
    "fisherz": 0.6786906522157063
  },
  "0;9|1": {
    "fisherz": 0.5049279291182778
  },
  "0;9|2": {
    "fisherz": 0.49311700011618553
  },
  "0;9|3": {
    "fisherz": 0.5137775553545725
  },
  "0;9|4": {
    "fisherz": 0.5025467720952668
  },
  "0;9|5": {
    "fisherz": 0.5226036734244961
  },
  "0;9|6": {
    "fisherz": 0.5187214506831639
  },
  "0;9|7": {
    "fisherz": 0.45604663837597315
  },
  "0;9|8": {
    "fisherz": 0.520168863335845
  },
  "1;2|0": {
    "fisherz": 0.9915143644701621
  },
  "1;2|3": {
    "fisherz": 0.9680538130673981
  },
  "1;2|4": {
    "fisherz": 0.9715437015646033
  },
  "1;2|5": {
    "fisherz": 0.9677078350723809
  },
  "1;2|6": {
    "fisherz": 0.9737517389955188
  },
  "1;2|8": {
    "fisherz": 0.8965522643439174
  },
  "1;2|9": {
    "fisherz": 0.9320506946119864
  },
  "1;3|0": {
    "fisherz": 0.2510240864551323
  },
  "1;3|2": {
    "fisherz": 0.24857188050631773
  },
  "1;3|4": {
    "fisherz": 0.276301390305131
  },
  "1;3|5": {
    "fisherz": 0.27290262371902907
  },
  "1;3|6": {
    "fisherz": 0.2486632991414477
  },
  "1;3|8": {
    "fisherz": 0.2352817266074052
  },
  "1;3|9": {
    "fisherz": 0.3041744152043746
  },
  "1;4|0": {
    "fisherz": 0.3079940650528532
  },
  "1;4|2": {
    "fisherz": 0.3035296058567607
  },
  "1;4|3": {
    "fisherz": 0.3393491979467138
  },
  "1;4|5": {
    "fisherz": 0.3174205180798477
  },
  "1;4|6": {
    "fisherz": 0.30362841289547693
  },
  "1;4|8": {
    "fisherz": 0.32201154562477186
  },
  "1;4|9": {
    "fisherz": 0.31853850044856835
  },
  "1;5|0": {
    "fisherz": 0.2085053190157049
  },
  "1;5|2": {
    "fisherz": 0.2024228407490769
  },
  "1;5|3": {
    "fisherz": 0.22136399670027918
  },
  "1;5|4": {
    "fisherz": 0.21088831991138735
  },
  "1;5|6": {
    "fisherz": 0.20457440632336543
  },
  "1;5|8": {
    "fisherz": 0.23741035462318716
  },
  "1;5|9": {
    "fisherz": 0.21956351306675392
  },
  "1;6|0": {
    "fisherz": 0.8431801380699975
  },
  "1;6|2": {
    "fisherz": 0.8335677710456717
  },
  "1;6|3": {
    "fisherz": 0.8335531009299979
  },
  "1;6|4": {
    "fisherz": 0.8340179451742937
  },
  "1;6|5": {
    "fisherz": 0.8639766163017297
  },
  "1;6|8": {
    "fisherz": 0.8978248955867674
  },
  "1;6|9": {
    "fisherz": 0.9036189308755787
  },
  "1;8|0": {
    "fisherz": 0.00858849269355133
  },
  "1;8|2": {
    "fisherz": 0.008339655738977658
  },
  "1;8|3": {
    "fisherz": 0.008053597557527548
  },
  "1;8|4": {
    "fisherz": 0.008791090309014704
  },
  "1;8|5": {
    "fisherz": 0.00957076586496064
  },
  "1;8|6": {
    "fisherz": 0.008546842087478357
  },
  "1;8|9": {
    "fisherz": 0.01126646894468153
  },
  "1;9|0": {
    "fisherz": 0.22467762545636272
  },
  "1;9|2": {
    "fisherz": 0.2196098230168586
  },
  "1;9|3": {
    "fisherz": 0.26825106778715035
  },