{
  "data_hash": "a39a9c253aed3587644bbfd70d6c2e9f",
  "0;1": {
    "d_separation": 0.0
  },
  "0;2": {
    "d_separation": 0.0
  },
  "0;3": {
    "d_separation": 0.0
  },
  "0;4": {
    "d_separation": 0.0
  },
  "0;5": {
    "d_separation": 0.0
  },
  "0;6": {
    "d_separation": 0.0
  },
  "0;7": {
    "d_separation": 0.0
  },
  "0;8": {
    "d_separation": 0.0
  },
  "0;9": {
    "d_separation": 0.0
  },
  "1;2": {
    "d_separation": 0.0
  },
  "1;3": {
    "d_separation": 0.0
  },
  "1;4": {
    "d_separation": 0.0
  },
  "1;5": {
    "d_separation": 0.0
  },
  "1;6": {
    "d_separation": 0.0
  },
  "1;7": {
    "d_separation": 0.0
  },
  "1;8": {
    "d_separation": 0.0
  },
  "1;9": {
    "d_separation": 0.0
  },
  "2;3": {
    "d_separation": 0.0
  },
  "2;4": {
    "d_separation": 0.0
  },
  "2;5": {
    "d_separation": 0.0
  },
  "2;6": {
    "d_separation": 0.0
  },
  "2;7": {
    "d_separation": 0.0
  },
  "2;8": {
    "d_separation": 0.0
  },
  "2;9": {
    "d_separation": 0.0
  },
  "3;4": {
    "d_separation": 0.0
  },
  "3;5": {
    "d_separation": 0.0
  },
  "3;6": {
    "d_separation": 0.0
  },
  "3;7": {
    "d_separation": 0.0
  },
  "3;8": {
    "d_separation": 0.0
  },
  "3;9": {
    "d_separation": 0.0
  },
  "4;5": {
    "d_separation": 0.0
  },
  "4;6": {
    "d_separation": 0.0
  },
  "4;7": {
    "d_separation": 0.0
  },
  "4;8": {
    "d_separation": 0.0
  },
  "4;9": {
    "d_separation": 0.0
  },
  "5;6": {
    "d_separation": 0.0
  },
  "5;7": {
    "d_separation": 0.0
  },
  "5;8": {
    "d_separation": 0.0
  },
  "5;9": {
    "d_separation": 0.0
  },
  "6;7": {
    "d_separation": 0.0
  },
  "6;8": {
    "d_separation": 0.0
  },
  "6;9": {
    "d_separation": 0.0
  },
  "7;8": {
    "d_separation": 0.0
  },
  "7;9": {
    "d_separation": 0.0
  },
  "8;9": {
    "d_separation": 0.0
  },
  "0;1|2": {
    "kci": 0.014761562212126211
  },
  "0;1|3": {
    "kci": 0.0015694170777212912
  },
  "0;1|4": {
    "kci": 0.01018204279405277
  },
  "0;1|5": {
    "kci": 0.4653502512135511
  },
  "0;1|6": {
    "kci": 4.8894202666405207e-05
  },
  "0;1|7": {
    "kci": 0.009501766904343678
  },
  "0;1|8": {
    "kci": 0.00019410038115275086
  },
  "0;1|9": {
    "kci": 0.0001731991904267982
  },
  "0;2|1": {
    "kci": 0.3347821816991411
  },
  "0;2|3": {
    "kci": 0.4499149613431883
  },
  "0;2|4": {
    "kci": 0.5403907303571764
  },
  "0;2|5": {
    "kci": 0.5365360484458659
  },
  "0;2|6": {
    "kci": 0.2703839186511612
  },
  "0;2|7": {
    "kci": 0.47742009008935704
  },
  "0;2|8": {
    "kci": 0.36062868296856754
  },
  "0;2|9": {
    "kci": 0.2646727923528487
  },
  "0;3|1": {
    "kci": 0.007793278466580955
  },
  "0;3|2": {
    "kci": 0.0015802424660841252
  },
  "0;3|4": {
    "kci": 0.002662056542766522
  },
  "0;3|5": {
    "kci": 1.4723221442025647e-07
  },
  "0;3|6": {
    "kci": 0.0027055030060522123
  },
  "0;3|7": {
    "kci": 0.0010300235414972825
  },
  "0;3|8": {
    "kci": 0.0021587519124953714
  },
  "0;3|9": {
    "kci": 0.0019652625751389596
  },
  "0;4|1": {
    "kci": 0.07071574433334471
  },
  "0;4|2": {
    "kci": 0.02314193301896239
  },
  "0;4|3": {
    "kci": 0.08556040858411351
  },
  "0;4|5": {
    "kci": 0.5723330362717697
  },
  "0;4|6": {
    "kci": 0.05289767067974993
  },
  "0;4|7": {
    "kci": 0.1078793999409351
  },
  "0;4|8": {
    "kci": 0.02783531282664431
  },
  "0;4|9": {
    "kci": 0.04060154468763222
  },
  "0;5|1": {
    "kci": 0.0
  },
  "0;5|2": {
    "kci": 0.0
  },
  "0;5|3": {
    "kci": 0.0
  },
  "0;5|4": {
    "kci": 0.0
  },
  "0;5|6": {
    "kci": 0.0
  },
  "0;5|7": {
    "kci": 0.0
  },
  "0;5|8": {
    "kci": 0.0
  },
  "0;5|9": {
    "kci": 0.0
  },
  "0;6|1": {
    "kci": 0.0005801004039686086
  },
  "0;6|2": {
    "kci": 0.013961672201811104
  },
  "0;6|3": {
    "kci": 0.22518302983864036
  },
  "0;6|4": {
    "kci": 0.02537580328171052
  },
  "0;6|5": {
    "kci": 0.18425784195021622
  },
  "0;6|7": {
    "kci": 0.11400042026183632
  },
  "0;6|8": {
    "kci": 0.011987872323303228
  },
  "0;6|9": {
    "kci": 0.021834514138089123
  },
  "0;7|1": {
    "kci": 0.004646400074164947
  },
  "0;7|2": {
    "kci": 0.014243253582934545
  },
  "0;7|3": {
    "kci": 0.00038676091188660777
  },
  "0;7|4": {
    "kci": 0.01730362444474498
  },
  "0;7|5": {
    "kci": 0.07891658388076828
  },
  "0;7|6": {
    "kci": 0.08514392429002271
  },
  "0;7|8": {
    "kci": 0.018016389563628055
  },
  "0;7|9": {
    "kci": 0.0034399748753404236
  },
  "0;8|1": {
    "kci": 0.004097629407183168
  },
  "0;8|2": {
    "kci": 0.09358599257837275
  },
  "0;8|3": {
    "kci": 0.10657212032922503
  },
  "0;8|4": {
    "kci": 0.08021015107000606
  },
  "0;8|5": {
    "kci": 0.1726462221548326
  },
  "0;8|6": {
    "kci": 0.0833209007630551
  },
  "0;8|7": {
    "kci": 0.2286861840393266
  },
  "0;8|9": {
    "kci": 0.17882039520842574
  },
  "0;9|1": {
    "kci": 0.0018521625740146597
  },
  "0;9|2": {
    "kci": 0.0055005468209362585
  },
  "0;9|3": {
    "kci": 0.03880194094076361
  },
  "0;9|4": {
    "kci": 0.05766190479841227
  },
  "0;9|5": {
    "kci": 0.05538817503670368
  },
  "0;9|6": {
    "kci": 0.08403913999877866
  },
  "0;9|7": {
    "kci": 0.0018163395332283505
  },
  "0;9|8": {
    "kci": 0.04262234692427502
  },
  "1;2|0": {
    "kci": 0.17075247882058187
  },
  "1;2|3": {
    "kci": 0.05018951392785054
  },
  "1;2|4": {
    "kci": 0.07343337548115514
  },
  "1;2|5": {
    "kci": 0.08703184710635048
  },
  "1;2|6": {
    "kci": 0.11318034838387292
  },
  "1;2|7": {
    "kci": 0.10637958117566282
  },
  "1;2|8": {
    "kci": 0.08728200215223236
  },
  "1;2|9": {
    "kci": 0.14716877642961668
  },
  "1;3|0": {
    "kci": 0.18766808016930825
  },
  "1;3|2": {
    "kci": 0.15697454222409557
  },
  "1;3|4": {
    "kci": 0.21299733568491297
  },
  "1;3|5": {
    "kci": 0.3720383985762319
  },
  "1;3|6": {
    "kci": 0.1911328638177252
  },
  "1;3|7": {
    "kci": 0.09986819281518411
  },
  "1;3|8": {
    "kci": 0.2454368386485951
  },
  "1;3|9": {
    "kci": 0.07763506333314385
  },
  "1;4|0": {
    "kci": 0.1685649831266114
  },
  "1;4|2": {
    "kci": 0.2679089701660542
  },
  "1;4|3": {
    "kci": 0.21844848361167624
  },
  "1;4|5": {
    "kci": 0.5495121362649946
  },
  "1;4|6": {
    "kci": 0.006313603592880912
  },
  "1;4|7": {
    "kci": 0.3225585697508193
  },
  "1;4|8": {
    "kci": 0.22609748193536616
  },
  "1;4|9": {
    "kci": 0.2766788468283864
  },
  "1;5|0": {
    "kci": 0.00015108185912626748
  },
  "1;5|2": {
    "kci": 2.003278845252865e-06
  },
  "1;5|3": {
    "kci": 2.3648988500823975e-07
  },
  "1;5|4": {
    "kci": 7.15213507229695e-06
  },
  "1;5|6": {
    "kci": 6.8529247831961015e-09
  },
  "1;5|7": {
    "kci": 3.0973887673590994e-06
  },
  "1;5|8": {
    "kci": 2.022050545869014e-05
  },
  "1;5|9": {
    "kci": 5.89891669955378e-08
  },
  "1;6|0": {
    "kci": 0.24840564144351474
  },
  "1;6|2": {
    "kci": 0.3472724217194013
  },
  "1;6|3": {
    "kci": 0.43369599005101334
  },
  "1;6|4": {
    "kci": 0.36277892392694633
  },
  "1;6|5": {
    "kci": 0.0821137419384137
  },
  "1;6|7": {
    "kci": 0.1653655605150086
  },
  "1;6|8": {
    "kci": 0.5571444165233552
  },
  "1;6|9": {
    "kci": 0.5245143344019985
  },
  "1;7|0": {
    "kci": 0.2278157453229035
  },
  "1;7|2": {
    "kci": 0.4027440844691229
  },
  "1;7|3": {
    "kci": 0.3148199260085788
  },
  "1;7|4": {
    "kci": 0.36335904441561706
  },
  "1;7|5": {
    "kci": 0.26618569558907645
  },
  "1;7|6": {
    "kci": 0.191022902547333
  },
  "1;7|8": {
    "kci": 0.22014627845572865
  },
  "1;7|9": {
    "kci": 0.5920163545988993
  },
  "1;8|0": {
    "kci": 0.0005028962198075915
  },
  "1;8|2": {
    "kci": 0.001542185329330814
  },
  "1;8|3": {
    "kci": 0.0009945678661520407
  },
  "1;8|4": {
    "kci": 0.0006370728282660831
  },
  "1;8|5": {
    "kci": 0.0010884934112891376
  },
  "1;8|6": {
    "kci": 0.0012018284034925886
  },
  "1;8|7": {
    "kci": 0.0015101576814050555
  },