{
  "data_hash": "a3d9ed76e13865b18a90c02a0df99865",
  "0;1": {
    "d_separation": 0.0
  },
  "0;2": {
    "d_separation": 0.0
  },
  "0;3": {
    "d_separation": 0.0
  },
  "0;4": {
    "d_separation": 0.0
  },
  "0;5": {
    "d_separation": 0.0
  },
  "0;6": {
    "d_separation": 0.0
  },
  "0;7": {
    "d_separation": 0.0
  },
  "0;8": {
    "d_separation": 0.0
  },
  "0;9": {
    "d_separation": 0.0
  },
  "1;2": {
    "d_separation": 0.0
  },
  "1;3": {
    "d_separation": 0.0
  },
  "1;4": {
    "d_separation": 0.0
  },
  "1;5": {
    "d_separation": 0.0
  },
  "1;6": {
    "d_separation": 0.0
  },
  "1;7": {
    "d_separation": 0.0
  },
  "1;8": {
    "d_separation": 0.0
  },
  "1;9": {
    "d_separation": 0.0
  },
  "2;3": {
    "d_separation": 0.0
  },
  "2;4": {
    "d_separation": 0.0
  },
  "2;5": {
    "d_separation": 0.0
  },
  "2;6": {
    "d_separation": 0.0
  },
  "2;7": {
    "d_separation": 0.0
  },
  "2;8": {
    "d_separation": 0.0
  },
  "2;9": {
    "d_separation": 0.0
  },
  "3;4": {
    "d_separation": 0.0
  },
  "3;5": {
    "d_separation": 0.0
  },
  "3;6": {
    "d_separation": 0.0
  },
  "3;7": {
    "d_separation": 0.0
  },
  "3;8": {
    "d_separation": 0.0
  },
  "3;9": {
    "d_separation": 0.0
  },
  "4;5": {
    "d_separation": 0.0
  },
  "4;6": {
    "d_separation": 0.0
  },
  "4;7": {
    "d_separation": 0.0
  },
  "4;8": {
    "d_separation": 0.0
  },
  "4;9": {
    "d_separation": 0.0
  },
  "5;6": {
    "d_separation": 0.0
  },
  "5;7": {
    "d_separation": 0.0
  },
  "5;8": {
    "d_separation": 0.0
  },
  "5;9": {
    "d_separation": 0.0
  },
  "6;7": {
    "d_separation": 0.0
  },
  "6;8": {
    "d_separation": 0.0
  },
  "6;9": {
    "d_separation": 0.0
  },
  "7;8": {
    "d_separation": 0.0
  },
  "7;9": {
    "d_separation": 0.0
  },
  "8;9": {
    "d_separation": 0.0
  },
  "0;1|2": {
    "kci": 0.013976395579342049
  },
  "0;1|3": {
    "kci": 0.0005742680637482733
  },
  "0;1|4": {
    "kci": 0.02334528663491653
  },
  "0;1|5": {
    "kci": 0.23162780018734286
  },
  "0;1|6": {
    "kci": 0.013800052306631838
  },
  "0;1|7": {
    "kci": 0.030292775061732335
  },
  "0;1|8": {
    "kci": 0.0394503602979982
  },
  "0;1|9": {
    "kci": 0.02373914617078654
  },
  "0;2|1": {
    "kci": 0.2272561049191404
  },
  "0;2|3": {
    "kci": 0.23320066325507383
  },
  "0;2|4": {
    "kci": 0.4282618281585756
  },
  "0;2|5": {
    "kci": 0.265573948836088
  },
  "0;2|6": {
    "kci": 0.3312864726506213
  },
  "0;2|7": {
    "kci": 0.26935305177951563
  },
  "0;2|8": {
    "kci": 0.2903136762870059
  },
  "0;2|9": {
    "kci": 0.24198542567792614
  },
  "0;3|1": {
    "kci": 1.2895684520231043e-11
  },
  "0;3|2": {
    "kci": 3.9149794517356895e-12
  },
  "0;3|4": {
    "kci": 6.74832412173032e-11
  },
  "0;3|5": {
    "kci": 2.3527291226344005e-11
  },
  "0;3|6": {
    "kci": 5.9536819918548645e-12
  },
  "0;3|7": {
    "kci": 1.3765628525952422e-08
  },
  "0;3|8": {
    "kci": 7.192024753521764e-13
  },
  "0;3|9": {
    "kci": 3.720579400123825e-12
  },
  "0;4|1": {
    "kci": 0.264316888602548
  },
  "0;4|2": {
    "kci": 0.2419165933592312
  },
  "0;4|3": {
    "kci": 0.42503236908473074
  },
  "0;4|5": {
    "kci": 0.15530507493065593
  },
  "0;4|6": {
    "kci": 0.19957817659025134
  },
  "0;4|7": {
    "kci": 0.17941470706384388
  },
  "0;4|8": {
    "kci": 0.2489026852673787
  },
  "0;4|9": {
    "kci": 0.23574475414388774
  },
  "0;5|1": {
    "kci": 6.064073032607808e-08
  },
  "0;5|2": {
    "kci": 2.1807891936731494e-08
  },
  "0;5|3": {
    "kci": 9.897828648242069e-06
  },
  "0;5|4": {
    "kci": 2.3776308588630002e-08
  },
  "0;5|6": {
    "kci": 1.7929956963591565e-08
  },
  "0;5|7": {
    "kci": 9.925770727559069e-08
  },
  "0;5|8": {
    "kci": 1.0174494569081816e-07
  },
  "0;5|9": {
    "kci": 7.416037117735641e-09
  },
  "0;6|1": {
    "kci": 0.4695208518052122
  },
  "0;6|2": {
    "kci": 0.41931841813911186
  },
  "0;6|3": {
    "kci": 0.49597591557789145
  },
  "0;6|4": {
    "kci": 0.5144520945439618
  },
  "0;6|5": {
    "kci": 0.3956838486139538
  },
  "0;6|7": {
    "kci": 0.13885262801893195
  },
  "0;6|8": {
    "kci": 0.6238025801767565
  },
  "0;6|9": {
    "kci": 0.424717299465841
  },
  "0;7|1": {
    "kci": 0.004983430278262646
  },
  "0;7|2": {
    "kci": 0.0044552801943226195
  },
  "0;7|3": {
    "kci": 0.6208725751641642
  },
  "0;7|4": {
    "kci": 0.0019210594469027953
  },
  "0;7|5": {
    "kci": 0.002362180008513848
  },
  "0;7|6": {
    "kci": 0.002167412458401241
  },
  "0;7|8": {
    "kci": 0.0016608306968424191
  },
  "0;7|9": {
    "kci": 0.0047916488404197155
  },
  "0;8|1": {
    "kci": 0.6421376120606195
  },
  "0;8|2": {
    "kci": 0.5777482054288788
  },
  "0;8|3": {
    "kci": 0.2737086171998948
  },
  "0;8|4": {
    "kci": 0.5417201124946663
  },
  "0;8|5": {
    "kci": 0.3121165424415977
  },
  "0;8|6": {
    "kci": 0.5812137100173014
  },
  "0;8|7": {
    "kci": 0.13546726305334267
  },
  "0;8|9": {
    "kci": 0.5387168200500629
  },
  "0;9|1": {
    "kci": 0.5437567558804246
  },
  "0;9|2": {
    "kci": 0.4487543598198761
  },
  "0;9|3": {
    "kci": 0.4396743429376404
  },
  "0;9|4": {
    "kci": 0.39994739711243565
  },
  "0;9|5": {
    "kci": 0.3956437165818486
  },
  "0;9|6": {
    "kci": 0.27887399091245757
  },
  "0;9|7": {
    "kci": 0.36543996206304774
  },
  "0;9|8": {
    "kci": 0.438429411520438
  },
  "1;2|0": {
    "kci": 0.4204028300284903
  },
  "1;2|3": {
    "kci": 0.48205742088323567
  },
  "1;2|4": {
    "kci": 0.5816670279198995
  },
  "1;2|5": {
    "kci": 0.5576512101639185
  },
  "1;2|6": {
    "kci": 0.4189957145712565
  },
  "1;2|7": {
    "kci": 0.49974387587440006
  },
  "1;2|8": {
    "kci": 0.48225115780721584
  },
  "1;2|9": {
    "kci": 0.4784750694795449
  },
  "1;3|0": {
    "kci": 0.00292552976464322
  },
  "1;3|2": {
    "kci": 0.08798122907703165
  },
  "1;3|4": {
    "kci": 0.13990264658017415
  },
  "1;3|5": {
    "kci": 0.039872776556298395
  },
  "1;3|6": {
    "kci": 0.2663829669862813
  },
  "1;3|7": {
    "kci": 0.11340816347973648
  },
  "1;3|8": {
    "kci": 0.321669913989026
  },
  "1;3|9": {
    "kci": 0.13130991922284985
  },
  "1;4|0": {
    "kci": 0.5070090690562468
  },
  "1;4|2": {
    "kci": 0.4871440720214254
  },
  "1;4|3": {
    "kci": 0.5407006426626353
  },
  "1;4|5": {
    "kci": 0.5913843691212672
  },
  "1;4|6": {
    "kci": 0.47730400583758836
  },
  "1;4|7": {
    "kci": 0.44064025844307386
  },
  "1;4|8": {
    "kci": 0.47193257427190316
  },
  "1;4|9": {
    "kci": 0.5213727915173145
  },
  "1;5|0": {
    "kci": 0.9211479279447683
  },
  "1;5|2": {
    "kci": 0.6201149226352636
  },
  "1;5|3": {
    "kci": 0.5358564296011734
  },
  "1;5|4": {
    "kci": 0.8298597814372854
  },
  "1;5|6": {
    "kci": 0.512794339531398
  },
  "1;5|7": {
    "kci": 0.14340930155079545
  },
  "1;5|8": {
    "kci": 0.774326934292955
  },
  "1;5|9": {
    "kci": 0.6681220336090471
  },
  "1;6|0": {
    "kci": 0.2001098067547965
  },
  "1;6|2": {
    "kci": 0.18249156801050326
  },
  "1;6|3": {
    "kci": 0.3855958150184522
  },
  "1;6|4": {
    "kci": 0.17378995357620708
  },
  "1;6|5": {
    "kci": 0.1625252441290257
  },
  "1;6|7": {
    "kci": 0.8489027271661408
  },
  "1;6|8": {
    "kci": 0.42843292787198173
  },
  "1;6|9": {
    "kci": 0.16413577821470104
  },
  "1;7|0": {
    "kci": 2.1794333231683893e-05
  },
  "1;7|2": {
    "kci": 0.0003349636955146673
  },
  "1;7|3": {
    "kci": 7.3267655621434e-06
  },
  "1;7|4": {
    "kci": 0.00010001612263554893
  },
  "1;7|5": {
    "kci": 2.2434666284487648e-05
  },
  "1;7|6": {
    "kci": 0.004076647933572652
  },
  "1;7|8": {
    "kci": 0.003590011056031406
  },
  "1;7|9": {
    "kci": 9.77676602501587e-05
  },
  "1;8|0": {
    "kci": 0.00024531831922991465
  },
  "1;8|2": {
    "kci": 2.2957905133180745e-05
  },
  "1;8|3": {
    "kci": 5.273401368377506e-05
  },
  "1;8|4": {
    "kci": 0.00012472373484329058
  },