{
  "data_hash": "a41e2d27ea6c84d35e2b08d79d068ef7",
  "0;1": {
    "d_separation": 0.0
  },
  "0;2": {
    "d_separation": 0.0
  },
  "0;3": {
    "d_separation": 0.0
  },
  "0;4": {
    "d_separation": 0.0
  },
  "0;5": {
    "d_separation": 0.0
  },
  "0;6": {
    "d_separation": 0.0
  },
  "0;7": {
    "d_separation": 1.0
  },
  "0;8": {
    "d_separation": 0.0
  },
  "0;9": {
    "d_separation": 0.0
  },
  "1;2": {
    "d_separation": 0.0
  },
  "1;3": {
    "d_separation": 0.0
  },
  "1;4": {
    "d_separation": 0.0
  },
  "1;5": {
    "d_separation": 0.0
  },
  "1;6": {
    "d_separation": 0.0
  },
  "1;7": {
    "d_separation": 0.0
  },
  "1;8": {
    "d_separation": 0.0
  },
  "1;9": {
    "d_separation": 0.0
  },
  "2;3": {
    "d_separation": 0.0
  },
  "2;4": {
    "d_separation": 0.0
  },
  "2;5": {
    "d_separation": 0.0
  },
  "2;6": {
    "d_separation": 0.0
  },
  "2;7": {
    "d_separation": 0.0
  },
  "2;8": {
    "d_separation": 0.0
  },
  "2;9": {
    "d_separation": 0.0
  },
  "3;4": {
    "d_separation": 0.0
  },
  "3;5": {
    "d_separation": 0.0
  },
  "3;6": {
    "d_separation": 0.0
  },
  "3;7": {
    "d_separation": 0.0
  },
  "3;8": {
    "d_separation": 0.0
  },
  "3;9": {
    "d_separation": 0.0
  },
  "4;5": {
    "d_separation": 0.0
  },
  "4;6": {
    "d_separation": 0.0
  },
  "4;7": {
    "d_separation": 1.0
  },
  "4;8": {
    "d_separation": 0.0
  },
  "4;9": {
    "d_separation": 0.0
  },
  "5;6": {
    "d_separation": 0.0
  },
  "5;7": {
    "d_separation": 0.0
  },
  "5;8": {
    "d_separation": 0.0
  },
  "5;9": {
    "d_separation": 0.0
  },
  "6;7": {
    "d_separation": 0.0
  },
  "6;8": {
    "d_separation": 0.0
  },
  "6;9": {
    "d_separation": 0.0
  },
  "7;8": {
    "d_separation": 0.0
  },
  "7;9": {
    "d_separation": 1.0
  },
  "8;9": {
    "d_separation": 0.0
  },
  "0;1|2": {
    "fisherz": 0.4225033090936168
  },
  "0;1|3": {
    "fisherz": 0.4151183889628167
  },
  "0;1|4": {
    "fisherz": 0.43336961724165346
  },
  "0;1|5": {
    "fisherz": 0.4190520852812374
  },
  "0;1|6": {
    "fisherz": 0.41353949351488595
  },
  "0;1|8": {
    "fisherz": 0.42555507088447087
  },
  "0;1|9": {
    "fisherz": 0.44152878035048015
  },
  "0;2|1": {
    "fisherz": 0.8167725508515629
  },
  "0;2|3": {
    "fisherz": 0.8471719363122805
  },
  "0;2|4": {
    "fisherz": 0.8310857624190906
  },
  "0;2|5": {
    "fisherz": 0.5821530464445746
  },
  "0;2|6": {
    "fisherz": 0.799614318651932
  },
  "0;2|8": {
    "fisherz": 0.8270868735071875
  },
  "0;2|9": {
    "fisherz": 0.8771939259059542
  },
  "0;3|1": {
    "fisherz": 0.46713094031821
  },
  "0;3|2": {
    "fisherz": 0.4832791722906
  },
  "0;3|4": {
    "fisherz": 0.48901006598468233
  },
  "0;3|5": {
    "fisherz": 0.2540085146322921
  },
  "0;3|6": {
    "fisherz": 0.394306499652759
  },
  "0;3|8": {
    "fisherz": 0.4800187074114963
  },
  "0;3|9": {
    "fisherz": 0.4932564881081971
  },
  "0;4|1": {
    "fisherz": 0.4523679002932659
  },
  "0;4|2": {
    "fisherz": 0.4439371880967955
  },
  "0;4|3": {
    "fisherz": 0.45226566688346037
  },
  "0;4|5": {
    "fisherz": 0.9425138066458472
  },
  "0;4|6": {
    "fisherz": 0.4833127245806086
  },
  "0;4|8": {
    "fisherz": 0.4411316894719697
  },
  "0;4|9": {
    "fisherz": 0.6832706499033814
  },
  "0;5|1": {
    "fisherz": 0.022950509563646193
  },
  "0;5|2": {
    "fisherz": 0.01997834408903465
  },
  "0;5|3": {
    "fisherz": 0.01461814687788654
  },
  "0;5|4": {
    "fisherz": 0.03255739532100721
  },
  "0;5|6": {
    "fisherz": 0.044637789136147354
  },
  "0;5|8": {
    "fisherz": 0.022572449893149216
  },
  "0;5|9": {
    "fisherz": 0.038526592564746
  },
  "0;6|1": {
    "fisherz": 0.2706185482329295
  },
  "0;6|2": {
    "fisherz": 0.27350160488909125
  },
  "0;6|3": {
    "fisherz": 0.23568990951604318
  },
  "0;6|4": {
    "fisherz": 0.2975092338311649
  },
  "0;6|5": {
    "fisherz": 0.7978332010037132
  },
  "0;6|8": {
    "fisherz": 0.2783487369028117
  },
  "0;6|9": {
    "fisherz": 0.31486019602107396
  },
  "0;8|1": {
    "fisherz": 0.909749900526919
  },
  "0;8|2": {
    "fisherz": 0.9015887069026183
  },
  "0;8|3": {
    "fisherz": 0.9124829202637965
  },
  "0;8|4": {
    "fisherz": 0.8866445641027998
  },
  "0;8|5": {
    "fisherz": 0.807298627388255
  },
  "0;8|6": {
    "fisherz": 0.9283153708511909
  },
  "0;8|9": {
    "fisherz": 0.8366551370542719
  },
  "0;9|1": {
    "fisherz": 0.06924915115982455
  },
  "0;9|2": {
    "fisherz": 0.06835750887876335
  },
  "0;9|3": {
    "fisherz": 0.0687246907118686
  },
  "0;9|4": {
    "fisherz": 0.08736925972477527
  },
  "0;9|5": {
    "fisherz": 0.11576078641504961
  },
  "0;9|6": {
    "fisherz": 0.07485572506719196
  },
  "0;9|8": {
    "fisherz": 0.06625815244382571
  },
  "0;1|7": {
    "fisherz": 0.4240278173966219
  },
  "1;2|0": {
    "fisherz": 0.8019432354041303
  },
  "1;2|3": {
    "fisherz": 0.8202520282616124
  },
  "1;2|4": {
    "fisherz": 0.8104355683889453
  },
  "1;2|5": {
    "fisherz": 0.8104317901306979
  },
  "1;2|6": {
    "fisherz": 0.8062786188766231
  },
  "1;2|7": {
    "fisherz": 0.8137674936270922
  },
  "1;2|8": {
    "fisherz": 0.8125855387881005
  },
  "1;2|9": {
    "fisherz": 0.804290285137113
  },
  "1;3|0": {
    "fisherz": 0.7282958674129247
  },
  "1;3|2": {
    "fisherz": 0.765886941919323
  },
  "1;3|4": {
    "fisherz": 0.7543212032827369
  },
  "1;3|5": {
    "fisherz": 0.7563657290820933
  },
  "1;3|6": {
    "fisherz": 0.7371599344303046
  },
  "1;3|7": {
    "fisherz": 0.7563540686412102
  },
  "1;3|8": {
    "fisherz": 0.757297948065397
  },
  "1;3|9": {
    "fisherz": 0.756202797838708
  },
  "1;4|0": {
    "fisherz": 0.8026539569186448
  },
  "1;4|2": {
    "fisherz": 0.7685288988620496
  },
  "1;4|3": {
    "fisherz": 0.7642007546114356
  },
  "1;4|5": {
    "fisherz": 0.7590685917523492
  },
  "1;4|6": {
    "fisherz": 0.7585794034663234
  },
  "1;4|7": {
    "fisherz": 0.7664832408846427
  },
  "1;4|8": {
    "fisherz": 0.7663825816544523
  },
  "1;4|9": {
    "fisherz": 0.8080926466945348
  },
  "1;5|0": {
    "fisherz": 0.899621582235465
  },
  "1;5|2": {
    "fisherz": 0.9759125842976484
  },
  "1;5|3": {
    "fisherz": 0.9593187849210609
  },
  "1;5|4": {
    "fisherz": 0.9271340135143027
  },
  "1;5|6": {
    "fisherz": 0.9256830943875056
  },
  "1;5|7": {
    "fisherz": 0.9975849747954344
  },
  "1;5|8": {
    "fisherz": 0.990087646120726
  },
  "1;5|9": {
    "fisherz": 0.9755728505875851
  },
  "1;6|0": {
    "fisherz": 0.7785586797267856
  },
  "1;6|2": {
    "fisherz": 0.8212327728759432
  },
  "1;6|3": {
    "fisherz": 0.7964640955006335
  },
  "1;6|4": {
    "fisherz": 0.8124354962672695
  },
  "1;6|5": {
    "fisherz": 0.8125290820654574
  },
  "1;6|7": {
    "fisherz": 0.8287613494767623
  },
  "1;6|8": {
    "fisherz": 0.8234586313165977
  },
  "1;6|9": {
    "fisherz": 0.8165271141958668
  },
  "1;7|0": {
    "fisherz": 0.9511478742190631
  },
  "1;7|2": {
    "fisherz": 0.981433121600108
  },
  "1;7|3": {
    "fisherz": 0.9478032841041328
  },
  "1;7|4": {
    "fisherz": 0.9485296795985838
  },
  "1;7|5": {
    "fisherz": 0.9672713649912934
  },
  "1;7|6": {
    "fisherz": 0.9759302179654219
  },
  "1;7|8": {
    "fisherz": 0.9681748605031109
  },
  "1;7|9": {
    "fisherz": 0.9481701389732087
  },
  "1;8|0": {
    "fisherz": 0.8764052851594684
  },
  "1;8|2": {
    "fisherz": 0.8721593930134786
  },
  "1;8|3": {
    "fisherz": 0.8667570115311096
  },
  "1;8|4": {
    "fisherz": 0.8650608986542352
  },
  "1;8|5": {
    "fisherz": 0.8707790126414632
  },
  "1;8|6": {
    "fisherz": 0.8658590402879838
  },
  "1;8|7": {
    "fisherz": 0.8713537166037841
  },
  "1;8|9": {
    "fisherz": 0.8613869300454715
  },
  "1;9|0": {
    "fisherz": 0.8662571557249217
  },
  "1;9|2": {
    "fisherz": 0.7802501441275191
  },
  "1;9|3": {
    "fisherz": 0.7830810370708636
  },
  "1;9|4": {
    "fisherz": 0.8295403342057281
  },
  "1;9|5": {
    "fisherz": 0.7856051026150321
  },