{
  "data_hash": "a5573a9f24317d74612a59560a461c2f",
  "0;1": {
    "d_separation": 0.0
  },
  "0;2": {
    "d_separation": 0.0
  },
  "0;3": {
    "d_separation": 0.0
  },
  "0;4": {
    "d_separation": 0.0
  },
  "0;5": {
    "d_separation": 0.0
  },
  "0;6": {
    "d_separation": 0.0
  },
  "0;7": {
    "d_separation": 0.0
  },
  "0;8": {
    "d_separation": 0.0
  },
  "0;9": {
    "d_separation": 0.0
  },
  "1;2": {
    "d_separation": 0.0
  },
  "1;3": {
    "d_separation": 0.0
  },
  "1;4": {
    "d_separation": 0.0
  },
  "1;5": {
    "d_separation": 0.0
  },
  "1;6": {
    "d_separation": 0.0
  },
  "1;7": {
    "d_separation": 0.0
  },
  "1;8": {
    "d_separation": 0.0
  },
  "1;9": {
    "d_separation": 0.0
  },
  "2;3": {
    "d_separation": 0.0
  },
  "2;4": {
    "d_separation": 0.0
  },
  "2;5": {
    "d_separation": 0.0
  },
  "2;6": {
    "d_separation": 0.0
  },
  "2;7": {
    "d_separation": 0.0
  },
  "2;8": {
    "d_separation": 0.0
  },
  "2;9": {
    "d_separation": 0.0
  },
  "3;4": {
    "d_separation": 0.0
  },
  "3;5": {
    "d_separation": 0.0
  },
  "3;6": {
    "d_separation": 0.0
  },
  "3;7": {
    "d_separation": 0.0
  },
  "3;8": {
    "d_separation": 0.0
  },
  "3;9": {
    "d_separation": 0.0
  },
  "4;5": {
    "d_separation": 0.0
  },
  "4;6": {
    "d_separation": 0.0
  },
  "4;7": {
    "d_separation": 0.0
  },
  "4;8": {
    "d_separation": 0.0
  },
  "4;9": {
    "d_separation": 0.0
  },
  "5;6": {
    "d_separation": 0.0
  },
  "5;7": {
    "d_separation": 0.0
  },
  "5;8": {
    "d_separation": 0.0
  },
  "5;9": {
    "d_separation": 0.0
  },
  "6;7": {
    "d_separation": 0.0
  },
  "6;8": {
    "d_separation": 0.0
  },
  "6;9": {
    "d_separation": 0.0
  },
  "7;8": {
    "d_separation": 0.0
  },
  "7;9": {
    "d_separation": 0.0
  },
  "8;9": {
    "d_separation": 0.0
  },
  "0;1|2": {
    "kci": 0.0004026396769534202
  },
  "0;1|3": {
    "kci": 0.017156481715411953
  },
  "0;1|4": {
    "kci": 0.02371465170520659
  },
  "0;1|5": {
    "kci": 0.07019039771830371
  },
  "0;1|6": {
    "kci": 0.011030285625651559
  },
  "0;1|7": {
    "kci": 0.034603849817060994
  },
  "0;1|8": {
    "kci": 0.010366605172433041
  },
  "0;1|9": {
    "kci": 0.006363898593576556
  },
  "0;2|1": {
    "kci": 0.9149194357831413
  },
  "0;2|3": {
    "kci": 0.887639636899938
  },
  "0;2|4": {
    "kci": 0.8093551517565671
  },
  "0;2|5": {
    "kci": 0.709004509114685
  },
  "0;2|6": {
    "kci": 0.8916675333715056
  },
  "0;2|7": {
    "kci": 0.6829820109507041
  },
  "0;2|8": {
    "kci": 0.7896353992738682
  },
  "0;2|9": {
    "kci": 0.8466365584193779
  },
  "0;3|1": {
    "kci": 0.016419373388299907
  },
  "0;3|2": {
    "kci": 0.016486885584200306
  },
  "0;3|4": {
    "kci": 0.01894423702102155
  },
  "0;3|5": {
    "kci": 0.010213136352924201
  },
  "0;3|6": {
    "kci": 0.020311909684946228
  },
  "0;3|7": {
    "kci": 0.025396005569458868
  },
  "0;3|8": {
    "kci": 0.022234817636497928
  },
  "0;3|9": {
    "kci": 0.022478202924638757
  },
  "0;4|1": {
    "kci": 0.1150856473476376
  },
  "0;4|2": {
    "kci": 0.014984574222083769
  },
  "0;4|3": {
    "kci": 0.07075204052564721
  },
  "0;4|5": {
    "kci": 0.03395363911176408
  },
  "0;4|6": {
    "kci": 0.028372209897254197
  },
  "0;4|7": {
    "kci": 0.09801826793299295
  },
  "0;4|8": {
    "kci": 0.0370305692480426
  },
  "0;4|9": {
    "kci": 0.0421146165173194
  },
  "0;5|1": {
    "kci": 6.661338147750939e-16
  },
  "0;5|2": {
    "kci": 0.0
  },
  "0;5|3": {
    "kci": 0.0
  },
  "0;5|4": {
    "kci": 0.0
  },
  "0;5|6": {
    "kci": 1.1102230246251565e-16
  },
  "0;5|7": {
    "kci": 7.122635814482692e-12
  },
  "0;5|8": {
    "kci": 3.3306690738754696e-16
  },
  "0;5|9": {
    "kci": 1.1102230246251565e-16
  },
  "0;6|1": {
    "kci": 0.38125563547386
  },
  "0;6|2": {
    "kci": 0.2819816781754838
  },
  "0;6|3": {
    "kci": 0.08987488406318733
  },
  "0;6|4": {
    "kci": 0.1466531261989512
  },
  "0;6|5": {
    "kci": 0.31764464891266087
  },
  "0;6|7": {
    "kci": 0.6249337746354012
  },
  "0;6|8": {
    "kci": 0.11469890112625969
  },
  "0;6|9": {
    "kci": 0.439402517422945
  },
  "0;7|1": {
    "kci": 4.369047346131083e-10
  },
  "0;7|2": {
    "kci": 4.278155607551071e-11
  },
  "0;7|3": {
    "kci": 3.8328118456831817e-11
  },
  "0;7|4": {
    "kci": 5.903511013372054e-11
  },
  "0;7|5": {
    "kci": 0.00031018862870879627
  },
  "0;7|6": {
    "kci": 2.760669470802668e-11
  },
  "0;7|8": {
    "kci": 9.91913018388857e-09
  },
  "0;7|9": {
    "kci": 1.0065737132691766e-10
  },
  "0;8|1": {
    "kci": 0.003442492181870316
  },
  "0;8|2": {
    "kci": 0.00043181923010826573
  },
  "0;8|3": {
    "kci": 0.005823059302202949
  },
  "0;8|4": {
    "kci": 0.005041141127457571
  },
  "0;8|5": {
    "kci": 0.1322084075523451
  },
  "0;8|6": {
    "kci": 0.0013206400596876833
  },
  "0;8|7": {
    "kci": 0.1140235773332926
  },
  "0;8|9": {
    "kci": 0.008635833159461925
  },
  "0;9|1": {
    "kci": 0.06786309980301863
  },
  "0;9|2": {
    "kci": 0.16081460405984016
  },
  "0;9|3": {
    "kci": 0.09356979465178528
  },
  "0;9|4": {
    "kci": 0.14484623590408452
  },
  "0;9|5": {
    "kci": 0.00845288273397049
  },
  "0;9|6": {
    "kci": 0.26351665924552203
  },
  "0;9|7": {
    "kci": 0.16411723744798778
  },
  "0;9|8": {
    "kci": 0.1509616063478436
  },
  "1;2|0": {
    "kci": 0.3262056925285317
  },
  "1;2|3": {
    "kci": 0.15490391458324526
  },
  "1;2|4": {
    "kci": 0.17441650383792418
  },
  "1;2|5": {
    "kci": 0.17211277950039838
  },
  "1;2|6": {
    "kci": 0.14743848026285788
  },
  "1;2|7": {
    "kci": 0.16898442629381616
  },
  "1;2|8": {
    "kci": 0.2226872445502761
  },
  "1;2|9": {
    "kci": 0.05258562919888887
  },
  "1;3|0": {
    "kci": 0.308248031736462
  },
  "1;3|2": {
    "kci": 0.25166262550045904
  },
  "1;3|4": {
    "kci": 0.26708480086179054
  },
  "1;3|5": {
    "kci": 0.18566029651290483
  },
  "1;3|6": {
    "kci": 0.16500576656404387
  },
  "1;3|7": {
    "kci": 0.34795269099775794
  },
  "1;3|8": {
    "kci": 0.28100216026409186
  },
  "1;3|9": {
    "kci": 0.21488817761557133
  },
  "1;4|0": {
    "kci": 0.08698641268474472
  },
  "1;4|2": {
    "kci": 0.007159934380258304
  },
  "1;4|3": {
    "kci": 0.021177558611947478
  },
  "1;4|5": {
    "kci": 0.0058807801988304265
  },
  "1;4|6": {
    "kci": 0.0021397132168305966
  },
  "1;4|7": {
    "kci": 0.006434515553478404
  },
  "1;4|8": {
    "kci": 0.004322031550921812
  },
  "1;4|9": {
    "kci": 0.019450735295917565
  },
  "1;5|0": {
    "kci": 0.45348713502117066
  },
  "1;5|2": {
    "kci": 0.2862624105063286
  },
  "1;5|3": {
    "kci": 0.3771416725414244
  },
  "1;5|4": {
    "kci": 0.4506321488598748
  },
  "1;5|6": {
    "kci": 0.3875097436205721
  },
  "1;5|7": {
    "kci": 0.5882239201821282
  },
  "1;5|8": {
    "kci": 0.5781945222962839
  },
  "1;5|9": {
    "kci": 0.34514996361723793
  },
  "1;6|0": {
    "kci": 0.4832618318511591
  },
  "1;6|2": {
    "kci": 0.4869539257279849
  },
  "1;6|3": {
    "kci": 0.5022124029538297
  },
  "1;6|4": {
    "kci": 0.47538191284485354
  },
  "1;6|5": {
    "kci": 0.3897918585684361
  },
  "1;6|7": {
    "kci": 0.4893800588145958
  },
  "1;6|8": {
    "kci": 0.43041702023064987
  },
  "1;6|9": {
    "kci": 0.37268034499803737
  },
  "1;7|0": {
    "kci": 0.6009073269796974
  },
  "1;7|2": {
    "kci": 0.052704509670831956
  },
  "1;7|3": {
    "kci": 0.29719210544761354
  },
  "1;7|4": {
    "kci": 0.1778201078042867
  },
  "1;7|5": {
    "kci": 0.1989478843613688
  },
  "1;7|6": {
    "kci": 0.13665650338668733
  },
  "1;7|8": {
    "kci": 0.416693919914615
  },
  "1;7|9": {
    "kci": 0.2734945751754405
  },
  "1;8|0": {
    "kci": 0.04339178490841489
  },
  "1;8|2": {
    "kci": 0.009033289340956707
  },
  "1;8|3": {
    "kci": 0.014012232682838688
  },
  "1;8|4": {
    "kci": 0.010350528277349724
  },
  "1;8|5": {
    "kci": 0.09983242719313112
  },