{
  "data_hash": "a69c0c9f14b176f865c73bfd9cac8b0d",
  "0;1": {
    "d_separation": 0.0
  },
  "0;2": {
    "d_separation": 1.0
  },
  "0;3": {
    "d_separation": 0.0
  },
  "0;4": {
    "d_separation": 0.0
  },
  "0;5": {
    "d_separation": 0.0
  },
  "0;6": {
    "d_separation": 0.0
  },
  "0;7": {
    "d_separation": 0.0
  },
  "0;8": {
    "d_separation": 0.0
  },
  "0;9": {
    "d_separation": 0.0
  },
  "1;2": {
    "d_separation": 1.0
  },
  "1;3": {
    "d_separation": 0.0
  },
  "1;4": {
    "d_separation": 0.0
  },
  "1;5": {
    "d_separation": 0.0
  },
  "1;6": {
    "d_separation": 0.0
  },
  "1;7": {
    "d_separation": 0.0
  },
  "1;8": {
    "d_separation": 0.0
  },
  "1;9": {
    "d_separation": 0.0
  },
  "2;3": {
    "d_separation": 0.0
  },
  "2;4": {
    "d_separation": 1.0
  },
  "2;5": {
    "d_separation": 0.0
  },
  "2;6": {
    "d_separation": 0.0
  },
  "2;7": {
    "d_separation": 1.0
  },
  "2;8": {
    "d_separation": 0.0
  },
  "2;9": {
    "d_separation": 0.0
  },
  "3;4": {
    "d_separation": 0.0
  },
  "3;5": {
    "d_separation": 0.0
  },
  "3;6": {
    "d_separation": 0.0
  },
  "3;7": {
    "d_separation": 0.0
  },
  "3;8": {
    "d_separation": 0.0
  },
  "3;9": {
    "d_separation": 0.0
  },
  "4;5": {
    "d_separation": 0.0
  },
  "4;6": {
    "d_separation": 0.0
  },
  "4;7": {
    "d_separation": 0.0
  },
  "4;8": {
    "d_separation": 0.0
  },
  "4;9": {
    "d_separation": 0.0
  },
  "5;6": {
    "d_separation": 0.0
  },
  "5;7": {
    "d_separation": 0.0
  },
  "5;8": {
    "d_separation": 0.0
  },
  "5;9": {
    "d_separation": 0.0
  },
  "6;7": {
    "d_separation": 0.0
  },
  "6;8": {
    "d_separation": 0.0
  },
  "6;9": {
    "d_separation": 0.0
  },
  "7;8": {
    "d_separation": 0.0
  },
  "7;9": {
    "d_separation": 0.0
  },
  "8;9": {
    "d_separation": 0.0
  },
  "0;1|3": {
    "kci": 0.3117476100543971
  },
  "0;1|4": {
    "kci": 0.3632661973782393
  },
  "0;1|5": {
    "kci": 0.3245965652314132
  },
  "0;1|6": {
    "kci": 0.337974180149465
  },
  "0;1|7": {
    "kci": 0.3297454823520001
  },
  "0;1|8": {
    "kci": 0.3374606040354029
  },
  "0;1|9": {
    "kci": 0.33570834697246
  },
  "0;3|1": {
    "kci": 0.234163730862613
  },
  "0;3|4": {
    "kci": 0.6590772655395657
  },
  "0;3|5": {
    "kci": 0.291216146863456
  },
  "0;3|6": {
    "kci": 0.251145059973817
  },
  "0;3|7": {
    "kci": 0.4062916589284886
  },
  "0;3|8": {
    "kci": 0.279725503699777
  },
  "0;3|9": {
    "kci": 0.2788128023972697
  },
  "0;4|1": {
    "kci": 6.302240670685855e-05
  },
  "0;4|3": {
    "kci": 0.003422120164763953
  },
  "0;4|5": {
    "kci": 9.4037031330374e-05
  },
  "0;4|6": {
    "kci": 0.0006009273037939078
  },
  "0;4|7": {
    "kci": 5.962162656247827e-06
  },
  "0;4|8": {
    "kci": 0.0009735915224475811
  },
  "0;4|9": {
    "kci": 0.01398408593042233
  },
  "0;5|1": {
    "kci": 0.1337318462790167
  },
  "0;5|3": {
    "kci": 0.11784002268400484
  },
  "0;5|4": {
    "kci": 0.2279571246550085
  },
  "0;5|6": {
    "kci": 0.1364076253910913
  },
  "0;5|7": {
    "kci": 0.07950374648448055
  },
  "0;5|8": {
    "kci": 0.14621954734798726
  },
  "0;5|9": {
    "kci": 0.18521189846180153
  },
  "0;6|1": {
    "kci": 0.5809868056626771
  },
  "0;6|3": {
    "kci": 0.530653515249683
  },
  "0;6|4": {
    "kci": 0.3912924185777231
  },
  "0;6|5": {
    "kci": 0.5305931512562752
  },
  "0;6|7": {
    "kci": 0.5085274289539347
  },
  "0;6|8": {
    "kci": 0.6108553773699665
  },
  "0;6|9": {
    "kci": 0.450197412804372
  },
  "0;7|1": {
    "kci": 0.5542326636024633
  },
  "0;7|3": {
    "kci": 0.4754434658693386
  },
  "0;7|4": {
    "kci": 0.5080186771371196
  },
  "0;7|5": {
    "kci": 0.5358458007828519
  },
  "0;7|6": {
    "kci": 0.5254790024235902
  },
  "0;7|8": {
    "kci": 0.4318260776299022
  },
  "0;7|9": {
    "kci": 0.38448611712328473
  },
  "0;8|1": {
    "kci": 0.14931891938632902
  },
  "0;8|3": {
    "kci": 0.10680322423901756
  },
  "0;8|4": {
    "kci": 0.33000573355192997
  },
  "0;8|5": {
    "kci": 0.06735339818441366
  },
  "0;8|6": {
    "kci": 0.20212648742409578
  },
  "0;8|7": {
    "kci": 0.04805177767373192
  },
  "0;8|9": {
    "kci": 0.2060475590591775
  },
  "0;9|1": {
    "kci": 0.12389929764651275
  },
  "0;9|3": {
    "kci": 0.20408812257516462
  },
  "0;9|4": {
    "kci": 0.361094106093681
  },
  "0;9|5": {
    "kci": 0.08664485751232587
  },
  "0;9|6": {
    "kci": 0.19864784605472774
  },
  "0;9|7": {
    "kci": 0.04719573678316713
  },
  "0;9|8": {
    "kci": 0.17373047041069456
  },
  "1;3|0": {
    "kci": 0.3147584454984018
  },
  "1;3|4": {
    "kci": 0.29642388658731966
  },
  "1;3|5": {
    "kci": 0.3116859461367443
  },
  "1;3|6": {
    "kci": 0.31439579003246343
  },
  "1;3|7": {
    "kci": 0.317378516373765
  },
  "1;3|8": {
    "kci": 0.3193156488923602
  },
  "1;3|9": {
    "kci": 0.3106281089991326
  },
  "1;4|0": {
    "kci": 0.3160693001273325
  },
  "1;4|3": {
    "kci": 0.27199426783410163
  },
  "1;4|5": {
    "kci": 0.3229514544640464
  },
  "1;4|6": {
    "kci": 0.3216261702182067
  },
  "1;4|7": {
    "kci": 0.3194936286131749
  },
  "1;4|8": {
    "kci": 0.324117625966299
  },
  "1;4|9": {
    "kci": 0.32537437339678044
  },
  "1;5|0": {
    "kci": 0.34012223978960676
  },
  "1;5|3": {
    "kci": 0.40484466262432905
  },
  "1;5|4": {
    "kci": 0.3133345774093823
  },
  "1;5|6": {
    "kci": 0.37574646808263135
  },
  "1;5|7": {
    "kci": 0.3484725117492141
  },
  "1;5|8": {
    "kci": 0.48697821307438915
  },
  "1;5|9": {
    "kci": 0.4616954403438973
  },
  "1;6|0": {
    "kci": 0.47158599210098195
  },
  "1;6|3": {
    "kci": 0.6524332803680747
  },
  "1;6|4": {
    "kci": 0.427034562374779
  },
  "1;6|5": {
    "kci": 0.43862759427919273
  },
  "1;6|7": {
    "kci": 0.40665051214319126
  },
  "1;6|8": {
    "kci": 0.5350926079761242
  },
  "1;6|9": {
    "kci": 0.4185082791709741
  },
  "1;7|0": {
    "kci": 0.3651650920047851
  },
  "1;7|3": {
    "kci": 0.3303302801350587
  },
  "1;7|4": {
    "kci": 0.4913686980635238
  },
  "1;7|5": {
    "kci": 0.44078863771464283
  },
  "1;7|6": {
    "kci": 0.34061340366170834
  },
  "1;7|8": {
    "kci": 0.4170926388230366
  },
  "1;7|9": {
    "kci": 0.41049109742484347
  },
  "1;8|0": {
    "kci": 0.33882197808332826
  },
  "1;8|3": {
    "kci": 0.32569466656088575
  },
  "1;8|4": {
    "kci": 0.38101115478764547
  },
  "1;8|5": {
    "kci": 0.3455716428812561
  },
  "1;8|6": {
    "kci": 0.3165539507364218
  },
  "1;8|7": {
    "kci": 0.32010838094657645
  },
  "1;8|9": {
    "kci": 0.33950719530131923
  },
  "1;9|0": {
    "kci": 0.32971245543152317
  },
  "1;9|3": {
    "kci": 0.30998025641164617
  },
  "1;9|4": {
    "kci": 0.3530131481825054
  },
  "1;9|5": {
    "kci": 0.3394855178253924
  },
  "1;9|6": {
    "kci": 0.3361742515845664
  },
  "1;9|7": {
    "kci": 0.33344650859311153
  },
  "1;9|8": {
    "kci": 0.33571665471090995
  },
  "2;3|5": {
    "kci": 0.00023327765723824
  },
  "2;3|6": {
    "kci": 0.010292555877040921
  },
  "2;3|8": {
    "kci": 0.0012192499425992542
  },
  "2;3|9": {
    "kci": 0.00024214597881888622
  },
  "2;5|3": {
    "kci": 0.2683099943932268
  },
  "2;5|6": {
    "kci": 0.26429745784773706
  },
  "2;5|8": {
    "kci": 0.27602582902900796
  },
  "2;5|9": {
    "kci": 0.25690128872344453
  },
  "2;6|3": {
    "kci": 0.1840004944056396
  },
  "2;6|5": {
    "kci": 0.04692973683787549
  },
  "2;6|8": {
    "kci": 0.08921612759875175
  },
  "2;6|9": {
    "kci": 0.05812738094644132
  },
  "2;8|3": {
    "kci": 0.0002560609897223065
  },
  "2;8|5": {
    "kci": 0.0003528953882567798
  },
  "2;8|6": {
    "kci": 0.00037884778962737897
  },
  "2;8|9": {
    "kci": 0.00022952303041567923
  },
  "2;9|3": {
    "kci": 0.4622405644015323
  },
  "2;9|5": {
    "kci": 0.6086429366692907
  },
  "2;9|6": {
    "kci": 0.3972049839137378
  },
  "2;9|8": {
    "kci": 0.8332375620800525
  },
  "0;3|2": {
    "kci": 0.187082170778345
  },