{
  "data_hash": "a6d428d242bb5a5078b721338d334465",
  "0;1": {
    "d_separation": 0.0
  },
  "0;2": {
    "d_separation": 0.0
  },
  "0;3": {
    "d_separation": 0.0
  },
  "0;4": {
    "d_separation": 0.0
  },
  "0;5": {
    "d_separation": 0.0
  },
  "0;6": {
    "d_separation": 0.0
  },
  "0;7": {
    "d_separation": 0.0
  },
  "0;8": {
    "d_separation": 0.0
  },
  "0;9": {
    "d_separation": 0.0
  },
  "1;2": {
    "d_separation": 0.0
  },
  "1;3": {
    "d_separation": 0.0
  },
  "1;4": {
    "d_separation": 0.0
  },
  "1;5": {
    "d_separation": 0.0
  },
  "1;6": {
    "d_separation": 0.0
  },
  "1;7": {
    "d_separation": 0.0
  },
  "1;8": {
    "d_separation": 0.0
  },
  "1;9": {
    "d_separation": 0.0
  },
  "2;3": {
    "d_separation": 0.0
  },
  "2;4": {
    "d_separation": 0.0
  },
  "2;5": {
    "d_separation": 0.0
  },
  "2;6": {
    "d_separation": 0.0
  },
  "2;7": {
    "d_separation": 0.0
  },
  "2;8": {
    "d_separation": 0.0
  },
  "2;9": {
    "d_separation": 0.0
  },
  "3;4": {
    "d_separation": 0.0
  },
  "3;5": {
    "d_separation": 0.0
  },
  "3;6": {
    "d_separation": 0.0
  },
  "3;7": {
    "d_separation": 0.0
  },
  "3;8": {
    "d_separation": 0.0
  },
  "3;9": {
    "d_separation": 0.0
  },
  "4;5": {
    "d_separation": 0.0
  },
  "4;6": {
    "d_separation": 0.0
  },
  "4;7": {
    "d_separation": 0.0
  },
  "4;8": {
    "d_separation": 0.0
  },
  "4;9": {
    "d_separation": 0.0
  },
  "5;6": {
    "d_separation": 0.0
  },
  "5;7": {
    "d_separation": 0.0
  },
  "5;8": {
    "d_separation": 0.0
  },
  "5;9": {
    "d_separation": 0.0
  },
  "6;7": {
    "d_separation": 0.0
  },
  "6;8": {
    "d_separation": 0.0
  },
  "6;9": {
    "d_separation": 0.0
  },
  "7;8": {
    "d_separation": 0.0
  },
  "7;9": {
    "d_separation": 0.0
  },
  "8;9": {
    "d_separation": 0.0
  },
  "0;1|2": {
    "kci": 0.5407171556587071
  },
  "0;1|3": {
    "kci": 0.4877215985016592
  },
  "0;1|4": {
    "kci": 0.613131755542998
  },
  "0;1|5": {
    "kci": 0.6540176539281414
  },
  "0;1|6": {
    "kci": 0.5782976472417871
  },
  "0;1|7": {
    "kci": 0.4143526011648905
  },
  "0;1|8": {
    "kci": 0.5382946034971272
  },
  "0;1|9": {
    "kci": 0.5146924562472472
  },
  "0;2|1": {
    "kci": 0.26095479141796707
  },
  "0;2|3": {
    "kci": 0.4516154917458902
  },
  "0;2|4": {
    "kci": 0.07034592499066128
  },
  "0;2|5": {
    "kci": 0.3907259335505733
  },
  "0;2|6": {
    "kci": 0.3093266185516057
  },
  "0;2|7": {
    "kci": 0.1534168414155863
  },
  "0;2|8": {
    "kci": 0.6078363348303073
  },
  "0;2|9": {
    "kci": 0.06439809240311956
  },
  "0;3|1": {
    "kci": 0.0
  },
  "0;3|2": {
    "kci": 0.0
  },
  "0;3|4": {
    "kci": 0.0
  },
  "0;3|5": {
    "kci": 0.0
  },
  "0;3|6": {
    "kci": 0.0
  },
  "0;3|7": {
    "kci": 0.0
  },
  "0;3|8": {
    "kci": 6.106226635438361e-15
  },
  "0;3|9": {
    "kci": 0.0
  },
  "0;4|1": {
    "kci": 0.31336712212793194
  },
  "0;4|2": {
    "kci": 0.3873755364352248
  },
  "0;4|3": {
    "kci": 0.2677625152535922
  },
  "0;4|5": {
    "kci": 0.289478428704383
  },
  "0;4|6": {
    "kci": 0.28226154509326007
  },
  "0;4|7": {
    "kci": 0.379623207661002
  },
  "0;4|8": {
    "kci": 0.31516794433598894
  },
  "0;4|9": {
    "kci": 0.5496999290354967
  },
  "0;5|1": {
    "kci": 0.001227768135656171
  },
  "0;5|2": {
    "kci": 0.0001404635995991832
  },
  "0;5|3": {
    "kci": 0.08920963014821914
  },
  "0;5|4": {
    "kci": 0.00042449222240492634
  },
  "0;5|6": {
    "kci": 0.0057396334435113605
  },
  "0;5|7": {
    "kci": 0.0001802966247919091
  },
  "0;5|8": {
    "kci": 0.1814804282323057
  },
  "0;5|9": {
    "kci": 0.00012072161022325112
  },
  "0;6|1": {
    "kci": 0.004667848566052846
  },
  "0;6|2": {
    "kci": 0.0043259980939597265
  },
  "0;6|3": {
    "kci": 0.43311120699250527
  },
  "0;6|4": {
    "kci": 0.007339697780130994
  },
  "0;6|5": {
    "kci": 0.12644551993620046
  },
  "0;6|7": {
    "kci": 0.005735709027870017
  },
  "0;6|8": {
    "kci": 0.249591723609065
  },
  "0;6|9": {
    "kci": 0.0016800056446438782
  },
  "0;7|1": {
    "kci": 0.047342504505930916
  },
  "0;7|2": {
    "kci": 0.34439829814030753
  },
  "0;7|3": {
    "kci": 0.4306590087344807
  },
  "0;7|4": {
    "kci": 0.4112049221644237
  },
  "0;7|5": {
    "kci": 0.38590924221737355
  },
  "0;7|6": {
    "kci": 0.4668861963181553
  },
  "0;7|8": {
    "kci": 0.6175137488869898
  },
  "0;7|9": {
    "kci": 0.2984350116077039
  },
  "0;8|1": {
    "kci": 4.6158318141031884e-06
  },
  "0;8|2": {
    "kci": 1.9924208741750604e-06
  },
  "0;8|3": {
    "kci": 0.3819113750453689
  },
  "0;8|4": {
    "kci": 5.554309264743651e-07
  },
  "0;8|5": {
    "kci": 3.301858431115079e-08
  },
  "0;8|6": {
    "kci": 3.4006108674544677e-06
  },
  "0;8|7": {
    "kci": 3.722113072202049e-07
  },
  "0;8|9": {
    "kci": 4.35102614826377e-07
  },
  "0;9|1": {
    "kci": 0.13548436843745948
  },
  "0;9|2": {
    "kci": 0.21331535217869046
  },
  "0;9|3": {
    "kci": 0.4199889067434892
  },
  "0;9|4": {
    "kci": 0.23893110854721566
  },
  "0;9|5": {
    "kci": 0.4813289411394236
  },
  "0;9|6": {
    "kci": 0.685015832316128
  },
  "0;9|7": {
    "kci": 0.23455633775145412
  },
  "0;9|8": {
    "kci": 0.2672085697287395
  },
  "1;2|0": {
    "kci": 0.35152922832714373
  },
  "1;2|3": {
    "kci": 0.34311217051546816
  },
  "1;2|4": {
    "kci": 0.3605253337861474
  },
  "1;2|5": {
    "kci": 0.3275626535906748
  },
  "1;2|6": {
    "kci": 0.39106117937561125
  },
  "1;2|7": {
    "kci": 0.37733992339785094
  },
  "1;2|8": {
    "kci": 0.38890616148192847
  },
  "1;2|9": {
    "kci": 0.38871866898930163
  },
  "1;3|0": {
    "kci": 0.4164814053622241
  },
  "1;3|2": {
    "kci": 0.5379263633383902
  },
  "1;3|4": {
    "kci": 0.5739758909559545
  },
  "1;3|5": {
    "kci": 0.5800169419226767
  },
  "1;3|6": {
    "kci": 0.5076217745019862
  },
  "1;3|7": {
    "kci": 0.671431015263682
  },
  "1;3|8": {
    "kci": 0.5174987142516678
  },
  "1;3|9": {
    "kci": 0.5994420469761332
  },
  "1;4|0": {
    "kci": 0.14588153276347593
  },
  "1;4|2": {
    "kci": 0.154044157508059
  },
  "1;4|3": {
    "kci": 0.10580152126249054
  },
  "1;4|5": {
    "kci": 0.028839524819739726
  },
  "1;4|6": {
    "kci": 0.26444686303013354
  },
  "1;4|7": {
    "kci": 0.23534190024043
  },
  "1;4|8": {
    "kci": 0.11156708142701521
  },
  "1;4|9": {
    "kci": 0.2362280685259771
  },
  "1;5|0": {
    "kci": 0.42284260929653517
  },
  "1;5|2": {
    "kci": 0.6875519113547318
  },
  "1;5|3": {
    "kci": 0.45046002448604006
  },
  "1;5|4": {
    "kci": 0.5946634874132728
  },
  "1;5|6": {
    "kci": 0.5636051445631522
  },
  "1;5|7": {
    "kci": 0.5145192341546434
  },
  "1;5|8": {
    "kci": 0.5603016633857303
  },
  "1;5|9": {
    "kci": 0.5250550565966647
  },
  "1;6|0": {
    "kci": 0.38344256664560183
  },
  "1;6|2": {
    "kci": 0.4242299882429992
  },
  "1;6|3": {
    "kci": 0.5211435239591763
  },
  "1;6|4": {
    "kci": 0.40411417374919645
  },
  "1;6|5": {
    "kci": 0.3925761890355337
  },
  "1;6|7": {
    "kci": 0.45364133343678104
  },
  "1;6|8": {
    "kci": 0.3580050855184179
  },
  "1;6|9": {
    "kci": 0.4443987399506222
  },
  "1;7|0": {
    "kci": 0.26701607736068667
  },
  "1;7|2": {
    "kci": 0.2630747155017228
  },
  "1;7|3": {
    "kci": 0.26830949088154
  },
  "1;7|4": {
    "kci": 0.25752231289619587
  },
  "1;7|5": {
    "kci": 0.258831784750985
  },
  "1;7|6": {
    "kci": 0.2568495165896856
  },
  "1;7|8": {
    "kci": 0.2571011874124698
  },
  "1;7|9": {
    "kci": 0.25321151630907557
  },
  "1;8|0": {
    "kci": 0.03040313055784072
  },
  "1;8|2": {
    "kci": 0.3138762039828391
  },
  "1;8|3": {
    "kci": 0.04095585167890636
  },
  "1;8|4": {
    "kci": 0.3224350549576048
  },
  "1;8|5": {
    "kci": 0.17744894606445893
  },
  "1;8|6": {
    "kci": 0.266957481633592
  },
  "1;8|7": {
    "kci": 0.4160999223200095
  },
  "1;8|9": {
    "kci": 0.32782613609529565
  },