{
  "data_hash": "a902f3fbe56517aa282012912df5fc4d",
  "0;1": {
    "d_separation": 0.0
  },
  "0;2": {
    "d_separation": 0.0
  },
  "0;3": {
    "d_separation": 0.0
  },
  "0;4": {
    "d_separation": 0.0
  },
  "0;5": {
    "d_separation": 0.0
  },
  "0;6": {
    "d_separation": 0.0
  },
  "0;7": {
    "d_separation": 0.0
  },
  "0;8": {
    "d_separation": 0.0
  },
  "0;9": {
    "d_separation": 0.0
  },
  "1;2": {
    "d_separation": 0.0
  },
  "1;3": {
    "d_separation": 0.0
  },
  "1;4": {
    "d_separation": 0.0
  },
  "1;5": {
    "d_separation": 0.0
  },
  "1;6": {
    "d_separation": 0.0
  },
  "1;7": {
    "d_separation": 0.0
  },
  "1;8": {
    "d_separation": 0.0
  },
  "1;9": {
    "d_separation": 0.0
  },
  "2;3": {
    "d_separation": 0.0
  },
  "2;4": {
    "d_separation": 0.0
  },
  "2;5": {
    "d_separation": 0.0
  },
  "2;6": {
    "d_separation": 0.0
  },
  "2;7": {
    "d_separation": 0.0
  },
  "2;8": {
    "d_separation": 0.0
  },
  "2;9": {
    "d_separation": 0.0
  },
  "3;4": {
    "d_separation": 0.0
  },
  "3;5": {
    "d_separation": 0.0
  },
  "3;6": {
    "d_separation": 0.0
  },
  "3;7": {
    "d_separation": 0.0
  },
  "3;8": {
    "d_separation": 0.0
  },
  "3;9": {
    "d_separation": 0.0
  },
  "4;5": {
    "d_separation": 0.0
  },
  "4;6": {
    "d_separation": 0.0
  },
  "4;7": {
    "d_separation": 0.0
  },
  "4;8": {
    "d_separation": 0.0
  },
  "4;9": {
    "d_separation": 0.0
  },
  "5;6": {
    "d_separation": 0.0
  },
  "5;7": {
    "d_separation": 0.0
  },
  "5;8": {
    "d_separation": 0.0
  },
  "5;9": {
    "d_separation": 0.0
  },
  "6;7": {
    "d_separation": 0.0
  },
  "6;8": {
    "d_separation": 0.0
  },
  "6;9": {
    "d_separation": 0.0
  },
  "7;8": {
    "d_separation": 0.0
  },
  "7;9": {
    "d_separation": 0.0
  },
  "8;9": {
    "d_separation": 0.0
  },
  "0;1|2": {
    "kci": 0.09684718729354713
  },
  "0;1|3": {
    "kci": 0.1822017693053175
  },
  "0;1|4": {
    "kci": 0.3277844933305578
  },
  "0;1|5": {
    "kci": 0.03542667299139479
  },
  "0;1|6": {
    "kci": 0.0014958844055223963
  },
  "0;1|7": {
    "kci": 0.03446177619720425
  },
  "0;1|8": {
    "kci": 0.18554956105837306
  },
  "0;1|9": {
    "kci": 0.017910543881808016
  },
  "0;2|1": {
    "kci": 0.629465623031895
  },
  "0;2|3": {
    "kci": 0.6806519253175152
  },
  "0;2|4": {
    "kci": 0.5332724349058566
  },
  "0;2|5": {
    "kci": 0.503614868237759
  },
  "0;2|6": {
    "kci": 0.5657960233040007
  },
  "0;2|7": {
    "kci": 0.5709369982612437
  },
  "0;2|8": {
    "kci": 0.5280658896674872
  },
  "0;2|9": {
    "kci": 0.47895598241143067
  },
  "0;3|1": {
    "kci": 0.004590747202866563
  },
  "0;3|2": {
    "kci": 0.00683141130551812
  },
  "0;3|4": {
    "kci": 0.005536180291811688
  },
  "0;3|5": {
    "kci": 0.008551312890495155
  },
  "0;3|6": {
    "kci": 0.004660416468345696
  },
  "0;3|7": {
    "kci": 0.006478781245730647
  },
  "0;3|8": {
    "kci": 0.16950964849738204
  },
  "0;3|9": {
    "kci": 0.005220929691351905
  },
  "0;4|1": {
    "kci": 0.29386706078337843
  },
  "0;4|2": {
    "kci": 0.03152583387840524
  },
  "0;4|3": {
    "kci": 0.11447449798516707
  },
  "0;4|5": {
    "kci": 0.17252165669448827
  },
  "0;4|6": {
    "kci": 0.03786274610704776
  },
  "0;4|7": {
    "kci": 0.05253703450471636
  },
  "0;4|8": {
    "kci": 0.316678612513726
  },
  "0;4|9": {
    "kci": 0.04532023007607788
  },
  "0;5|1": {
    "kci": 0.02437217732882202
  },
  "0;5|2": {
    "kci": 0.040723798666013056
  },
  "0;5|3": {
    "kci": 0.014183946341951303
  },
  "0;5|4": {
    "kci": 0.06789117761474528
  },
  "0;5|6": {
    "kci": 0.13846631118023645
  },
  "0;5|7": {
    "kci": 0.0381955031341924
  },
  "0;5|8": {
    "kci": 0.056667113249018075
  },
  "0;5|9": {
    "kci": 0.06562022930227873
  },
  "0;6|1": {
    "kci": 0.00864358267045362
  },
  "0;6|2": {
    "kci": 0.029986529827357167
  },
  "0;6|3": {
    "kci": 0.011229240591345446
  },
  "0;6|4": {
    "kci": 0.00789170376329873
  },
  "0;6|5": {
    "kci": 0.014173204795315364
  },
  "0;6|7": {
    "kci": 0.06018970089681375
  },
  "0;6|8": {
    "kci": 0.058354128630958124
  },
  "0;6|9": {
    "kci": 0.20820262556515234
  },
  "0;7|1": {
    "kci": 0.8040024000735324
  },
  "0;7|2": {
    "kci": 0.6992611668898789
  },
  "0;7|3": {
    "kci": 0.6783313868855373
  },
  "0;7|4": {
    "kci": 0.70589360780992
  },
  "0;7|5": {
    "kci": 0.521501438419487
  },
  "0;7|6": {
    "kci": 0.8953554898289319
  },
  "0;7|8": {
    "kci": 0.38260634570093477
  },
  "0;7|9": {
    "kci": 0.7419149417168576
  },
  "0;8|1": {
    "kci": 0.18122883700709358
  },
  "0;8|2": {
    "kci": 0.33916993962089315
  },
  "0;8|3": {
    "kci": 0.48089219668504235
  },
  "0;8|4": {
    "kci": 0.14729167118385667
  },
  "0;8|5": {
    "kci": 0.029162285401144183
  },
  "0;8|6": {
    "kci": 0.19502298415434427
  },
  "0;8|7": {
    "kci": 0.2066010253199636
  },
  "0;8|9": {
    "kci": 0.10942617093219731
  },
  "0;9|1": {
    "kci": 0.0001084863835962846
  },
  "0;9|2": {
    "kci": 0.000306141331165688
  },
  "0;9|3": {
    "kci": 0.0005749369353229561
  },
  "0;9|4": {
    "kci": 0.0003159116700418574
  },
  "0;9|5": {
    "kci": 0.0005572807511561306
  },
  "0;9|6": {
    "kci": 0.20536174316055877
  },
  "0;9|7": {
    "kci": 0.002864892597197466
  },
  "0;9|8": {
    "kci": 5.08647575314658e-06
  },
  "1;2|0": {
    "kci": 0.16912192747883792
  },
  "1;2|3": {
    "kci": 0.30005840206128975
  },
  "1;2|4": {
    "kci": 0.22242699481337613
  },
  "1;2|5": {
    "kci": 0.15783293755150707
  },
  "1;2|6": {
    "kci": 0.17501961835573965
  },
  "1;2|7": {
    "kci": 0.4148227707677975
  },
  "1;2|8": {
    "kci": 0.301437856298163
  },
  "1;2|9": {
    "kci": 0.12663882472216015
  },
  "1;3|0": {
    "kci": 0.43594482513225574
  },
  "1;3|2": {
    "kci": 0.4256277329695156
  },
  "1;3|4": {
    "kci": 0.5233578916252168
  },
  "1;3|5": {
    "kci": 0.5105324377422837
  },
  "1;3|6": {
    "kci": 0.44494303454703565
  },
  "1;3|7": {
    "kci": 0.4264106942136634
  },
  "1;3|8": {
    "kci": 0.33267890703162495
  },
  "1;3|9": {
    "kci": 0.5071124556148233
  },
  "1;4|0": {
    "kci": 0.017201039329166057
  },
  "1;4|2": {
    "kci": 0.022166101088260337
  },
  "1;4|3": {
    "kci": 0.011496945267889469
  },
  "1;4|5": {
    "kci": 0.012218237432580326
  },
  "1;4|6": {
    "kci": 0.03299215018460666
  },
  "1;4|7": {
    "kci": 0.024222029189218897
  },
  "1;4|8": {
    "kci": 0.02657120194871565
  },
  "1;4|9": {
    "kci": 0.017971686019031985
  },
  "1;5|0": {
    "kci": 0.17680426973457342
  },
  "1;5|2": {
    "kci": 0.015203723284268778
  },
  "1;5|3": {
    "kci": 0.015456709957102244
  },
  "1;5|4": {
    "kci": 0.0014733452598429952
  },
  "1;5|6": {
    "kci": 0.009714939372050369
  },
  "1;5|7": {
    "kci": 0.09000069630099672
  },
  "1;5|8": {
    "kci": 0.06011199789638355
  },
  "1;5|9": {
    "kci": 0.01632134489744741
  },
  "1;6|0": {
    "kci": 0.3934895333069699
  },
  "1;6|2": {
    "kci": 0.32071971168700375
  },
  "1;6|3": {
    "kci": 0.35963258100809936
  },
  "1;6|4": {
    "kci": 0.6228964358451644
  },
  "1;6|5": {
    "kci": 0.3387583523672679
  },
  "1;6|7": {
    "kci": 0.13199782466270216
  },
  "1;6|8": {
    "kci": 0.2871505748433949
  },
  "1;6|9": {
    "kci": 0.4052161580635555
  },
  "1;7|0": {
    "kci": 0.0024153584809489814
  },
  "1;7|2": {
    "kci": 0.028095030020811373
  },
  "1;7|3": {
    "kci": 0.009390643085475436
  },
  "1;7|4": {
    "kci": 0.053955337204613096
  },
  "1;7|5": {
    "kci": 0.015308405549912751
  },
  "1;7|6": {
    "kci": 0.0005688582607411563
  },
  "1;7|8": {
    "kci": 0.15005599724242047
  },
  "1;7|9": {
    "kci": 0.0009716094022744759
  },
  "1;8|0": {
    "kci": 0.13817811533953173
  },
  "1;8|2": {
    "kci": 0.2881698060086786
  },
  "1;8|3": {
    "kci": 0.12167705869348477
  },
  "1;8|4": {
    "kci": 0.29000137147199023
  },
  "1;8|5": {
    "kci": 0.42011846658997265
  },