{
  "data_hash": "a9860c9946445a92463d925d7dabd755",
  "0;1": {
    "d_separation": 0.0
  },
  "0;2": {
    "d_separation": 0.0
  },
  "0;3": {
    "d_separation": 0.0
  },
  "0;4": {
    "d_separation": 0.0
  },
  "0;5": {
    "d_separation": 0.0
  },
  "0;6": {
    "d_separation": 0.0
  },
  "0;7": {
    "d_separation": 0.0
  },
  "0;8": {
    "d_separation": 0.0
  },
  "0;9": {
    "d_separation": 0.0
  },
  "1;2": {
    "d_separation": 0.0
  },
  "1;3": {
    "d_separation": 0.0
  },
  "1;4": {
    "d_separation": 0.0
  },
  "1;5": {
    "d_separation": 0.0
  },
  "1;6": {
    "d_separation": 0.0
  },
  "1;7": {
    "d_separation": 0.0
  },
  "1;8": {
    "d_separation": 0.0
  },
  "1;9": {
    "d_separation": 0.0
  },
  "2;3": {
    "d_separation": 0.0
  },
  "2;4": {
    "d_separation": 0.0
  },
  "2;5": {
    "d_separation": 1.0
  },
  "2;6": {
    "d_separation": 0.0
  },
  "2;7": {
    "d_separation": 0.0
  },
  "2;8": {
    "d_separation": 0.0
  },
  "2;9": {
    "d_separation": 0.0
  },
  "3;4": {
    "d_separation": 0.0
  },
  "3;5": {
    "d_separation": 0.0
  },
  "3;6": {
    "d_separation": 0.0
  },
  "3;7": {
    "d_separation": 0.0
  },
  "3;8": {
    "d_separation": 0.0
  },
  "3;9": {
    "d_separation": 0.0
  },
  "4;5": {
    "d_separation": 0.0
  },
  "4;6": {
    "d_separation": 0.0
  },
  "4;7": {
    "d_separation": 0.0
  },
  "4;8": {
    "d_separation": 0.0
  },
  "4;9": {
    "d_separation": 0.0
  },
  "5;6": {
    "d_separation": 0.0
  },
  "5;7": {
    "d_separation": 0.0
  },
  "5;8": {
    "d_separation": 0.0
  },
  "5;9": {
    "d_separation": 0.0
  },
  "6;7": {
    "d_separation": 0.0
  },
  "6;8": {
    "d_separation": 0.0
  },
  "6;9": {
    "d_separation": 0.0
  },
  "7;8": {
    "d_separation": 0.0
  },
  "7;9": {
    "d_separation": 0.0
  },
  "8;9": {
    "d_separation": 0.0
  },
  "0;1|2": {
    "kci": 0.23968080106969447
  },
  "0;1|3": {
    "kci": 0.2415286564470024
  },
  "0;1|4": {
    "kci": 0.16883353635801945
  },
  "0;1|5": {
    "kci": 0.23328505614684425
  },
  "0;1|6": {
    "kci": 0.1911408368947558
  },
  "0;1|7": {
    "kci": 0.1424688002525034
  },
  "0;1|8": {
    "kci": 0.1745062713375478
  },
  "0;1|9": {
    "kci": 0.1725803828115331
  },
  "0;2|1": {
    "kci": 0.18653702096752944
  },
  "0;2|3": {
    "kci": 0.2724829251032861
  },
  "0;2|4": {
    "kci": 0.1764672973635183
  },
  "0;2|5": {
    "kci": 0.34560148402351365
  },
  "0;2|6": {
    "kci": 0.24954899427563837
  },
  "0;2|7": {
    "kci": 0.1937279528780932
  },
  "0;2|8": {
    "kci": 0.3137411785048585
  },
  "0;2|9": {
    "kci": 0.20104712076002462
  },
  "0;3|1": {
    "kci": 0.0020716333797912156
  },
  "0;3|2": {
    "kci": 0.007358609339647382
  },
  "0;3|4": {
    "kci": 0.024347799588169017
  },
  "0;3|5": {
    "kci": 0.02403184377711587
  },
  "0;3|6": {
    "kci": 0.0060822257846309125
  },
  "0;3|7": {
    "kci": 0.010678717657097048
  },
  "0;3|8": {
    "kci": 0.004261920766519989
  },
  "0;3|9": {
    "kci": 0.005026585525769733
  },
  "0;4|1": {
    "kci": 0.4099851333348158
  },
  "0;4|2": {
    "kci": 0.4232920909062726
  },
  "0;4|3": {
    "kci": 0.4963036027138136
  },
  "0;4|5": {
    "kci": 0.483894028671106
  },
  "0;4|6": {
    "kci": 0.32072821026755494
  },
  "0;4|7": {
    "kci": 0.4459936711824781
  },
  "0;4|8": {
    "kci": 0.4424783250907549
  },
  "0;4|9": {
    "kci": 0.4693859410747854
  },
  "0;5|1": {
    "kci": 0.6998981656269896
  },
  "0;5|2": {
    "kci": 0.5321968698471014
  },
  "0;5|3": {
    "kci": 0.642156511013884
  },
  "0;5|4": {
    "kci": 0.4952082456788124
  },
  "0;5|6": {
    "kci": 0.6906246717400377
  },
  "0;5|7": {
    "kci": 0.4704231856996316
  },
  "0;5|8": {
    "kci": 0.573296881872126
  },
  "0;5|9": {
    "kci": 0.5782830818624051
  },
  "0;6|1": {
    "kci": 0.3444449489734326
  },
  "0;6|2": {
    "kci": 0.3452356589471193
  },
  "0;6|3": {
    "kci": 0.3516610912777973
  },
  "0;6|4": {
    "kci": 0.3445920221465252
  },
  "0;6|5": {
    "kci": 0.28837655122274974
  },
  "0;6|7": {
    "kci": 0.34152070406139634
  },
  "0;6|8": {
    "kci": 0.34803790394789835
  },
  "0;6|9": {
    "kci": 0.3475777182835553
  },
  "0;7|1": {
    "kci": 0.5610877451332204
  },
  "0;7|2": {
    "kci": 0.7394082579201381
  },
  "0;7|3": {
    "kci": 0.6626075972714198
  },
  "0;7|4": {
    "kci": 0.3926469540693702
  },
  "0;7|5": {
    "kci": 0.5394589012636594
  },
  "0;7|6": {
    "kci": 0.6890431964914002
  },
  "0;7|8": {
    "kci": 0.6570709494893922
  },
  "0;7|9": {
    "kci": 0.450691856226237
  },
  "0;8|1": {
    "kci": 0.10408932881636823
  },
  "0;8|2": {
    "kci": 0.21764826215561994
  },
  "0;8|3": {
    "kci": 0.0820204186918283
  },
  "0;8|4": {
    "kci": 0.108729275730304
  },
  "0;8|5": {
    "kci": 0.13291771466469193
  },
  "0;8|6": {
    "kci": 0.08517063757503252
  },
  "0;8|7": {
    "kci": 0.057763773940865515
  },
  "0;8|9": {
    "kci": 0.12254067003729274
  },
  "0;9|1": {
    "kci": 0.08478783958625524
  },
  "0;9|2": {
    "kci": 0.09251902950554147
  },
  "0;9|3": {
    "kci": 0.12795187817090736
  },
  "0;9|4": {
    "kci": 0.12241992555019576
  },
  "0;9|5": {
    "kci": 0.16277753187781108
  },
  "0;9|6": {
    "kci": 0.12855184479668624
  },
  "0;9|7": {
    "kci": 0.030696991920735384
  },
  "0;9|8": {
    "kci": 0.04032875741823072
  },
  "1;2|0": {
    "kci": 0.2600930792496179
  },
  "1;2|3": {
    "kci": 0.2068589008531425
  },
  "1;2|4": {
    "kci": 0.21514092834859777
  },
  "1;2|5": {
    "kci": 0.3512339620875442
  },
  "1;2|6": {
    "kci": 0.46565160042054543
  },
  "1;2|7": {
    "kci": 0.449666957283698
  },
  "1;2|8": {
    "kci": 0.16847800814684954
  },
  "1;2|9": {
    "kci": 0.30251505385136623
  },
  "1;3|0": {
    "kci": 0.49483131580485573
  },
  "1;3|2": {
    "kci": 0.5925710708512792
  },
  "1;3|4": {
    "kci": 0.582757700043286
  },
  "1;3|5": {
    "kci": 0.3632579189917442
  },
  "1;3|6": {
    "kci": 0.4340813583954922
  },
  "1;3|7": {
    "kci": 0.5872136190876984
  },
  "1;3|8": {
    "kci": 0.6435204865966913
  },
  "1;3|9": {
    "kci": 0.5768545985803993
  },
  "1;4|0": {
    "kci": 0.43275521102493053
  },
  "1;4|2": {
    "kci": 0.3446951030923344
  },
  "1;4|3": {
    "kci": 0.35391870273147996
  },
  "1;4|5": {
    "kci": 0.3479147554731338
  },
  "1;4|6": {
    "kci": 0.3795673924241725
  },
  "1;4|7": {
    "kci": 0.33521794430673313
  },
  "1;4|8": {
    "kci": 0.49649887813306093
  },
  "1;4|9": {
    "kci": 0.3817510026573172
  },
  "1;5|0": {
    "kci": 0.23634664311830422
  },
  "1;5|2": {
    "kci": 0.2545984001830529
  },
  "1;5|3": {
    "kci": 0.259230833596914
  },
  "1;5|4": {
    "kci": 0.27720491089294286
  },
  "1;5|6": {
    "kci": 0.30353308996665596
  },
  "1;5|7": {
    "kci": 0.1678840906745167
  },
  "1;5|8": {
    "kci": 0.22190726540957806
  },
  "1;5|9": {
    "kci": 0.21565262096968996
  },
  "1;6|0": {
    "kci": 0.0031375049532248456
  },
  "1;6|2": {
    "kci": 0.13799343996929458
  },
  "1;6|3": {
    "kci": 0.027611524163247414
  },
  "1;6|4": {
    "kci": 0.03842218802955999
  },
  "1;6|5": {
    "kci": 0.0872123422867086
  },
  "1;6|7": {
    "kci": 0.01780722829096415
  },
  "1;6|8": {
    "kci": 0.003635331774922146
  },
  "1;6|9": {
    "kci": 0.01522761641517767
  },
  "1;7|0": {
    "kci": 0.32557260010917966
  },
  "1;7|2": {
    "kci": 0.47471540309775573
  },
  "1;7|3": {
    "kci": 0.4140919937734109
  },
  "1;7|4": {
    "kci": 0.2535954402575544
  },
  "1;7|5": {
    "kci": 0.3526550310289247
  },
  "1;7|6": {
    "kci": 0.39636116488058515
  },
  "1;7|8": {
    "kci": 0.43066854637720475
  },
  "1;7|9": {
    "kci": 0.2522948972373207
  },
  "1;8|0": {
    "kci": 0.2066428575399616
  },
  "1;8|2": {
    "kci": 0.24645627393937963
  },
  "1;8|3": {
    "kci": 0.2739048388073415
  },
  "1;8|4": {
    "kci": 0.28426136259526613
  },
  "1;8|5": {
    "kci": 0.29533720419508813
  },
  "1;8|6": {
    "kci": 0.2771316474424872
  },