{
  "data_hash": "ab7f5c34fdf4b97c40918f748283de44",
  "0;1": {
    "d_separation": 0.0
  },
  "0;2": {
    "d_separation": 0.0
  },
  "0;3": {
    "d_separation": 0.0
  },
  "0;4": {
    "d_separation": 0.0
  },
  "0;5": {
    "d_separation": 0.0
  },
  "0;6": {
    "d_separation": 0.0
  },
  "0;7": {
    "d_separation": 0.0
  },
  "0;8": {
    "d_separation": 0.0
  },
  "0;9": {
    "d_separation": 0.0
  },
  "1;2": {
    "d_separation": 0.0
  },
  "1;3": {
    "d_separation": 0.0
  },
  "1;4": {
    "d_separation": 0.0
  },
  "1;5": {
    "d_separation": 0.0
  },
  "1;6": {
    "d_separation": 0.0
  },
  "1;7": {
    "d_separation": 1.0
  },
  "1;8": {
    "d_separation": 0.0
  },
  "1;9": {
    "d_separation": 0.0
  },
  "2;3": {
    "d_separation": 0.0
  },
  "2;4": {
    "d_separation": 0.0
  },
  "2;5": {
    "d_separation": 0.0
  },
  "2;6": {
    "d_separation": 0.0
  },
  "2;7": {
    "d_separation": 0.0
  },
  "2;8": {
    "d_separation": 0.0
  },
  "2;9": {
    "d_separation": 0.0
  },
  "3;4": {
    "d_separation": 0.0
  },
  "3;5": {
    "d_separation": 0.0
  },
  "3;6": {
    "d_separation": 0.0
  },
  "3;7": {
    "d_separation": 1.0
  },
  "3;8": {
    "d_separation": 0.0
  },
  "3;9": {
    "d_separation": 0.0
  },
  "4;5": {
    "d_separation": 0.0
  },
  "4;6": {
    "d_separation": 0.0
  },
  "4;7": {
    "d_separation": 1.0
  },
  "4;8": {
    "d_separation": 0.0
  },
  "4;9": {
    "d_separation": 0.0
  },
  "5;6": {
    "d_separation": 0.0
  },
  "5;7": {
    "d_separation": 0.0
  },
  "5;8": {
    "d_separation": 0.0
  },
  "5;9": {
    "d_separation": 0.0
  },
  "6;7": {
    "d_separation": 0.0
  },
  "6;8": {
    "d_separation": 0.0
  },
  "6;9": {
    "d_separation": 0.0
  },
  "7;8": {
    "d_separation": 0.0
  },
  "7;9": {
    "d_separation": 0.0
  },
  "8;9": {
    "d_separation": 0.0
  },
  "0;1|2": {
    "fisherz": 0.19870327058336557
  },
  "0;1|3": {
    "fisherz": 0.32612146583053736
  },
  "0;1|4": {
    "fisherz": 0.25452611522354074
  },
  "0;1|5": {
    "fisherz": 0.25505268004269666
  },
  "0;1|6": {
    "fisherz": 0.2732859045912186
  },
  "0;1|7": {
    "fisherz": 0.27699417194059794
  },
  "0;1|8": {
    "fisherz": 0.2502209216622875
  },
  "0;1|9": {
    "fisherz": 0.2505498336819272
  },
  "0;2|1": {
    "fisherz": 0.5162713230175751
  },
  "0;2|3": {
    "fisherz": 0.6895572049410095
  },
  "0;2|4": {
    "fisherz": 0.78654197622257
  },
  "0;2|5": {
    "fisherz": 0.8070980887228922
  },
  "0;2|6": {
    "fisherz": 0.8103768065076664
  },
  "0;2|7": {
    "fisherz": 0.7918507018575114
  },
  "0;2|8": {
    "fisherz": 0.7720563770330036
  },
  "0;2|9": {
    "fisherz": 0.7773526665578423
  },
  "0;3|1": {
    "fisherz": 0.7445425233724488
  },
  "0;3|2": {
    "fisherz": 0.4662374520611121
  },
  "0;3|4": {
    "fisherz": 0.49994557542728435
  },
  "0;3|5": {
    "fisherz": 0.5111257606447983
  },
  "0;3|6": {
    "fisherz": 0.5405263896742003
  },
  "0;3|7": {
    "fisherz": 0.5258732173367007
  },
  "0;3|8": {
    "fisherz": 0.4983892330786124
  },
  "0;3|9": {
    "fisherz": 0.49916008040938165
  },
  "0;4|1": {
    "fisherz": 0.7111249792612095
  },
  "0;4|2": {
    "fisherz": 0.7062914565371516
  },
  "0;4|3": {
    "fisherz": 0.6961938809465118
  },
  "0;4|5": {
    "fisherz": 0.6966424535376361
  },
  "0;4|6": {
    "fisherz": 0.6154283571945525
  },
  "0;4|7": {
    "fisherz": 0.7054327104001137
  },
  "0;4|8": {
    "fisherz": 0.6959948635495827
  },
  "0;4|9": {
    "fisherz": 0.7000738464858478
  },
  "0;5|1": {
    "fisherz": 0.5990098934469246
  },
  "0;5|2": {
    "fisherz": 0.6029990052942868
  },
  "0;5|3": {
    "fisherz": 0.6024027593931363
  },
  "0;5|4": {
    "fisherz": 0.5875431146202632
  },
  "0;5|6": {
    "fisherz": 0.6011961573508025
  },
  "0;5|7": {
    "fisherz": 0.5605174959755068
  },
  "0;5|8": {
    "fisherz": 0.5502169421981808
  },
  "0;5|9": {
    "fisherz": 0.5903775022933846
  },
  "0;6|1": {
    "fisherz": 0.47460551657802763
  },
  "0;6|2": {
    "fisherz": 0.4392245840448741
  },
  "0;6|3": {
    "fisherz": 0.46076493395776996
  },
  "0;6|4": {
    "fisherz": 0.39466855325169026
  },
  "0;6|5": {
    "fisherz": 0.4374134654354409
  },
  "0;6|7": {
    "fisherz": 0.4685991951900985
  },
  "0;6|8": {
    "fisherz": 0.4359431568211001
  },
  "0;6|9": {
    "fisherz": 0.42809344189323095
  },
  "0;7|1": {
    "fisherz": 0.7360408713876485
  },
  "0;7|2": {
    "fisherz": 0.6307082080625033
  },
  "0;7|3": {
    "fisherz": 0.6607861724127757
  },
  "0;7|4": {
    "fisherz": 0.6273567327545495
  },
  "0;7|5": {
    "fisherz": 0.5906194546438459
  },
  "0;7|6": {
    "fisherz": 0.7023498096289806
  },
  "0;7|8": {
    "fisherz": 0.6235668355288837
  },
  "0;7|9": {
    "fisherz": 0.6245327904083193
  },
  "0;8|1": {
    "fisherz": 0.8066031452965263
  },
  "0;8|2": {
    "fisherz": 0.8202385922726674
  },
  "0;8|3": {
    "fisherz": 0.8148866741648462
  },
  "0;8|4": {
    "fisherz": 0.8201053344441653
  },
  "0;8|5": {
    "fisherz": 0.7359294116935504
  },
  "0;8|6": {
    "fisherz": 0.8538905019245304
  },
  "0;8|7": {
    "fisherz": 0.8281011592414387
  },
  "0;8|9": {
    "fisherz": 0.824491325334876
  },
  "0;9|1": {
    "fisherz": 0.9115199039861075
  },
  "0;9|2": {
    "fisherz": 0.9649967111932531
  },
  "0;9|3": {
    "fisherz": 0.9313543277938048
  },
  "0;9|4": {
    "fisherz": 0.9672459300404066
  },
  "0;9|5": {
    "fisherz": 0.9769024022517305
  },
  "0;9|6": {
    "fisherz": 0.9236177703818869
  },
  "0;9|7": {
    "fisherz": 0.9939031529385884
  },
  "0;9|8": {
    "fisherz": 0.9532976751633977
  },
  "1;2|0": {
    "fisherz": 2.015997799698077e-05
  },
  "1;2|3": {
    "fisherz": 0.000227678048441593
  },
  "1;2|4": {
    "fisherz": 2.3071975963961933e-05
  },
  "1;2|5": {
    "fisherz": 2.1294791925807743e-05
  },
  "1;2|6": {
    "fisherz": 1.7225249330232728e-05
  },
  "1;2|8": {
    "fisherz": 2.3090276191295445e-05
  },
  "1;2|9": {
    "fisherz": 2.5932518161742024e-05
  },
  "1;3|0": {
    "fisherz": 4.601305251927812e-06
  },
  "1;3|2": {
    "fisherz": 3.556640293678193e-05
  },
  "1;3|4": {
    "fisherz": 3.7822227265671415e-06
  },
  "1;3|5": {
    "fisherz": 3.886664981411769e-06
  },
  "1;3|6": {
    "fisherz": 5.019495930236317e-06
  },
  "1;3|8": {
    "fisherz": 3.905242992319202e-06
  },
  "1;3|9": {
    "fisherz": 4.4045737019882125e-06
  },
  "1;4|0": {
    "fisherz": 0.8568007564548179
  },
  "1;4|2": {
    "fisherz": 0.7122683202456259
  },
  "1;4|3": {
    "fisherz": 0.8035533269727035
  },
  "1;4|5": {
    "fisherz": 0.8317307987936118
  },
  "1;4|6": {
    "fisherz": 0.7280960653690336
  },
  "1;4|8": {
    "fisherz": 0.8371116737448527
  },
  "1;4|9": {
    "fisherz": 0.8185188285287124
  },
  "1;5|0": {
    "fisherz": 0.880381669686098
  },
  "1;5|2": {
    "fisherz": 0.5986045847621355
  },
  "1;5|3": {
    "fisherz": 0.9469793816884366
  },
  "1;5|4": {
    "fisherz": 0.8452396770090076
  },
  "1;5|6": {
    "fisherz": 0.8629586375468681
  },
  "1;5|8": {
    "fisherz": 0.8916072187230153
  },
  "1;5|9": {
    "fisherz": 0.8229791077557522
  },
  "1;6|0": {
    "fisherz": 0.3759344788114545
  },
  "1;6|2": {
    "fisherz": 0.2166031508313382
  },
  "1;6|3": {
    "fisherz": 0.5338277040695016
  },
  "1;6|4": {
    "fisherz": 0.32457360809731606
  },
  "1;6|5": {
    "fisherz": 0.3464873237744992
  },
  "1;6|8": {
    "fisherz": 0.3368356732828963
  },
  "1;6|9": {
    "fisherz": 0.2704327320172868
  },
  "1;8|0": {
    "fisherz": 0.7522908650343629
  },
  "1;8|2": {
    "fisherz": 0.6731956857501189
  },
  "1;8|3": {
    "fisherz": 0.8302385049786851
  },
  "1;8|4": {
    "fisherz": 0.7698601746669174
  },
  "1;8|5": {
    "fisherz": 0.7928883981839139
  },
  "1;8|6": {
    "fisherz": 0.7331135049356285
  },
  "1;8|9": {
    "fisherz": 0.7453026340487083
  },
  "1;9|0": {
    "fisherz": 0.4556300323258302
  },
  "1;9|2": {
    "fisherz": 0.5158633854296713
  },
  "1;9|3": {
    "fisherz": 0.595421467080375
  },