{
  "data_hash": "ab9bfc4225ee41afbcc9e8f4de417b26",
  "0;1": {
    "d_separation": 0.0
  },
  "0;2": {
    "d_separation": 0.0
  },
  "0;3": {
    "d_separation": 0.0
  },
  "0;4": {
    "d_separation": 0.0
  },
  "0;5": {
    "d_separation": 0.0
  },
  "0;6": {
    "d_separation": 0.0
  },
  "0;7": {
    "d_separation": 0.0
  },
  "0;8": {
    "d_separation": 0.0
  },
  "0;9": {
    "d_separation": 0.0
  },
  "1;2": {
    "d_separation": 0.0
  },
  "1;3": {
    "d_separation": 0.0
  },
  "1;4": {
    "d_separation": 0.0
  },
  "1;5": {
    "d_separation": 0.0
  },
  "1;6": {
    "d_separation": 0.0
  },
  "1;7": {
    "d_separation": 0.0
  },
  "1;8": {
    "d_separation": 0.0
  },
  "1;9": {
    "d_separation": 0.0
  },
  "2;3": {
    "d_separation": 0.0
  },
  "2;4": {
    "d_separation": 0.0
  },
  "2;5": {
    "d_separation": 0.0
  },
  "2;6": {
    "d_separation": 0.0
  },
  "2;7": {
    "d_separation": 0.0
  },
  "2;8": {
    "d_separation": 0.0
  },
  "2;9": {
    "d_separation": 0.0
  },
  "3;4": {
    "d_separation": 0.0
  },
  "3;5": {
    "d_separation": 0.0
  },
  "3;6": {
    "d_separation": 0.0
  },
  "3;7": {
    "d_separation": 0.0
  },
  "3;8": {
    "d_separation": 0.0
  },
  "3;9": {
    "d_separation": 0.0
  },
  "4;5": {
    "d_separation": 0.0
  },
  "4;6": {
    "d_separation": 0.0
  },
  "4;7": {
    "d_separation": 0.0
  },
  "4;8": {
    "d_separation": 0.0
  },
  "4;9": {
    "d_separation": 0.0
  },
  "5;6": {
    "d_separation": 0.0
  },
  "5;7": {
    "d_separation": 0.0
  },
  "5;8": {
    "d_separation": 0.0
  },
  "5;9": {
    "d_separation": 0.0
  },
  "6;7": {
    "d_separation": 0.0
  },
  "6;8": {
    "d_separation": 0.0
  },
  "6;9": {
    "d_separation": 0.0
  },
  "7;8": {
    "d_separation": 0.0
  },
  "7;9": {
    "d_separation": 0.0
  },
  "8;9": {
    "d_separation": 0.0
  },
  "0;1|2": {
    "kci": 0.4304818037460556
  },
  "0;1|3": {
    "kci": 0.28824067038002144
  },
  "0;1|4": {
    "kci": 0.5158568279614759
  },
  "0;1|5": {
    "kci": 0.6561535051487654
  },
  "0;1|6": {
    "kci": 0.3617557617865963
  },
  "0;1|7": {
    "kci": 0.39464373147602605
  },
  "0;1|8": {
    "kci": 0.24407064570196813
  },
  "0;1|9": {
    "kci": 0.20721350068703437
  },
  "0;2|1": {
    "kci": 0.47395600955770856
  },
  "0;2|3": {
    "kci": 0.3913645605581584
  },
  "0;2|4": {
    "kci": 0.39057905910378066
  },
  "0;2|5": {
    "kci": 0.21761064948664033
  },
  "0;2|6": {
    "kci": 0.598253013542269
  },
  "0;2|7": {
    "kci": 0.42152598390117824
  },
  "0;2|8": {
    "kci": 0.4736497662877809
  },
  "0;2|9": {
    "kci": 0.2956198562390553
  },
  "0;3|1": {
    "kci": 0.3228269916151406
  },
  "0;3|2": {
    "kci": 0.3351786912302943
  },
  "0;3|4": {
    "kci": 0.33998041268154633
  },
  "0;3|5": {
    "kci": 0.3284609984701591
  },
  "0;3|6": {
    "kci": 0.3248257998624716
  },
  "0;3|7": {
    "kci": 0.3203280258352992
  },
  "0;3|8": {
    "kci": 0.3259283640710571
  },
  "0;3|9": {
    "kci": 0.3188372745174033
  },
  "0;4|1": {
    "kci": 0.22139425459122208
  },
  "0;4|2": {
    "kci": 0.1896540709728558
  },
  "0;4|3": {
    "kci": 0.2174913198594821
  },
  "0;4|5": {
    "kci": 0.24989056587266179
  },
  "0;4|6": {
    "kci": 0.22512040799570765
  },
  "0;4|7": {
    "kci": 0.2408427595796393
  },
  "0;4|8": {
    "kci": 0.19781863121404508
  },
  "0;4|9": {
    "kci": 0.24862148370326975
  },
  "0;5|1": {
    "kci": 0.12625915809339883
  },
  "0;5|2": {
    "kci": 0.1812109839137097
  },
  "0;5|3": {
    "kci": 0.16954558710034984
  },
  "0;5|4": {
    "kci": 0.18552566239370316
  },
  "0;5|6": {
    "kci": 0.2612302795079259
  },
  "0;5|7": {
    "kci": 0.21457726777461705
  },
  "0;5|8": {
    "kci": 0.24941493713299745
  },
  "0;5|9": {
    "kci": 0.16963081200522323
  },
  "0;6|1": {
    "kci": 0.679334614049339
  },
  "0;6|2": {
    "kci": 0.7878571967823624
  },
  "0;6|3": {
    "kci": 0.7808638414111205
  },
  "0;6|4": {
    "kci": 0.769052899088291
  },
  "0;6|5": {
    "kci": 0.7443719264064697
  },
  "0;6|7": {
    "kci": 0.7331361285690925
  },
  "0;6|8": {
    "kci": 0.7895170351995592
  },
  "0;6|9": {
    "kci": 0.7873837089904084
  },
  "0;7|1": {
    "kci": 0.6973406963388364
  },
  "0;7|2": {
    "kci": 0.6421167394560519
  },
  "0;7|3": {
    "kci": 0.7348675072474373
  },
  "0;7|4": {
    "kci": 0.7113738506985757
  },
  "0;7|5": {
    "kci": 0.7002534615604458
  },
  "0;7|6": {
    "kci": 0.6976111961888491
  },
  "0;7|8": {
    "kci": 0.7677275923890645
  },
  "0;7|9": {
    "kci": 0.816365971626431
  },
  "0;8|1": {
    "kci": 0.28869778498388077
  },
  "0;8|2": {
    "kci": 0.2851429440440425
  },
  "0;8|3": {
    "kci": 0.30436802988591105
  },
  "0;8|4": {
    "kci": 0.08380945214105284
  },
  "0;8|5": {
    "kci": 0.6836281444417658
  },
  "0;8|6": {
    "kci": 0.23567846263401937
  },
  "0;8|7": {
    "kci": 0.48206522638164595
  },
  "0;8|9": {
    "kci": 0.5488438065011789
  },
  "0;9|1": {
    "kci": 0.009049850981670438
  },
  "0;9|2": {
    "kci": 0.01825298816743448
  },
  "0;9|3": {
    "kci": 0.009871163069792632
  },
  "0;9|4": {
    "kci": 0.0461469367725742
  },
  "0;9|5": {
    "kci": 0.023499969499984008
  },
  "0;9|6": {
    "kci": 0.06006567517504047
  },
  "0;9|7": {
    "kci": 0.008212451888868877
  },
  "0;9|8": {
    "kci": 0.0656106800348969
  },
  "1;2|0": {
    "kci": 0.00032135362973939596
  },
  "1;2|3": {
    "kci": 0.0014653077861480623
  },
  "1;2|4": {
    "kci": 0.0002809894208593011
  },
  "1;2|5": {
    "kci": 0.001512057712375836
  },
  "1;2|6": {
    "kci": 0.00019822017700266148
  },
  "1;2|7": {
    "kci": 0.0009090314376766218
  },
  "1;2|8": {
    "kci": 0.007423794510217796
  },
  "1;2|9": {
    "kci": 0.0011673366112898709
  },
  "1;3|0": {
    "kci": 0.14129399777001728
  },
  "1;3|2": {
    "kci": 0.17069859971066603
  },
  "1;3|4": {
    "kci": 0.13889232248832895
  },
  "1;3|5": {
    "kci": 0.14248480084064785
  },
  "1;3|6": {
    "kci": 0.234393078415577
  },
  "1;3|7": {
    "kci": 0.15352458888042098
  },
  "1;3|8": {
    "kci": 0.16371208322590902
  },
  "1;3|9": {
    "kci": 0.17254474164641487
  },
  "1;4|0": {
    "kci": 0.3525998477802086
  },
  "1;4|2": {
    "kci": 0.26717983230114584
  },
  "1;4|3": {
    "kci": 0.4004475596645356
  },
  "1;4|5": {
    "kci": 0.6618313429100682
  },
  "1;4|6": {
    "kci": 0.42488814610721193
  },
  "1;4|7": {
    "kci": 0.3616234718286304
  },
  "1;4|8": {
    "kci": 0.3181008538406236
  },
  "1;4|9": {
    "kci": 0.2544297446489747
  },
  "1;5|0": {
    "kci": 0.23931795084607155
  },
  "1;5|2": {
    "kci": 0.2271366392342481
  },
  "1;5|3": {
    "kci": 0.1979397772036624
  },
  "1;5|4": {
    "kci": 0.27806918301307393
  },
  "1;5|6": {
    "kci": 0.28047561264812515
  },
  "1;5|7": {
    "kci": 0.27700288644039506
  },
  "1;5|8": {
    "kci": 0.28702677083607275
  },
  "1;5|9": {
    "kci": 0.22759187240281853
  },
  "1;6|0": {
    "kci": 0.3339928100245051
  },
  "1;6|2": {
    "kci": 0.3256744898383648
  },
  "1;6|3": {
    "kci": 0.3367046853503547
  },
  "1;6|4": {
    "kci": 0.33881563650162794
  },
  "1;6|5": {
    "kci": 0.31618334752241795
  },
  "1;6|7": {
    "kci": 0.30784012093125845
  },
  "1;6|8": {
    "kci": 0.2896241550445602
  },
  "1;6|9": {
    "kci": 0.31677917789766097
  },
  "1;7|0": {
    "kci": 0.3177361092367801
  },
  "1;7|2": {
    "kci": 0.4441001036280202
  },
  "1;7|3": {
    "kci": 0.2574847617024809
  },
  "1;7|4": {
    "kci": 0.299692324025318
  },
  "1;7|5": {
    "kci": 0.3563280133543669
  },
  "1;7|6": {
    "kci": 0.3220052017101258
  },
  "1;7|8": {
    "kci": 0.4452304664908725
  },
  "1;7|9": {
    "kci": 0.4571447117969706
  },
  "1;8|0": {
    "kci": 0.0003689809231374186
  },
  "1;8|2": {
    "kci": 8.587042229879494e-05
  },
  "1;8|3": {
    "kci": 0.000270686637436901
  },
  "1;8|4": {
    "kci": 0.0005378365860073675
  },
  "1;8|5": {
    "kci": 0.0029652545936024177
  },
  "1;8|6": {
    "kci": 1.2542532029979903e-05
  },