{
  "data_hash": "abdf292bbbff8a0cc12301f5d8cfe422",
  "0;1": {
    "d_separation": 0.0
  },
  "0;2": {
    "d_separation": 0.0
  },
  "0;3": {
    "d_separation": 0.0
  },
  "0;4": {
    "d_separation": 0.0
  },
  "0;5": {
    "d_separation": 0.0
  },
  "0;6": {
    "d_separation": 0.0
  },
  "0;7": {
    "d_separation": 0.0
  },
  "0;8": {
    "d_separation": 0.0
  },
  "0;9": {
    "d_separation": 0.0
  },
  "1;2": {
    "d_separation": 0.0
  },
  "1;3": {
    "d_separation": 0.0
  },
  "1;4": {
    "d_separation": 0.0
  },
  "1;5": {
    "d_separation": 0.0
  },
  "1;6": {
    "d_separation": 0.0
  },
  "1;7": {
    "d_separation": 0.0
  },
  "1;8": {
    "d_separation": 0.0
  },
  "1;9": {
    "d_separation": 0.0
  },
  "2;3": {
    "d_separation": 0.0
  },
  "2;4": {
    "d_separation": 0.0
  },
  "2;5": {
    "d_separation": 0.0
  },
  "2;6": {
    "d_separation": 0.0
  },
  "2;7": {
    "d_separation": 0.0
  },
  "2;8": {
    "d_separation": 0.0
  },
  "2;9": {
    "d_separation": 0.0
  },
  "3;4": {
    "d_separation": 0.0
  },
  "3;5": {
    "d_separation": 0.0
  },
  "3;6": {
    "d_separation": 0.0
  },
  "3;7": {
    "d_separation": 0.0
  },
  "3;8": {
    "d_separation": 0.0
  },
  "3;9": {
    "d_separation": 0.0
  },
  "4;5": {
    "d_separation": 0.0
  },
  "4;6": {
    "d_separation": 0.0
  },
  "4;7": {
    "d_separation": 0.0
  },
  "4;8": {
    "d_separation": 0.0
  },
  "4;9": {
    "d_separation": 0.0
  },
  "5;6": {
    "d_separation": 0.0
  },
  "5;7": {
    "d_separation": 0.0
  },
  "5;8": {
    "d_separation": 0.0
  },
  "5;9": {
    "d_separation": 0.0
  },
  "6;7": {
    "d_separation": 0.0
  },
  "6;8": {
    "d_separation": 0.0
  },
  "6;9": {
    "d_separation": 0.0
  },
  "7;8": {
    "d_separation": 0.0
  },
  "7;9": {
    "d_separation": 0.0
  },
  "8;9": {
    "d_separation": 0.0
  },
  "0;1|2": {
    "kci": 0.0014446785382851157
  },
  "0;1|3": {
    "kci": 0.0020911175547311256
  },
  "0;1|4": {
    "kci": 0.3931328396433821
  },
  "0;1|5": {
    "kci": 0.003984114055409993
  },
  "0;1|6": {
    "kci": 0.0003643536138374648
  },
  "0;1|7": {
    "kci": 0.004257022862320214
  },
  "0;1|8": {
    "kci": 0.0024494767867563327
  },
  "0;1|9": {
    "kci": 0.015777053322591383
  },
  "0;2|1": {
    "kci": 0.3097165621290674
  },
  "0;2|3": {
    "kci": 0.3219178379062855
  },
  "0;2|4": {
    "kci": 0.30583234347479715
  },
  "0;2|5": {
    "kci": 0.3119229846328697
  },
  "0;2|6": {
    "kci": 0.32759168768896973
  },
  "0;2|7": {
    "kci": 0.23710587002088446
  },
  "0;2|8": {
    "kci": 0.2843997537942682
  },
  "0;2|9": {
    "kci": 0.12233594666272496
  },
  "0;3|1": {
    "kci": 0.2704773497468336
  },
  "0;3|2": {
    "kci": 0.36072930239874157
  },
  "0;3|4": {
    "kci": 0.3978653140094619
  },
  "0;3|5": {
    "kci": 0.415584317266232
  },
  "0;3|6": {
    "kci": 0.3350823568924628
  },
  "0;3|7": {
    "kci": 0.45760454893442026
  },
  "0;3|8": {
    "kci": 0.35267057829434245
  },
  "0;3|9": {
    "kci": 0.48495345938881784
  },
  "0;4|1": {
    "kci": 0.00188644454089415
  },
  "0;4|2": {
    "kci": 3.8246218969639756e-08
  },
  "0;4|3": {
    "kci": 2.540389010263766e-09
  },
  "0;4|5": {
    "kci": 5.293950167128969e-09
  },
  "0;4|6": {
    "kci": 1.6287145188087493e-08
  },
  "0;4|7": {
    "kci": 1.8483581998296472e-08
  },
  "0;4|8": {
    "kci": 5.4833432461265375e-08
  },
  "0;4|9": {
    "kci": 1.7827996412478342e-08
  },
  "0;5|1": {
    "kci": 0.327719083173301
  },
  "0;5|2": {
    "kci": 0.45946291367981196
  },
  "0;5|3": {
    "kci": 0.4966581934279062
  },
  "0;5|4": {
    "kci": 0.17744499448467455
  },
  "0;5|6": {
    "kci": 0.5521857756142347
  },
  "0;5|7": {
    "kci": 0.458372618042843
  },
  "0;5|8": {
    "kci": 0.4708689949004099
  },
  "0;5|9": {
    "kci": 0.5955193039816467
  },
  "0;6|1": {
    "kci": 0.3262179229575407
  },
  "0;6|2": {
    "kci": 0.5330115517423839
  },
  "0;6|3": {
    "kci": 0.5631183453229721
  },
  "0;6|4": {
    "kci": 0.3211672298278676
  },
  "0;6|5": {
    "kci": 0.6167265949261069
  },
  "0;6|7": {
    "kci": 0.6086548009804412
  },
  "0;6|8": {
    "kci": 0.6576229508705812
  },
  "0;6|9": {
    "kci": 0.7186960277182977
  },
  "0;7|1": {
    "kci": 0.45827410227564136
  },
  "0;7|2": {
    "kci": 0.4485899121364232
  },
  "0;7|3": {
    "kci": 0.5081574640576199
  },
  "0;7|4": {
    "kci": 0.49551571382746284
  },
  "0;7|5": {
    "kci": 0.3614317968140668
  },
  "0;7|6": {
    "kci": 0.4007393707327809
  },
  "0;7|8": {
    "kci": 0.47192079062605086
  },
  "0;7|9": {
    "kci": 0.45608832030759827
  },
  "0;8|1": {
    "kci": 0.4233961835367672
  },
  "0;8|2": {
    "kci": 0.3605030479054714
  },
  "0;8|3": {
    "kci": 0.25622331281327626
  },
  "0;8|4": {
    "kci": 0.29163700416570837
  },
  "0;8|5": {
    "kci": 0.4321310115379928
  },
  "0;8|6": {
    "kci": 0.290388875721719
  },
  "0;8|7": {
    "kci": 0.31270023983796813
  },
  "0;8|9": {
    "kci": 0.2430267434642216
  },
  "0;9|1": {
    "kci": 0.20540091822155104
  },
  "0;9|2": {
    "kci": 0.21856549981814577
  },
  "0;9|3": {
    "kci": 0.18306161867982773
  },
  "0;9|4": {
    "kci": 0.26711118552670365
  },
  "0;9|5": {
    "kci": 0.27345580604455644
  },
  "0;9|6": {
    "kci": 0.18161851725400735
  },
  "0;9|7": {
    "kci": 0.20807198110036995
  },
  "0;9|8": {
    "kci": 0.16118584874530972
  },
  "1;2|0": {
    "kci": 0.3131245358077357
  },
  "1;2|3": {
    "kci": 0.3650222219529583
  },
  "1;2|4": {
    "kci": 0.32019154666219274
  },
  "1;2|5": {
    "kci": 0.558978831774504
  },
  "1;2|6": {
    "kci": 0.3936791191126592
  },
  "1;2|7": {
    "kci": 0.515522969292499
  },
  "1;2|8": {
    "kci": 0.5434171249494675
  },
  "1;2|9": {
    "kci": 0.4318140061641338
  },
  "1;3|0": {
    "kci": 0.14549605605560845
  },
  "1;3|2": {
    "kci": 0.29635676958169066
  },
  "1;3|4": {
    "kci": 0.24592128665981183
  },
  "1;3|5": {
    "kci": 0.26875063528029486
  },
  "1;3|6": {
    "kci": 0.3369497418935333
  },
  "1;3|7": {
    "kci": 0.23014196981995538
  },
  "1;3|8": {
    "kci": 0.35499059136873745
  },
  "1;3|9": {
    "kci": 0.24399319376923723
  },
  "1;4|0": {
    "kci": 8.602601866414261e-07
  },
  "1;4|2": {
    "kci": 2.962263767614104e-11
  },
  "1;4|3": {
    "kci": 1.9384605032257696e-11
  },
  "1;4|5": {
    "kci": 3.177413887556213e-11
  },
  "1;4|6": {
    "kci": 1.0193179633688487e-11
  },
  "1;4|7": {
    "kci": 3.3627811646397276e-10
  },
  "1;4|8": {
    "kci": 1.3417456035114128e-10
  },
  "1;4|9": {
    "kci": 1.7834622667578515e-11
  },
  "1;5|0": {
    "kci": 0.4777225812016562
  },
  "1;5|2": {
    "kci": 0.5180805987220969
  },
  "1;5|3": {
    "kci": 0.44069992009064585
  },
  "1;5|4": {
    "kci": 0.38224789023593797
  },
  "1;5|6": {
    "kci": 0.44907906457577007
  },
  "1;5|7": {
    "kci": 0.44644807559574196
  },
  "1;5|8": {
    "kci": 0.42621255471505737
  },
  "1;5|9": {
    "kci": 0.43141248683498956
  },
  "1;6|0": {
    "kci": 0.28348417351395816
  },
  "1;6|2": {
    "kci": 0.27352401625517175
  },
  "1;6|3": {
    "kci": 0.31341404115633686
  },
  "1;6|4": {
    "kci": 0.28925392532357797
  },
  "1;6|5": {
    "kci": 0.29251245298223494
  },
  "1;6|7": {
    "kci": 0.29831758182346635
  },
  "1;6|8": {
    "kci": 0.29941205964138473
  },
  "1;6|9": {
    "kci": 0.33899558867329804
  },
  "1;7|0": {
    "kci": 0.23590014387471103
  },
  "1;7|2": {
    "kci": 0.22321052082089665
  },
  "1;7|3": {
    "kci": 0.19026474133565885
  },
  "1;7|4": {
    "kci": 0.25876197321131444
  },
  "1;7|5": {
    "kci": 0.14948180836130076
  },
  "1;7|6": {
    "kci": 0.16479429575097027
  },
  "1;7|8": {
    "kci": 0.16389953714516603
  },
  "1;7|9": {
    "kci": 0.22494338469641006
  },
  "1;8|0": {
    "kci": 0.5108754747181046
  },
  "1;8|2": {
    "kci": 0.48721744727308325
  },
  "1;8|3": {
    "kci": 0.5041208281789062
  },
  "1;8|4": {
    "kci": 0.47322426566998976
  },
  "1;8|5": {
    "kci": 0.3053886427776109
  },