{
  "data_hash": "ae72cc34075d967ecb9834dca2d16d66",
  "0;1": {
    "d_separation": 0.0
  },
  "0;2": {
    "d_separation": 0.0
  },
  "0;3": {
    "d_separation": 0.0
  },
  "0;4": {
    "d_separation": 0.0
  },
  "0;5": {
    "d_separation": 0.0
  },
  "0;6": {
    "d_separation": 0.0
  },
  "0;7": {
    "d_separation": 0.0
  },
  "0;8": {
    "d_separation": 0.0
  },
  "0;9": {
    "d_separation": 0.0
  },
  "1;2": {
    "d_separation": 0.0
  },
  "1;3": {
    "d_separation": 1.0
  },
  "1;4": {
    "d_separation": 0.0
  },
  "1;5": {
    "d_separation": 0.0
  },
  "1;6": {
    "d_separation": 1.0
  },
  "1;7": {
    "d_separation": 0.0
  },
  "1;8": {
    "d_separation": 0.0
  },
  "1;9": {
    "d_separation": 0.0
  },
  "2;3": {
    "d_separation": 0.0
  },
  "2;4": {
    "d_separation": 0.0
  },
  "2;5": {
    "d_separation": 0.0
  },
  "2;6": {
    "d_separation": 0.0
  },
  "2;7": {
    "d_separation": 0.0
  },
  "2;8": {
    "d_separation": 0.0
  },
  "2;9": {
    "d_separation": 0.0
  },
  "3;4": {
    "d_separation": 0.0
  },
  "3;5": {
    "d_separation": 0.0
  },
  "3;6": {
    "d_separation": 0.0
  },
  "3;7": {
    "d_separation": 0.0
  },
  "3;8": {
    "d_separation": 0.0
  },
  "3;9": {
    "d_separation": 0.0
  },
  "4;5": {
    "d_separation": 0.0
  },
  "4;6": {
    "d_separation": 0.0
  },
  "4;7": {
    "d_separation": 0.0
  },
  "4;8": {
    "d_separation": 0.0
  },
  "4;9": {
    "d_separation": 0.0
  },
  "5;6": {
    "d_separation": 0.0
  },
  "5;7": {
    "d_separation": 0.0
  },
  "5;8": {
    "d_separation": 0.0
  },
  "5;9": {
    "d_separation": 0.0
  },
  "6;7": {
    "d_separation": 0.0
  },
  "6;8": {
    "d_separation": 0.0
  },
  "6;9": {
    "d_separation": 0.0
  },
  "7;8": {
    "d_separation": 0.0
  },
  "7;9": {
    "d_separation": 0.0
  },
  "8;9": {
    "d_separation": 0.0
  },
  "0;1|2": {
    "kci": 0.35533409778779224
  },
  "0;1|3": {
    "kci": 0.35814265955084845
  },
  "0;1|4": {
    "kci": 0.3581183206129017
  },
  "0;1|5": {
    "kci": 0.3384762684524326
  },
  "0;1|6": {
    "kci": 0.3439738503044897
  },
  "0;1|7": {
    "kci": 0.3595694136658384
  },
  "0;1|8": {
    "kci": 0.3088218827134894
  },
  "0;1|9": {
    "kci": 0.32056795489831535
  },
  "0;2|1": {
    "kci": 0.32200030359744947
  },
  "0;2|3": {
    "kci": 0.3042704958209982
  },
  "0;2|4": {
    "kci": 0.30938532787635387
  },
  "0;2|5": {
    "kci": 0.3145464403138546
  },
  "0;2|6": {
    "kci": 0.23821749718052299
  },
  "0;2|7": {
    "kci": 0.30066506837620954
  },
  "0;2|8": {
    "kci": 0.3185939009943296
  },
  "0;2|9": {
    "kci": 0.28020023184870213
  },
  "0;3|1": {
    "kci": 0.3271318892530235
  },
  "0;3|2": {
    "kci": 0.3538089738527418
  },
  "0;3|4": {
    "kci": 0.3402270907862246
  },
  "0;3|5": {
    "kci": 0.4236033207845251
  },
  "0;3|6": {
    "kci": 0.37624074480499126
  },
  "0;3|7": {
    "kci": 0.33273708180050954
  },
  "0;3|8": {
    "kci": 0.42265526752849625
  },
  "0;3|9": {
    "kci": 0.37108223396299134
  },
  "0;4|1": {
    "kci": 0.3520141390097693
  },
  "0;4|2": {
    "kci": 0.5283953640343321
  },
  "0;4|3": {
    "kci": 0.40056179217091425
  },
  "0;4|5": {
    "kci": 0.36282974202639984
  },
  "0;4|6": {
    "kci": 0.27284603291901677
  },
  "0;4|7": {
    "kci": 0.36323890284363736
  },
  "0;4|8": {
    "kci": 0.32973492199083265
  },
  "0;4|9": {
    "kci": 0.36132754809307277
  },
  "0;5|1": {
    "kci": 0.30038875134337906
  },
  "0;5|2": {
    "kci": 0.31728922623435507
  },
  "0;5|3": {
    "kci": 0.32554385330215485
  },
  "0;5|4": {
    "kci": 0.3229523851566365
  },
  "0;5|6": {
    "kci": 0.3152197816919614
  },
  "0;5|7": {
    "kci": 0.3225408163716966
  },
  "0;5|8": {
    "kci": 0.3234992246342766
  },
  "0;5|9": {
    "kci": 0.3251848229513369
  },
  "0;6|1": {
    "kci": 0.30880103082315413
  },
  "0;6|2": {
    "kci": 0.25250931879004646
  },
  "0;6|3": {
    "kci": 0.32697987974286913
  },
  "0;6|4": {
    "kci": 0.32111092554651044
  },
  "0;6|5": {
    "kci": 0.3215427970062882
  },
  "0;6|7": {
    "kci": 0.3186349529659094
  },
  "0;6|8": {
    "kci": 0.31098628140489215
  },
  "0;6|9": {
    "kci": 0.30906605955932176
  },
  "0;7|1": {
    "kci": 0.7200228785899507
  },
  "0;7|2": {
    "kci": 0.5542787616693041
  },
  "0;7|3": {
    "kci": 0.46048125184152
  },
  "0;7|4": {
    "kci": 0.4999308620078634
  },
  "0;7|5": {
    "kci": 0.45353753286019594
  },
  "0;7|6": {
    "kci": 0.5624210348098743
  },
  "0;7|8": {
    "kci": 0.38653678251357304
  },
  "0;7|9": {
    "kci": 0.4554014257635681
  },
  "0;8|1": {
    "kci": 0.32845913711590913
  },
  "0;8|2": {
    "kci": 0.38581842664930455
  },
  "0;8|3": {
    "kci": 0.38445242538371327
  },
  "0;8|4": {
    "kci": 0.3825053188305019
  },
  "0;8|5": {
    "kci": 0.36830650167764334
  },
  "0;8|6": {
    "kci": 0.35767620550012436
  },
  "0;8|7": {
    "kci": 0.3778832090343224
  },
  "0;8|9": {
    "kci": 0.31930202558379106
  },
  "0;9|1": {
    "kci": 0.3843119871634674
  },
  "0;9|2": {
    "kci": 0.39781950028320745
  },
  "0;9|3": {
    "kci": 0.39914846095724876
  },
  "0;9|4": {
    "kci": 0.4030421445654473
  },
  "0;9|5": {
    "kci": 0.38787326365430597
  },
  "0;9|6": {
    "kci": 0.35629191373649827
  },
  "0;9|7": {
    "kci": 0.4054469556321796
  },
  "0;9|8": {
    "kci": 0.36291079272976146
  },
  "1;2|0": {
    "kci": 0.015582405824035472
  },
  "1;2|4": {
    "kci": 0.011325469520427456
  },
  "1;2|5": {
    "kci": 0.01968771333822117
  },
  "1;2|7": {
    "kci": 0.010656297594893838
  },
  "1;2|8": {
    "kci": 0.011568334594163843
  },
  "1;2|9": {
    "kci": 0.015521401206165186
  },
  "1;4|0": {
    "kci": 0.33774531706338307
  },
  "1;4|2": {
    "kci": 0.3334362810891146
  },
  "1;4|5": {
    "kci": 0.33820730927891174
  },
  "1;4|7": {
    "kci": 0.32380706934864834
  },
  "1;4|8": {
    "kci": 0.3284064363185888
  },
  "1;4|9": {
    "kci": 0.33157130876529795
  },
  "1;5|0": {
    "kci": 0.8790417311748914
  },
  "1;5|2": {
    "kci": 0.9043415423919177
  },
  "1;5|4": {
    "kci": 0.8450156577051509
  },
  "1;5|7": {
    "kci": 0.9201620042553837
  },
  "1;5|8": {
    "kci": 0.594212316985462
  },
  "1;5|9": {
    "kci": 0.9295489044956323
  },
  "1;7|0": {
    "kci": 0.31620589436622326
  },
  "1;7|2": {
    "kci": 0.31376703438810993
  },
  "1;7|4": {
    "kci": 0.31406395243984675
  },
  "1;7|5": {
    "kci": 0.312285701609993
  },
  "1;7|8": {
    "kci": 0.2904600287059139
  },
  "1;7|9": {
    "kci": 0.31231570650137885
  },
  "1;8|0": {
    "kci": 0.15118550790440433
  },
  "1;8|2": {
    "kci": 0.17339968578952325
  },
  "1;8|4": {
    "kci": 0.07987789464155126
  },
  "1;8|5": {
    "kci": 0.05037420633529077
  },
  "1;8|7": {
    "kci": 0.0356640404689601
  },
  "1;8|9": {
    "kci": 0.0756722700432273
  },
  "1;9|0": {
    "kci": 0.4092347074092548
  },
  "1;9|2": {
    "kci": 0.2836312957633036
  },
  "1;9|4": {
    "kci": 0.45088325017200326
  },
  "1;9|5": {
    "kci": 0.32138449889625664
  },
  "1;9|7": {
    "kci": 0.39867458508437825
  },
  "1;9|8": {
    "kci": 0.512072626588361
  },
  "1;2|3": {
    "kci": 0.011142096081949382
  },
  "1;2|6": {
    "kci": 0.03041786879652464
  },
  "2;3|0": {
    "kci": 0.3850162678356701
  },
  "2;3|1": {
    "kci": 0.39418028528173443
  },
  "2;3|4": {
    "kci": 0.5952271462928449
  },
  "2;3|5": {
    "kci": 0.550289621788455
  },
  "2;3|6": {
    "kci": 0.41231902360779493
  },
  "2;3|7": {
    "kci": 0.45138690561970685
  },
  "2;3|8": {
    "kci": 0.434169861286284
  },
  "2;3|9": {
    "kci": 0.46776138027320624
  },
  "2;4|0": {
    "kci": 0.3129472579064889
  },
  "2;4|1": {
    "kci": 0.3062914568070403
  },
  "2;4|3": {
    "kci": 0.31446033487144476
  },
  "2;4|5": {
    "kci": 0.3112300622625306
  },
  "2;4|6": {
    "kci": 0.280495557166045
  },
  "2;4|7": {
    "kci": 0.30242051421099136
  },
  "2;4|8": {
    "kci": 0.3079228663885344
  },
  "2;4|9": {
    "kci": 0.30899189242403236
  },