{
  "data_hash": "b15b81b47e552cd6b1fc9987137ee0d4",
  "0;1": {
    "d_separation": 0.0
  },
  "0;2": {
    "d_separation": 0.0
  },
  "0;3": {
    "d_separation": 0.0
  },
  "0;4": {
    "d_separation": 0.0
  },
  "0;5": {
    "d_separation": 0.0
  },
  "0;6": {
    "d_separation": 0.0
  },
  "0;7": {
    "d_separation": 0.0
  },
  "0;8": {
    "d_separation": 0.0
  },
  "0;9": {
    "d_separation": 0.0
  },
  "1;2": {
    "d_separation": 0.0
  },
  "1;3": {
    "d_separation": 0.0
  },
  "1;4": {
    "d_separation": 0.0
  },
  "1;5": {
    "d_separation": 0.0
  },
  "1;6": {
    "d_separation": 0.0
  },
  "1;7": {
    "d_separation": 0.0
  },
  "1;8": {
    "d_separation": 0.0
  },
  "1;9": {
    "d_separation": 0.0
  },
  "2;3": {
    "d_separation": 0.0
  },
  "2;4": {
    "d_separation": 0.0
  },
  "2;5": {
    "d_separation": 0.0
  },
  "2;6": {
    "d_separation": 0.0
  },
  "2;7": {
    "d_separation": 0.0
  },
  "2;8": {
    "d_separation": 0.0
  },
  "2;9": {
    "d_separation": 0.0
  },
  "3;4": {
    "d_separation": 0.0
  },
  "3;5": {
    "d_separation": 0.0
  },
  "3;6": {
    "d_separation": 0.0
  },
  "3;7": {
    "d_separation": 0.0
  },
  "3;8": {
    "d_separation": 0.0
  },
  "3;9": {
    "d_separation": 1.0
  },
  "4;5": {
    "d_separation": 0.0
  },
  "4;6": {
    "d_separation": 0.0
  },
  "4;7": {
    "d_separation": 0.0
  },
  "4;8": {
    "d_separation": 0.0
  },
  "4;9": {
    "d_separation": 1.0
  },
  "5;6": {
    "d_separation": 0.0
  },
  "5;7": {
    "d_separation": 0.0
  },
  "5;8": {
    "d_separation": 0.0
  },
  "5;9": {
    "d_separation": 0.0
  },
  "6;7": {
    "d_separation": 0.0
  },
  "6;8": {
    "d_separation": 0.0
  },
  "6;9": {
    "d_separation": 0.0
  },
  "7;8": {
    "d_separation": 0.0
  },
  "7;9": {
    "d_separation": 0.0
  },
  "8;9": {
    "d_separation": 0.0
  },
  "0;1|2": {
    "fisherz": 0.09563598351915403
  },
  "0;1|3": {
    "fisherz": 0.08743440657224788
  },
  "0;1|4": {
    "fisherz": 0.09571096447356697
  },
  "0;1|5": {
    "fisherz": 0.109157601991005
  },
  "0;1|6": {
    "fisherz": 0.09519593727962716
  },
  "0;1|7": {
    "fisherz": 0.09230799749785534
  },
  "0;1|8": {
    "fisherz": 0.09573410789797077
  },
  "0;1|9": {
    "fisherz": 0.09256598712212005
  },
  "0;2|1": {
    "fisherz": 0.8064195969191643
  },
  "0;2|3": {
    "fisherz": 0.7896976189850453
  },
  "0;2|4": {
    "fisherz": 0.7945685787145325
  },
  "0;2|5": {
    "fisherz": 0.7804591173380746
  },
  "0;2|6": {
    "fisherz": 0.8172931969985189
  },
  "0;2|7": {
    "fisherz": 0.8152734039504776
  },
  "0;2|8": {
    "fisherz": 0.8162367272506728
  },
  "0;2|9": {
    "fisherz": 0.9043978025472585
  },
  "0;3|1": {
    "fisherz": 0.6906601541875741
  },
  "0;3|2": {
    "fisherz": 0.8719200476248852
  },
  "0;3|4": {
    "fisherz": 0.9329664898708594
  },
  "0;3|5": {
    "fisherz": 0.8551176351317185
  },
  "0;3|6": {
    "fisherz": 0.9246142665620765
  },
  "0;3|7": {
    "fisherz": 0.9228660851908099
  },
  "0;3|8": {
    "fisherz": 0.9202796705956711
  },
  "0;3|9": {
    "fisherz": 0.8345568873724936
  },
  "0;4|1": {
    "fisherz": 0.912126210766651
  },
  "0;4|2": {
    "fisherz": 0.8842951783977628
  },
  "0;4|3": {
    "fisherz": 0.9403882143345361
  },
  "0;4|5": {
    "fisherz": 0.9782846436880399
  },
  "0;4|6": {
    "fisherz": 0.9206078970178746
  },
  "0;4|7": {
    "fisherz": 0.9293586396422988
  },
  "0;4|8": {
    "fisherz": 0.9281504588247809
  },
  "0;4|9": {
    "fisherz": 0.9166462583760808
  },
  "0;5|1": {
    "fisherz": 0.142455435984441
  },
  "0;5|2": {
    "fisherz": 0.12295514018607445
  },
  "0;5|3": {
    "fisherz": 0.12289240883623487
  },
  "0;5|4": {
    "fisherz": 0.12537750118986657
  },
  "0;5|6": {
    "fisherz": 0.12528341895187278
  },
  "0;5|7": {
    "fisherz": 0.09632224365320874
  },
  "0;5|8": {
    "fisherz": 0.12229228495908884
  },
  "0;5|9": {
    "fisherz": 0.14078000725973894
  },
  "0;6|1": {
    "fisherz": 0.8831104915059944
  },
  "0;6|2": {
    "fisherz": 0.9305708342902173
  },
  "0;6|3": {
    "fisherz": 0.9273744534158361
  },
  "0;6|4": {
    "fisherz": 0.9173413448976975
  },
  "0;6|5": {
    "fisherz": 0.9582259930001786
  },
  "0;6|7": {
    "fisherz": 0.9256449414943893
  },
  "0;6|8": {
    "fisherz": 0.9225008315579895
  },
  "0;6|9": {
    "fisherz": 0.8789082219396867
  },
  "0;7|1": {
    "fisherz": 0.803194508598255
  },
  "0;7|2": {
    "fisherz": 0.9918392861059253
  },
  "0;7|3": {
    "fisherz": 0.9952998209952502
  },
  "0;7|4": {
    "fisherz": 0.9989834326545426
  },
  "0;7|5": {
    "fisherz": 0.523086282050709
  },
  "0;7|6": {
    "fisherz": 0.996921486658997
  },
  "0;7|8": {
    "fisherz": 0.9944302640326996
  },
  "0;7|9": {
    "fisherz": 0.9730616234318916
  },
  "0;8|1": {
    "fisherz": 0.9388975092258911
  },
  "0;8|2": {
    "fisherz": 0.9694492268211334
  },
  "0;8|3": {
    "fisherz": 0.9592056898143091
  },
  "0;8|4": {
    "fisherz": 0.9624728485022402
  },
  "0;8|5": {
    "fisherz": 0.8546484622413211
  },
  "0;8|6": {
    "fisherz": 0.9584851602859872
  },
  "0;8|7": {
    "fisherz": 0.9644274881226735
  },
  "0;8|9": {
    "fisherz": 0.9899186158653481
  },
  "0;9|1": {
    "fisherz": 0.3585615030079965
  },
  "0;9|2": {
    "fisherz": 0.38803199421894163
  },
  "0;9|3": {
    "fisherz": 0.3653177451129561
  },
  "0;9|4": {
    "fisherz": 0.3746141118225812
  },
  "0;9|5": {
    "fisherz": 0.4389062062786506
  },
  "0;9|6": {
    "fisherz": 0.37117181810407196
  },
  "0;9|7": {
    "fisherz": 0.3752080506186619
  },
  "0;9|8": {
    "fisherz": 0.3760976118490771
  },
  "1;2|0": {
    "fisherz": 0.9111862075388579
  },
  "1;2|3": {
    "fisherz": 0.4568452009190782
  },
  "1;2|4": {
    "fisherz": 0.76020356229539
  },
  "1;2|5": {
    "fisherz": 0.9488505220534449
  },
  "1;2|6": {
    "fisherz": 0.9433174042043777
  },
  "1;2|7": {
    "fisherz": 0.9638473112449559
  },
  "1;2|8": {
    "fisherz": 0.9393562438322864
  },
  "1;2|9": {
    "fisherz": 0.9554106063557566
  },
  "1;3|0": {
    "fisherz": 0.01161486047450988
  },
  "1;3|2": {
    "fisherz": 0.009266995193796479
  },
  "1;3|4": {
    "fisherz": 0.004862654345038964
  },
  "1;3|5": {
    "fisherz": 0.013810766840171018
  },
  "1;3|6": {
    "fisherz": 0.012967143847422147
  },
  "1;3|7": {
    "fisherz": 0.011544028814720164
  },
  "1;3|8": {
    "fisherz": 0.011776252417456723
  },
  "1;3|9": {
    "fisherz": 0.011038465080901672
  },
  "1;4|0": {
    "fisherz": 0.0931082737910971
  },
  "1;4|2": {
    "fisherz": 0.08846154212948987
  },
  "1;4|3": {
    "fisherz": 0.03355215436761205
  },
  "1;4|5": {
    "fisherz": 0.09818440982590149
  },
  "1;4|6": {
    "fisherz": 0.1011071882703578
  },
  "1;4|7": {
    "fisherz": 0.11311340126785097
  },
  "1;4|8": {
    "fisherz": 0.09470225891472905
  },
  "1;4|9": {
    "fisherz": 0.09401605536527136
  },
  "1;5|0": {
    "fisherz": 0.619602356570764
  },
  "1;5|2": {
    "fisherz": 0.5034078073852535
  },
  "1;5|3": {
    "fisherz": 0.586365119081488
  },
  "1;5|4": {
    "fisherz": 0.5429158960019129
  },
  "1;5|6": {
    "fisherz": 0.47333260694876
  },
  "1;5|7": {
    "fisherz": 0.8711710391066225
  },
  "1;5|8": {
    "fisherz": 0.5157194749636109
  },
  "1;5|9": {
    "fisherz": 0.4901879830438505
  },
  "1;6|0": {
    "fisherz": 0.6470544307263584
  },
  "1;6|2": {
    "fisherz": 0.658876791211082
  },
  "1;6|3": {
    "fisherz": 0.6960485475656855
  },
  "1;6|4": {
    "fisherz": 0.7916137211514747
  },
  "1;6|5": {
    "fisherz": 0.6098713296892355
  },
  "1;6|7": {
    "fisherz": 0.6184520319595195
  },
  "1;6|8": {
    "fisherz": 0.6409177013437071
  },
  "1;6|9": {
    "fisherz": 0.646453643144288
  },
  "1;7|0": {
    "fisherz": 0.031687410114051184
  },
  "1;7|2": {
    "fisherz": 0.032959399286458746
  },
  "1;7|3": {
    "fisherz": 0.02992235351969308
  },
  "1;7|4": {
    "fisherz": 0.03932976890269835
  },
  "1;7|5": {
    "fisherz": 0.04223942140839587
  },