{
  "data_hash": "b182ff7589cc90b1fda4bac9fd1b2458",
  "0;1": {
    "d_separation": 0.0
  },
  "0;2": {
    "d_separation": 0.0
  },
  "0;3": {
    "d_separation": 0.0
  },
  "0;4": {
    "d_separation": 0.0
  },
  "0;5": {
    "d_separation": 0.0
  },
  "0;6": {
    "d_separation": 0.0
  },
  "0;7": {
    "d_separation": 0.0
  },
  "0;8": {
    "d_separation": 0.0
  },
  "0;9": {
    "d_separation": 0.0
  },
  "1;2": {
    "d_separation": 0.0
  },
  "1;3": {
    "d_separation": 0.0
  },
  "1;4": {
    "d_separation": 1.0
  },
  "1;5": {
    "d_separation": 1.0
  },
  "1;6": {
    "d_separation": 1.0
  },
  "1;7": {
    "d_separation": 0.0
  },
  "1;8": {
    "d_separation": 0.0
  },
  "1;9": {
    "d_separation": 0.0
  },
  "2;3": {
    "d_separation": 0.0
  },
  "2;4": {
    "d_separation": 0.0
  },
  "2;5": {
    "d_separation": 0.0
  },
  "2;6": {
    "d_separation": 0.0
  },
  "2;7": {
    "d_separation": 0.0
  },
  "2;8": {
    "d_separation": 0.0
  },
  "2;9": {
    "d_separation": 0.0
  },
  "3;4": {
    "d_separation": 0.0
  },
  "3;5": {
    "d_separation": 0.0
  },
  "3;6": {
    "d_separation": 0.0
  },
  "3;7": {
    "d_separation": 0.0
  },
  "3;8": {
    "d_separation": 0.0
  },
  "3;9": {
    "d_separation": 0.0
  },
  "4;5": {
    "d_separation": 0.0
  },
  "4;6": {
    "d_separation": 0.0
  },
  "4;7": {
    "d_separation": 0.0
  },
  "4;8": {
    "d_separation": 0.0
  },
  "4;9": {
    "d_separation": 0.0
  },
  "5;6": {
    "d_separation": 0.0
  },
  "5;7": {
    "d_separation": 0.0
  },
  "5;8": {
    "d_separation": 0.0
  },
  "5;9": {
    "d_separation": 0.0
  },
  "6;7": {
    "d_separation": 0.0
  },
  "6;8": {
    "d_separation": 0.0
  },
  "6;9": {
    "d_separation": 0.0
  },
  "7;8": {
    "d_separation": 0.0
  },
  "7;9": {
    "d_separation": 0.0
  },
  "8;9": {
    "d_separation": 0.0
  },
  "0;1|2": {
    "kci": 0.3991732695342467
  },
  "0;1|3": {
    "kci": 0.42921831170421165
  },
  "0;1|4": {
    "kci": 0.23885919382695175
  },
  "0;1|5": {
    "kci": 0.24442417283247309
  },
  "0;1|6": {
    "kci": 0.2548367732952316
  },
  "0;1|7": {
    "kci": 0.20512165221144651
  },
  "0;1|8": {
    "kci": 0.24803911032250747
  },
  "0;1|9": {
    "kci": 0.2594023083981668
  },
  "0;2|1": {
    "kci": 0.37105116525460136
  },
  "0;2|3": {
    "kci": 0.5134895631797913
  },
  "0;2|4": {
    "kci": 0.2311639392259608
  },
  "0;2|5": {
    "kci": 0.3115194222262039
  },
  "0;2|6": {
    "kci": 0.2568634055001995
  },
  "0;2|7": {
    "kci": 0.2709193514254956
  },
  "0;2|8": {
    "kci": 0.2595075391619003
  },
  "0;2|9": {
    "kci": 0.2806006031358266
  },
  "0;3|1": {
    "kci": 0.2639986998432613
  },
  "0;3|2": {
    "kci": 0.39458615704514266
  },
  "0;3|4": {
    "kci": 0.1864832454908849
  },
  "0;3|5": {
    "kci": 0.1817708227046444
  },
  "0;3|6": {
    "kci": 0.23026033270175528
  },
  "0;3|7": {
    "kci": 0.010495386761605663
  },
  "0;3|8": {
    "kci": 0.17468455933946814
  },
  "0;3|9": {
    "kci": 0.19841759732594078
  },
  "0;4|1": {
    "kci": 0.7125425682762565
  },
  "0;4|2": {
    "kci": 0.7166748492924497
  },
  "0;4|3": {
    "kci": 0.689887419554114
  },
  "0;4|5": {
    "kci": 0.6638480750649305
  },
  "0;4|6": {
    "kci": 0.5309537244102847
  },
  "0;4|7": {
    "kci": 0.6659920760325576
  },
  "0;4|8": {
    "kci": 0.6809271139036701
  },
  "0;4|9": {
    "kci": 0.6658086504616216
  },
  "0;5|1": {
    "kci": 0.15718978822822627
  },
  "0;5|2": {
    "kci": 0.38527381115703574
  },
  "0;5|3": {
    "kci": 0.2741166352637694
  },
  "0;5|4": {
    "kci": 0.29599919238786887
  },
  "0;5|6": {
    "kci": 0.34871715071270004
  },
  "0;5|7": {
    "kci": 0.09552011777507963
  },
  "0;5|8": {
    "kci": 0.21039189361038346
  },
  "0;5|9": {
    "kci": 0.17134484364848623
  },
  "0;6|1": {
    "kci": 0.40670613895366725
  },
  "0;6|2": {
    "kci": 0.3707314214624414
  },
  "0;6|3": {
    "kci": 0.42806852153089947
  },
  "0;6|4": {
    "kci": 0.34613567132069445
  },
  "0;6|5": {
    "kci": 0.39578233328297197
  },
  "0;6|7": {
    "kci": 0.4814939138477853
  },
  "0;6|8": {
    "kci": 0.43570981918764584
  },
  "0;6|9": {
    "kci": 0.4448258249481377
  },
  "0;7|1": {
    "kci": 0.38970855992703446
  },
  "0;7|2": {
    "kci": 0.3885796665970811
  },
  "0;7|3": {
    "kci": 0.4094802228701132
  },
  "0;7|4": {
    "kci": 0.4152723374606295
  },
  "0;7|5": {
    "kci": 0.4117838084712945
  },
  "0;7|6": {
    "kci": 0.3797761552784005
  },
  "0;7|8": {
    "kci": 0.4139178723380378
  },
  "0;7|9": {
    "kci": 0.3937136298744015
  },
  "0;8|1": {
    "kci": 0.3496854944264416
  },
  "0;8|2": {
    "kci": 0.3122099523211771
  },
  "0;8|3": {
    "kci": 0.375705614919571
  },
  "0;8|4": {
    "kci": 0.3874671942907253
  },
  "0;8|5": {
    "kci": 0.4042504264807436
  },
  "0;8|6": {
    "kci": 0.35886149111982135
  },
  "0;8|7": {
    "kci": 0.3681808314715558
  },
  "0;8|9": {
    "kci": 0.31722850681141623
  },
  "0;9|1": {
    "kci": 0.6437373140414457
  },
  "0;9|2": {
    "kci": 0.592001064666916
  },
  "0;9|3": {
    "kci": 0.6993809739643686
  },
  "0;9|4": {
    "kci": 0.7943456398440433
  },
  "0;9|5": {
    "kci": 0.7302245701867576
  },
  "0;9|6": {
    "kci": 0.6441573466723949
  },
  "0;9|7": {
    "kci": 0.4802432909890556
  },
  "0;9|8": {
    "kci": 0.7481755315781875
  },
  "1;2|0": {
    "kci": 0.003496593433905293
  },
  "1;2|3": {
    "kci": 0.017678407455919976
  },
  "1;2|7": {
    "kci": 0.014397852808210598
  },
  "1;2|8": {
    "kci": 0.0003848463899979171
  },
  "1;2|9": {
    "kci": 0.0013670040829253383
  },
  "1;3|0": {
    "kci": 0.0007907315627808664
  },
  "1;3|2": {
    "kci": 0.06588625226598399
  },
  "1;3|7": {
    "kci": 5.0451888881308804e-05
  },
  "1;3|8": {
    "kci": 3.9183255044150656e-05
  },
  "1;3|9": {
    "kci": 3.843145115078883e-05
  },
  "1;7|0": {
    "kci": 0.0015856930267433844
  },
  "1;7|2": {
    "kci": 0.13633816200085236
  },
  "1;7|3": {
    "kci": 0.004700381166485967
  },
  "1;7|8": {
    "kci": 0.0017158600887966502
  },
  "1;7|9": {
    "kci": 0.005903897982589834
  },
  "1;8|0": {
    "kci": 0.3289877478155029
  },
  "1;8|2": {
    "kci": 0.3120450849750658
  },
  "1;8|3": {
    "kci": 0.3106812081665038
  },
  "1;8|7": {
    "kci": 0.3374312901242552
  },
  "1;8|9": {
    "kci": 0.3349771332345166
  },
  "1;9|0": {
    "kci": 0.5058488902196401
  },
  "1;9|2": {
    "kci": 0.3032221188699078
  },
  "1;9|3": {
    "kci": 0.2713804206133621
  },
  "1;9|7": {
    "kci": 0.35863990846569493
  },
  "1;9|8": {
    "kci": 0.5141870901592936
  },
  "1;2|4": {
    "kci": 0.00037769549342681064
  },
  "1;2|5": {
    "kci": 0.0002460991451491701
  },
  "1;2|6": {
    "kci": 0.005479545092170857
  },
  "2;3|0": {
    "kci": 7.851173785544674e-07
  },
  "2;3|1": {
    "kci": 0.0008532405145798005
  },
  "2;3|4": {
    "kci": 3.496661948876323e-08
  },
  "2;3|5": {
    "kci": 7.423388403982045e-08
  },
  "2;3|6": {
    "kci": 5.174861235357486e-05
  },
  "2;3|7": {
    "kci": 3.191439890137815e-09
  },
  "2;3|8": {
    "kci": 9.357081109939713e-08
  },
  "2;3|9": {
    "kci": 4.204503771143564e-06
  },
  "2;4|0": {
    "kci": 0.22074346144792867
  },
  "2;4|1": {
    "kci": 0.15062666179195916
  },
  "2;4|3": {
    "kci": 0.24363979195907792
  },
  "2;4|5": {
    "kci": 0.26189588574980305
  },
  "2;4|6": {
    "kci": 0.29539713537648926
  },
  "2;4|7": {
    "kci": 0.13244242533570705
  },
  "2;4|8": {
    "kci": 0.20677277994769405
  },
  "2;4|9": {
    "kci": 0.20765342291363642
  },
  "2;5|0": {
    "kci": 0.38382432549400614
  },
  "2;5|1": {
    "kci": 0.36187875792450785
  },
  "2;5|3": {
    "kci": 0.4016810260568826
  },
  "2;5|4": {
    "kci": 0.3477329252962159
  },
  "2;5|6": {
    "kci": 0.3759775703951833
  },
  "2;5|7": {
    "kci": 0.3688465549170077
  },
  "2;5|8": {
    "kci": 0.36741400826692805
  },
  "2;5|9": {
    "kci": 0.30399275612203036
  },
  "2;6|0": {
    "kci": 0.2325494190325681
  },