{
  "data_hash": "b29adff43bbb903f8ac77993dd3be891",
  "0;1": {
    "d_separation": 1.0
  },
  "0;2": {
    "d_separation": 0.0
  },
  "0;3": {
    "d_separation": 0.0
  },
  "0;4": {
    "d_separation": 0.0
  },
  "0;5": {
    "d_separation": 0.0
  },
  "0;6": {
    "d_separation": 0.0
  },
  "0;7": {
    "d_separation": 1.0
  },
  "0;8": {
    "d_separation": 0.0
  },
  "0;9": {
    "d_separation": 0.0
  },
  "1;2": {
    "d_separation": 0.0
  },
  "1;3": {
    "d_separation": 0.0
  },
  "1;4": {
    "d_separation": 1.0
  },
  "1;5": {
    "d_separation": 0.0
  },
  "1;6": {
    "d_separation": 0.0
  },
  "1;7": {
    "d_separation": 0.0
  },
  "1;8": {
    "d_separation": 0.0
  },
  "1;9": {
    "d_separation": 1.0
  },
  "2;3": {
    "d_separation": 0.0
  },
  "2;4": {
    "d_separation": 0.0
  },
  "2;5": {
    "d_separation": 0.0
  },
  "2;6": {
    "d_separation": 0.0
  },
  "2;7": {
    "d_separation": 0.0
  },
  "2;8": {
    "d_separation": 0.0
  },
  "2;9": {
    "d_separation": 0.0
  },
  "3;4": {
    "d_separation": 0.0
  },
  "3;5": {
    "d_separation": 0.0
  },
  "3;6": {
    "d_separation": 0.0
  },
  "3;7": {
    "d_separation": 0.0
  },
  "3;8": {
    "d_separation": 0.0
  },
  "3;9": {
    "d_separation": 0.0
  },
  "4;5": {
    "d_separation": 0.0
  },
  "4;6": {
    "d_separation": 0.0
  },
  "4;7": {
    "d_separation": 1.0
  },
  "4;8": {
    "d_separation": 0.0
  },
  "4;9": {
    "d_separation": 1.0
  },
  "5;6": {
    "d_separation": 0.0
  },
  "5;7": {
    "d_separation": 0.0
  },
  "5;8": {
    "d_separation": 0.0
  },
  "5;9": {
    "d_separation": 0.0
  },
  "6;7": {
    "d_separation": 0.0
  },
  "6;8": {
    "d_separation": 0.0
  },
  "6;9": {
    "d_separation": 0.0
  },
  "7;8": {
    "d_separation": 0.0
  },
  "7;9": {
    "d_separation": 1.0
  },
  "8;9": {
    "d_separation": 0.0
  },
  "0;2|3": {
    "kci": 0.4484795290682936
  },
  "0;2|4": {
    "kci": 0.44182082237792586
  },
  "0;2|5": {
    "kci": 0.5501856497255095
  },
  "0;2|6": {
    "kci": 0.5700482939535242
  },
  "0;2|8": {
    "kci": 0.42404351917854477
  },
  "0;2|9": {
    "kci": 0.4259205702031693
  },
  "0;3|2": {
    "kci": 0.31772799745464186
  },
  "0;3|4": {
    "kci": 0.3087578172984533
  },
  "0;3|5": {
    "kci": 0.31679693218033367
  },
  "0;3|6": {
    "kci": 0.3154585787375762
  },
  "0;3|8": {
    "kci": 0.31854136160990854
  },
  "0;3|9": {
    "kci": 0.31106942489232026
  },
  "0;4|2": {
    "kci": 0.31980374136747847
  },
  "0;4|3": {
    "kci": 0.3088452643410827
  },
  "0;4|5": {
    "kci": 0.32226527529782023
  },
  "0;4|6": {
    "kci": 0.3192684486634343
  },
  "0;4|8": {
    "kci": 0.3203009406624827
  },
  "0;4|9": {
    "kci": 0.3203199282656679
  },
  "0;5|2": {
    "kci": 0.5485831744793508
  },
  "0;5|3": {
    "kci": 0.5368212975014075
  },
  "0;5|4": {
    "kci": 0.42444965057600403
  },
  "0;5|6": {
    "kci": 0.5463053551916268
  },
  "0;5|8": {
    "kci": 0.4210488650981531
  },
  "0;5|9": {
    "kci": 0.6365481089641121
  },
  "0;6|2": {
    "kci": 0.4174655549323003
  },
  "0;6|3": {
    "kci": 0.5681924097616213
  },
  "0;6|4": {
    "kci": 0.4455004618979612
  },
  "0;6|5": {
    "kci": 0.37124367046477613
  },
  "0;6|8": {
    "kci": 0.39837340450963676
  },
  "0;6|9": {
    "kci": 0.35076983734897027
  },
  "0;8|2": {
    "kci": 0.4339630190140611
  },
  "0;8|3": {
    "kci": 0.37639044060622096
  },
  "0;8|4": {
    "kci": 0.38059331131842333
  },
  "0;8|5": {
    "kci": 0.36543365125732685
  },
  "0;8|6": {
    "kci": 0.38853360313600616
  },
  "0;8|9": {
    "kci": 0.44651398067683
  },
  "0;9|2": {
    "kci": 0.31732671821087977
  },
  "0;9|3": {
    "kci": 0.3065117753921641
  },
  "0;9|4": {
    "kci": 0.3135825733695723
  },
  "0;9|5": {
    "kci": 0.3147673726818665
  },
  "0;9|6": {
    "kci": 0.3165879690590614
  },
  "0;9|8": {
    "kci": 0.3176999651796323
  },
  "1;2|3": {
    "kci": 0.3169373725116097
  },
  "1;2|5": {
    "kci": 0.30481581899316623
  },
  "1;2|6": {
    "kci": 0.27714270538841146
  },
  "1;2|7": {
    "kci": 0.31169951198422385
  },
  "1;2|8": {
    "kci": 0.29879251329612977
  },
  "1;3|2": {
    "kci": 0.31492333123463967
  },
  "1;3|5": {
    "kci": 0.3161258217670362
  },
  "1;3|6": {
    "kci": 0.31547694937666015
  },
  "1;3|7": {
    "kci": 0.3017438347396876
  },
  "1;3|8": {
    "kci": 0.2911071569028745
  },
  "1;5|2": {
    "kci": 0.7803253648251526
  },
  "1;5|3": {
    "kci": 0.821840204715391
  },
  "1;5|6": {
    "kci": 0.6037135979857452
  },
  "1;5|7": {
    "kci": 0.6291696810003689
  },
  "1;5|8": {
    "kci": 0.7595870389906666
  },
  "1;6|2": {
    "kci": 0.3148077423421747
  },
  "1;6|3": {
    "kci": 0.3108803064492074
  },
  "1;6|5": {
    "kci": 0.3262448579049997
  },
  "1;6|7": {
    "kci": 0.3984802955275458
  },
  "1;6|8": {
    "kci": 0.5315376893758311
  },
  "1;7|2": {
    "kci": 0.4545971096794815
  },
  "1;7|3": {
    "kci": 0.5437248163348458
  },
  "1;7|5": {
    "kci": 0.5061096141185267
  },
  "1;7|6": {
    "kci": 0.3435557618414782
  },
  "1;7|8": {
    "kci": 0.4978284406412864
  },
  "1;8|2": {
    "kci": 0.2980583339222507
  },
  "1;8|3": {
    "kci": 0.3513922447742661
  },
  "1;8|5": {
    "kci": 0.33927267662004523
  },
  "1;8|6": {
    "kci": 0.22266929369629285
  },
  "1;8|7": {
    "kci": 0.31462719839392217
  },
  "0;2|1": {
    "kci": 0.3842881498571097
  },
  "0;2|7": {
    "kci": 0.4535140065447747
  },
  "1;2|0": {
    "kci": 0.3037858007520925
  },
  "1;2|4": {
    "kci": 0.2640175380762948
  },
  "1;2|9": {
    "kci": 0.3280556452080273
  },
  "2;3|0": {
    "kci": 0.63778668488744
  },
  "2;3|1": {
    "kci": 0.6569647195006271
  },
  "2;3|4": {
    "kci": 0.46342655181724024
  },
  "2;3|5": {
    "kci": 0.5928238891760248
  },
  "2;3|6": {
    "kci": 0.6590779678509144
  },
  "2;3|7": {
    "kci": 0.7032688924377297
  },
  "2;3|8": {
    "kci": 0.6743141461802151
  },
  "2;3|9": {
    "kci": 0.6055495253236975
  },
  "2;4|0": {
    "kci": 0.11971206751229446
  },
  "2;4|1": {
    "kci": 0.1273670245779397
  },
  "2;4|3": {
    "kci": 0.09183748651477486
  },
  "2;4|5": {
    "kci": 0.07777897033320813
  },
  "2;4|6": {
    "kci": 0.189624971289028
  },
  "2;4|7": {
    "kci": 0.1001647929552858
  },
  "2;4|8": {
    "kci": 0.09316914854970093
  },
  "2;4|9": {
    "kci": 0.09825039598936414
  },
  "2;5|0": {
    "kci": 0.6553380721845237
  },
  "2;5|1": {
    "kci": 0.6256694878023895
  },
  "2;5|3": {
    "kci": 0.6358111378544652
  },
  "2;5|4": {
    "kci": 0.30716776342718155
  },
  "2;5|6": {
    "kci": 0.5585401205055518
  },
  "2;5|7": {
    "kci": 0.6073087485931936
  },
  "2;5|8": {
    "kci": 0.570312748894882
  },
  "2;5|9": {
    "kci": 0.5321676943380824
  },
  "2;6|0": {
    "kci": 0.30118264078026835
  },
  "2;6|1": {
    "kci": 0.2579775525662418
  },
  "2;6|3": {
    "kci": 0.30136214469207623
  },
  "2;6|4": {
    "kci": 0.3090026251001661
  },
  "2;6|5": {
    "kci": 0.33977650227335277
  },
  "2;6|7": {
    "kci": 0.32139723026800504
  },
  "2;6|8": {
    "kci": 0.27859929421499396
  },
  "2;6|9": {
    "kci": 0.24408410100205402
  },
  "2;7|0": {
    "kci": 0.03290589686006995
  },
  "2;7|1": {
    "kci": 0.06255784874014125
  },
  "2;7|3": {
    "kci": 0.06101554384436991
  },
  "2;7|4": {
    "kci": 0.1645087115148196
  },
  "2;7|5": {
    "kci": 0.07580155628063612
  },
  "2;7|6": {
    "kci": 0.060012549367589596
  },
  "2;7|8": {
    "kci": 0.02791358318450521
  },
  "2;7|9": {
    "kci": 0.03074530771809647
  },
  "2;8|0": {
    "kci": 0.5288792753314973
  },
  "2;8|1": {
    "kci": 0.5161854943342963
  },
  "2;8|3": {
    "kci": 0.5011961595074874
  },
  "2;8|4": {
    "kci": 0.40808543104498385
  },
  "2;8|5": {
    "kci": 0.459148278345226
  },
  "2;8|6": {
    "kci": 0.540596693327859
  },
  "2;8|7": {
    "kci": 0.3943251968631384
  },
  "2;8|9": {
    "kci": 0.5220873196109882
  },
  "2;9|0": {
    "kci": 0.4516641758328651
  },
  "2;9|1": {
    "kci": 0.558528602644863
  },