{
  "data_hash": "b3ad31b6e423a89123b3a1a4cf70333b",
  "0;1": {
    "d_separation": 0.0
  },
  "0;2": {
    "d_separation": 0.0
  },
  "0;3": {
    "d_separation": 0.0
  },
  "0;4": {
    "d_separation": 0.0
  },
  "0;5": {
    "d_separation": 0.0
  },
  "0;6": {
    "d_separation": 0.0
  },
  "0;7": {
    "d_separation": 0.0
  },
  "0;8": {
    "d_separation": 0.0
  },
  "0;9": {
    "d_separation": 0.0
  },
  "1;2": {
    "d_separation": 0.0
  },
  "1;3": {
    "d_separation": 0.0
  },
  "1;4": {
    "d_separation": 0.0
  },
  "1;5": {
    "d_separation": 0.0
  },
  "1;6": {
    "d_separation": 0.0
  },
  "1;7": {
    "d_separation": 0.0
  },
  "1;8": {
    "d_separation": 0.0
  },
  "1;9": {
    "d_separation": 0.0
  },
  "2;3": {
    "d_separation": 0.0
  },
  "2;4": {
    "d_separation": 0.0
  },
  "2;5": {
    "d_separation": 0.0
  },
  "2;6": {
    "d_separation": 0.0
  },
  "2;7": {
    "d_separation": 0.0
  },
  "2;8": {
    "d_separation": 0.0
  },
  "2;9": {
    "d_separation": 0.0
  },
  "3;4": {
    "d_separation": 0.0
  },
  "3;5": {
    "d_separation": 0.0
  },
  "3;6": {
    "d_separation": 0.0
  },
  "3;7": {
    "d_separation": 0.0
  },
  "3;8": {
    "d_separation": 0.0
  },
  "3;9": {
    "d_separation": 0.0
  },
  "4;5": {
    "d_separation": 0.0
  },
  "4;6": {
    "d_separation": 0.0
  },
  "4;7": {
    "d_separation": 0.0
  },
  "4;8": {
    "d_separation": 0.0
  },
  "4;9": {
    "d_separation": 0.0
  },
  "5;6": {
    "d_separation": 0.0
  },
  "5;7": {
    "d_separation": 0.0
  },
  "5;8": {
    "d_separation": 0.0
  },
  "5;9": {
    "d_separation": 0.0
  },
  "6;7": {
    "d_separation": 0.0
  },
  "6;8": {
    "d_separation": 0.0
  },
  "6;9": {
    "d_separation": 0.0
  },
  "7;8": {
    "d_separation": 0.0
  },
  "7;9": {
    "d_separation": 0.0
  },
  "8;9": {
    "d_separation": 0.0
  },
  "0;1|2": {
    "kci": 0.00033906964851770915
  },
  "0;1|3": {
    "kci": 0.0005592098195846829
  },
  "0;1|4": {
    "kci": 0.0021592571485480327
  },
  "0;1|5": {
    "kci": 0.09526374922325287
  },
  "0;1|6": {
    "kci": 0.00013043162835368882
  },
  "0;1|7": {
    "kci": 0.2750619775763341
  },
  "0;1|8": {
    "kci": 5.907739405452972e-07
  },
  "0;1|9": {
    "kci": 0.0024542169759236288
  },
  "0;2|1": {
    "kci": 0.21951650171932235
  },
  "0;2|3": {
    "kci": 0.45814617540113256
  },
  "0;2|4": {
    "kci": 0.5534515237718074
  },
  "0;2|5": {
    "kci": 0.4686418390402277
  },
  "0;2|6": {
    "kci": 0.4584024279947746
  },
  "0;2|7": {
    "kci": 0.7526204609479399
  },
  "0;2|8": {
    "kci": 0.5520650023664508
  },
  "0;2|9": {
    "kci": 0.526179673129004
  },
  "0;3|1": {
    "kci": 6.757474538821029e-07
  },
  "0;3|2": {
    "kci": 2.499575435521706e-09
  },
  "0;3|4": {
    "kci": 1.1798315546762694e-08
  },
  "0;3|5": {
    "kci": 0.13009427914235827
  },
  "0;3|6": {
    "kci": 2.4539985572502587e-06
  },
  "0;3|7": {
    "kci": 0.0027709751771323177
  },
  "0;3|8": {
    "kci": 3.2386787596205835e-07
  },
  "0;3|9": {
    "kci": 1.7729369603869394e-05
  },
  "0;4|1": {
    "kci": 0.011380061657649598
  },
  "0;4|2": {
    "kci": 0.0035222556017382445
  },
  "0;4|3": {
    "kci": 0.0012972872669979596
  },
  "0;4|5": {
    "kci": 0.06577934216449866
  },
  "0;4|6": {
    "kci": 0.0056296979318418705
  },
  "0;4|7": {
    "kci": 0.03267901566559639
  },
  "0;4|8": {
    "kci": 0.00330608612891381
  },
  "0;4|9": {
    "kci": 0.01753299247255824
  },
  "0;5|1": {
    "kci": 0.0
  },
  "0;5|2": {
    "kci": 0.0
  },
  "0;5|3": {
    "kci": 0.0
  },
  "0;5|4": {
    "kci": 0.0
  },
  "0;5|6": {
    "kci": 0.0
  },
  "0;5|7": {
    "kci": 1.403863247873005e-09
  },
  "0;5|8": {
    "kci": 0.0
  },
  "0;5|9": {
    "kci": 0.0
  },
  "0;6|1": {
    "kci": 0.5551623733208293
  },
  "0;6|2": {
    "kci": 0.7185345133001513
  },
  "0;6|3": {
    "kci": 0.4838862808721761
  },
  "0;6|4": {
    "kci": 0.6366190637026892
  },
  "0;6|5": {
    "kci": 0.4260892358984326
  },
  "0;6|7": {
    "kci": 0.571039735092628
  },
  "0;6|8": {
    "kci": 0.6364914806446584
  },
  "0;6|9": {
    "kci": 0.515714696449825
  },
  "0;7|1": {
    "kci": 0.0
  },
  "0;7|2": {
    "kci": 0.0
  },
  "0;7|3": {
    "kci": 0.0
  },
  "0;7|4": {
    "kci": 0.0
  },
  "0;7|5": {
    "kci": 0.0010310239362616436
  },
  "0;7|6": {
    "kci": 0.0
  },
  "0;7|8": {
    "kci": 0.0
  },
  "0;7|9": {
    "kci": 0.0
  },
  "0;8|1": {
    "kci": 0.4366568846694946
  },
  "0;8|2": {
    "kci": 0.33291684569408975
  },
  "0;8|3": {
    "kci": 0.4540653515601879
  },
  "0;8|4": {
    "kci": 0.31037747873986976
  },
  "0;8|5": {
    "kci": 0.25253861618304896
  },
  "0;8|6": {
    "kci": 0.2181238534455544
  },
  "0;8|7": {
    "kci": 0.3814662525144459
  },
  "0;8|9": {
    "kci": 0.30834573876984805
  },
  "0;9|1": {
    "kci": 0.021004348599490075
  },
  "0;9|2": {
    "kci": 0.002758032595514437
  },
  "0;9|3": {
    "kci": 0.0014616728237785148
  },
  "0;9|4": {
    "kci": 0.0017827050690543134
  },
  "0;9|5": {
    "kci": 0.22641920684036443
  },
  "0;9|6": {
    "kci": 0.005464576557859369
  },
  "0;9|7": {
    "kci": 0.25056500497278567
  },
  "0;9|8": {
    "kci": 0.0007638816131105841
  },
  "1;2|0": {
    "kci": 0.008401548265495329
  },
  "1;2|3": {
    "kci": 0.031427810144560864
  },
  "1;2|4": {
    "kci": 0.037324374965924445
  },
  "1;2|5": {
    "kci": 0.01603862695065783
  },
  "1;2|6": {
    "kci": 0.013118305007976505
  },
  "1;2|7": {
    "kci": 0.004716040238334718
  },
  "1;2|8": {
    "kci": 0.020400547354402
  },
  "1;2|9": {
    "kci": 0.004429651490208908
  },
  "1;3|0": {
    "kci": 0.06472430934204598
  },
  "1;3|2": {
    "kci": 0.054055103683388506
  },
  "1;3|4": {
    "kci": 0.04974438812301929
  },
  "1;3|5": {
    "kci": 0.059731294566458426
  },
  "1;3|6": {
    "kci": 0.02272873025754718
  },
  "1;3|7": {
    "kci": 0.04365792419540182
  },
  "1;3|8": {
    "kci": 0.07247576158637392
  },
  "1;3|9": {
    "kci": 0.06945078469369526
  },
  "1;4|0": {
    "kci": 0.13726371202236665
  },
  "1;4|2": {
    "kci": 0.01234527230711191
  },
  "1;4|3": {
    "kci": 0.07642727376792768
  },
  "1;4|5": {
    "kci": 0.06896789098499911
  },
  "1;4|6": {
    "kci": 0.008496205863438355
  },
  "1;4|7": {
    "kci": 0.03703364819173105
  },
  "1;4|8": {
    "kci": 0.03874553742691378
  },
  "1;4|9": {
    "kci": 0.1050264613984504
  },
  "1;5|0": {
    "kci": 0.2660347027877977
  },
  "1;5|2": {
    "kci": 9.806234061371377e-05
  },
  "1;5|3": {
    "kci": 3.957537091570096e-05
  },
  "1;5|4": {
    "kci": 0.005743362439919908
  },
  "1;5|6": {
    "kci": 0.0001612257531863337
  },
  "1;5|7": {
    "kci": 0.16671229737154736
  },
  "1;5|8": {
    "kci": 6.024264362081144e-05
  },
  "1;5|9": {
    "kci": 0.0017120364589030546
  },
  "1;6|0": {
    "kci": 0.5577906937155444
  },
  "1;6|2": {
    "kci": 0.5133407938227901
  },
  "1;6|3": {
    "kci": 0.3133143517323338
  },
  "1;6|4": {
    "kci": 0.45837153666207275
  },
  "1;6|5": {
    "kci": 0.40176834060017885
  },
  "1;6|7": {
    "kci": 0.5266052285361686
  },
  "1;6|8": {
    "kci": 0.5563765641701987
  },
  "1;6|9": {
    "kci": 0.4048898648537611
  },
  "1;7|0": {
    "kci": 0.3182489375315658
  },
  "1;7|2": {
    "kci": 2.8926758544045583e-08
  },
  "1;7|3": {
    "kci": 5.887305223661876e-06
  },
  "1;7|4": {
    "kci": 2.7279714642003405e-05
  },
  "1;7|5": {
    "kci": 0.009267505504212625
  },
  "1;7|6": {
    "kci": 7.364314463798038e-07
  },
  "1;7|8": {
    "kci": 5.302600605272545e-07
  },
  "1;7|9": {
    "kci": 1.3884344031600548e-05
  },
  "1;8|0": {
    "kci": 0.00018507497280328966
  },
  "1;8|2": {
    "kci": 4.545380091092177e-06
  },
  "1;8|3": {
    "kci": 3.619140401811549e-06
  },
  "1;8|4": {
    "kci": 2.8598212665764677e-06
  },
  "1;8|5": {
    "kci": 0.00010978201529932008
  },
  "1;8|6": {
    "kci": 6.720012326932867e-06
  },
  "1;8|7": {
    "kci": 9.310127610473451e-05
  },
  "1;8|9": {
    "kci": 3.5397195039532647e-06
  },