{
  "data_hash": "b62c85883566cfb6d276b53d5eb0d2c0",
  "0;1": {
    "d_separation": 0.0
  },
  "0;2": {
    "d_separation": 0.0
  },
  "0;3": {
    "d_separation": 0.0
  },
  "0;4": {
    "d_separation": 0.0
  },
  "0;5": {
    "d_separation": 0.0
  },
  "0;6": {
    "d_separation": 0.0
  },
  "0;7": {
    "d_separation": 0.0
  },
  "0;8": {
    "d_separation": 0.0
  },
  "0;9": {
    "d_separation": 0.0
  },
  "1;2": {
    "d_separation": 0.0
  },
  "1;3": {
    "d_separation": 0.0
  },
  "1;4": {
    "d_separation": 0.0
  },
  "1;5": {
    "d_separation": 0.0
  },
  "1;6": {
    "d_separation": 0.0
  },
  "1;7": {
    "d_separation": 0.0
  },
  "1;8": {
    "d_separation": 0.0
  },
  "1;9": {
    "d_separation": 0.0
  },
  "2;3": {
    "d_separation": 0.0
  },
  "2;4": {
    "d_separation": 0.0
  },
  "2;5": {
    "d_separation": 0.0
  },
  "2;6": {
    "d_separation": 0.0
  },
  "2;7": {
    "d_separation": 0.0
  },
  "2;8": {
    "d_separation": 0.0
  },
  "2;9": {
    "d_separation": 0.0
  },
  "3;4": {
    "d_separation": 0.0
  },
  "3;5": {
    "d_separation": 0.0
  },
  "3;6": {
    "d_separation": 0.0
  },
  "3;7": {
    "d_separation": 0.0
  },
  "3;8": {
    "d_separation": 0.0
  },
  "3;9": {
    "d_separation": 0.0
  },
  "4;5": {
    "d_separation": 0.0
  },
  "4;6": {
    "d_separation": 0.0
  },
  "4;7": {
    "d_separation": 0.0
  },
  "4;8": {
    "d_separation": 0.0
  },
  "4;9": {
    "d_separation": 0.0
  },
  "5;6": {
    "d_separation": 0.0
  },
  "5;7": {
    "d_separation": 0.0
  },
  "5;8": {
    "d_separation": 0.0
  },
  "5;9": {
    "d_separation": 0.0
  },
  "6;7": {
    "d_separation": 1.0
  },
  "6;8": {
    "d_separation": 1.0
  },
  "6;9": {
    "d_separation": 0.0
  },
  "7;8": {
    "d_separation": 1.0
  },
  "7;9": {
    "d_separation": 0.0
  },
  "8;9": {
    "d_separation": 0.0
  },
  "0;1|2": {
    "fisherz": 0.7515490146093069
  },
  "0;1|3": {
    "fisherz": 0.6917749691793791
  },
  "0;1|4": {
    "fisherz": 0.6580163495940383
  },
  "0;1|5": {
    "fisherz": 0.7425697822359254
  },
  "0;1|6": {
    "fisherz": 0.762414825111466
  },
  "0;1|7": {
    "fisherz": 0.6834497108034627
  },
  "0;1|8": {
    "fisherz": 0.8832289366594039
  },
  "0;1|9": {
    "fisherz": 0.6900128039564157
  },
  "0;2|1": {
    "fisherz": 0.00011301212936509764
  },
  "0;2|3": {
    "fisherz": 0.00010902645439925251
  },
  "0;2|4": {
    "fisherz": 0.00011051496007574713
  },
  "0;2|5": {
    "fisherz": 0.00011704368381248997
  },
  "0;2|6": {
    "fisherz": 9.823159562616368e-05
  },
  "0;2|7": {
    "fisherz": 0.00011892707459737473
  },
  "0;2|8": {
    "fisherz": 0.00022843294439356399
  },
  "0;2|9": {
    "fisherz": 0.0001113153819372048
  },
  "0;3|1": {
    "fisherz": 0.8179810833134371
  },
  "0;3|2": {
    "fisherz": 0.8026758622832986
  },
  "0;3|4": {
    "fisherz": 0.7712442036126412
  },
  "0;3|5": {
    "fisherz": 0.8075598520410481
  },
  "0;3|6": {
    "fisherz": 0.722155431955187
  },
  "0;3|7": {
    "fisherz": 0.740243515854464
  },
  "0;3|8": {
    "fisherz": 0.9684587385995682
  },
  "0;3|9": {
    "fisherz": 0.8028418243819933
  },
  "0;4|1": {
    "fisherz": 0.5836781023979971
  },
  "0;4|2": {
    "fisherz": 0.6199484514665727
  },
  "0;4|3": {
    "fisherz": 0.5882238438318543
  },
  "0;4|5": {
    "fisherz": 0.6095558378429007
  },
  "0;4|6": {
    "fisherz": 0.26370475676805105
  },
  "0;4|7": {
    "fisherz": 0.6304617712828544
  },
  "0;4|8": {
    "fisherz": 0.4169727272220851
  },
  "0;4|9": {
    "fisherz": 0.5978822451403087
  },
  "0;5|1": {
    "fisherz": 0.3214511537971707
  },
  "0;5|2": {
    "fisherz": 0.3399878599083066
  },
  "0;5|3": {
    "fisherz": 0.3081116877990553
  },
  "0;5|4": {
    "fisherz": 0.309770588682591
  },
  "0;5|6": {
    "fisherz": 0.2907968178421192
  },
  "0;5|7": {
    "fisherz": 0.3593363420187017
  },
  "0;5|8": {
    "fisherz": 0.766819927468136
  },
  "0;5|9": {
    "fisherz": 0.30547633724910694
  },
  "0;6|1": {
    "fisherz": 0.31823331586276726
  },
  "0;6|2": {
    "fisherz": 0.26075796436892307
  },
  "0;6|3": {
    "fisherz": 0.2865788215837384
  },
  "0;6|4": {
    "fisherz": 0.1521285404481343
  },
  "0;6|5": {
    "fisherz": 0.28447138927148297
  },
  "0;6|7": {
    "fisherz": 0.3066675182495613
  },
  "0;6|8": {
    "fisherz": 0.2600649560858308
  },
  "0;6|9": {
    "fisherz": 0.3096480513330868
  },
  "0;7|1": {
    "fisherz": 0.6433410123613492
  },
  "0;7|2": {
    "fisherz": 0.81621913089605
  },
  "0;7|3": {
    "fisherz": 0.6085719537623122
  },
  "0;7|4": {
    "fisherz": 0.6755406198688909
  },
  "0;7|5": {
    "fisherz": 0.9080293838095426
  },
  "0;7|6": {
    "fisherz": 0.6643841148979959
  },
  "0;7|8": {
    "fisherz": 0.4416334469799257
  },
  "0;7|9": {
    "fisherz": 0.6415387016650913
  },
  "0;8|1": {
    "fisherz": 0.01735227833087083
  },
  "0;8|2": {
    "fisherz": 0.03528597161476732
  },
  "0;8|3": {
    "fisherz": 0.016533592407326658
  },
  "0;8|4": {
    "fisherz": 0.012794701478234138
  },
  "0;8|5": {
    "fisherz": 0.02770237832337652
  },
  "0;8|6": {
    "fisherz": 0.014267830362251877
  },
  "0;8|7": {
    "fisherz": 0.012871553301037286
  },
  "0;8|9": {
    "fisherz": 0.013445188165079447
  },
  "0;9|1": {
    "fisherz": 0.6716741142655704
  },
  "0;9|2": {
    "fisherz": 0.6996919106114681
  },
  "0;9|3": {
    "fisherz": 0.6653238805773789
  },
  "0;9|4": {
    "fisherz": 0.6592794316955208
  },
  "0;9|5": {
    "fisherz": 0.6583934736677837
  },
  "0;9|6": {
    "fisherz": 0.7005420805441256
  },
  "0;9|7": {
    "fisherz": 0.6635971667391947
  },
  "0;9|8": {
    "fisherz": 0.4848473870006167
  },
  "1;2|0": {
    "fisherz": 0.7500298796307814
  },
  "1;2|3": {
    "fisherz": 0.6840405018395639
  },
  "1;2|4": {
    "fisherz": 0.6753532576176553
  },
  "1;2|5": {
    "fisherz": 0.7051516262948225
  },
  "1;2|6": {
    "fisherz": 0.6647346120932847
  },
  "1;2|7": {
    "fisherz": 0.669824077120027
  },
  "1;2|8": {
    "fisherz": 0.8083100471125049
  },
  "1;2|9": {
    "fisherz": 0.6865758987959223
  },
  "1;3|0": {
    "fisherz": 0.5491973902886409
  },
  "1;3|2": {
    "fisherz": 0.545231570621806
  },
  "1;3|4": {
    "fisherz": 0.6057210266828135
  },
  "1;3|5": {
    "fisherz": 0.5459034611035773
  },
  "1;3|6": {
    "fisherz": 0.43532747079433953
  },
  "1;3|7": {
    "fisherz": 0.5468947178371133
  },
  "1;3|8": {
    "fisherz": 0.6845201507186895
  },
  "1;3|9": {
    "fisherz": 0.5435012314218524
  },
  "1;4|0": {
    "fisherz": 0.2721798695038633
  },
  "1;4|2": {
    "fisherz": 0.2765659817022357
  },
  "1;4|3": {
    "fisherz": 0.2999315722187412
  },
  "1;4|5": {
    "fisherz": 0.27236719630442296
  },
  "1;4|6": {
    "fisherz": 0.6924363362276436
  },
  "1;4|7": {
    "fisherz": 0.2793634490640706
  },
  "1;4|8": {
    "fisherz": 0.37071273717682285
  },
  "1;4|9": {
    "fisherz": 0.2806354130614319
  },
  "1;5|0": {
    "fisherz": 0.23325969262465884
  },
  "1;5|2": {
    "fisherz": 0.22773548172785096
  },
  "1;5|3": {
    "fisherz": 0.22436842792739498
  },
  "1;5|4": {
    "fisherz": 0.21942172370901858
  },
  "1;5|6": {
    "fisherz": 0.20211878088344903
  },
  "1;5|7": {
    "fisherz": 0.18631454147250182
  },
  "1;5|8": {
    "fisherz": 0.4696872167209363
  },
  "1;5|9": {
    "fisherz": 0.22302247584638435
  },
  "1;6|0": {
    "fisherz": 0.11314298134835998
  },
  "1;6|2": {
    "fisherz": 0.1065114996782921
  },
  "1;6|3": {
    "fisherz": 0.09273080358460084
  },
  "1;6|4": {
    "fisherz": 0.21116966217131616
  },
  "1;6|5": {
    "fisherz": 0.0983106392842843
  },
  "1;6|7": {
    "fisherz": 0.10745968481944579
  },
  "1;6|8": {
    "fisherz": 0.09399227264625187
  },
  "1;6|9": {
    "fisherz": 0.11015877876817592
  },
  "1;7|0": {
    "fisherz": 0.9361502912227959
  },
  "1;7|2": {
    "fisherz": 0.8856489024552634
  },
  "1;7|3": {
    "fisherz": 0.9693924280681612
  },
  "1;7|4": {
    "fisherz": 0.9805039208744937
  },
  "1;7|5": {
    "fisherz": 0.6012977887620972
  },