{
  "data_hash": "b7c0472f1757911d09198a720062ce22",
  "0;1": {
    "d_separation": 0.0
  },
  "0;2": {
    "d_separation": 0.0
  },
  "0;3": {
    "d_separation": 0.0
  },
  "0;4": {
    "d_separation": 0.0
  },
  "0;5": {
    "d_separation": 0.0
  },
  "0;6": {
    "d_separation": 0.0
  },
  "0;7": {
    "d_separation": 0.0
  },
  "0;8": {
    "d_separation": 0.0
  },
  "0;9": {
    "d_separation": 0.0
  },
  "1;2": {
    "d_separation": 0.0
  },
  "1;3": {
    "d_separation": 0.0
  },
  "1;4": {
    "d_separation": 0.0
  },
  "1;5": {
    "d_separation": 0.0
  },
  "1;6": {
    "d_separation": 0.0
  },
  "1;7": {
    "d_separation": 0.0
  },
  "1;8": {
    "d_separation": 0.0
  },
  "1;9": {
    "d_separation": 0.0
  },
  "2;3": {
    "d_separation": 0.0
  },
  "2;4": {
    "d_separation": 0.0
  },
  "2;5": {
    "d_separation": 0.0
  },
  "2;6": {
    "d_separation": 0.0
  },
  "2;7": {
    "d_separation": 0.0
  },
  "2;8": {
    "d_separation": 0.0
  },
  "2;9": {
    "d_separation": 0.0
  },
  "3;4": {
    "d_separation": 0.0
  },
  "3;5": {
    "d_separation": 0.0
  },
  "3;6": {
    "d_separation": 0.0
  },
  "3;7": {
    "d_separation": 0.0
  },
  "3;8": {
    "d_separation": 0.0
  },
  "3;9": {
    "d_separation": 0.0
  },
  "4;5": {
    "d_separation": 0.0
  },
  "4;6": {
    "d_separation": 0.0
  },
  "4;7": {
    "d_separation": 0.0
  },
  "4;8": {
    "d_separation": 0.0
  },
  "4;9": {
    "d_separation": 0.0
  },
  "5;6": {
    "d_separation": 0.0
  },
  "5;7": {
    "d_separation": 0.0
  },
  "5;8": {
    "d_separation": 0.0
  },
  "5;9": {
    "d_separation": 0.0
  },
  "6;7": {
    "d_separation": 0.0
  },
  "6;8": {
    "d_separation": 0.0
  },
  "6;9": {
    "d_separation": 0.0
  },
  "7;8": {
    "d_separation": 0.0
  },
  "7;9": {
    "d_separation": 0.0
  },
  "8;9": {
    "d_separation": 0.0
  },
  "0;1|2": {
    "kci": 0.393713616330993
  },
  "0;1|3": {
    "kci": 0.39990579680456495
  },
  "0;1|4": {
    "kci": 0.39333224741622974
  },
  "0;1|5": {
    "kci": 0.2960990656105821
  },
  "0;1|6": {
    "kci": 0.40643932533665694
  },
  "0;1|7": {
    "kci": 0.37423160688512036
  },
  "0;1|8": {
    "kci": 0.39084385375420216
  },
  "0;1|9": {
    "kci": 0.41113296742312466
  },
  "0;2|1": {
    "kci": 0.3785933545861463
  },
  "0;2|3": {
    "kci": 0.3304919012828631
  },
  "0;2|4": {
    "kci": 0.3634892639825693
  },
  "0;2|5": {
    "kci": 0.3656363661012445
  },
  "0;2|6": {
    "kci": 0.3606774136411228
  },
  "0;2|7": {
    "kci": 0.3656767824996707
  },
  "0;2|8": {
    "kci": 0.36155564397776474
  },
  "0;2|9": {
    "kci": 0.37143956314963134
  },
  "0;3|1": {
    "kci": 0.5521551411667595
  },
  "0;3|2": {
    "kci": 0.5491007241352472
  },
  "0;3|4": {
    "kci": 0.5018004315557594
  },
  "0;3|5": {
    "kci": 0.6787706080416314
  },
  "0;3|6": {
    "kci": 0.7167263899557625
  },
  "0;3|7": {
    "kci": 0.5684288932430936
  },
  "0;3|8": {
    "kci": 0.4735366348083416
  },
  "0;3|9": {
    "kci": 0.36935480106776986
  },
  "0;4|1": {
    "kci": 0.029457578393328188
  },
  "0;4|2": {
    "kci": 0.01577237954179389
  },
  "0;4|3": {
    "kci": 0.0329912598586144
  },
  "0;4|5": {
    "kci": 0.034754212826145214
  },
  "0;4|6": {
    "kci": 0.01159832048332976
  },
  "0;4|7": {
    "kci": 0.14341896627824813
  },
  "0;4|8": {
    "kci": 0.03602659675253417
  },
  "0;4|9": {
    "kci": 0.04847737283013198
  },
  "0;5|1": {
    "kci": 0.42241423054713634
  },
  "0;5|2": {
    "kci": 0.517434522298234
  },
  "0;5|3": {
    "kci": 0.7773938499552432
  },
  "0;5|4": {
    "kci": 0.48936290976096897
  },
  "0;5|6": {
    "kci": 0.7241883379884679
  },
  "0;5|7": {
    "kci": 0.6935290209412912
  },
  "0;5|8": {
    "kci": 0.6196063888184413
  },
  "0;5|9": {
    "kci": 0.8018832378138776
  },
  "0;6|1": {
    "kci": 0.41681024125658706
  },
  "0;6|2": {
    "kci": 0.3932785316113354
  },
  "0;6|3": {
    "kci": 0.30945681337926545
  },
  "0;6|4": {
    "kci": 0.23670194324987603
  },
  "0;6|5": {
    "kci": 0.39997833102150593
  },
  "0;6|7": {
    "kci": 0.2593639776778158
  },
  "0;6|8": {
    "kci": 0.23594834740397808
  },
  "0;6|9": {
    "kci": 0.03249894537468412
  },
  "0;7|1": {
    "kci": 0.24109214744396246
  },
  "0;7|2": {
    "kci": 0.25058155500145896
  },
  "0;7|3": {
    "kci": 0.2206736794688704
  },
  "0;7|4": {
    "kci": 0.32344819429864524
  },
  "0;7|5": {
    "kci": 0.2728164726788316
  },
  "0;7|6": {
    "kci": 0.26085070235798036
  },
  "0;7|8": {
    "kci": 0.24240312973215228
  },
  "0;7|9": {
    "kci": 0.3048892008489714
  },
  "0;8|1": {
    "kci": 0.7122817232823966
  },
  "0;8|2": {
    "kci": 0.794289850853074
  },
  "0;8|3": {
    "kci": 0.7965303470502991
  },
  "0;8|4": {
    "kci": 0.7762971099511484
  },
  "0;8|5": {
    "kci": 0.5502857794575922
  },
  "0;8|6": {
    "kci": 0.7525748812088651
  },
  "0;8|7": {
    "kci": 0.7881053676246408
  },
  "0;8|9": {
    "kci": 0.1277917267258637
  },
  "0;9|1": {
    "kci": 0.06635855606773089
  },
  "0;9|2": {
    "kci": 0.10378089996097595
  },
  "0;9|3": {
    "kci": 0.08655011998066531
  },
  "0;9|4": {
    "kci": 0.18154326040145652
  },
  "0;9|5": {
    "kci": 0.06341689126700245
  },
  "0;9|6": {
    "kci": 0.09243717368520743
  },
  "0;9|7": {
    "kci": 0.10646136536119877
  },
  "0;9|8": {
    "kci": 0.04474338954193502
  },
  "1;2|0": {
    "kci": 0.0756948625638717
  },
  "1;2|3": {
    "kci": 0.3245815953541482
  },
  "1;2|4": {
    "kci": 0.31739726626147935
  },
  "1;2|5": {
    "kci": 0.25766443915891757
  },
  "1;2|6": {
    "kci": 0.3298627862530763
  },
  "1;2|7": {
    "kci": 0.3116985170351987
  },
  "1;2|8": {
    "kci": 0.33148316190199856
  },
  "1;2|9": {
    "kci": 0.32950140263562355
  },
  "1;3|0": {
    "kci": 0.5287261607119996
  },
  "1;3|2": {
    "kci": 0.48467795092369703
  },
  "1;3|4": {
    "kci": 0.3708679907377893
  },
  "1;3|5": {
    "kci": 0.44021524404512713
  },
  "1;3|6": {
    "kci": 0.4997092625563767
  },
  "1;3|7": {
    "kci": 0.17738333571518505
  },
  "1;3|8": {
    "kci": 0.5306777824739825
  },
  "1;3|9": {
    "kci": 0.5105586155852037
  },
  "1;4|0": {
    "kci": 0.4833263452036841
  },
  "1;4|2": {
    "kci": 0.4897588087040913
  },
  "1;4|3": {
    "kci": 0.5032980742534052
  },
  "1;4|5": {
    "kci": 0.4713342098843212
  },
  "1;4|6": {
    "kci": 0.44160521583795753
  },
  "1;4|7": {
    "kci": 0.6090588036109801
  },
  "1;4|8": {
    "kci": 0.4777074043819769
  },
  "1;4|9": {
    "kci": 0.49115227995718713
  },
  "1;5|0": {
    "kci": 0.3827845735826826
  },
  "1;5|2": {
    "kci": 0.32617891126236576
  },
  "1;5|3": {
    "kci": 0.4831888716753884
  },
  "1;5|4": {
    "kci": 0.4428980693638064
  },
  "1;5|6": {
    "kci": 0.4921263864168568
  },
  "1;5|7": {
    "kci": 0.37724131204676026
  },
  "1;5|8": {
    "kci": 0.48101300332179875
  },
  "1;5|9": {
    "kci": 0.4356203407125816
  },
  "1;6|0": {
    "kci": 0.4284923682596935
  },
  "1;6|2": {
    "kci": 0.29813575467004216
  },
  "1;6|3": {
    "kci": 0.3557895850313795
  },
  "1;6|4": {
    "kci": 0.17768642078863495
  },
  "1;6|5": {
    "kci": 0.49291831343438275
  },
  "1;6|7": {
    "kci": 0.3566841497100248
  },
  "1;6|8": {
    "kci": 0.37118550403490225
  },
  "1;6|9": {
    "kci": 0.32737850795252466
  },
  "1;7|0": {
    "kci": 0.2901179398667204
  },
  "1;7|2": {
    "kci": 0.3015600656722651
  },
  "1;7|3": {
    "kci": 0.3105132781274631
  },
  "1;7|4": {
    "kci": 0.2902254221540458
  },
  "1;7|5": {
    "kci": 0.2975210411554027
  },
  "1;7|6": {
    "kci": 0.3040042568612341
  },
  "1;7|8": {
    "kci": 0.2964040260261016
  },
  "1;7|9": {
    "kci": 0.31013896845842615
  },
  "1;8|0": {
    "kci": 0.17492717859442686
  },
  "1;8|2": {
    "kci": 0.2638219713451746
  },
  "1;8|3": {
    "kci": 0.44586061620243145
  },
  "1;8|4": {
    "kci": 0.29203371147342216
  },
  "1;8|5": {
    "kci": 0.48442789623949956
  },
  "1;8|6": {
    "kci": 0.39444077167364333
  },