{
  "data_hash": "b96f34a80617967e08c533aad22b99ac",
  "0;1": {
    "d_separation": 0.0
  },
  "0;2": {
    "d_separation": 0.0
  },
  "0;3": {
    "d_separation": 0.0
  },
  "0;4": {
    "d_separation": 0.0
  },
  "0;5": {
    "d_separation": 0.0
  },
  "0;6": {
    "d_separation": 0.0
  },
  "0;7": {
    "d_separation": 0.0
  },
  "0;8": {
    "d_separation": 0.0
  },
  "0;9": {
    "d_separation": 0.0
  },
  "1;2": {
    "d_separation": 0.0
  },
  "1;3": {
    "d_separation": 0.0
  },
  "1;4": {
    "d_separation": 0.0
  },
  "1;5": {
    "d_separation": 0.0
  },
  "1;6": {
    "d_separation": 0.0
  },
  "1;7": {
    "d_separation": 0.0
  },
  "1;8": {
    "d_separation": 0.0
  },
  "1;9": {
    "d_separation": 0.0
  },
  "2;3": {
    "d_separation": 0.0
  },
  "2;4": {
    "d_separation": 0.0
  },
  "2;5": {
    "d_separation": 0.0
  },
  "2;6": {
    "d_separation": 0.0
  },
  "2;7": {
    "d_separation": 0.0
  },
  "2;8": {
    "d_separation": 0.0
  },
  "2;9": {
    "d_separation": 0.0
  },
  "3;4": {
    "d_separation": 0.0
  },
  "3;5": {
    "d_separation": 0.0
  },
  "3;6": {
    "d_separation": 0.0
  },
  "3;7": {
    "d_separation": 0.0
  },
  "3;8": {
    "d_separation": 0.0
  },
  "3;9": {
    "d_separation": 0.0
  },
  "4;5": {
    "d_separation": 0.0
  },
  "4;6": {
    "d_separation": 0.0
  },
  "4;7": {
    "d_separation": 0.0
  },
  "4;8": {
    "d_separation": 0.0
  },
  "4;9": {
    "d_separation": 0.0
  },
  "5;6": {
    "d_separation": 0.0
  },
  "5;7": {
    "d_separation": 0.0
  },
  "5;8": {
    "d_separation": 0.0
  },
  "5;9": {
    "d_separation": 0.0
  },
  "6;7": {
    "d_separation": 0.0
  },
  "6;8": {
    "d_separation": 0.0
  },
  "6;9": {
    "d_separation": 0.0
  },
  "7;8": {
    "d_separation": 0.0
  },
  "7;9": {
    "d_separation": 0.0
  },
  "8;9": {
    "d_separation": 0.0
  },
  "0;1|2": {
    "kci": 0.2887917172783756
  },
  "0;1|3": {
    "kci": 0.1963847912796779
  },
  "0;1|4": {
    "kci": 0.39557606349454955
  },
  "0;1|5": {
    "kci": 0.11506313866998641
  },
  "0;1|6": {
    "kci": 0.12288111621960851
  },
  "0;1|7": {
    "kci": 0.20767996873310046
  },
  "0;1|8": {
    "kci": 0.377176054188324
  },
  "0;1|9": {
    "kci": 0.24943174777358668
  },
  "0;2|1": {
    "kci": 0.32797488641882344
  },
  "0;2|3": {
    "kci": 0.32230349452006957
  },
  "0;2|4": {
    "kci": 0.442974517288646
  },
  "0;2|5": {
    "kci": 0.3550224325063359
  },
  "0;2|6": {
    "kci": 0.3330786896199728
  },
  "0;2|7": {
    "kci": 0.36642516377364087
  },
  "0;2|8": {
    "kci": 0.3348210477432998
  },
  "0;2|9": {
    "kci": 0.3465370711966105
  },
  "0;3|1": {
    "kci": 0.5164653321532475
  },
  "0;3|2": {
    "kci": 0.6371089231352124
  },
  "0;3|4": {
    "kci": 0.6003016049271106
  },
  "0;3|5": {
    "kci": 0.2040605413185299
  },
  "0;3|6": {
    "kci": 0.2773091086103783
  },
  "0;3|7": {
    "kci": 0.3704516683571536
  },
  "0;3|8": {
    "kci": 0.6809345326703394
  },
  "0;3|9": {
    "kci": 0.5183670494480264
  },
  "0;4|1": {
    "kci": 0.31821071894261077
  },
  "0;4|2": {
    "kci": 0.31793080741759383
  },
  "0;4|3": {
    "kci": 0.3124102599474958
  },
  "0;4|5": {
    "kci": 0.29318919411692945
  },
  "0;4|6": {
    "kci": 0.27508434814717264
  },
  "0;4|7": {
    "kci": 0.29326903074372557
  },
  "0;4|8": {
    "kci": 0.32669031192458764
  },
  "0;4|9": {
    "kci": 0.3024272544554688
  },
  "0;5|1": {
    "kci": 0.0002739334015373629
  },
  "0;5|2": {
    "kci": 0.00010925539169137632
  },
  "0;5|3": {
    "kci": 8.706358743837406e-05
  },
  "0;5|4": {
    "kci": 5.4298884280989945e-05
  },
  "0;5|6": {
    "kci": 0.001303876346654076
  },
  "0;5|7": {
    "kci": 0.0004319881066237041
  },
  "0;5|8": {
    "kci": 0.00022071529432854398
  },
  "0;5|9": {
    "kci": 0.0005319861358733524
  },
  "0;6|1": {
    "kci": 0.5516881060654384
  },
  "0;6|2": {
    "kci": 0.5829186730040563
  },
  "0;6|3": {
    "kci": 0.43135764219463046
  },
  "0;6|4": {
    "kci": 0.5331853249744107
  },
  "0;6|5": {
    "kci": 0.584709437354161
  },
  "0;6|7": {
    "kci": 0.6450395734109653
  },
  "0;6|8": {
    "kci": 0.4993706481486949
  },
  "0;6|9": {
    "kci": 0.628183017044283
  },
  "0;7|1": {
    "kci": 0.3683776330046118
  },
  "0;7|2": {
    "kci": 0.2535573317139552
  },
  "0;7|3": {
    "kci": 0.23282071578519214
  },
  "0;7|4": {
    "kci": 0.17327951962120347
  },
  "0;7|5": {
    "kci": 0.23411469949193275
  },
  "0;7|6": {
    "kci": 0.34965270253966774
  },
  "0;7|8": {
    "kci": 0.0643089074607951
  },
  "0;7|9": {
    "kci": 0.146492410918744
  },
  "0;8|1": {
    "kci": 0.07557894904084539
  },
  "0;8|2": {
    "kci": 0.03870364829431461
  },
  "0;8|3": {
    "kci": 0.08060009357298181
  },
  "0;8|4": {
    "kci": 0.0041005747985184415
  },
  "0;8|5": {
    "kci": 0.14225909238647594
  },
  "0;8|6": {
    "kci": 0.0796269237570445
  },
  "0;8|7": {
    "kci": 0.06815196148555558
  },
  "0;8|9": {
    "kci": 0.11383824284285793
  },
  "0;9|1": {
    "kci": 0.2910391038855158
  },
  "0;9|2": {
    "kci": 0.4607167388860718
  },
  "0;9|3": {
    "kci": 0.46735087201942693
  },
  "0;9|4": {
    "kci": 0.2825694011558424
  },
  "0;9|5": {
    "kci": 0.3856233223300607
  },
  "0;9|6": {
    "kci": 0.2852603687127566
  },
  "0;9|7": {
    "kci": 0.2667256959110854
  },
  "0;9|8": {
    "kci": 0.4646911872488313
  },
  "1;2|0": {
    "kci": 0.19631578207604106
  },
  "1;2|3": {
    "kci": 0.1997576523772462
  },
  "1;2|4": {
    "kci": 0.19441839731456
  },
  "1;2|5": {
    "kci": 0.1902796059020777
  },
  "1;2|6": {
    "kci": 0.2371697298851504
  },
  "1;2|7": {
    "kci": 0.26853869169109124
  },
  "1;2|8": {
    "kci": 0.23297122310897378
  },
  "1;2|9": {
    "kci": 0.18249794703069155
  },
  "1;3|0": {
    "kci": 0.06203898766805027
  },
  "1;3|2": {
    "kci": 0.13574006492901292
  },
  "1;3|4": {
    "kci": 0.07107150040465604
  },
  "1;3|5": {
    "kci": 0.05163997016509936
  },
  "1;3|6": {
    "kci": 0.04865960424641613
  },
  "1;3|7": {
    "kci": 0.23080863754622627
  },
  "1;3|8": {
    "kci": 0.17729274170275622
  },
  "1;3|9": {
    "kci": 0.2215624950886259
  },
  "1;4|0": {
    "kci": 0.6501024211773705
  },
  "1;4|2": {
    "kci": 0.38191465747616715
  },
  "1;4|3": {
    "kci": 0.5719342812600907
  },
  "1;4|5": {
    "kci": 0.39715926073452956
  },
  "1;4|6": {
    "kci": 0.2821988837482887
  },
  "1;4|7": {
    "kci": 0.49916055620870314
  },
  "1;4|8": {
    "kci": 0.4821505002972879
  },
  "1;4|9": {
    "kci": 0.519911872056039
  },
  "1;5|0": {
    "kci": 0.39232240106067084
  },
  "1;5|2": {
    "kci": 0.4175397714136564
  },
  "1;5|3": {
    "kci": 0.2946007088916498
  },
  "1;5|4": {
    "kci": 0.4886769892488706
  },
  "1;5|6": {
    "kci": 0.6229886390568662
  },
  "1;5|7": {
    "kci": 0.308993513114191
  },
  "1;5|8": {
    "kci": 0.5825786395909153
  },
  "1;5|9": {
    "kci": 0.47138172828769265
  },
  "1;6|0": {
    "kci": 0.1341068259861261
  },
  "1;6|2": {
    "kci": 0.38837998301675414
  },
  "1;6|3": {
    "kci": 0.24427900343749653
  },
  "1;6|4": {
    "kci": 0.11147203694399233
  },
  "1;6|5": {
    "kci": 0.3463998573558096
  },
  "1;6|7": {
    "kci": 0.4583357474225751
  },
  "1;6|8": {
    "kci": 0.12137231497635004
  },
  "1;6|9": {
    "kci": 0.1022392959556443
  },
  "1;7|0": {
    "kci": 0.040180649548630654
  },
  "1;7|2": {
    "kci": 0.09078696305817902
  },
  "1;7|3": {
    "kci": 0.07221517482032536
  },
  "1;7|4": {
    "kci": 0.06798062162839646
  },
  "1;7|5": {
    "kci": 0.09095436885822261
  },
  "1;7|6": {
    "kci": 0.17757214251480546
  },
  "1;7|8": {
    "kci": 0.0792422850507486
  },
  "1;7|9": {
    "kci": 0.19197205978663334
  },
  "1;8|0": {
    "kci": 0.31541584266795786
  },
  "1;8|2": {
    "kci": 0.3826834963659067
  },
  "1;8|3": {
    "kci": 0.1755666003236931
  },
  "1;8|4": {
    "kci": 0.1265951168337318
  },
  "1;8|5": {
    "kci": 0.1323814389937099
  },
  "1;8|6": {
    "kci": 0.2545938282652378
  },