{
  "data_hash": "ba0dad2b35dc9b30fa37140ea77a2f13",
  "0;1": {
    "d_separation": 1.0
  },
  "0;2": {
    "d_separation": 0.0
  },
  "0;3": {
    "d_separation": 0.0
  },
  "0;4": {
    "d_separation": 0.0
  },
  "0;5": {
    "d_separation": 0.0
  },
  "0;6": {
    "d_separation": 0.0
  },
  "0;7": {
    "d_separation": 0.0
  },
  "0;8": {
    "d_separation": 0.0
  },
  "0;9": {
    "d_separation": 0.0
  },
  "1;2": {
    "d_separation": 0.0
  },
  "1;3": {
    "d_separation": 1.0
  },
  "1;4": {
    "d_separation": 0.0
  },
  "1;5": {
    "d_separation": 0.0
  },
  "1;6": {
    "d_separation": 1.0
  },
  "1;7": {
    "d_separation": 1.0
  },
  "1;8": {
    "d_separation": 1.0
  },
  "1;9": {
    "d_separation": 0.0
  },
  "2;3": {
    "d_separation": 0.0
  },
  "2;4": {
    "d_separation": 0.0
  },
  "2;5": {
    "d_separation": 0.0
  },
  "2;6": {
    "d_separation": 0.0
  },
  "2;7": {
    "d_separation": 0.0
  },
  "2;8": {
    "d_separation": 0.0
  },
  "2;9": {
    "d_separation": 0.0
  },
  "3;4": {
    "d_separation": 0.0
  },
  "3;5": {
    "d_separation": 0.0
  },
  "3;6": {
    "d_separation": 0.0
  },
  "3;7": {
    "d_separation": 0.0
  },
  "3;8": {
    "d_separation": 0.0
  },
  "3;9": {
    "d_separation": 0.0
  },
  "4;5": {
    "d_separation": 0.0
  },
  "4;6": {
    "d_separation": 0.0
  },
  "4;7": {
    "d_separation": 0.0
  },
  "4;8": {
    "d_separation": 0.0
  },
  "4;9": {
    "d_separation": 0.0
  },
  "5;6": {
    "d_separation": 0.0
  },
  "5;7": {
    "d_separation": 0.0
  },
  "5;8": {
    "d_separation": 0.0
  },
  "5;9": {
    "d_separation": 0.0
  },
  "6;7": {
    "d_separation": 0.0
  },
  "6;8": {
    "d_separation": 0.0
  },
  "6;9": {
    "d_separation": 0.0
  },
  "7;8": {
    "d_separation": 0.0
  },
  "7;9": {
    "d_separation": 0.0
  },
  "8;9": {
    "d_separation": 0.0
  },
  "0;2|3": {
    "fisherz": 0.7251587989373127
  },
  "0;2|4": {
    "fisherz": 0.6991737234050039
  },
  "0;2|5": {
    "fisherz": 0.6685849179133465
  },
  "0;2|6": {
    "fisherz": 0.6682895742378041
  },
  "0;2|7": {
    "fisherz": 0.6729196373090847
  },
  "0;2|8": {
    "fisherz": 0.6964434263575094
  },
  "0;2|9": {
    "fisherz": 0.6707690883802944
  },
  "0;3|2": {
    "fisherz": 0.06844230157713804
  },
  "0;3|4": {
    "fisherz": 0.06378627008582449
  },
  "0;3|5": {
    "fisherz": 0.06395939292910979
  },
  "0;3|6": {
    "fisherz": 0.0465995078887933
  },
  "0;3|7": {
    "fisherz": 0.06689221088419761
  },
  "0;3|8": {
    "fisherz": 0.0771772739330634
  },
  "0;3|9": {
    "fisherz": 0.06585680769858548
  },
  "0;4|2": {
    "fisherz": 0.6971176450702958
  },
  "0;4|3": {
    "fisherz": 0.6233130320130569
  },
  "0;4|5": {
    "fisherz": 0.6713726525371282
  },
  "0;4|6": {
    "fisherz": 0.694515445963418
  },
  "0;4|7": {
    "fisherz": 0.6728599190499998
  },
  "0;4|8": {
    "fisherz": 0.6565060700044929
  },
  "0;4|9": {
    "fisherz": 0.6759490421691523
  },
  "0;5|2": {
    "fisherz": 0.854917459627452
  },
  "0;5|3": {
    "fisherz": 0.7709096859589393
  },
  "0;5|4": {
    "fisherz": 0.8670652768251241
  },
  "0;5|6": {
    "fisherz": 0.8755254521612055
  },
  "0;5|7": {
    "fisherz": 0.8752671869097655
  },
  "0;5|8": {
    "fisherz": 0.8594591298256167
  },
  "0;5|9": {
    "fisherz": 0.8721042659378158
  },
  "0;6|2": {
    "fisherz": 0.5524741674875671
  },
  "0;6|3": {
    "fisherz": 0.3350159878572734
  },
  "0;6|4": {
    "fisherz": 0.5707851353018079
  },
  "0;6|5": {
    "fisherz": 0.5577270643963586
  },
  "0;6|7": {
    "fisherz": 0.558662951381462
  },
  "0;6|8": {
    "fisherz": 0.5255905064860491
  },
  "0;6|9": {
    "fisherz": 0.5601330595049423
  },
  "0;7|2": {
    "fisherz": 0.8835961026492136
  },
  "0;7|3": {
    "fisherz": 0.9475520531195467
  },
  "0;7|4": {
    "fisherz": 0.8893645035564111
  },
  "0;7|5": {
    "fisherz": 0.8941665935462504
  },
  "0;7|6": {
    "fisherz": 0.899450549675209
  },
  "0;7|8": {
    "fisherz": 0.8894685127718478
  },
  "0;7|9": {
    "fisherz": 0.891903027752337
  },
  "0;8|2": {
    "fisherz": 0.6292068127210395
  },
  "0;8|3": {
    "fisherz": 0.9246299136613847
  },
  "0;8|4": {
    "fisherz": 0.5989475213633777
  },
  "0;8|5": {
    "fisherz": 0.6086654544523378
  },
  "0;8|6": {
    "fisherz": 0.5749002929857157
  },
  "0;8|7": {
    "fisherz": 0.6121705188274906
  },
  "0;8|9": {
    "fisherz": 0.6095032568701635
  },
  "0;9|2": {
    "fisherz": 0.9098709540377834
  },
  "0;9|3": {
    "fisherz": 0.8910483172455541
  },
  "0;9|4": {
    "fisherz": 0.9454596539311757
  },
  "0;9|5": {
    "fisherz": 0.9293757850510904
  },
  "0;9|6": {
    "fisherz": 0.961770646216092
  },
  "0;9|7": {
    "fisherz": 0.9316851107156703
  },
  "0;9|8": {
    "fisherz": 0.912530701003528
  },
  "1;2|4": {
    "fisherz": 0.5464663871756676
  },
  "1;2|5": {
    "fisherz": 0.6205370742386616
  },
  "1;2|9": {
    "fisherz": 0.6053154558585305
  },
  "1;4|2": {
    "fisherz": 0.7179740557102419
  },
  "1;4|5": {
    "fisherz": 0.7338320732167334
  },
  "1;4|9": {
    "fisherz": 0.792052423626612
  },
  "1;5|2": {
    "fisherz": 0.10515680310233488
  },
  "1;5|4": {
    "fisherz": 0.0984975049337189
  },
  "1;5|9": {
    "fisherz": 0.09857272151520768
  },
  "1;9|2": {
    "fisherz": 0.3083371038454974
  },
  "1;9|4": {
    "fisherz": 0.30015447034683795
  },
  "1;9|5": {
    "fisherz": 0.2902452585117681
  },
  "0;2|1": {
    "fisherz": 0.6957543584935515
  },
  "1;2|0": {
    "fisherz": 0.5786688646512228
  },
  "1;2|3": {
    "fisherz": 0.5668479539260285
  },
  "1;2|6": {
    "fisherz": 0.5629916349867299
  },
  "1;2|7": {
    "fisherz": 0.5778032966442583
  },
  "1;2|8": {
    "fisherz": 0.5465988160661248
  },
  "2;3|0": {
    "fisherz": 0.6218908635523466
  },
  "2;3|1": {
    "fisherz": 0.5888522629457376
  },
  "2;3|4": {
    "fisherz": 0.557785463661246
  },
  "2;3|5": {
    "fisherz": 0.6204966291728327
  },
  "2;3|6": {
    "fisherz": 0.6082888081141278
  },
  "2;3|7": {
    "fisherz": 0.578579633822748
  },
  "2;3|8": {
    "fisherz": 0.7723814359060068
  },
  "2;3|9": {
    "fisherz": 0.600659315314283
  },
  "2;4|0": {
    "fisherz": 0.2601573183070607
  },
  "2;4|1": {
    "fisherz": 0.24935664470994423
  },
  "2;4|3": {
    "fisherz": 0.24656794122724923
  },
  "2;4|5": {
    "fisherz": 0.2591355905169561
  },
  "2;4|6": {
    "fisherz": 0.2500830993695784
  },
  "2;4|7": {
    "fisherz": 0.255523193252428
  },
  "2;4|8": {
    "fisherz": 0.23896656899048652
  },
  "2;4|9": {
    "fisherz": 0.23779387656669626
  },
  "2;5|0": {
    "fisherz": 0.46768731846512845
  },
  "2;5|1": {
    "fisherz": 0.510138424566495
  },
  "2;5|3": {
    "fisherz": 0.49312825460560017
  },
  "2;5|4": {
    "fisherz": 0.47997140817105555
  },
  "2;5|6": {
    "fisherz": 0.4718092589756413
  },
  "2;5|7": {
    "fisherz": 0.4758398892064659
  },
  "2;5|8": {
    "fisherz": 0.4861122498259638
  },
  "2;5|9": {
    "fisherz": 0.46997426147870547
  },
  "2;6|0": {
    "fisherz": 0.8187727544364827
  },
  "2;6|1": {
    "fisherz": 0.8266376430861955
  },
  "2;6|3": {
    "fisherz": 0.9129442343401317
  },
  "2;6|4": {
    "fisherz": 0.7869720547501637
  },
  "2;6|5": {
    "fisherz": 0.8367478065423637
  },
  "2;6|7": {
    "fisherz": 0.8370263141971137
  },
  "2;6|8": {
    "fisherz": 0.8892259456415283
  },
  "2;6|9": {
    "fisherz": 0.8766172209010152
  },
  "2;7|0": {
    "fisherz": 0.7705191005728362
  },
  "2;7|1": {
    "fisherz": 0.8045806615526789
  },
  "2;7|3": {
    "fisherz": 0.7569456933907714
  },
  "2;7|4": {
    "fisherz": 0.775814503337336
  },
  "2;7|5": {
    "fisherz": 0.7897367161665907
  },
  "2;7|6": {
    "fisherz": 0.7768875233954264
  },
  "2;7|8": {
    "fisherz": 0.7748718952941056
  },
  "2;7|9": {
    "fisherz": 0.7864310407371031
  },
  "2;8|0": {
    "fisherz": 0.414565228786997
  },
  "2;8|1": {
    "fisherz": 0.3956567100870845
  },
  "2;8|3": {
    "fisherz": 0.4896038339765396
  },
  "2;8|4": {
    "fisherz": 0.3767008266405787
  },