{
  "data_hash": "bd7a5883909cfd78c4fbc4a2b6851056",
  "0;1": {
    "d_separation": 0.0
  },
  "0;2": {
    "d_separation": 0.0
  },
  "0;3": {
    "d_separation": 0.0
  },
  "0;4": {
    "d_separation": 0.0
  },
  "0;5": {
    "d_separation": 0.0
  },
  "0;6": {
    "d_separation": 0.0
  },
  "0;7": {
    "d_separation": 0.0
  },
  "0;8": {
    "d_separation": 0.0
  },
  "0;9": {
    "d_separation": 0.0
  },
  "1;2": {
    "d_separation": 0.0
  },
  "1;3": {
    "d_separation": 0.0
  },
  "1;4": {
    "d_separation": 0.0
  },
  "1;5": {
    "d_separation": 0.0
  },
  "1;6": {
    "d_separation": 0.0
  },
  "1;7": {
    "d_separation": 0.0
  },
  "1;8": {
    "d_separation": 0.0
  },
  "1;9": {
    "d_separation": 0.0
  },
  "2;3": {
    "d_separation": 0.0
  },
  "2;4": {
    "d_separation": 0.0
  },
  "2;5": {
    "d_separation": 0.0
  },
  "2;6": {
    "d_separation": 0.0
  },
  "2;7": {
    "d_separation": 0.0
  },
  "2;8": {
    "d_separation": 0.0
  },
  "2;9": {
    "d_separation": 0.0
  },
  "3;4": {
    "d_separation": 0.0
  },
  "3;5": {
    "d_separation": 0.0
  },
  "3;6": {
    "d_separation": 0.0
  },
  "3;7": {
    "d_separation": 0.0
  },
  "3;8": {
    "d_separation": 0.0
  },
  "3;9": {
    "d_separation": 0.0
  },
  "4;5": {
    "d_separation": 0.0
  },
  "4;6": {
    "d_separation": 0.0
  },
  "4;7": {
    "d_separation": 0.0
  },
  "4;8": {
    "d_separation": 0.0
  },
  "4;9": {
    "d_separation": 0.0
  },
  "5;6": {
    "d_separation": 0.0
  },
  "5;7": {
    "d_separation": 0.0
  },
  "5;8": {
    "d_separation": 0.0
  },
  "5;9": {
    "d_separation": 0.0
  },
  "6;7": {
    "d_separation": 0.0
  },
  "6;8": {
    "d_separation": 0.0
  },
  "6;9": {
    "d_separation": 0.0
  },
  "7;8": {
    "d_separation": 0.0
  },
  "7;9": {
    "d_separation": 0.0
  },
  "8;9": {
    "d_separation": 0.0
  },
  "0;1|2": {
    "kci": 0.0005480652740660341
  },
  "0;1|3": {
    "kci": 1.2945237019001965e-06
  },
  "0;1|4": {
    "kci": 4.205839457205318e-05
  },
  "0;1|5": {
    "kci": 0.0184632487853007
  },
  "0;1|6": {
    "kci": 9.088872015006189e-07
  },
  "0;1|7": {
    "kci": 9.640161273827275e-05
  },
  "0;1|8": {
    "kci": 7.652452225448414e-06
  },
  "0;1|9": {
    "kci": 0.0009902843677800366
  },
  "0;2|1": {
    "kci": 0.23815821342278398
  },
  "0;2|3": {
    "kci": 0.18881807033256504
  },
  "0;2|4": {
    "kci": 0.007650778529274427
  },
  "0;2|5": {
    "kci": 0.36089256336421927
  },
  "0;2|6": {
    "kci": 0.015892317250539856
  },
  "0;2|7": {
    "kci": 0.21227964866379656
  },
  "0;2|8": {
    "kci": 0.21363798810091927
  },
  "0;2|9": {
    "kci": 0.03860848393723204
  },
  "0;3|1": {
    "kci": 0.0
  },
  "0;3|2": {
    "kci": 0.0
  },
  "0;3|4": {
    "kci": 0.0
  },
  "0;3|5": {
    "kci": 0.0
  },
  "0;3|6": {
    "kci": 0.0
  },
  "0;3|7": {
    "kci": 0.0
  },
  "0;3|8": {
    "kci": 0.0
  },
  "0;3|9": {
    "kci": 0.0
  },
  "0;4|1": {
    "kci": 4.828468011974785e-06
  },
  "0;4|2": {
    "kci": 7.817505820462145e-08
  },
  "0;4|3": {
    "kci": 4.703879265544053e-06
  },
  "0;4|5": {
    "kci": 0.2588542962459577
  },
  "0;4|6": {
    "kci": 1.8176386917811982e-07
  },
  "0;4|7": {
    "kci": 1.096039761916412e-05
  },
  "0;4|8": {
    "kci": 0.00017923042128697997
  },
  "0;4|9": {
    "kci": 9.755451116921776e-07
  },
  "0;5|1": {
    "kci": 0.0
  },
  "0;5|2": {
    "kci": 0.0
  },
  "0;5|3": {
    "kci": 0.0
  },
  "0;5|4": {
    "kci": 0.0
  },
  "0;5|6": {
    "kci": 0.0
  },
  "0;5|7": {
    "kci": 0.0
  },
  "0;5|8": {
    "kci": 0.0
  },
  "0;5|9": {
    "kci": 0.0
  },
  "0;6|1": {
    "kci": 2.5759929378477153e-07
  },
  "0;6|2": {
    "kci": 2.78413430876423e-06
  },
  "0;6|3": {
    "kci": 0.0005453287797363426
  },
  "0;6|4": {
    "kci": 3.1526971293383e-05
  },
  "0;6|5": {
    "kci": 0.0009699462132232162
  },
  "0;6|7": {
    "kci": 1.0146141390499075e-05
  },
  "0;6|8": {
    "kci": 4.91411098257899e-07
  },
  "0;6|9": {
    "kci": 4.477768869581844e-06
  },
  "0;7|1": {
    "kci": 9.827694213981886e-13
  },
  "0;7|2": {
    "kci": 1.2376766278521245e-12
  },
  "0;7|3": {
    "kci": 2.1099873181995576e-08
  },
  "0;7|4": {
    "kci": 1.864075560575884e-11
  },
  "0;7|5": {
    "kci": 1.9215184998699897e-11
  },
  "0;7|6": {
    "kci": 4.440892098500626e-16
  },
  "0;7|8": {
    "kci": 2.045849045728687e-10
  },
  "0;7|9": {
    "kci": 4.440892098500626e-16
  },
  "0;8|1": {
    "kci": 0.0
  },
  "0;8|2": {
    "kci": 0.0
  },
  "0;8|3": {
    "kci": 1.334592570279014e-05
  },
  "0;8|4": {
    "kci": 6.727951529228449e-14
  },
  "0;8|5": {
    "kci": 0.0013575654635874512
  },
  "0;8|6": {
    "kci": 3.552713678800501e-15
  },
  "0;8|7": {
    "kci": 1.9352563995767014e-10
  },
  "0;8|9": {
    "kci": 0.0
  },
  "0;9|1": {
    "kci": 0.008855914894612016
  },
  "0;9|2": {
    "kci": 0.002905943498848096
  },
  "0;9|3": {
    "kci": 0.0033128600956092713
  },
  "0;9|4": {
    "kci": 0.006945322711651825
  },
  "0;9|5": {
    "kci": 0.012660783665182307
  }
}