{
  "data_hash": "bff552878b297966c9ebd2477b0526a2",
  "0;1": {
    "d_separation": 0.0
  },
  "0;2": {
    "d_separation": 0.0
  },
  "0;3": {
    "d_separation": 0.0
  },
  "0;4": {
    "d_separation": 0.0
  },
  "0;5": {
    "d_separation": 0.0
  },
  "0;6": {
    "d_separation": 0.0
  },
  "0;7": {
    "d_separation": 0.0
  },
  "0;8": {
    "d_separation": 0.0
  },
  "0;9": {
    "d_separation": 0.0
  },
  "1;2": {
    "d_separation": 0.0
  },
  "1;3": {
    "d_separation": 0.0
  },
  "1;4": {
    "d_separation": 0.0
  },
  "1;5": {
    "d_separation": 0.0
  },
  "1;6": {
    "d_separation": 0.0
  },
  "1;7": {
    "d_separation": 0.0
  },
  "1;8": {
    "d_separation": 0.0
  },
  "1;9": {
    "d_separation": 0.0
  },
  "2;3": {
    "d_separation": 0.0
  },
  "2;4": {
    "d_separation": 0.0
  },
  "2;5": {
    "d_separation": 0.0
  },
  "2;6": {
    "d_separation": 0.0
  },
  "2;7": {
    "d_separation": 0.0
  },
  "2;8": {
    "d_separation": 0.0
  },
  "2;9": {
    "d_separation": 0.0
  },
  "3;4": {
    "d_separation": 0.0
  },
  "3;5": {
    "d_separation": 0.0
  },
  "3;6": {
    "d_separation": 0.0
  },
  "3;7": {
    "d_separation": 0.0
  },
  "3;8": {
    "d_separation": 0.0
  },
  "3;9": {
    "d_separation": 0.0
  },
  "4;5": {
    "d_separation": 0.0
  },
  "4;6": {
    "d_separation": 0.0
  },
  "4;7": {
    "d_separation": 0.0
  },
  "4;8": {
    "d_separation": 0.0
  },
  "4;9": {
    "d_separation": 0.0
  },
  "5;6": {
    "d_separation": 0.0
  },
  "5;7": {
    "d_separation": 0.0
  },
  "5;8": {
    "d_separation": 0.0
  },
  "5;9": {
    "d_separation": 0.0
  },
  "6;7": {
    "d_separation": 0.0
  },
  "6;8": {
    "d_separation": 0.0
  },
  "6;9": {
    "d_separation": 0.0
  },
  "7;8": {
    "d_separation": 0.0
  },
  "7;9": {
    "d_separation": 0.0
  },
  "8;9": {
    "d_separation": 0.0
  },
  "0;1|2": {
    "kci": 5.969669203409467e-13
  },
  "0;1|3": {
    "kci": 2.034944979190101e-08
  },
  "0;1|4": {
    "kci": 6.035236199686267e-09
  },
  "0;1|5": {
    "kci": 0.005478538907242814
  },
  "0;1|6": {
    "kci": 7.771561172376096e-16
  },
  "0;1|7": {
    "kci": 3.941291737419306e-14
  },
  "0;1|8": {
    "kci": 1.2307488361784635e-11
  },
  "0;1|9": {
    "kci": 6.661338147750939e-15
  },
  "0;2|1": {
    "kci": 0.07281679343725134
  },
  "0;2|3": {
    "kci": 0.15056115606850706
  },
  "0;2|4": {
    "kci": 0.05789279959130911
  },
  "0;2|5": {
    "kci": 0.11882031960619832
  },
  "0;2|6": {
    "kci": 0.19136680115823912
  },
  "0;2|7": {
    "kci": 0.20866846479187684
  },
  "0;2|8": {
    "kci": 0.33416270494699263
  },
  "0;2|9": {
    "kci": 0.2935172409379042
  },
  "0;3|1": {
    "kci": 0.0
  },
  "0;3|2": {
    "kci": 1.1102230246251565e-16
  },
  "0;3|4": {
    "kci": 0.0
  },
  "0;3|5": {
    "kci": 1.0170172692891555e-07
  },
  "0;3|6": {
    "kci": 0.0
  },
  "0;3|7": {
    "kci": 0.0
  },
  "0;3|8": {
    "kci": 0.0
  },
  "0;3|9": {
    "kci": 1.9984014443252818e-15
  },
  "0;4|1": {
    "kci": 0.0034063952471957704
  },
  "0;4|2": {
    "kci": 0.0003571299993642141
  },
  "0;4|3": {
    "kci": 0.06352439623300754
  },
  "0;4|5": {
    "kci": 0.5562790021685156
  },
  "0;4|6": {
    "kci": 4.496759882088863e-05
  },
  "0;4|7": {
    "kci": 1.3272911297823597e-06
  },
  "0;4|8": {
    "kci": 0.027736076261484888
  },
  "0;4|9": {
    "kci": 1.9760094259302363e-05
  },
  "0;5|1": {
    "kci": 0.0
  },
  "0;5|2": {
    "kci": 0.0
  },
  "0;5|3": {
    "kci": 4.463096558993129e-14
  },
  "0;5|4": {
    "kci": 0.0
  },
  "0;5|6": {
    "kci": 0.0
  },
  "0;5|7": {
    "kci": 0.0
  },
  "0;5|8": {
    "kci": 0.0
  },
  "0;5|9": {
    "kci": 0.0
  },
  "0;6|1": {
    "kci": 0.0027042234411540633
  },
  "0;6|2": {
    "kci": 0.003132878306297937
  },
  "0;6|3": {
    "kci": 0.00014586248996706352
  },
  "0;6|4": {
    "kci": 0.00012282570666088954
  },
  "0;6|5": {
    "kci": 0.004472289348622205
  },
  "0;6|7": {
    "kci": 7.1413411082410505e-06
  },
  "0;6|8": {
    "kci": 0.03887193031356151
  },
  "0;6|9": {
    "kci": 7.659967221917974e-05
  },
  "0;7|1": {
    "kci": 2.9819820422938292e-06
  },
  "0;7|2": {
    "kci": 6.95026347685701e-06
  },
  "0;7|3": {
    "kci": 1.0709289011145984e-10
  },
  "0;7|4": {
    "kci": 3.570539031105824e-08
  },
  "0;7|5": {
    "kci": 0.0009489707427726701
  },
  "0;7|6": {
    "kci": 1.0994512900097675e-07
  },
  "0;7|8": {
    "kci": 0.0010584665022689288
  },
  "0;7|9": {
    "kci": 2.1287405060910203e-08
  },
  "0;8|1": {
    "kci": 9.786529364674834e-10
  },
  "0;8|2": {
    "kci": 2.536842097500269e-07
  },
  "0;8|3": {
    "kci": 1.4987300289703853e-10
  },
  "0;8|4": {
    "kci": 6.796771896411258e-07
  },
  "0;8|5": {
    "kci": 0.001212409327788988
  },
  "0;8|6": {
    "kci": 5.346890638024959e-07
  },
  "0;8|7": {
    "kci": 6.56973319379528e-05
  },
  "0;8|9": {
    "kci": 4.225599143814485e-06
  },
  "0;9|1": {
    "kci": 0.00022778940738932274
  },
  "0;9|2": {
    "kci": 0.008773892585281273
  },
  "0;9|3": {
    "kci": 9.407805303252026e-05
  },
  "0;9|4": {
    "kci": 2.624322091682174e-05
  },
  "0;9|5": {
    "kci": 0.013845113667578235
  },
  "0;9|6": {
    "kci": 0.0006630066709635285
  },
  "0;9|7": {
    "kci": 0.008341333519967353
  },
  "0;9|8": {
    "kci": 0.18784370694113472
  },
  "1;2|0": {
    "kci": 5.073937936472817e-10
  },
  "1;2|3": {
    "kci": 1.2043509434178645e-07
  },
  "1;2|4": {
    "kci": 5.552142985065789e-05
  },
  "1;2|5": {
    "kci": 1.561448803588661e-08
  },
  "1;2|6": {
    "kci": 1.2077802729049125e-06
  },
  "1;2|7": {
    "kci": 6.19069311186271e-05
  },
  "1;2|8": {
    "kci": 2.6001794011243362e-05
  },
  "1;2|9": {
    "kci": 1.899633172985915e-08
  },
  "1;3|0": {
    "kci": 0.6817653596381268
  },
  "1;3|2": {
    "kci": 0.0008944048102090818
  },
  "1;3|4": {
    "kci": 0.028570185708484463
  },
  "1;3|5": {
    "kci": 0.10995861670792462
  },
  "1;3|6": {
    "kci": 0.0005029585359500599
  },
  "1;3|7": {
    "kci": 0.004151621340325762
  },
  "1;3|8": {
    "kci": 0.004112714658348393
  },
  "1;3|9": {
    "kci": 0.09163024951507848
  },
  "1;4|0": {
    "kci": 0.0008811703009116156
  },
  "1;4|2": {
    "kci": 0.00010777655427951505
  },
  "1;4|3": {
    "kci": 4.45872205045994e-06
  },
  "1;4|5": {
    "kci": 0.0002871106746112906
  },
  "1;4|6": {
    "kci": 1.158051332605936e-08
  },
  "1;4|7": {
    "kci": 1.451957713283214e-06
  },
  "1;4|8": {
    "kci": 4.179614600530179e-05
  },
  "1;4|9": {
    "kci": 2.3451327419321544e-05
  },
  "1;5|0": {
    "kci": 0.5978506651003054
  },
  "1;5|2": {
    "kci": 2.6423748300530292e-08
  },
  "1;5|3": {
    "kci": 0.0014659654177743286
  },
  "1;5|4": {
    "kci": 0.0011585395218616235
  },
  "1;5|6": {
    "kci": 3.5410413490311043e-09
  },
  "1;5|7": {
    "kci": 1.8290699175249614e-06
  },
  "1;5|8": {
    "kci": 6.230640410720412e-06
  },
  "1;5|9": {
    "kci": 3.9775717397549926e-07
  },
  "1;6|0": {
    "kci": 0.012367376552426035
  },
  "1;6|2": {
    "kci": 0.11360188963103746
  },
  "1;6|3": {
    "kci": 0.13161676207179196
  },
  "1;6|4": {
    "kci": 0.0021397524409989543
  },
  "1;6|5": {
    "kci": 0.12284427160603517
  },
  "1;6|7": {
    "kci": 0.3266919331323581
  },
  "1;6|8": {
    "kci": 0.013405939606963568
  },
  "1;6|9": {
    "kci": 0.07779135985629404
  },
  "1;7|0": {
    "kci": 2.8993532893428764e-06
  },
  "1;7|2": {
    "kci": 0.0010714801784207362
  },
  "1;7|3": {
    "kci": 0.0003201662979359643
  },
  "1;7|4": {
    "kci": 5.092004126461269e-05
  },
  "1;7|5": {
    "kci": 0.0003432325011271109
  },
  "1;7|6": {
    "kci": 0.001329660861451032
  },
  "1;7|8": {
    "kci": 9.956141657263551e-05
  },
  "1;7|9": {
    "kci": 9.995845156873795e-05
  },
  "1;8|0": {
    "kci": 0.4083253209774985
  },
  "1;8|2": {
    "kci": 0.36644410382075077
  },
  "1;8|3": {
    "kci": 0.10118447967930544
  },
  "1;8|4": {
    "kci": 0.26300144075398824
  },
  "1;8|5": {
    "kci": 0.29356525124589106
  },