{
  "data_hash": "c0a335feb2b823ab69a76e8a8ef44050",
  "0;1": {
    "d_separation": 0.0
  },
  "0;2": {
    "d_separation": 0.0
  },
  "0;3": {
    "d_separation": 0.0
  },
  "0;4": {
    "d_separation": 0.0
  },
  "0;5": {
    "d_separation": 0.0
  },
  "0;6": {
    "d_separation": 0.0
  },
  "0;7": {
    "d_separation": 0.0
  },
  "0;8": {
    "d_separation": 0.0
  },
  "0;9": {
    "d_separation": 0.0
  },
  "1;2": {
    "d_separation": 0.0
  },
  "1;3": {
    "d_separation": 0.0
  },
  "1;4": {
    "d_separation": 0.0
  },
  "1;5": {
    "d_separation": 0.0
  },
  "1;6": {
    "d_separation": 0.0
  },
  "1;7": {
    "d_separation": 0.0
  },
  "1;8": {
    "d_separation": 0.0
  },
  "1;9": {
    "d_separation": 0.0
  },
  "2;3": {
    "d_separation": 0.0
  },
  "2;4": {
    "d_separation": 0.0
  },
  "2;5": {
    "d_separation": 0.0
  },
  "2;6": {
    "d_separation": 0.0
  },
  "2;7": {
    "d_separation": 0.0
  },
  "2;8": {
    "d_separation": 0.0
  },
  "2;9": {
    "d_separation": 0.0
  },
  "3;4": {
    "d_separation": 0.0
  },
  "3;5": {
    "d_separation": 0.0
  },
  "3;6": {
    "d_separation": 0.0
  },
  "3;7": {
    "d_separation": 0.0
  },
  "3;8": {
    "d_separation": 0.0
  },
  "3;9": {
    "d_separation": 0.0
  },
  "4;5": {
    "d_separation": 0.0
  },
  "4;6": {
    "d_separation": 0.0
  },
  "4;7": {
    "d_separation": 0.0
  },
  "4;8": {
    "d_separation": 0.0
  },
  "4;9": {
    "d_separation": 0.0
  },
  "5;6": {
    "d_separation": 0.0
  },
  "5;7": {
    "d_separation": 0.0
  },
  "5;8": {
    "d_separation": 0.0
  },
  "5;9": {
    "d_separation": 0.0
  },
  "6;7": {
    "d_separation": 0.0
  },
  "6;8": {
    "d_separation": 0.0
  },
  "6;9": {
    "d_separation": 0.0
  },
  "7;8": {
    "d_separation": 0.0
  },
  "7;9": {
    "d_separation": 0.0
  },
  "8;9": {
    "d_separation": 0.0
  },
  "0;1|2": {
    "kci": 4.862153457629859e-09
  },
  "0;1|3": {
    "kci": 7.552811487343547e-09
  },
  "0;1|4": {
    "kci": 1.1300518709678187e-07
  },
  "0;1|5": {
    "kci": 4.9291012604868456e-08
  },
  "0;1|6": {
    "kci": 1.9630384984203886e-08
  },
  "0;1|7": {
    "kci": 9.40672358451522e-07
  },
  "0;1|8": {
    "kci": 3.1821653712071907e-07
  },
  "0;1|9": {
    "kci": 3.073627885541441e-08
  },
  "0;2|1": {
    "kci": 0.06921201174771707
  },
  "0;2|3": {
    "kci": 0.07740389334437692
  },
  "0;2|4": {
    "kci": 0.16190748768579633
  },
  "0;2|5": {
    "kci": 0.07258671264279204
  },
  "0;2|6": {
    "kci": 0.1923039193712106
  },
  "0;2|7": {
    "kci": 0.15724566385723837
  },
  "0;2|8": {
    "kci": 0.2053050222464663
  },
  "0;2|9": {
    "kci": 0.14007098879322943
  },
  "0;3|1": {
    "kci": 0.002823992580996082
  },
  "0;3|2": {
    "kci": 0.0007930182138542463
  },
  "0;3|4": {
    "kci": 0.00535274129957608
  },
  "0;3|5": {
    "kci": 0.012028869301565104
  },
  "0;3|6": {
    "kci": 0.014077118830201907
  },
  "0;3|7": {
    "kci": 0.00039761336432841965
  },
  "0;3|8": {
    "kci": 0.02465422537740347
  },
  "0;3|9": {
    "kci": 0.008062166878553101
  },
  "0;4|1": {
    "kci": 0.41897941010936257
  },
  "0;4|2": {
    "kci": 0.14147492056184352
  },
  "0;4|3": {
    "kci": 0.1321157756664968
  },
  "0;4|5": {
    "kci": 0.17049470492060248
  },
  "0;4|6": {
    "kci": 0.1114673421345429
  },
  "0;4|7": {
    "kci": 0.13201050107433943
  },
  "0;4|8": {
    "kci": 0.58966660074842
  },
  "0;4|9": {
    "kci": 0.17917868178612517
  },
  "0;5|1": {
    "kci": 0.6819813958263489
  },
  "0;5|2": {
    "kci": 0.6297912663189894
  },
  "0;5|3": {
    "kci": 0.594341252058111
  },
  "0;5|4": {
    "kci": 0.7023749823815385
  },
  "0;5|6": {
    "kci": 0.7355690065948972
  },
  "0;5|7": {
    "kci": 0.683442635694625
  },
  "0;5|8": {
    "kci": 0.5764882309232493
  },
  "0;5|9": {
    "kci": 0.7040618611358535
  },
  "0;6|1": {
    "kci": 0.7144334525003839
  },
  "0;6|2": {
    "kci": 0.27782271391411806
  },
  "0;6|3": {
    "kci": 0.5184793664085026
  },
  "0;6|4": {
    "kci": 0.3636961729867574
  },
  "0;6|5": {
    "kci": 0.36408552671253913
  },
  "0;6|7": {
    "kci": 0.3198178389147107
  },
  "0;6|8": {
    "kci": 0.6307781567060605
  },
  "0;6|9": {
    "kci": 0.4149978548096803
  },
  "0;7|1": {
    "kci": 0.7584441402216539
  },
  "0;7|2": {
    "kci": 0.8637669505430138
  },
  "0;7|3": {
    "kci": 0.7596338547098839
  },
  "0;7|4": {
    "kci": 0.7188904448794633
  },
  "0;7|5": {
    "kci": 0.8015998995186346
  },
  "0;7|6": {
    "kci": 0.8600919067320612
  },
  "0;7|8": {
    "kci": 0.5978767734031918
  },
  "0;7|9": {
    "kci": 0.8609238459020638
  },
  "0;8|1": {
    "kci": 1.6320511608824972e-10
  },
  "0;8|2": {
    "kci": 3.7756131554544936e-11
  },
  "0;8|3": {
    "kci": 2.377755103921686e-09
  },
  "0;8|4": {
    "kci": 1.6045428430366826e-08
  },
  "0;8|5": {
    "kci": 1.211308831017277e-10
  },
  "0;8|6": {
    "kci": 1.0172583886358666e-09
  },
  "0;8|7": {
    "kci": 1.5949419562844014e-10
  },
  "0;8|9": {
    "kci": 3.9083336567102833e-10
  },
  "0;9|1": {
    "kci": 0.6649601072661897
  },
  "0;9|2": {
    "kci": 0.4910464415472099
  },
  "0;9|3": {
    "kci": 0.3321110025147228
  },
  "0;9|4": {
    "kci": 0.38866498302274666
  },
  "0;9|5": {
    "kci": 0.42748599718371316
  },
  "0;9|6": {
    "kci": 0.5464080711327751
  },
  "0;9|7": {
    "kci": 0.623821948095648
  },
  "0;9|8": {
    "kci": 0.5609025547538745
  },
  "1;2|0": {
    "kci": 0.2725249204619661
  },
  "1;2|3": {
    "kci": 0.24234940971047325
  },
  "1;2|4": {
    "kci": 0.1344441689094653
  },
  "1;2|5": {
    "kci": 0.16394854294776406
  },
  "1;2|6": {
    "kci": 0.16985060331545365
  },
  "1;2|7": {
    "kci": 0.2135673935339868
  },
  "1;2|8": {
    "kci": 0.1432849454740972
  },
  "1;2|9": {
    "kci": 0.20260656240550157
  },
  "1;3|0": {
    "kci": 0.37195010718526644
  },
  "1;3|2": {
    "kci": 0.21604243657314737
  },
  "1;3|4": {
    "kci": 0.14535899408399566
  },
  "1;3|5": {
    "kci": 0.2228846116069132
  },
  "1;3|6": {
    "kci": 0.18935230535102754
  },
  "1;3|7": {
    "kci": 0.11955147476111816
  },
  "1;3|8": {
    "kci": 0.25108533972662084
  },
  "1;3|9": {
    "kci": 0.26889591293351967
  },
  "1;4|0": {
    "kci": 0.40751612198605125
  },
  "1;4|2": {
    "kci": 0.1433136711306423
  },
  "1;4|3": {
    "kci": 0.2918423298172004
  },
  "1;4|5": {
    "kci": 0.2294361135304056
  },
  "1;4|6": {
    "kci": 0.269579208355172
  },
  "1;4|7": {
    "kci": 0.2473946666986463
  },
  "1;4|8": {
    "kci": 0.2894221820967231
  },
  "1;4|9": {
    "kci": 0.19597519500319227
  },
  "1;5|0": {
    "kci": 0.3221131660716171
  },
  "1;5|2": {
    "kci": 0.2290268072044097
  },
  "1;5|3": {
    "kci": 0.23216669372373966
  },
  "1;5|4": {
    "kci": 0.24586155309431657
  },
  "1;5|6": {
    "kci": 0.2445187200447353
  },
  "1;5|7": {
    "kci": 0.24335310558263756
  },
  "1;5|8": {
    "kci": 0.20700690143820277
  },
  "1;5|9": {
    "kci": 0.2177261968128288
  },
  "1;6|0": {
    "kci": 0.3794551864035789
  },
  "1;6|2": {
    "kci": 0.35270125166794686
  },
  "1;6|3": {
    "kci": 0.3815545145954927
  },
  "1;6|4": {
    "kci": 0.3498081334597678
  },
  "1;6|5": {
    "kci": 0.3659503424561019
  },
  "1;6|7": {
    "kci": 0.37074930898708935
  },
  "1;6|8": {
    "kci": 0.3640564025767218
  },
  "1;6|9": {
    "kci": 0.34679398232467895
  },
  "1;7|0": {
    "kci": 0.5623491231776072
  },
  "1;7|2": {
    "kci": 0.6269557147134099
  },
  "1;7|3": {
    "kci": 0.5536952140175164
  },
  "1;7|4": {
    "kci": 0.7650306247651384
  },
  "1;7|5": {
    "kci": 0.5401467968510055
  },
  "1;7|6": {
    "kci": 0.7001949721237116
  },
  "1;7|8": {
    "kci": 0.5497011958577023
  },
  "1;7|9": {
    "kci": 0.6195352976744581
  },
  "1;8|0": {
    "kci": 0.22794626863592304
  },
  "1;8|2": {
    "kci": 0.3663657607059949
  },
  "1;8|3": {
    "kci": 0.06900266042176395
  },
  "1;8|4": {
    "kci": 0.41971633754784243
  },
  "1;8|5": {
    "kci": 0.2153154693999908
  },