{
  "data_hash": "c452a64bd2f7650b00b835568d98232f",
  "0;1": {
    "d_separation": 0.0
  },
  "0;2": {
    "d_separation": 0.0
  },
  "0;3": {
    "d_separation": 0.0
  },
  "0;4": {
    "d_separation": 0.0
  },
  "0;5": {
    "d_separation": 0.0
  },
  "0;6": {
    "d_separation": 0.0
  },
  "0;7": {
    "d_separation": 0.0
  },
  "0;8": {
    "d_separation": 0.0
  },
  "0;9": {
    "d_separation": 0.0
  },
  "1;2": {
    "d_separation": 0.0
  },
  "1;3": {
    "d_separation": 0.0
  },
  "1;4": {
    "d_separation": 0.0
  },
  "1;5": {
    "d_separation": 0.0
  },
  "1;6": {
    "d_separation": 0.0
  },
  "1;7": {
    "d_separation": 0.0
  },
  "1;8": {
    "d_separation": 0.0
  },
  "1;9": {
    "d_separation": 0.0
  },
  "2;3": {
    "d_separation": 0.0
  },
  "2;4": {
    "d_separation": 0.0
  },
  "2;5": {
    "d_separation": 0.0
  },
  "2;6": {
    "d_separation": 0.0
  },
  "2;7": {
    "d_separation": 0.0
  },
  "2;8": {
    "d_separation": 0.0
  },
  "2;9": {
    "d_separation": 0.0
  },
  "3;4": {
    "d_separation": 0.0
  },
  "3;5": {
    "d_separation": 0.0
  },
  "3;6": {
    "d_separation": 0.0
  },
  "3;7": {
    "d_separation": 0.0
  },
  "3;8": {
    "d_separation": 0.0
  },
  "3;9": {
    "d_separation": 1.0
  },
  "4;5": {
    "d_separation": 0.0
  },
  "4;6": {
    "d_separation": 0.0
  },
  "4;7": {
    "d_separation": 0.0
  },
  "4;8": {
    "d_separation": 0.0
  },
  "4;9": {
    "d_separation": 1.0
  },
  "5;6": {
    "d_separation": 0.0
  },
  "5;7": {
    "d_separation": 0.0
  },
  "5;8": {
    "d_separation": 0.0
  },
  "5;9": {
    "d_separation": 0.0
  },
  "6;7": {
    "d_separation": 0.0
  },
  "6;8": {
    "d_separation": 0.0
  },
  "6;9": {
    "d_separation": 0.0
  },
  "7;8": {
    "d_separation": 0.0
  },
  "7;9": {
    "d_separation": 0.0
  },
  "8;9": {
    "d_separation": 0.0
  },
  "0;1|2": {
    "fisherz": 0.39688615758917933
  },
  "0;1|3": {
    "fisherz": 0.37755362344737
  },
  "0;1|4": {
    "fisherz": 0.45627547632769927
  },
  "0;1|5": {
    "fisherz": 0.42499240976623076
  },
  "0;1|6": {
    "fisherz": 0.4163945174130441
  },
  "0;1|7": {
    "fisherz": 0.4209921579400979
  },
  "0;1|8": {
    "fisherz": 0.4272681026205185
  },
  "0;1|9": {
    "fisherz": 0.659894027776923
  },
  "0;2|1": {
    "fisherz": 0.332701332036891
  },
  "0;2|3": {
    "fisherz": 0.42048625051574895
  },
  "0;2|4": {
    "fisherz": 0.5293392848638319
  },
  "0;2|5": {
    "fisherz": 0.35766411480863014
  },
  "0;2|6": {
    "fisherz": 0.3561303385788719
  },
  "0;2|7": {
    "fisherz": 0.37052629405233795
  },
  "0;2|8": {
    "fisherz": 0.35516070141987965
  },
  "0;2|9": {
    "fisherz": 0.5392774473461193
  },
  "0;3|1": {
    "fisherz": 0.3518151026788332
  },
  "0;3|2": {
    "fisherz": 0.47228148063631714
  },
  "0;3|4": {
    "fisherz": 0.8702490303403767
  },
  "0;3|5": {
    "fisherz": 0.3904362583886938
  },
  "0;3|6": {
    "fisherz": 0.4241602656735963
  },
  "0;3|7": {
    "fisherz": 0.39574937127783016
  },
  "0;3|8": {
    "fisherz": 0.3788923839543563
  },
  "0;3|9": {
    "fisherz": 0.11781248282102341
  },
  "0;4|1": {
    "fisherz": 0.07900125382848588
  },
  "0;4|2": {
    "fisherz": 0.10008294963173503
  },
  "0;4|3": {
    "fisherz": 0.11627906154795986
  },
  "0;4|5": {
    "fisherz": 0.0746747011274409
  },
  "0;4|6": {
    "fisherz": 0.08433831223390276
  },
  "0;4|7": {
    "fisherz": 0.10637923383689762
  },
  "0;4|8": {
    "fisherz": 0.07652076047634138
  },
  "0;4|9": {
    "fisherz": 0.08781007992482248
  },
  "0;5|1": {
    "fisherz": 0.8598869474245388
  },
  "0;5|2": {
    "fisherz": 0.8870068117580339
  },
  "0;5|3": {
    "fisherz": 0.8337968062556065
  },
  "0;5|4": {
    "fisherz": 0.839136495187542
  },
  "0;5|6": {
    "fisherz": 0.868228653040426
  },
  "0;5|7": {
    "fisherz": 0.9271909319976601
  },
  "0;5|8": {
    "fisherz": 0.8671747406532444
  },
  "0;5|9": {
    "fisherz": 0.6216164928389498
  },
  "0;6|1": {
    "fisherz": 0.5238464570376089
  },
  "0;6|2": {
    "fisherz": 0.5393425753790149
  },
  "0;6|3": {
    "fisherz": 0.5861338044003856
  },
  "0;6|4": {
    "fisherz": 0.6586102136537193
  },
  "0;6|5": {
    "fisherz": 0.5383065316435913
  },
  "0;6|7": {
    "fisherz": 0.5454904295345673
  },
  "0;6|8": {
    "fisherz": 0.5386490944952704
  },
  "0;6|9": {
    "fisherz": 0.6634795016337016
  },
  "0;7|1": {
    "fisherz": 0.12157791331498968
  },
  "0;7|2": {
    "fisherz": 0.1268611906893775
  },
  "0;7|3": {
    "fisherz": 0.12271908123501252
  },
  "0;7|4": {
    "fisherz": 0.17654098233657756
  },
  "0;7|5": {
    "fisherz": 0.12425162557491998
  },
  "0;7|6": {
    "fisherz": 0.12377710620461246
  },
  "0;7|8": {
    "fisherz": 0.1234521878100665
  },
  "0;7|9": {
    "fisherz": 0.12388495364538876
  },
  "0;8|1": {
    "fisherz": 0.6262723747216776
  },
  "0;8|2": {
    "fisherz": 0.6233028701410865
  },
  "0;8|3": {
    "fisherz": 0.5883434780766121
  },
  "0;8|4": {
    "fisherz": 0.6438631825686199
  },
  "0;8|5": {
    "fisherz": 0.624069085728739
  },
  "0;8|6": {
    "fisherz": 0.6248530157685488
  },
  "0;8|7": {
    "fisherz": 0.631073133936723
  },
  "0;8|9": {
    "fisherz": 0.6891664076365096
  },
  "0;9|1": {
    "fisherz": 0.0
  },
  "0;9|2": {
    "fisherz": 0.0
  },
  "0;9|3": {
    "fisherz": 0.0
  },
  "0;9|4": {
    "fisherz": 0.0
  },
  "0;9|5": {
    "fisherz": 0.0
  },
  "0;9|6": {
    "fisherz": 0.0
  },
  "0;9|7": {
    "fisherz": 0.0
  },
  "0;9|8": {
    "fisherz": 0.0
  },
  "1;2|0": {
    "fisherz": 0.37417468276956534
  },
  "1;2|3": {
    "fisherz": 0.5347906082450817
  },
  "1;2|4": {
    "fisherz": 0.34785777495975534
  },
  "1;2|5": {
    "fisherz": 0.40450510864645284
  },
  "1;2|6": {
    "fisherz": 0.4017548772654185
  },
  "1;2|7": {
    "fisherz": 0.4019737092588376
  },
  "1;2|8": {
    "fisherz": 0.40143100956587663
  },
  "1;2|9": {
    "fisherz": 0.3780096015405099
  },
  "1;3|0": {
    "fisherz": 0.11790697716965481
  },
  "1;3|2": {
    "fisherz": 0.15954732580762276
  },
  "1;3|4": {
    "fisherz": 0.031013670021822648
  },
  "1;3|5": {
    "fisherz": 0.12562282680180759
  },
  "1;3|6": {
    "fisherz": 0.1375209980044103
  },
  "1;3|7": {
    "fisherz": 0.12956575156887995
  },
  "1;3|8": {
    "fisherz": 0.1296237079963043
  },
  "1;3|9": {
    "fisherz": 0.1413108660724236
  },
  "1;4|0": {
    "fisherz": 0.6881659679883385
  },
  "1;4|2": {
    "fisherz": 0.5193615407315761
  },
  "1;4|3": {
    "fisherz": 0.10782850571186686
  },
  "1;4|5": {
    "fisherz": 0.6291286684747934
  },
  "1;4|6": {
    "fisherz": 0.5935941959061048
  },
  "1;4|7": {
    "fisherz": 0.6182484800109378
  },
  "1;4|8": {
    "fisherz": 0.6260851046718805
  },
  "1;4|9": {
    "fisherz": 0.6473954139260372
  },
  "1;5|0": {
    "fisherz": 0.7994720152289942
  },
  "1;5|2": {
    "fisherz": 0.8213975375717566
  },
  "1;5|3": {
    "fisherz": 0.7426894992697548
  },
  "1;5|4": {
    "fisherz": 0.814100878876832
  },
  "1;5|6": {
    "fisherz": 0.8050447104350156
  },
  "1;5|7": {
    "fisherz": 0.808083414623709
  },
  "1;5|8": {
    "fisherz": 0.8064173637059711
  },
  "1;5|9": {
    "fisherz": 0.8261989864496546
  },
  "1;6|0": {
    "fisherz": 0.6476301306280594
  },
  "1;6|2": {
    "fisherz": 0.6717920769653833
  },
  "1;6|3": {
    "fisherz": 0.7663854238059924
  },
  "1;6|4": {
    "fisherz": 0.63361451280932
  },
  "1;6|5": {
    "fisherz": 0.6702536320885231
  },
  "1;6|7": {
    "fisherz": 0.6712097214212376
  },
  "1;6|8": {
    "fisherz": 0.6708364305409817
  },
  "1;6|9": {
    "fisherz": 0.5966045959677009
  },
  "1;7|0": {
    "fisherz": 0.8910073455704752
  },
  "1;7|2": {
    "fisherz": 0.9675286158524874
  },
  "1;7|3": {
    "fisherz": 0.9561452720832593
  },
  "1;7|4": {
    "fisherz": 0.907301506940988
  },
  "1;7|5": {
    "fisherz": 0.962756576070702
  },
  "1;7|6": {
    "fisherz": 0.9564137858776975
  },
  "1;7|8": {
    "fisherz": 0.9532317407876636
  },
  "1;7|9": {
    "fisherz": 0.9355345487304381
  },