{
  "data_hash": "cb6a30061b6cc3298e885c4cbb1143c6",
  "0;1": {
    "d_separation": 1.0
  },
  "0;2": {
    "d_separation": 0.0
  },
  "0;3": {
    "d_separation": 0.0
  },
  "0;4": {
    "d_separation": 0.0
  },
  "0;5": {
    "d_separation": 0.0
  },
  "0;6": {
    "d_separation": 0.0
  },
  "0;7": {
    "d_separation": 0.0
  },
  "0;8": {
    "d_separation": 0.0
  },
  "0;9": {
    "d_separation": 0.0
  },
  "1;2": {
    "d_separation": 0.0
  },
  "1;3": {
    "d_separation": 1.0
  },
  "1;4": {
    "d_separation": 0.0
  },
  "1;5": {
    "d_separation": 0.0
  },
  "1;6": {
    "d_separation": 1.0
  },
  "1;7": {
    "d_separation": 1.0
  },
  "1;8": {
    "d_separation": 1.0
  },
  "1;9": {
    "d_separation": 0.0
  },
  "2;3": {
    "d_separation": 0.0
  },
  "2;4": {
    "d_separation": 0.0
  },
  "2;5": {
    "d_separation": 0.0
  },
  "2;6": {
    "d_separation": 0.0
  },
  "2;7": {
    "d_separation": 0.0
  },
  "2;8": {
    "d_separation": 0.0
  },
  "2;9": {
    "d_separation": 0.0
  },
  "3;4": {
    "d_separation": 0.0
  },
  "3;5": {
    "d_separation": 0.0
  },
  "3;6": {
    "d_separation": 0.0
  },
  "3;7": {
    "d_separation": 0.0
  },
  "3;8": {
    "d_separation": 0.0
  },
  "3;9": {
    "d_separation": 0.0
  },
  "4;5": {
    "d_separation": 0.0
  },
  "4;6": {
    "d_separation": 0.0
  },
  "4;7": {
    "d_separation": 0.0
  },
  "4;8": {
    "d_separation": 0.0
  },
  "4;9": {
    "d_separation": 0.0
  },
  "5;6": {
    "d_separation": 0.0
  },
  "5;7": {
    "d_separation": 0.0
  },
  "5;8": {
    "d_separation": 0.0
  },
  "5;9": {
    "d_separation": 0.0
  },
  "6;7": {
    "d_separation": 0.0
  },
  "6;8": {
    "d_separation": 0.0
  },
  "6;9": {
    "d_separation": 0.0
  },
  "7;8": {
    "d_separation": 0.0
  },
  "7;9": {
    "d_separation": 0.0
  },
  "8;9": {
    "d_separation": 0.0
  },
  "0;2|3": {
    "fisherz": 0.8881374040082308
  },
  "0;2|4": {
    "fisherz": 0.8905237125151455
  },
  "0;2|5": {
    "fisherz": 0.8996219029935972
  },
  "0;2|6": {
    "fisherz": 0.8943177174868444
  },
  "0;2|7": {
    "fisherz": 0.8905529810606292
  },
  "0;2|8": {
    "fisherz": 0.8902860258724197
  },
  "0;2|9": {
    "fisherz": 0.8946361555235232
  },
  "0;3|2": {
    "fisherz": 0.7334439145824567
  },
  "0;3|4": {
    "fisherz": 0.7256951806423917
  },
  "0;3|5": {
    "fisherz": 0.7479367186858994
  },
  "0;3|6": {
    "fisherz": 0.6436392688681125
  },
  "0;3|7": {
    "fisherz": 0.7305492621616891
  },
  "0;3|8": {
    "fisherz": 0.7554909929264741
  },
  "0;3|9": {
    "fisherz": 0.813306131059343
  },
  "0;4|2": {
    "fisherz": 0.9430689632662241
  },
  "0;4|3": {
    "fisherz": 0.9089910284100393
  },
  "0;4|5": {
    "fisherz": 0.9486483723087455
  },
  "0;4|6": {
    "fisherz": 0.9517758999878043
  },
  "0;4|7": {
    "fisherz": 0.9434541043372673
  },
  "0;4|8": {
    "fisherz": 0.9407577976887702
  },
  "0;4|9": {
    "fisherz": 0.6977082501628922
  },
  "0;5|2": {
    "fisherz": 0.26805834112251237
  },
  "0;5|3": {
    "fisherz": 0.2697899530515875
  },
  "0;5|4": {
    "fisherz": 0.267651722114965
  },
  "0;5|6": {
    "fisherz": 0.267106792654797
  },
  "0;5|7": {
    "fisherz": 0.2671510068904357
  },
  "0;5|8": {
    "fisherz": 0.2668123097150341
  },
  "0;5|9": {
    "fisherz": 0.292835757727798
  },
  "0;6|2": {
    "fisherz": 0.2468205262836758
  },
  "0;6|3": {
    "fisherz": 0.22988062761895622
  },
  "0;6|4": {
    "fisherz": 0.24684602946003587
  },
  "0;6|5": {
    "fisherz": 0.24626640949971712
  },
  "0;6|7": {
    "fisherz": 0.24642235640807675
  },
  "0;6|8": {
    "fisherz": 0.24590231791164352
  },
  "0;6|9": {
    "fisherz": 0.2250341514112968
  },
  "0;7|2": {
    "fisherz": 0.9610712514454114
  },
  "0;7|3": {
    "fisherz": 0.9389423206261611
  },
  "0;7|4": {
    "fisherz": 0.9615533804501153
  },
  "0;7|5": {
    "fisherz": 0.9495079910353974
  },
  "0;7|6": {
    "fisherz": 0.9538319434625244
  },
  "0;7|8": {
    "fisherz": 0.9650023223154882
  },
  "0;7|9": {
    "fisherz": 0.9247484706693165
  },
  "0;8|2": {
    "fisherz": 0.8663677507229623
  },
  "0;8|3": {
    "fisherz": 0.9200348339695643
  },
  "0;8|4": {
    "fisherz": 0.8655745588973773
  },
  "0;8|5": {
    "fisherz": 0.8589254685206795
  },
  "0;8|6": {
    "fisherz": 0.8577039554187436
  },
  "0;8|7": {
    "fisherz": 0.8676603978760182
  },
  "0;8|9": {
    "fisherz": 0.9335020121113498
  },
  "0;9|2": {
    "fisherz": 0.40536634371602864
  },
  "0;9|3": {
    "fisherz": 0.4257684499644565
  },
  "0;9|4": {
    "fisherz": 0.3594843620535242
  },
  "0;9|5": {
    "fisherz": 0.4499771296887678
  },
  "0;9|6": {
    "fisherz": 0.36428178356599616
  },
  "0;9|7": {
    "fisherz": 0.4026853555925567
  },
  "0;9|8": {
    "fisherz": 0.41219495328896816
  },
  "1;2|4": {
    "fisherz": 0.4652799536711649
  },
  "1;2|5": {
    "fisherz": 0.47444637572381243
  },
  "1;2|9": {
    "fisherz": 0.4540007379983799
  },
  "1;4|2": {
    "fisherz": 0.7170972161450155
  },
  "1;4|5": {
    "fisherz": 0.7249910801385968
  },
  "1;4|9": {
    "fisherz": 0.012014576072064687
  },
  "1;5|2": {
    "fisherz": 0.03458446510596014
  },
  "1;5|4": {
    "fisherz": 0.03429985283272208
  },
  "1;5|9": {
    "fisherz": 0.06170927622394062
  },
  "1;9|2": {
    "fisherz": 6.74409426082434e-08
  },
  "1;9|4": {
    "fisherz": 2.44007525296297e-09
  },
  "1;9|5": {
    "fisherz": 1.1696450363807287e-07
  },
  "0;2|1": {
    "fisherz": 0.8975546010286315
  },
  "1;2|0": {
    "fisherz": 0.4665822876488337
  },
  "1;2|3": {
    "fisherz": 0.4640242154288079
  },
  "1;2|6": {
    "fisherz": 0.46635552977100225
  },
  "1;2|7": {
    "fisherz": 0.46276426324359976
  },
  "1;2|8": {
    "fisherz": 0.4659357282607792
  },
  "2;3|0": {
    "fisherz": 0.8978850086028238
  },
  "2;3|1": {
    "fisherz": 0.8893188051424463
  },
  "2;3|4": {
    "fisherz": 0.8987564148425446
  },
  "2;3|5": {
    "fisherz": 0.898503696153655
  },
  "2;3|6": {
    "fisherz": 0.9051958361499446
  },
  "2;3|7": {
    "fisherz": 0.8999142626558523
  },
  "2;3|8": {
    "fisherz": 0.9031879917587922
  },
  "2;3|9": {
    "fisherz": 0.8151684359085327
  },
  "2;4|0": {
    "fisherz": 0.991121711610734
  },
  "2;4|1": {
    "fisherz": 0.9766370490832641
  },
  "2;4|3": {
    "fisherz": 0.9791526321810757
  },
  "2;4|5": {
    "fisherz": 0.9909126897988334
  },
  "2;4|6": {
    "fisherz": 0.9912012012463891
  },
  "2;4|7": {
    "fisherz": 0.9917115857719181
  },
  "2;4|8": {
    "fisherz": 0.9912706697382863
  },
  "2;4|9": {
    "fisherz": 0.9818228844601073
  },
  "2;5|0": {
    "fisherz": 0.8890767104791615
  },
  "2;5|1": {
    "fisherz": 0.9673298898205382
  },
  "2;5|3": {
    "fisherz": 0.8791268211845746
  },
  "2;5|4": {
    "fisherz": 0.8807838817662357
  },
  "2;5|6": {
    "fisherz": 0.880964396591382
  },
  "2;5|7": {
    "fisherz": 0.8808793656554741
  },
  "2;5|8": {
    "fisherz": 0.8810236296666352
  },
  "2;5|9": {
    "fisherz": 0.8858023029528057
  },
  "2;6|0": {
    "fisherz": 0.9587089364766341
  },
  "2;6|1": {
    "fisherz": 0.9630226804169022
  },
  "2;6|3": {
    "fisherz": 0.9598495937135618
  },
  "2;6|4": {
    "fisherz": 0.9497205321576849
  },
  "2;6|5": {
    "fisherz": 0.9501037906587488
  },
  "2;6|7": {
    "fisherz": 0.9498307681461513
  },
  "2;6|8": {
    "fisherz": 0.9500119448366895
  },
  "2;6|9": {
    "fisherz": 0.9453781524035441
  },
  "2;7|0": {
    "fisherz": 0.9957100576626607
  },
  "2;7|1": {
    "fisherz": 0.9342571355761142
  },
  "2;7|3": {
    "fisherz": 0.9879516064633822
  },
  "2;7|4": {
    "fisherz": 0.9961574168547289
  },
  "2;7|5": {
    "fisherz": 0.9976445408367656
  },
  "2;7|6": {
    "fisherz": 0.9964807839865917
  },
  "2;7|8": {
    "fisherz": 0.996761754775429
  },
  "2;7|9": {
    "fisherz": 0.9999643239964
  },
  "2;8|0": {
    "fisherz": 0.9757134434856127
  },
  "2;8|1": {
    "fisherz": 0.9970168176642964
  },
  "2;8|3": {
    "fisherz": 0.997478495872139
  },