{
  "data_hash": "cbb926ce8de57415f5cc4862f9071297",
  "0;1": {
    "d_separation": 0.0
  },
  "0;2": {
    "d_separation": 0.0
  },
  "0;3": {
    "d_separation": 0.0
  },
  "0;4": {
    "d_separation": 0.0
  },
  "0;5": {
    "d_separation": 0.0
  },
  "0;6": {
    "d_separation": 0.0
  },
  "0;7": {
    "d_separation": 0.0
  },
  "0;8": {
    "d_separation": 0.0
  },
  "0;9": {
    "d_separation": 0.0
  },
  "1;2": {
    "d_separation": 0.0
  },
  "1;3": {
    "d_separation": 0.0
  },
  "1;4": {
    "d_separation": 0.0
  },
  "1;5": {
    "d_separation": 0.0
  },
  "1;6": {
    "d_separation": 0.0
  },
  "1;7": {
    "d_separation": 0.0
  },
  "1;8": {
    "d_separation": 0.0
  },
  "1;9": {
    "d_separation": 0.0
  },
  "2;3": {
    "d_separation": 0.0
  },
  "2;4": {
    "d_separation": 0.0
  },
  "2;5": {
    "d_separation": 0.0
  },
  "2;6": {
    "d_separation": 0.0
  },
  "2;7": {
    "d_separation": 0.0
  },
  "2;8": {
    "d_separation": 0.0
  },
  "2;9": {
    "d_separation": 0.0
  },
  "3;4": {
    "d_separation": 0.0
  },
  "3;5": {
    "d_separation": 0.0
  },
  "3;6": {
    "d_separation": 0.0
  },
  "3;7": {
    "d_separation": 0.0
  },
  "3;8": {
    "d_separation": 0.0
  },
  "3;9": {
    "d_separation": 0.0
  },
  "4;5": {
    "d_separation": 0.0
  },
  "4;6": {
    "d_separation": 0.0
  },
  "4;7": {
    "d_separation": 0.0
  },
  "4;8": {
    "d_separation": 0.0
  },
  "4;9": {
    "d_separation": 0.0
  },
  "5;6": {
    "d_separation": 0.0
  },
  "5;7": {
    "d_separation": 0.0
  },
  "5;8": {
    "d_separation": 0.0
  },
  "5;9": {
    "d_separation": 0.0
  },
  "6;7": {
    "d_separation": 0.0
  },
  "6;8": {
    "d_separation": 0.0
  },
  "6;9": {
    "d_separation": 0.0
  },
  "7;8": {
    "d_separation": 0.0
  },
  "7;9": {
    "d_separation": 0.0
  },
  "8;9": {
    "d_separation": 0.0
  },
  "0;1|2": {
    "kci": 0.07110813075395617
  },
  "0;1|3": {
    "kci": 0.04849722481744079
  },
  "0;1|4": {
    "kci": 0.06171491977046928
  },
  "0;1|5": {
    "kci": 0.3799373421254155
  },
  "0;1|6": {
    "kci": 0.08622869758125207
  },
  "0;1|7": {
    "kci": 0.11753825462612744
  },
  "0;1|8": {
    "kci": 0.050825577773124464
  },
  "0;1|9": {
    "kci": 0.12371560742679943
  },
  "0;2|1": {
    "kci": 0.33322670650318564
  },
  "0;2|3": {
    "kci": 0.3127194824968631
  },
  "0;2|4": {
    "kci": 0.36692853007793635
  },
  "0;2|5": {
    "kci": 0.4774245909636031
  },
  "0;2|6": {
    "kci": 0.4888292970437669
  },
  "0;2|7": {
    "kci": 0.33087723448781015
  },
  "0;2|8": {
    "kci": 0.3462976856717648
  },
  "0;2|9": {
    "kci": 0.3434529476195377
  },
  "0;3|1": {
    "kci": 0.19144805613766191
  },
  "0;3|2": {
    "kci": 0.17666377989628745
  },
  "0;3|4": {
    "kci": 0.21000720752303015
  },
  "0;3|5": {
    "kci": 0.209923494644634
  },
  "0;3|6": {
    "kci": 0.19173481161161454
  },
  "0;3|7": {
    "kci": 0.13142358270086352
  },
  "0;3|8": {
    "kci": 0.1671397015821069
  },
  "0;3|9": {
    "kci": 0.18442792236148864
  },
  "0;4|1": {
    "kci": 0.038869052030106155
  },
  "0;4|2": {
    "kci": 0.03499717677870495
  },
  "0;4|3": {
    "kci": 0.003329264558139533
  },
  "0;4|5": {
    "kci": 0.32948246065472697
  },
  "0;4|6": {
    "kci": 0.05515157155014894
  },
  "0;4|7": {
    "kci": 0.02296722877874313
  },
  "0;4|8": {
    "kci": 0.08786519185744257
  },
  "0;4|9": {
    "kci": 0.027892489508970275
  },
  "0;5|1": {
    "kci": 2.1284474215343963e-06
  },
  "0;5|2": {
    "kci": 8.018947842414192e-07
  },
  "0;5|3": {
    "kci": 0.0001396141073595203
  },
  "0;5|4": {
    "kci": 3.736038013979481e-05
  },
  "0;5|6": {
    "kci": 2.6834037167855485e-06
  },
  "0;5|7": {
    "kci": 1.1070603076479557e-06
  },
  "0;5|8": {
    "kci": 4.562212938541421e-07
  },
  "0;5|9": {
    "kci": 1.1483953814561687e-06
  },
  "0;6|1": {
    "kci": 0.6869820712850103
  },
  "0;6|2": {
    "kci": 0.6530724143027966
  },
  "0;6|3": {
    "kci": 0.47605929712150397
  },
  "0;6|4": {
    "kci": 0.7209625969094415
  },
  "0;6|5": {
    "kci": 0.7045952477429651
  },
  "0;6|7": {
    "kci": 0.3878124070888799
  },
  "0;6|8": {
    "kci": 0.0673404793618323
  },
  "0;6|9": {
    "kci": 0.6576666030701862
  },
  "0;7|1": {
    "kci": 0.008072688518026672
  },
  "0;7|2": {
    "kci": 0.004631178344164155
  },
  "0;7|3": {
    "kci": 0.001732257524864833
  },
  "0;7|4": {
    "kci": 0.006427196616167752
  },
  "0;7|5": {
    "kci": 0.0340630693013636
  },
  "0;7|6": {
    "kci": 0.01136805118150841
  },
  "0;7|8": {
    "kci": 0.0029555038172260906
  },
  "0;7|9": {
    "kci": 0.005015998195663451
  },
  "0;8|1": {
    "kci": 0.12117388890572178
  },
  "0;8|2": {
    "kci": 0.16228862199201155
  },
  "0;8|3": {
    "kci": 0.22770388129611407
  },
  "0;8|4": {
    "kci": 0.2172593060864384
  },
  "0;8|5": {
    "kci": 0.2094279235058718
  },
  "0;8|6": {
    "kci": 0.19808391009083048
  },
  "0;8|7": {
    "kci": 0.11050397147465862
  },
  "0;8|9": {
    "kci": 0.14794812725779904
  },
  "0;9|1": {
    "kci": 0.45170252986122483
  },
  "0;9|2": {
    "kci": 0.1897749411843388
  },
  "0;9|3": {
    "kci": 0.1818892687051663
  },
  "0;9|4": {
    "kci": 0.10384559384886516
  },
  "0;9|5": {
    "kci": 0.3019472889184658
  },
  "0;9|6": {
    "kci": 0.12582841282085933
  },
  "0;9|7": {
    "kci": 0.13353884078851586
  },
  "0;9|8": {
    "kci": 0.10250095266530945
  },
  "1;2|0": {
    "kci": 0.3208971212970829
  },
  "1;2|3": {
    "kci": 0.9394960001291102
  },
  "1;2|4": {
    "kci": 0.3227089908359394
  },
  "1;2|5": {
    "kci": 0.3401529936483795
  },
  "1;2|6": {
    "kci": 0.4741986589341296
  },
  "1;2|7": {
    "kci": 0.3457675263600971
  },
  "1;2|8": {
    "kci": 0.3657900649054545
  },
  "1;2|9": {
    "kci": 0.33323928901006383
  },
  "1;3|0": {
    "kci": 0.6352857586126962
  },
  "1;3|2": {
    "kci": 0.5693100619759772
  },
  "1;3|4": {
    "kci": 0.5412293526660455
  },
  "1;3|5": {
    "kci": 0.648134054346302
  },
  "1;3|6": {
    "kci": 0.6621524039592052
  },
  "1;3|7": {
    "kci": 0.32451532310245756
  },
  "1;3|8": {
    "kci": 0.3306930049778579
  },
  "1;3|9": {
    "kci": 0.5967617733776103
  },
  "1;4|0": {
    "kci": 0.2697644961240844
  },
  "1;4|2": {
    "kci": 0.32098820667951156
  },
  "1;4|3": {
    "kci": 0.29290739659899034
  },
  "1;4|5": {
    "kci": 0.27056921286719904
  },
  "1;4|6": {
    "kci": 0.2714870823247977
  },
  "1;4|7": {
    "kci": 0.33627337612163744
  },
  "1;4|8": {
    "kci": 0.4201537928204482
  },
  "1;4|9": {
    "kci": 0.2743563219159648
  },
  "1;5|0": {
    "kci": 0.6893130487096968
  },
  "1;5|2": {
    "kci": 0.3715559700784692
  },
  "1;5|3": {
    "kci": 0.38004425388192864
  },
  "1;5|4": {
    "kci": 0.27804603732980504
  },
  "1;5|6": {
    "kci": 0.4706354020744212
  },
  "1;5|7": {
    "kci": 0.37139926389109923
  },
  "1;5|8": {
    "kci": 0.27904473509989614
  },
  "1;5|9": {
    "kci": 0.42534365386373363
  },
  "1;6|0": {
    "kci": 0.3547218055602084
  },
  "1;6|2": {
    "kci": 0.2814589918166951
  },
  "1;6|3": {
    "kci": 0.20892768057369437
  },
  "1;6|4": {
    "kci": 0.4573339932002771
  },
  "1;6|5": {
    "kci": 0.39407276770702593
  },
  "1;6|7": {
    "kci": 0.27025721452059426
  },
  "1;6|8": {
    "kci": 0.14214666815195964
  },
  "1;6|9": {
    "kci": 0.28125058611081877
  },
  "1;7|0": {
    "kci": 0.3191300986920431
  },
  "1;7|2": {
    "kci": 0.31528745734405805
  },
  "1;7|3": {
    "kci": 0.2679735302553482
  },
  "1;7|4": {
    "kci": 0.2619975495346577
  },
  "1;7|5": {
    "kci": 0.29114053554659314
  },
  "1;7|6": {
    "kci": 0.3088035189689232
  },
  "1;7|8": {
    "kci": 0.07279652279022242
  },
  "1;7|9": {
    "kci": 0.3140198629661559
  },
  "1;8|0": {
    "kci": 0.28863039659101086
  },
  "1;8|2": {
    "kci": 0.2911529121165026
  },
  "1;8|3": {
    "kci": 0.2495929852975184
  },
  "1;8|4": {
    "kci": 0.23867257327560898
  },
  "1;8|5": {
    "kci": 0.2650996767906614
  },