{
  "data_hash": "cc04796f558cb48fc86bca1bd1117cc1",
  "0;1": {
    "d_separation": 0.0
  },
  "0;2": {
    "d_separation": 0.0
  },
  "0;3": {
    "d_separation": 0.0
  },
  "0;4": {
    "d_separation": 0.0
  },
  "0;5": {
    "d_separation": 0.0
  },
  "0;6": {
    "d_separation": 0.0
  },
  "0;7": {
    "d_separation": 0.0
  },
  "0;8": {
    "d_separation": 0.0
  },
  "0;9": {
    "d_separation": 0.0
  },
  "1;2": {
    "d_separation": 0.0
  },
  "1;3": {
    "d_separation": 0.0
  },
  "1;4": {
    "d_separation": 0.0
  },
  "1;5": {
    "d_separation": 0.0
  },
  "1;6": {
    "d_separation": 0.0
  },
  "1;7": {
    "d_separation": 0.0
  },
  "1;8": {
    "d_separation": 0.0
  },
  "1;9": {
    "d_separation": 0.0
  },
  "2;3": {
    "d_separation": 0.0
  },
  "2;4": {
    "d_separation": 0.0
  },
  "2;5": {
    "d_separation": 0.0
  },
  "2;6": {
    "d_separation": 0.0
  },
  "2;7": {
    "d_separation": 0.0
  },
  "2;8": {
    "d_separation": 0.0
  },
  "2;9": {
    "d_separation": 0.0
  },
  "3;4": {
    "d_separation": 0.0
  },
  "3;5": {
    "d_separation": 0.0
  },
  "3;6": {
    "d_separation": 0.0
  },
  "3;7": {
    "d_separation": 0.0
  },
  "3;8": {
    "d_separation": 0.0
  },
  "3;9": {
    "d_separation": 1.0
  },
  "4;5": {
    "d_separation": 0.0
  },
  "4;6": {
    "d_separation": 0.0
  },
  "4;7": {
    "d_separation": 0.0
  },
  "4;8": {
    "d_separation": 0.0
  },
  "4;9": {
    "d_separation": 1.0
  },
  "5;6": {
    "d_separation": 0.0
  },
  "5;7": {
    "d_separation": 0.0
  },
  "5;8": {
    "d_separation": 0.0
  },
  "5;9": {
    "d_separation": 0.0
  },
  "6;7": {
    "d_separation": 0.0
  },
  "6;8": {
    "d_separation": 0.0
  },
  "6;9": {
    "d_separation": 0.0
  },
  "7;8": {
    "d_separation": 0.0
  },
  "7;9": {
    "d_separation": 0.0
  },
  "8;9": {
    "d_separation": 0.0
  },
  "0;1|2": {
    "kci": 0.2242615692522565
  },
  "0;1|3": {
    "kci": 0.29460081396170534
  },
  "0;1|4": {
    "kci": 0.2559186732868781
  },
  "0;1|5": {
    "kci": 0.22759752829557423
  },
  "0;1|6": {
    "kci": 0.23216875850587804
  },
  "0;1|7": {
    "kci": 0.22630762320102193
  },
  "0;1|8": {
    "kci": 0.20706646884555835
  },
  "0;1|9": {
    "kci": 0.22965537701136196
  },
  "0;2|1": {
    "kci": 0.6617608879954184
  },
  "0;2|3": {
    "kci": 0.41631226812900013
  },
  "0;2|4": {
    "kci": 0.8614275362667672
  },
  "0;2|5": {
    "kci": 0.8130628688010684
  },
  "0;2|6": {
    "kci": 0.7848856949248311
  },
  "0;2|7": {
    "kci": 0.8494744092233175
  },
  "0;2|8": {
    "kci": 0.5488608256985983
  },
  "0;2|9": {
    "kci": 0.4912726690538368
  },
  "0;3|1": {
    "kci": 0.05085957223868853
  },
  "0;3|2": {
    "kci": 0.0020484323831650997
  },
  "0;3|4": {
    "kci": 0.006747944589291066
  },
  "0;3|5": {
    "kci": 0.0060894385104988125
  },
  "0;3|6": {
    "kci": 0.00953463944010402
  },
  "0;3|7": {
    "kci": 0.003409501790575753
  },
  "0;3|8": {
    "kci": 0.003562940985199936
  },
  "0;3|9": {
    "kci": 0.011247102052130309
  },
  "0;4|1": {
    "kci": 0.1933690562664614
  },
  "0;4|2": {
    "kci": 0.033065559655901744
  },
  "0;4|3": {
    "kci": 0.4007769401251353
  },
  "0;4|5": {
    "kci": 0.0214288919587724
  },
  "0;4|6": {
    "kci": 0.04493730728186518
  },
  "0;4|7": {
    "kci": 0.03495171176834677
  },
  "0;4|8": {
    "kci": 0.16907828838212113
  },
  "0;4|9": {
    "kci": 0.05571110895278797
  },
  "0;5|1": {
    "kci": 0.5204967526437942
  },
  "0;5|2": {
    "kci": 0.46516757753651417
  },
  "0;5|3": {
    "kci": 0.4515395037168578
  },
  "0;5|4": {
    "kci": 0.43749350190806724
  },
  "0;5|6": {
    "kci": 0.44672004736675286
  },
  "0;5|7": {
    "kci": 0.40861317703917244
  },
  "0;5|8": {
    "kci": 0.46598456634205687
  },
  "0;5|9": {
    "kci": 0.5215731196093717
  },
  "0;6|1": {
    "kci": 0.2223256170685567
  },
  "0;6|2": {
    "kci": 0.08748741253483794
  },
  "0;6|3": {
    "kci": 0.22254766799107606
  },
  "0;6|4": {
    "kci": 0.19174232819473513
  },
  "0;6|5": {
    "kci": 0.2012159484282421
  },
  "0;6|7": {
    "kci": 0.19388512242687017
  },
  "0;6|8": {
    "kci": 0.24769224585402905
  },
  "0;6|9": {
    "kci": 0.17251859117209722
  },
  "0;7|1": {
    "kci": 0.2129915897979091
  },
  "0;7|2": {
    "kci": 0.17586689871492722
  },
  "0;7|3": {
    "kci": 0.24315662587798936
  },
  "0;7|4": {
    "kci": 0.17078738876384514
  },
  "0;7|5": {
    "kci": 0.16519471075873748
  },
  "0;7|6": {
    "kci": 0.05525630319098884
  },
  "0;7|8": {
    "kci": 0.16326782016636154
  },
  "0;7|9": {
    "kci": 0.0566194028723489
  },
  "0;8|1": {
    "kci": 0.18670647653001682
  },
  "0;8|2": {
    "kci": 0.017616097068577696
  },
  "0;8|3": {
    "kci": 0.5049321248807934
  },
  "0;8|4": {
    "kci": 0.036651915308299365
  },
  "0;8|5": {
    "kci": 0.02142667269083043
  },
  "0;8|6": {
    "kci": 0.031044896760771046
  },
  "0;8|7": {
    "kci": 0.025862820694894872
  },
  "0;8|9": {
    "kci": 0.04213950051765791
  },
  "0;9|1": {
    "kci": 0.2942405260101948
  },
  "0;9|2": {
    "kci": 0.09451001559841798
  },
  "0;9|3": {
    "kci": 0.05424952534169347
  },
  "0;9|4": {
    "kci": 0.13743380738003108
  },
  "0;9|5": {
    "kci": 0.14971148289309455
  },
  "0;9|6": {
    "kci": 0.19398780240879232
  },
  "0;9|7": {
    "kci": 0.12290996986732883
  },
  "0;9|8": {
    "kci": 0.0659325263817192
  },
  "1;2|0": {
    "kci": 0.28205608682901095
  },
  "1;2|3": {
    "kci": 0.20558577711937198
  },
  "1;2|4": {
    "kci": 0.1836471499153438
  },
  "1;2|5": {
    "kci": 0.2510775665440772
  },
  "1;2|6": {
    "kci": 0.17940256764994356
  },
  "1;2|7": {
    "kci": 0.1852766767587014
  },
  "1;2|8": {
    "kci": 0.23880170928470523
  },
  "1;2|9": {
    "kci": 0.15336958001718692
  },
  "1;3|0": {
    "kci": 0.23145427824580467
  },
  "1;3|2": {
    "kci": 0.11849216934912543
  },
  "1;3|4": {
    "kci": 0.23078556991144383
  },
  "1;3|5": {
    "kci": 0.09490395329392509
  },
  "1;3|6": {
    "kci": 0.11425425864824679
  },
  "1;3|7": {
    "kci": 0.12163256974849945
  },
  "1;3|8": {
    "kci": 0.1282418927939445
  },
  "1;3|9": {
    "kci": 0.0907576717655848
  },
  "1;4|0": {
    "kci": 0.5183524237805215
  },
  "1;4|2": {
    "kci": 0.20863005506578092
  },
  "1;4|3": {
    "kci": 0.5351278332251661
  },
  "1;4|5": {
    "kci": 0.12405548931481003
  },
  "1;4|6": {
    "kci": 0.14567398539297338
  },
  "1;4|7": {
    "kci": 0.15328133365466134
  },
  "1;4|8": {
    "kci": 0.3723911061060301
  },
  "1;4|9": {
    "kci": 0.19000621882819413
  },
  "1;5|0": {
    "kci": 0.6213745203623118
  },
  "1;5|2": {
    "kci": 0.4686283563906234
  },
  "1;5|3": {
    "kci": 0.4416103055235958
  },
  "1;5|4": {
    "kci": 0.5309610079060234
  },
  "1;5|6": {
    "kci": 0.5826914706422783
  },
  "1;5|7": {
    "kci": 0.6480079305641275
  },
  "1;5|8": {
    "kci": 0.5355579365902081
  },
  "1;5|9": {
    "kci": 0.4243467685865765
  },
  "1;6|0": {
    "kci": 0.24086541017759477
  },
  "1;6|2": {
    "kci": 0.39348075076889755
  },
  "1;6|3": {
    "kci": 0.35400369055473146
  },
  "1;6|4": {
    "kci": 0.2756970902144782
  },
  "1;6|5": {
    "kci": 0.3907269850504138
  },
  "1;6|7": {
    "kci": 0.23593585017403962
  },
  "1;6|8": {
    "kci": 0.5727306071884606
  },
  "1;6|9": {
    "kci": 0.48851498201691224
  },
  "1;7|0": {
    "kci": 0.6174604418108134
  },
  "1;7|2": {
    "kci": 0.5265917930093126
  },
  "1;7|3": {
    "kci": 0.5581705492066928
  },
  "1;7|4": {
    "kci": 0.48738015821827385
  },
  "1;7|5": {
    "kci": 0.39874012781385637
  },
  "1;7|6": {
    "kci": 0.49844469761612753
  },
  "1;7|8": {
    "kci": 0.3970618457105509
  },
  "1;7|9": {
    "kci": 0.28316794437070425
  },
  "1;8|0": {
    "kci": 0.2535824967898441
  },
  "1;8|2": {
    "kci": 0.20483949725615103
  },
  "1;8|3": {
    "kci": 0.2988841997056151
  },
  "1;8|4": {
    "kci": 0.2098569520155834
  },
  "1;8|5": {
    "kci": 0.1992337978648422
  },
  "1;8|6": {
    "kci": 0.21657480604787727
  },