{
  "data_hash": "cdbdaa12b83e89cc47e47f9fceeaec48",
  "0;1": {
    "d_separation": 0.0
  },
  "0;2": {
    "d_separation": 0.0
  },
  "0;3": {
    "d_separation": 0.0
  },
  "0;4": {
    "d_separation": 0.0
  },
  "0;5": {
    "d_separation": 0.0
  },
  "0;6": {
    "d_separation": 0.0
  },
  "0;7": {
    "d_separation": 0.0
  },
  "0;8": {
    "d_separation": 0.0
  },
  "0;9": {
    "d_separation": 0.0
  },
  "1;2": {
    "d_separation": 0.0
  },
  "1;3": {
    "d_separation": 0.0
  },
  "1;4": {
    "d_separation": 0.0
  },
  "1;5": {
    "d_separation": 0.0
  },
  "1;6": {
    "d_separation": 0.0
  },
  "1;7": {
    "d_separation": 0.0
  },
  "1;8": {
    "d_separation": 0.0
  },
  "1;9": {
    "d_separation": 0.0
  },
  "2;3": {
    "d_separation": 0.0
  },
  "2;4": {
    "d_separation": 0.0
  },
  "2;5": {
    "d_separation": 0.0
  },
  "2;6": {
    "d_separation": 0.0
  },
  "2;7": {
    "d_separation": 0.0
  },
  "2;8": {
    "d_separation": 0.0
  },
  "2;9": {
    "d_separation": 0.0
  },
  "3;4": {
    "d_separation": 0.0
  },
  "3;5": {
    "d_separation": 0.0
  },
  "3;6": {
    "d_separation": 0.0
  },
  "3;7": {
    "d_separation": 0.0
  },
  "3;8": {
    "d_separation": 0.0
  },
  "3;9": {
    "d_separation": 0.0
  },
  "4;5": {
    "d_separation": 0.0
  },
  "4;6": {
    "d_separation": 0.0
  },
  "4;7": {
    "d_separation": 0.0
  },
  "4;8": {
    "d_separation": 0.0
  },
  "4;9": {
    "d_separation": 0.0
  },
  "5;6": {
    "d_separation": 0.0
  },
  "5;7": {
    "d_separation": 0.0
  },
  "5;8": {
    "d_separation": 0.0
  },
  "5;9": {
    "d_separation": 0.0
  },
  "6;7": {
    "d_separation": 0.0
  },
  "6;8": {
    "d_separation": 0.0
  },
  "6;9": {
    "d_separation": 0.0
  },
  "7;8": {
    "d_separation": 0.0
  },
  "7;9": {
    "d_separation": 0.0
  },
  "8;9": {
    "d_separation": 0.0
  },
  "0;1|2": {
    "kci": 8.881784197001252e-16
  },
  "0;1|3": {
    "kci": 9.179194071506913e-10
  },
  "0;1|4": {
    "kci": 0.0
  },
  "0;1|5": {
    "kci": 0.44570568209169303
  },
  "0;1|6": {
    "kci": 0.0
  },
  "0;1|7": {
    "kci": 2.930988785010413e-14
  },
  "0;1|8": {
    "kci": 3.3306690738754696e-16
  },
  "0;1|9": {
    "kci": 1.1102230246251565e-16
  },
  "0;2|1": {
    "kci": 0.00815310660797286
  },
  "0;2|3": {
    "kci": 0.029905158471008275
  },
  "0;2|4": {
    "kci": 0.045850837655713184
  },
  "0;2|5": {
    "kci": 0.0728237243959402
  },
  "0;2|6": {
    "kci": 0.00031606950410334456
  },
  "0;2|7": {
    "kci": 0.29544537065538523
  },
  "0;2|8": {
    "kci": 0.001068791881925879
  },
  "0;2|9": {
    "kci": 0.0016516435448573619
  },
  "0;3|1": {
    "kci": 8.659739592076221e-15
  },
  "0;3|2": {
    "kci": 0.0
  },
  "0;3|4": {
    "kci": 0.0
  },
  "0;3|5": {
    "kci": 6.008960941050745e-07
  },
  "0;3|6": {
    "kci": 0.0
  },
  "0;3|7": {
    "kci": 5.778709732950915e-10
  },
  "0;3|8": {
    "kci": 0.0
  },
  "0;3|9": {
    "kci": 0.0
  },
  "0;4|1": {
    "kci": 0.036521012507263584
  },
  "0;4|2": {
    "kci": 0.00030815638534764656
  },
  "0;4|3": {
    "kci": 0.0005060821343824129
  },
  "0;4|5": {
    "kci": 0.4217370654408088
  },
  "0;4|6": {
    "kci": 4.775474968776727e-05
  },
  "0;4|7": {
    "kci": 0.006373759073012741
  },
  "0;4|8": {
    "kci": 6.501998327190783e-06
  },
  "0;4|9": {
    "kci": 9.929224475957454e-08
  },
  "0;5|1": {
    "kci": 0.0
  },
  "0;5|2": {
    "kci": 0.0
  },
  "0;5|3": {
    "kci": 0.0
  },
  "0;5|4": {
    "kci": 0.0
  },
  "0;5|6": {
    "kci": 0.0
  },
  "0;5|7": {
    "kci": 0.0
  },
  "0;5|8": {
    "kci": 0.0
  },
  "0;5|9": {
    "kci": 0.0
  },
  "0;6|1": {
    "kci": 2.990544211600721e-06
  },
  "0;6|2": {
    "kci": 7.550351233120978e-09
  },
  "0;6|3": {
    "kci": 1.6302533212275705e-08
  },
  "0;6|4": {
    "kci": 1.2144593553031768e-08
  },
  "0;6|5": {
    "kci": 0.37449518407936844
  },
  "0;6|7": {
    "kci": 0.038331897728474895
  },
  "0;6|8": {
    "kci": 5.087938403924852e-09
  },
  "0;6|9": {
    "kci": 5.786349177583361e-11
  },
  "0;7|1": {
    "kci": 4.6407322429331543e-14
  },
  "0;7|2": {
    "kci": 4.0190073491430667e-14
  },
  "0;7|3": {
    "kci": 3.128528236473471e-08
  },
  "0;7|4": {
    "kci": 0.0
  },
  "0;7|5": {
    "kci": 1.481223311783353e-07
  },
  "0;7|6": {
    "kci": 1.6190382368108658e-11
  },
  "0;7|8": {
    "kci": 0.0
  },
  "0;7|9": {
    "kci": 0.0
  },
  "0;8|1": {
    "kci": 0.4135804135981146
  },
  "0;8|2": {
    "kci": 0.43571191027348
  },
  "0;8|3": {
    "kci": 0.11650560978624624
  },
  "0;8|4": {
    "kci": 0.7362200042484666
  },
  "0;8|5": {
    "kci": 0.19691863681594324
  },
  "0;8|6": {
    "kci": 0.26232485046474596
  },
  "0;8|7": {
    "kci": 0.21652918080886863
  },
  "0;8|9": {
    "kci": 0.5692475278822466
  },
  "0;9|1": {
    "kci": 0.02654131353288991
  },
  "0;9|2": {
    "kci": 1.7020176347193328e-06
  },
  "0;9|3": {
    "kci": 0.027739457311105498
  },
  "0;9|4": {
    "kci": 5.069205105123764e-06
  },
  "0;9|5": {
    "kci": 0.10151030043326181
  },
  "0;9|6": {
    "kci": 1.1337374639097675e-07
  },
  "0;9|7": {
    "kci": 4.591221106065024e-05
  },
  "0;9|8": {
    "kci": 2.045791405724806e-05
  },
  "1;2|0": {
    "kci": 0.0013499899395840176
  },
  "1;2|3": {
    "kci": 5.79321946858613e-07
  },
  "1;2|4": {
    "kci": 5.763853632267946e-06
  },
  "1;2|5": {
    "kci": 0.0013470839352578423
  },
  "1;2|6": {
    "kci": 2.792331749157384e-07
  },
  "1;2|7": {
    "kci": 0.00870433419560035
  },
  "1;2|8": {
    "kci": 3.040517972952017e-07
  },
  "1;2|9": {
    "kci": 5.828769800153566e-09
  },
  "1;3|0": {
    "kci": 5.2786909288116135e-09
  },
  "1;3|2": {
    "kci": 4.010269893939267e-11
  },
  "1;3|4": {
    "kci": 3.219646771412954e-15
  },
  "1;3|5": {
    "kci": 0.014067765733907
  },
  "1;3|6": {
    "kci": 2.0450308113595383e-13
  },
  "1;3|7": {
    "kci": 4.2474839201389614e-08
  },
  "1;3|8": {
    "kci": 7.571721027943568e-14
  },
  "1;3|9": {
    "kci": 1.1143974631977471e-11
  },
  "1;4|0": {
    "kci": 0.05860392441583118
  },
  "1;4|2": {
    "kci": 0.04161406332547024
  },
  "1;4|3": {
    "kci": 7.030131140894902e-05
  },
  "1;4|5": {
    "kci": 0.11395846806274024
  },
  "1;4|6": {
    "kci": 0.1574950129224898
  },
  "1;4|7": {
    "kci": 0.5823930943322115
  },
  "1;4|8": {
    "kci": 0.0007430453367761602
  },
  "1;4|9": {
    "kci": 5.4366917585868535e-05
  },
  "1;5|0": {
    "kci": 1.585505760015593e-08
  },
  "1;5|2": {
    "kci": 0.0
  },
  "1;5|3": {
    "kci": 8.659739592076221e-15
  },
  "1;5|4": {
    "kci": 0.0
  },
  "1;5|6": {
    "kci": 0.0
  },
  "1;5|7": {
    "kci": 0.0
  },
  "1;5|8": {
    "kci": 0.0
  },
  "1;5|9": {
    "kci": 0.0
  },
  "1;6|0": {
    "kci": 0.0056387599170243385
  },
  "1;6|2": {
    "kci": 2.3104659963024687e-08
  },
  "1;6|3": {
    "kci": 1.5551718912654167e-08
  },
  "1;6|4": {
    "kci": 2.3812151984214935e-05
  },
  "1;6|5": {
    "kci": 0.014129930849155814
  },
  "1;6|7": {
    "kci": 0.0001479487128190904
  },
  "1;6|8": {
    "kci": 9.612736451281023e-08
  },
  "1;6|9": {
    "kci": 3.746760357525858e-08
  },
  "1;7|0": {
    "kci": 1.2955217359000848e-05
  },
  "1;7|2": {
    "kci": 6.586998004665112e-05
  },
  "1;7|3": {
    "kci": 5.140922771929013e-07
  },
  "1;7|4": {
    "kci": 4.22616458251035e-06
  },
  "1;7|5": {
    "kci": 0.0024908257429128167
  },
  "1;7|6": {
    "kci": 1.3091323105562935e-06
  },
  "1;7|8": {
    "kci": 4.618022408919842e-09
  },
  "1;7|9": {
    "kci": 4.7970514227557715e-09
  },
  "1;8|0": {
    "kci": 0.0018023162099688461
  },
  "1;8|2": {
    "kci": 0.0061096767316912715
  },
  "1;8|3": {
    "kci": 2.5884009164256483e-05
  },
  "1;8|4": {
    "kci": 0.013791038801783118
  },
  "1;8|5": {
    "kci": 0.007834981034942956
  },
  "1;8|6": {
    "kci": 0.0076544409601843055
  },
  "1;8|7": {
    "kci": 0.0007437553734159774
  },
  "1;8|9": {
    "kci": 0.0020618086259371893
  },
  "1;9|0": {
    "kci": 0.20052466986292372
  },