{
  "data_hash": "d03d9f8d29b586dba94bdfd9fa812ce1",
  "0;1": {
    "d_separation": 1.0
  },
  "0;2": {
    "d_separation": 0.0
  },
  "0;3": {
    "d_separation": 0.0
  },
  "0;4": {
    "d_separation": 0.0
  },
  "0;5": {
    "d_separation": 0.0
  },
  "0;6": {
    "d_separation": 0.0
  },
  "0;7": {
    "d_separation": 0.0
  },
  "0;8": {
    "d_separation": 0.0
  },
  "0;9": {
    "d_separation": 0.0
  },
  "1;2": {
    "d_separation": 0.0
  },
  "1;3": {
    "d_separation": 1.0
  },
  "1;4": {
    "d_separation": 0.0
  },
  "1;5": {
    "d_separation": 0.0
  },
  "1;6": {
    "d_separation": 1.0
  },
  "1;7": {
    "d_separation": 1.0
  },
  "1;8": {
    "d_separation": 1.0
  },
  "1;9": {
    "d_separation": 0.0
  },
  "2;3": {
    "d_separation": 0.0
  },
  "2;4": {
    "d_separation": 0.0
  },
  "2;5": {
    "d_separation": 0.0
  },
  "2;6": {
    "d_separation": 0.0
  },
  "2;7": {
    "d_separation": 0.0
  },
  "2;8": {
    "d_separation": 0.0
  },
  "2;9": {
    "d_separation": 0.0
  },
  "3;4": {
    "d_separation": 0.0
  },
  "3;5": {
    "d_separation": 0.0
  },
  "3;6": {
    "d_separation": 0.0
  },
  "3;7": {
    "d_separation": 0.0
  },
  "3;8": {
    "d_separation": 0.0
  },
  "3;9": {
    "d_separation": 0.0
  },
  "4;5": {
    "d_separation": 0.0
  },
  "4;6": {
    "d_separation": 0.0
  },
  "4;7": {
    "d_separation": 0.0
  },
  "4;8": {
    "d_separation": 0.0
  },
  "4;9": {
    "d_separation": 0.0
  },
  "5;6": {
    "d_separation": 0.0
  },
  "5;7": {
    "d_separation": 0.0
  },
  "5;8": {
    "d_separation": 0.0
  },
  "5;9": {
    "d_separation": 0.0
  },
  "6;7": {
    "d_separation": 0.0
  },
  "6;8": {
    "d_separation": 0.0
  },
  "6;9": {
    "d_separation": 0.0
  },
  "7;8": {
    "d_separation": 0.0
  },
  "7;9": {
    "d_separation": 0.0
  },
  "8;9": {
    "d_separation": 0.0
  },
  "0;2|3": {
    "fisherz": 0.8878587831678295
  },
  "0;2|4": {
    "fisherz": 0.9052696520164463
  },
  "0;2|5": {
    "fisherz": 0.8950937477834253
  },
  "0;2|6": {
    "fisherz": 0.8937364287644074
  },
  "0;2|7": {
    "fisherz": 0.9131599024550863
  },
  "0;2|8": {
    "fisherz": 0.8919947843182283
  },
  "0;2|9": {
    "fisherz": 0.9735596882528563
  },
  "0;3|2": {
    "fisherz": 0.8950706741073979
  },
  "0;3|4": {
    "fisherz": 0.9924932163439317
  },
  "0;3|5": {
    "fisherz": 0.8793747793466784
  },
  "0;3|6": {
    "fisherz": 0.9065920875931583
  },
  "0;3|7": {
    "fisherz": 0.9963370118014598
  },
  "0;3|8": {
    "fisherz": 0.9285435713430048
  },
  "0;3|9": {
    "fisherz": 0.9874568445049203
  },
  "0;4|2": {
    "fisherz": 0.0008773338989991331
  },
  "0;4|3": {
    "fisherz": 0.0008829148914351048
  },
  "0;4|5": {
    "fisherz": 0.0008829560370990919
  },
  "0;4|6": {
    "fisherz": 0.0008761015891161072
  },
  "0;4|7": {
    "fisherz": 0.0012786864659914965
  },
  "0;4|8": {
    "fisherz": 0.0008980495212731476
  },
  "0;4|9": {
    "fisherz": 0.0007549598236926691
  },
  "0;5|2": {
    "fisherz": 0.8064721909698565
  },
  "0;5|3": {
    "fisherz": 0.7940504233473535
  },
  "0;5|4": {
    "fisherz": 0.8317838676708735
  },
  "0;5|6": {
    "fisherz": 0.8063123297446855
  },
  "0;5|7": {
    "fisherz": 0.6699716877115343
  },
  "0;5|8": {
    "fisherz": 0.8096708157862649
  },
  "0;5|9": {
    "fisherz": 0.7821445537633331
  },
  "0;6|2": {
    "fisherz": 0.9485501336576208
  },
  "0;6|3": {
    "fisherz": 0.9594989923628428
  },
  "0;6|4": {
    "fisherz": 0.9559472916360923
  },
  "0;6|5": {
    "fisherz": 0.9507851092343018
  },
  "0;6|7": {
    "fisherz": 0.8568485418199647
  },
  "0;6|8": {
    "fisherz": 0.9509631921219193
  },
  "0;6|9": {
    "fisherz": 0.9201486785230215
  },
  "0;7|2": {
    "fisherz": 0.149443806758758
  },
  "0;7|3": {
    "fisherz": 0.15036829142517671
  },
  "0;7|4": {
    "fisherz": 0.2381474637067249
  },
  "0;7|5": {
    "fisherz": 0.13752977939078215
  },
  "0;7|6": {
    "fisherz": 0.1461155927308777
  },
  "0;7|8": {
    "fisherz": 0.14946242342059368
  },
  "0;7|9": {
    "fisherz": 0.1498901211956003
  },
  "0;8|2": {
    "fisherz": 0.6126115097985358
  },
  "0;8|3": {
    "fisherz": 0.6181456639406435
  },
  "0;8|4": {
    "fisherz": 0.647183018331567
  },
  "0;8|5": {
    "fisherz": 0.614737332707866
  },
  "0;8|6": {
    "fisherz": 0.6132884488377797
  },
  "0;8|7": {
    "fisherz": 0.6173187037324401
  },
  "0;8|9": {
    "fisherz": 0.6024342519190262
  },
  "0;9|2": {
    "fisherz": 0.11842674264997166
  },
  "0;9|3": {
    "fisherz": 0.11830269806912308
  },
  "0;9|4": {
    "fisherz": 0.09868381747348076
  },
  "0;9|5": {
    "fisherz": 0.11597500789353665
  },
  "0;9|6": {
    "fisherz": 0.11672600908385555
  },
  "0;9|7": {
    "fisherz": 0.11795380636882347
  },
  "0;9|8": {
    "fisherz": 0.11600874933962846
  },
  "1;2|4": {
    "fisherz": 0.8443355637933683
  },
  "1;2|5": {
    "fisherz": 0.8504152980112927
  },
  "1;2|9": {
    "fisherz": 0.8849312086167005
  },
  "1;4|2": {
    "fisherz": 0.4282239235746941
  },
  "1;4|5": {
    "fisherz": 0.41407823085269047
  },
  "1;4|9": {
    "fisherz": 0.43459427192345057
  },
  "1;5|2": {
    "fisherz": 0.07669445235409511
  },
  "1;5|4": {
    "fisherz": 0.07472039711479117
  },
  "1;5|9": {
    "fisherz": 0.07385739588932094
  },
  "1;9|2": {
    "fisherz": 0.45840687028299154
  },
  "1;9|4": {
    "fisherz": 0.45820171192633885
  },
  "1;9|5": {
    "fisherz": 0.42891967057655944
  },
  "0;2|1": {
    "fisherz": 0.9040452010800353
  },
  "1;2|0": {
    "fisherz": 0.8538848627337243
  },
  "1;2|3": {
    "fisherz": 0.9017636940596576
  },
  "1;2|6": {
    "fisherz": 0.844469741420862
  },
  "1;2|7": {
    "fisherz": 0.861259584036381
  },
  "1;2|8": {
    "fisherz": 0.8454162075858906
  },
  "2;3|0": {
    "fisherz": 0.2946877253868767
  },
  "2;3|1": {
    "fisherz": 0.3000406491869878
  },
  "2;3|4": {
    "fisherz": 0.2933645302590804
  },
  "2;3|5": {
    "fisherz": 0.29429478205520554
  },
  "2;3|6": {
    "fisherz": 0.3047003818728906
  },
  "2;3|7": {
    "fisherz": 0.28267620558066175
  },
  "2;3|8": {
    "fisherz": 0.29717275193431547
  },
  "2;3|9": {
    "fisherz": 0.2531720503438968
  },
  "2;4|0": {
    "fisherz": 0.9596298287491867
  },
  "2;4|1": {
    "fisherz": 0.9306688611056078
  },
  "2;4|3": {
    "fisherz": 0.9047768366867959
  },
  "2;4|5": {
    "fisherz": 0.9388522496145144
  },
  "2;4|6": {
    "fisherz": 0.9310056916542675
  },
  "2;4|7": {
    "fisherz": 0.9568188723743885
  },
  "2;4|8": {
    "fisherz": 0.9370617128514405
  },
  "2;4|9": {
    "fisherz": 0.926863697826992
  },
  "2;5|0": {
    "fisherz": 0.9674874118252808
  },
  "2;5|1": {
    "fisherz": 0.9829604262165723
  },
  "2;5|3": {
    "fisherz": 0.9385413607172153
  },
  "2;5|4": {
    "fisherz": 0.966543784118655
  },
  "2;5|6": {
    "fisherz": 0.9653367500977241
  },
  "2;5|7": {
    "fisherz": 0.9400138767349069
  },
  "2;5|8": {
    "fisherz": 0.9651167765934998
  },
  "2;5|9": {
    "fisherz": 0.9505381268619992
  },
  "2;6|0": {
    "fisherz": 0.792411580016019
  },
  "2;6|1": {
    "fisherz": 0.7905755977945801
  },
  "2;6|3": {
    "fisherz": 0.8699713175037183
  },
  "2;6|4": {
    "fisherz": 0.7905846827566738
  },
  "2;6|5": {
    "fisherz": 0.7927462396727956
  },
  "2;6|7": {
    "fisherz": 0.8085334498200387
  },
  "2;6|8": {
    "fisherz": 0.7929477266016542
  },
  "2;6|9": {
    "fisherz": 0.810937288650976
  },
  "2;7|0": {
    "fisherz": 0.8027973300027109
  },
  "2;7|1": {
    "fisherz": 0.8039329939899305
  },
  "2;7|3": {
    "fisherz": 0.7222186627551825
  },
  "2;7|4": {
    "fisherz": 0.7987547557301808
  },
  "2;7|5": {
    "fisherz": 0.7886456227429823
  },
  "2;7|6": {
    "fisherz": 0.8100569119842009
  },
  "2;7|8": {
    "fisherz": 0.7937951602062638
  },
  "2;7|9": {
    "fisherz": 0.7991049795737248
  },
  "2;8|0": {
    "fisherz": 0.9176354379651954
  },
  "2;8|1": {
    "fisherz": 0.916895937504624
  },
  "2;8|3": {
    "fisherz": 0.9758385471179689
  },