{
  "data_hash": "d2a23b88b53c0fd7b39070f2e55b7e1d",
  "0;1": {
    "d_separation": 0.0
  },
  "0;2": {
    "d_separation": 0.0
  },
  "0;3": {
    "d_separation": 0.0
  },
  "0;4": {
    "d_separation": 0.0
  },
  "0;5": {
    "d_separation": 0.0
  },
  "0;6": {
    "d_separation": 0.0
  },
  "0;7": {
    "d_separation": 0.0
  },
  "0;8": {
    "d_separation": 0.0
  },
  "0;9": {
    "d_separation": 0.0
  },
  "1;2": {
    "d_separation": 0.0
  },
  "1;3": {
    "d_separation": 0.0
  },
  "1;4": {
    "d_separation": 0.0
  },
  "1;5": {
    "d_separation": 0.0
  },
  "1;6": {
    "d_separation": 0.0
  },
  "1;7": {
    "d_separation": 0.0
  },
  "1;8": {
    "d_separation": 0.0
  },
  "1;9": {
    "d_separation": 0.0
  },
  "2;3": {
    "d_separation": 0.0
  },
  "2;4": {
    "d_separation": 0.0
  },
  "2;5": {
    "d_separation": 0.0
  },
  "2;6": {
    "d_separation": 0.0
  },
  "2;7": {
    "d_separation": 0.0
  },
  "2;8": {
    "d_separation": 0.0
  },
  "2;9": {
    "d_separation": 0.0
  },
  "3;4": {
    "d_separation": 0.0
  },
  "3;5": {
    "d_separation": 0.0
  },
  "3;6": {
    "d_separation": 0.0
  },
  "3;7": {
    "d_separation": 0.0
  },
  "3;8": {
    "d_separation": 0.0
  },
  "3;9": {
    "d_separation": 1.0
  },
  "4;5": {
    "d_separation": 0.0
  },
  "4;6": {
    "d_separation": 0.0
  },
  "4;7": {
    "d_separation": 0.0
  },
  "4;8": {
    "d_separation": 0.0
  },
  "4;9": {
    "d_separation": 1.0
  },
  "5;6": {
    "d_separation": 0.0
  },
  "5;7": {
    "d_separation": 0.0
  },
  "5;8": {
    "d_separation": 0.0
  },
  "5;9": {
    "d_separation": 0.0
  },
  "6;7": {
    "d_separation": 0.0
  },
  "6;8": {
    "d_separation": 0.0
  },
  "6;9": {
    "d_separation": 0.0
  },
  "7;8": {
    "d_separation": 0.0
  },
  "7;9": {
    "d_separation": 0.0
  },
  "8;9": {
    "d_separation": 0.0
  },
  "0;1|2": {
    "fisherz": 0.059815671675283344
  },
  "0;1|3": {
    "fisherz": 0.07971383589006176
  },
  "0;1|4": {
    "fisherz": 0.05601661205669628
  },
  "0;1|5": {
    "fisherz": 0.055733862245463506
  },
  "0;1|6": {
    "fisherz": 0.055533813245505215
  },
  "0;1|7": {
    "fisherz": 0.05492710522820876
  },
  "0;1|8": {
    "fisherz": 0.052966421599605074
  },
  "0;1|9": {
    "fisherz": 0.05474336939162461
  },
  "0;2|1": {
    "fisherz": 0.41990192353843536
  },
  "0;2|3": {
    "fisherz": 0.5602853219579282
  },
  "0;2|4": {
    "fisherz": 0.396859464422215
  },
  "0;2|5": {
    "fisherz": 0.3846982306898912
  },
  "0;2|6": {
    "fisherz": 0.4238325777644647
  },
  "0;2|7": {
    "fisherz": 0.38561117807708634
  },
  "0;2|8": {
    "fisherz": 0.39023001598229357
  },
  "0;2|9": {
    "fisherz": 0.3885744366713073
  },
  "0;3|1": {
    "fisherz": 0.26499747595958256
  },
  "0;3|2": {
    "fisherz": 0.236585670601557
  },
  "0;3|4": {
    "fisherz": 0.17987709103114802
  },
  "0;3|5": {
    "fisherz": 0.17507900040086577
  },
  "0;3|6": {
    "fisherz": 0.19563519833192222
  },
  "0;3|7": {
    "fisherz": 0.17177766227667668
  },
  "0;3|8": {
    "fisherz": 0.20908400104903047
  },
  "0;3|9": {
    "fisherz": 0.18335928237121824
  },
  "0;4|1": {
    "fisherz": 0.8390300553712358
  },
  "0;4|2": {
    "fisherz": 0.9986380697267172
  },
  "0;4|3": {
    "fisherz": 0.8919004946113949
  },
  "0;4|5": {
    "fisherz": 0.8261997541302162
  },
  "0;4|6": {
    "fisherz": 0.8537470181170754
  },
  "0;4|7": {
    "fisherz": 0.8238936766038785
  },
  "0;4|8": {
    "fisherz": 0.8842033128956563
  },
  "0;4|9": {
    "fisherz": 0.7932331348462358
  },
  "0;5|1": {
    "fisherz": 0.8856061685773622
  },
  "0;5|2": {
    "fisherz": 0.925152890097847
  },
  "0;5|3": {
    "fisherz": 0.8632391010254634
  },
  "0;5|4": {
    "fisherz": 0.8895952721892484
  },
  "0;5|6": {
    "fisherz": 0.9107405521488359
  },
  "0;5|7": {
    "fisherz": 0.8609426077215527
  },
  "0;5|8": {
    "fisherz": 0.902977672429965
  },
  "0;5|9": {
    "fisherz": 0.8433215162464198
  },
  "0;6|1": {
    "fisherz": 0.469538706473831
  },
  "0;6|2": {
    "fisherz": 0.5326684272701638
  },
  "0;6|3": {
    "fisherz": 0.5472856952016025
  },
  "0;6|4": {
    "fisherz": 0.47887335256812236
  },
  "0;6|5": {
    "fisherz": 0.4755874570035228
  },
  "0;6|7": {
    "fisherz": 0.473612645867159
  },
  "0;6|8": {
    "fisherz": 0.4494317141561721
  },
  "0;6|9": {
    "fisherz": 0.49491555566768497
  },
  "0;7|1": {
    "fisherz": 0.792394065083289
  },
  "0;7|2": {
    "fisherz": 0.8616907461365451
  },
  "0;7|3": {
    "fisherz": 0.7739904358768828
  },
  "0;7|4": {
    "fisherz": 0.8320009375590893
  },
  "0;7|5": {
    "fisherz": 0.8144007006347465
  },
  "0;7|6": {
    "fisherz": 0.8384683150804224
  },
  "0;7|8": {
    "fisherz": 0.8186247622588025
  },
  "0;7|9": {
    "fisherz": 0.8429596596580899
  },
  "0;8|1": {
    "fisherz": 0.2146764408222448
  },
  "0;8|2": {
    "fisherz": 0.23248268759220214
  },
  "0;8|3": {
    "fisherz": 0.2727332410053789
  },
  "0;8|4": {
    "fisherz": 0.23234644214438704
  },
  "0;8|5": {
    "fisherz": 0.22867475824992844
  },
  "0;8|6": {
    "fisherz": 0.21913784065988584
  },
  "0;8|7": {
    "fisherz": 0.2265453989141939
  },
  "0;8|9": {
    "fisherz": 0.22457195048977852
  },
  "0;9|1": {
    "fisherz": 0.529099465839783
  },
  "0;9|2": {
    "fisherz": 0.5585114537084166
  },
  "0;9|3": {
    "fisherz": 0.5796382216201601
  },
  "0;9|4": {
    "fisherz": 0.5346919821758547
  },
  "0;9|5": {
    "fisherz": 0.5350603328903389
  },
  "0;9|6": {
    "fisherz": 0.5745502470869797
  },
  "0;9|7": {
    "fisherz": 0.5482182991231004
  },
  "0;9|8": {
    "fisherz": 0.5342325197501916
  },
  "1;2|0": {
    "fisherz": 0.6467904875710286
  },
  "1;2|3": {
    "fisherz": 0.8886055489268021
  },
  "1;2|4": {
    "fisherz": 0.5840037831595266
  },
  "1;2|5": {
    "fisherz": 0.5674691655296957
  },
  "1;2|6": {
    "fisherz": 0.5663427940309322
  },
  "1;2|7": {
    "fisherz": 0.5560396487305277
  },
  "1;2|8": {
    "fisherz": 0.5652478266576029
  },
  "1;2|9": {
    "fisherz": 0.5648786208098249
  },
  "1;3|0": {
    "fisherz": 0.08172241921036338
  },
  "1;3|2": {
    "fisherz": 0.06883336644414517
  },
  "1;3|4": {
    "fisherz": 0.05799531592062568
  },
  "1;3|5": {
    "fisherz": 0.056983458033716294
  },
  "1;3|6": {
    "fisherz": 0.05630693391313546
  },
  "1;3|7": {
    "fisherz": 0.05914092603304044
  },
  "1;3|8": {
    "fisherz": 0.05421545855761423
  },
  "1;3|9": {
    "fisherz": 0.056168550947786056
  },
  "1;4|0": {
    "fisherz": 0.8902724313551
  },
  "1;4|2": {
    "fisherz": 0.9837128072922499
  },
  "1;4|3": {
    "fisherz": 0.9658226756964885
  },
  "1;4|5": {
    "fisherz": 0.8677933936704958
  },
  "1;4|6": {
    "fisherz": 0.8680503589101629
  },
  "1;4|7": {
    "fisherz": 0.86544624468082
  },
  "1;4|8": {
    "fisherz": 0.858402063691099
  },
  "1;4|9": {
    "fisherz": 0.8734282449708277
  },
  "1;5|0": {
    "fisherz": 0.9976951331169834
  },
  "1;5|2": {
    "fisherz": 0.990927901321081
  },
  "1;5|3": {
    "fisherz": 0.9526511150207275
  },
  "1;5|4": {
    "fisherz": 0.9860236124032324
  },
  "1;5|6": {
    "fisherz": 0.9827278901204839
  },
  "1;5|7": {
    "fisherz": 0.9816086899254215
  },
  "1;5|8": {
    "fisherz": 0.9792701118852167
  },
  "1;5|9": {
    "fisherz": 0.9907186880304657
  },
  "1;6|0": {
    "fisherz": 0.9386990645821225
  },
  "1;6|2": {
    "fisherz": 0.964469599315922
  },
  "1;6|3": {
    "fisherz": 0.8788476117968844
  },
  "1;6|4": {
    "fisherz": 0.9902409725362442
  },
  "1;6|5": {
    "fisherz": 0.9836489400181634
  },
  "1;6|7": {
    "fisherz": 0.9789521230950897
  },
  "1;6|8": {
    "fisherz": 0.9865279177460604
  },
  "1;6|9": {
    "fisherz": 0.9760680160337081
  },
  "1;7|0": {
    "fisherz": 0.704503015756778
  },
  "1;7|2": {
    "fisherz": 0.7088213957404823
  },
  "1;7|3": {
    "fisherz": 0.8036855808391232
  },
  "1;7|4": {
    "fisherz": 0.7279831278800861
  },
  "1;7|5": {
    "fisherz": 0.7288243875626741
  },