{
  "data_hash": "d3f2b253cd4a2a506127bb2f2480781e",
  "0;1": {
    "d_separation": 1.0
  },
  "0;2": {
    "d_separation": 0.0
  },
  "0;3": {
    "d_separation": 0.0
  },
  "0;4": {
    "d_separation": 0.0
  },
  "0;5": {
    "d_separation": 0.0
  },
  "0;6": {
    "d_separation": 0.0
  },
  "0;7": {
    "d_separation": 0.0
  },
  "0;8": {
    "d_separation": 0.0
  },
  "0;9": {
    "d_separation": 0.0
  },
  "1;2": {
    "d_separation": 0.0
  },
  "1;3": {
    "d_separation": 1.0
  },
  "1;4": {
    "d_separation": 0.0
  },
  "1;5": {
    "d_separation": 0.0
  },
  "1;6": {
    "d_separation": 1.0
  },
  "1;7": {
    "d_separation": 1.0
  },
  "1;8": {
    "d_separation": 1.0
  },
  "1;9": {
    "d_separation": 0.0
  },
  "2;3": {
    "d_separation": 0.0
  },
  "2;4": {
    "d_separation": 0.0
  },
  "2;5": {
    "d_separation": 0.0
  },
  "2;6": {
    "d_separation": 0.0
  },
  "2;7": {
    "d_separation": 0.0
  },
  "2;8": {
    "d_separation": 0.0
  },
  "2;9": {
    "d_separation": 0.0
  },
  "3;4": {
    "d_separation": 0.0
  },
  "3;5": {
    "d_separation": 0.0
  },
  "3;6": {
    "d_separation": 0.0
  },
  "3;7": {
    "d_separation": 0.0
  },
  "3;8": {
    "d_separation": 0.0
  },
  "3;9": {
    "d_separation": 0.0
  },
  "4;5": {
    "d_separation": 0.0
  },
  "4;6": {
    "d_separation": 0.0
  },
  "4;7": {
    "d_separation": 0.0
  },
  "4;8": {
    "d_separation": 0.0
  },
  "4;9": {
    "d_separation": 0.0
  },
  "5;6": {
    "d_separation": 0.0
  },
  "5;7": {
    "d_separation": 0.0
  },
  "5;8": {
    "d_separation": 0.0
  },
  "5;9": {
    "d_separation": 0.0
  },
  "6;7": {
    "d_separation": 0.0
  },
  "6;8": {
    "d_separation": 0.0
  },
  "6;9": {
    "d_separation": 0.0
  },
  "7;8": {
    "d_separation": 0.0
  },
  "7;9": {
    "d_separation": 0.0
  },
  "8;9": {
    "d_separation": 0.0
  },
  "0;2|3": {
    "kci": 0.15000180799069285
  },
  "0;2|4": {
    "kci": 0.03709657510320119
  },
  "0;2|5": {
    "kci": 0.06452590489304066
  },
  "0;2|6": {
    "kci": 0.14051616656597732
  },
  "0;2|7": {
    "kci": 0.21496910769989452
  },
  "0;2|8": {
    "kci": 0.1892569365711787
  },
  "0;2|9": {
    "kci": 0.19721153653454493
  },
  "0;3|2": {
    "kci": 0.004278558644808195
  },
  "0;3|4": {
    "kci": 0.05339932898161359
  },
  "0;3|5": {
    "kci": 0.0027455335782254897
  },
  "0;3|6": {
    "kci": 0.8097727079414491
  },
  "0;3|7": {
    "kci": 0.00234468906487606
  },
  "0;3|8": {
    "kci": 0.037276418886093454
  },
  "0;3|9": {
    "kci": 0.006242741747466529
  },
  "0;4|2": {
    "kci": 0.30472599056832683
  },
  "0;4|3": {
    "kci": 0.42760034619477416
  },
  "0;4|5": {
    "kci": 0.07696175444934028
  },
  "0;4|6": {
    "kci": 0.15881393251358844
  },
  "0;4|7": {
    "kci": 0.24754421087235312
  },
  "0;4|8": {
    "kci": 0.6014092384199642
  },
  "0;4|9": {
    "kci": 0.14910049469346331
  },
  "0;5|2": {
    "kci": 0.361632680247844
  },
  "0;5|3": {
    "kci": 0.6112667238096399
  },
  "0;5|4": {
    "kci": 0.3487354932231428
  },
  "0;5|6": {
    "kci": 0.678880846247145
  },
  "0;5|7": {
    "kci": 0.6238949706363872
  },
  "0;5|8": {
    "kci": 0.5093276875196251
  },
  "0;5|9": {
    "kci": 0.8841518469978293
  },
  "0;6|2": {
    "kci": 8.008945262538703e-08
  },
  "0;6|3": {
    "kci": 0.004299500276709334
  },
  "0;6|4": {
    "kci": 5.778310701032296e-07
  },
  "0;6|5": {
    "kci": 3.5019774857758534e-09
  },
  "0;6|7": {
    "kci": 3.751320021283533e-08
  },
  "0;6|8": {
    "kci": 1.2061060293611092e-05
  },
  "0;6|9": {
    "kci": 1.2224699474927547e-08
  },
  "0;7|2": {
    "kci": 0.1611714183505456
  },
  "0;7|3": {
    "kci": 0.31186926755780786
  },
  "0;7|4": {
    "kci": 0.1980613632250694
  },
  "0;7|5": {
    "kci": 0.08263216569670884
  },
  "0;7|6": {
    "kci": 0.20970255030915252
  },
  "0;7|8": {
    "kci": 0.17858135764878014
  },
  "0;7|9": {
    "kci": 0.13312829807271298
  },
  "0;8|2": {
    "kci": 0.05890688913827302
  },
  "0;8|3": {
    "kci": 0.49200158503087854
  },
  "0;8|4": {
    "kci": 0.288426485814119
  },
  "0;8|5": {
    "kci": 0.014646209072435079
  },
  "0;8|6": {
    "kci": 0.44893472970498305
  },
  "0;8|7": {
    "kci": 0.03447416292644079
  },
  "0;8|9": {
    "kci": 0.044749846412751704
  },
  "0;9|2": {
    "kci": 0.5847793381157694
  },
  "0;9|3": {
    "kci": 0.6918296855306758
  },
  "0;9|4": {
    "kci": 0.43162264652699545
  },
  "0;9|5": {
    "kci": 0.6230833405596905
  },
  "0;9|6": {
    "kci": 0.7810497643040533
  },
  "0;9|7": {
    "kci": 0.7163723095086516
  },
  "0;9|8": {
    "kci": 0.6499422860295437
  },
  "1;2|4": {
    "kci": 0.10974609586963446
  },
  "1;2|5": {
    "kci": 0.18902775072444578
  },
  "1;2|9": {
    "kci": 0.08609523237056327
  },
  "1;4|2": {
    "kci": 0.3690061108842009
  },
  "1;4|5": {
    "kci": 0.28389690161510384
  },
  "1;4|9": {
    "kci": 0.5474090187524427
  },
  "1;5|2": {
    "kci": 0.28823780264767795
  },
  "1;5|4": {
    "kci": 0.0715281955015995
  },
  "1;5|9": {
    "kci": 0.15059349560246338
  },
  "1;9|2": {
    "kci": 0.7897056940890628
  },
  "1;9|4": {
    "kci": 0.6702913358285294
  },
  "1;9|5": {
    "kci": 0.7711855079888861
  },
  "0;2|1": {
    "kci": 0.45907593720068673
  },
  "1;2|0": {
    "kci": 0.11923377970847926
  },
  "1;2|3": {
    "kci": 0.09969245517784464
  },
  "1;2|6": {
    "kci": 0.11006114047129101
  },
  "1;2|7": {
    "kci": 0.11773230623675401
  },
  "1;2|8": {
    "kci": 0.05228115552717083
  },
  "2;3|0": {
    "kci": 0.20660668332864074
  },
  "2;3|1": {
    "kci": 0.1233542407613023
  },
  "2;3|4": {
    "kci": 0.3221292343124852
  },
  "2;3|5": {
    "kci": 0.2521580164711934
  },
  "2;3|6": {
    "kci": 0.4543803460447372
  },
  "2;3|7": {
    "kci": 0.4486871249541703
  },
  "2;3|8": {
    "kci": 0.5492332870154195
  },
  "2;3|9": {
    "kci": 0.2948234396715107
  },
  "2;4|0": {
    "kci": 0.6164426592820493
  },
  "2;4|1": {
    "kci": 0.22311942057058232
  },
  "2;4|3": {
    "kci": 0.7330378643516855
  },
  "2;4|5": {
    "kci": 0.593088699146779
  },
  "2;4|6": {
    "kci": 0.4431025255059815
  },
  "2;4|7": {
    "kci": 0.5892489923754994
  },
  "2;4|8": {
    "kci": 0.4612994480109217
  },
  "2;4|9": {
    "kci": 0.5096236311381639
  },
  "2;5|0": {
    "kci": 0.01358312491883773
  },
  "2;5|1": {
    "kci": 0.006581829694699559
  },
  "2;5|3": {
    "kci": 0.022736607653485397
  },
  "2;5|4": {
    "kci": 0.0015369296623743978
  },
  "2;5|6": {
    "kci": 0.011538011445974772
  },
  "2;5|7": {
    "kci": 0.023888674126956944
  },
  "2;5|8": {
    "kci": 0.008171829095744987
  },
  "2;5|9": {
    "kci": 0.004085183861286534
  },
  "2;6|0": {
    "kci": 0.4815600872885113
  },
  "2;6|1": {
    "kci": 0.5598553424457109
  },
  "2;6|3": {
    "kci": 0.06276987655327937
  },
  "2;6|4": {
    "kci": 0.42446122702287625
  },
  "2;6|5": {
    "kci": 0.5420105491943098
  },
  "2;6|7": {
    "kci": 0.5575300820938849
  },
  "2;6|8": {
    "kci": 0.5891215814559145
  },
  "2;6|9": {
    "kci": 0.4521384341494883
  },
  "2;7|0": {
    "kci": 0.15508237563296212
  },
  "2;7|1": {
    "kci": 0.22406645992161334
  },
  "2;7|3": {
    "kci": 0.30669032844829747
  },
  "2;7|4": {
    "kci": 0.12999084866392618
  },
  "2;7|5": {
    "kci": 0.17740925323111267
  },
  "2;7|6": {
    "kci": 0.15702882621438996
  },
  "2;7|8": {
    "kci": 0.17878972097561807
  },
  "2;7|9": {
    "kci": 0.12962554684716532
  },
  "2;8|0": {
    "kci": 0.22237562255312315
  },
  "2;8|1": {
    "kci": 0.20028357566736954
  },
  "2;8|3": {
    "kci": 0.33724954131789153
  },
  "2;8|4": {
    "kci": 0.24882344923662503
  },
  "2;8|5": {
    "kci": 0.1782127523358672
  },
  "2;8|6": {
    "kci": 0.31483103153847125
  },
  "2;8|7": {
    "kci": 0.26961888391341293
  },
  "2;8|9": {
    "kci": 0.11312708322648901
  },
  "2;9|0": {
    "kci": 0.5072038243878432
  },
  "2;9|1": {
    "kci": 0.5024685787930245
  },
  "2;9|3": {
    "kci": 0.5620073109228427
  },