{
  "data_hash": "d4231d79c2947f97727c685046828768",
  "0;1": {
    "d_separation": 0.0
  },
  "0;2": {
    "d_separation": 0.0
  },
  "0;3": {
    "d_separation": 0.0
  },
  "0;4": {
    "d_separation": 0.0
  },
  "0;5": {
    "d_separation": 0.0
  },
  "0;6": {
    "d_separation": 0.0
  },
  "0;7": {
    "d_separation": 0.0
  },
  "0;8": {
    "d_separation": 0.0
  },
  "0;9": {
    "d_separation": 0.0
  },
  "1;2": {
    "d_separation": 0.0
  },
  "1;3": {
    "d_separation": 0.0
  },
  "1;4": {
    "d_separation": 0.0
  },
  "1;5": {
    "d_separation": 0.0
  },
  "1;6": {
    "d_separation": 0.0
  },
  "1;7": {
    "d_separation": 0.0
  },
  "1;8": {
    "d_separation": 0.0
  },
  "1;9": {
    "d_separation": 0.0
  },
  "2;3": {
    "d_separation": 0.0
  },
  "2;4": {
    "d_separation": 0.0
  },
  "2;5": {
    "d_separation": 0.0
  },
  "2;6": {
    "d_separation": 0.0
  },
  "2;7": {
    "d_separation": 0.0
  },
  "2;8": {
    "d_separation": 0.0
  },
  "2;9": {
    "d_separation": 0.0
  },
  "3;4": {
    "d_separation": 0.0
  },
  "3;5": {
    "d_separation": 0.0
  },
  "3;6": {
    "d_separation": 0.0
  },
  "3;7": {
    "d_separation": 0.0
  },
  "3;8": {
    "d_separation": 0.0
  },
  "3;9": {
    "d_separation": 0.0
  },
  "4;5": {
    "d_separation": 0.0
  },
  "4;6": {
    "d_separation": 0.0
  },
  "4;7": {
    "d_separation": 0.0
  },
  "4;8": {
    "d_separation": 0.0
  },
  "4;9": {
    "d_separation": 0.0
  },
  "5;6": {
    "d_separation": 0.0
  },
  "5;7": {
    "d_separation": 0.0
  },
  "5;8": {
    "d_separation": 0.0
  },
  "5;9": {
    "d_separation": 0.0
  },
  "6;7": {
    "d_separation": 0.0
  },
  "6;8": {
    "d_separation": 0.0
  },
  "6;9": {
    "d_separation": 0.0
  },
  "7;8": {
    "d_separation": 0.0
  },
  "7;9": {
    "d_separation": 0.0
  },
  "8;9": {
    "d_separation": 0.0
  },
  "0;1|2": {
    "kci": 0.599916422549074
  },
  "0;1|3": {
    "kci": 0.6647116929336616
  },
  "0;1|4": {
    "kci": 0.5424663905084437
  },
  "0;1|5": {
    "kci": 0.6677849892960465
  },
  "0;1|6": {
    "kci": 0.3415958407960509
  },
  "0;1|7": {
    "kci": 0.6328639344501169
  },
  "0;1|8": {
    "kci": 0.5755390808575358
  },
  "0;1|9": {
    "kci": 0.5678801208017357
  },
  "0;2|1": {
    "kci": 0.39628392935337287
  },
  "0;2|3": {
    "kci": 0.4534885094939758
  },
  "0;2|4": {
    "kci": 0.48013895911272697
  },
  "0;2|5": {
    "kci": 0.41839769782800784
  },
  "0;2|6": {
    "kci": 0.30257085577093157
  },
  "0;2|7": {
    "kci": 0.4393898942771066
  },
  "0;2|8": {
    "kci": 0.44386355087562335
  },
  "0;2|9": {
    "kci": 0.5707012224794444
  },
  "0;3|1": {
    "kci": 0.22774888982727493
  },
  "0;3|2": {
    "kci": 0.22316422125673496
  },
  "0;3|4": {
    "kci": 0.1615762395811693
  },
  "0;3|5": {
    "kci": 0.2597830538433912
  },
  "0;3|6": {
    "kci": 0.3147151375966617
  },
  "0;3|7": {
    "kci": 0.25595125810286645
  },
  "0;3|8": {
    "kci": 0.21282195818033078
  },
  "0;3|9": {
    "kci": 0.08381129693439404
  },
  "0;4|1": {
    "kci": 0.2695624688431165
  },
  "0;4|2": {
    "kci": 0.3423854913121378
  },
  "0;4|3": {
    "kci": 0.35480794442821106
  },
  "0;4|5": {
    "kci": 0.35689319383053975
  },
  "0;4|6": {
    "kci": 0.5528700408173726
  },
  "0;4|7": {
    "kci": 0.432457268686833
  },
  "0;4|8": {
    "kci": 0.45942781889669615
  },
  "0;4|9": {
    "kci": 0.41037247714480496
  },
  "0;5|1": {
    "kci": 0.355850386933683
  },
  "0;5|2": {
    "kci": 0.2956415269162712
  },
  "0;5|3": {
    "kci": 0.4276993450697585
  },
  "0;5|4": {
    "kci": 0.39546790345483473
  },
  "0;5|6": {
    "kci": 0.4309056685435886
  },
  "0;5|7": {
    "kci": 0.41435698426014733
  },
  "0;5|8": {
    "kci": 0.5197924450143007
  },
  "0;5|9": {
    "kci": 0.31995739848728655
  },
  "0;6|1": {
    "kci": 0.6316060408230149
  },
  "0;6|2": {
    "kci": 0.8409740618522829
  },
  "0;6|3": {
    "kci": 0.8322100720764216
  },
  "0;6|4": {
    "kci": 0.568508268168452
  },
  "0;6|5": {
    "kci": 0.6255037927835552
  },
  "0;6|7": {
    "kci": 0.80479329515864
  },
  "0;6|8": {
    "kci": 0.7276913433429029
  },
  "0;6|9": {
    "kci": 0.7586743431101934
  },
  "0;7|1": {
    "kci": 0.22930947265687218
  },
  "0;7|2": {
    "kci": 0.39538007745878834
  },
  "0;7|3": {
    "kci": 0.38152232490403903
  },
  "0;7|4": {
    "kci": 0.305401406685869
  },
  "0;7|5": {
    "kci": 0.4044990961301138
  },
  "0;7|6": {
    "kci": 0.34139105078368903
  },
  "0;7|8": {
    "kci": 0.5021149426872273
  },
  "0;7|9": {
    "kci": 0.4511475424383834
  },
  "0;8|1": {
    "kci": 0.5499146460578067
  },
  "0;8|2": {
    "kci": 0.5781958922812804
  },
  "0;8|3": {
    "kci": 0.4241944285624595
  },
  "0;8|4": {
    "kci": 0.295066230680197
  },
  "0;8|5": {
    "kci": 0.32281391915746727
  },
  "0;8|6": {
    "kci": 0.31375892456202104
  },
  "0;8|7": {
    "kci": 0.4854287917526482
  },
  "0;8|9": {
    "kci": 0.4731267254219468
  },
  "0;9|1": {
    "kci": 0.6602775050105925
  },
  "0;9|2": {
    "kci": 0.7979876389926193
  },
  "0;9|3": {
    "kci": 0.7057353394480008
  },
  "0;9|4": {
    "kci": 0.8135150658778022
  },
  "0;9|5": {
    "kci": 0.7355049160949322
  },
  "0;9|6": {
    "kci": 0.7059521330268501
  },
  "0;9|7": {
    "kci": 0.7952142199765206
  },
  "0;9|8": {
    "kci": 0.68263569126724
  },
  "1;2|0": {
    "kci": 0.06572607757374782
  },
  "1;2|3": {
    "kci": 0.042430335053132984
  },
  "1;2|4": {
    "kci": 0.08824932865618107
  },
  "1;2|5": {
    "kci": 0.08200336747455106
  },
  "1;2|6": {
    "kci": 0.07712386926619019
  },
  "1;2|7": {
    "kci": 0.07513914278581646
  },
  "1;2|8": {
    "kci": 0.04895323626444137
  },
  "1;2|9": {
    "kci": 0.07455977374118672
  },
  "1;3|0": {
    "kci": 0.16092896701542458
  },
  "1;3|2": {
    "kci": 0.16218385613813036
  },
  "1;3|4": {
    "kci": 0.2010564652661726
  },
  "1;3|5": {
    "kci": 0.17301283015483793
  },
  "1;3|6": {
    "kci": 0.20835992822490257
  },
  "1;3|7": {
    "kci": 0.22502981584790704
  },
  "1;3|8": {
    "kci": 0.21480155692221925
  },
  "1;3|9": {
    "kci": 0.15219782611597454
  },
  "1;4|0": {
    "kci": 0.0018690597507194928
  },
  "1;4|2": {
    "kci": 0.0019515593365425632
  },
  "1;4|3": {
    "kci": 0.003150143301247077
  },
  "1;4|5": {
    "kci": 0.00021288379798112267
  },
  "1;4|6": {
    "kci": 0.10140340472122122
  },
  "1;4|7": {
    "kci": 0.0014439310694234209
  },
  "1;4|8": {
    "kci": 0.007458775946247442
  },
  "1;4|9": {
    "kci": 0.004822500048136336
  },
  "1;5|0": {
    "kci": 0.1698967573693766
  },
  "1;5|2": {
    "kci": 0.3068895063109508
  },
  "1;5|3": {
    "kci": 0.2755222823537178
  },
  "1;5|4": {
    "kci": 0.687528760077684
  },
  "1;5|6": {
    "kci": 0.6501098830421899
  },
  "1;5|7": {
    "kci": 0.383492832968948
  },
  "1;5|8": {
    "kci": 0.18438788769881453
  },
  "1;5|9": {
    "kci": 0.24292713668505983
  },
  "1;6|0": {
    "kci": 7.760458330863251e-05
  },
  "1;6|2": {
    "kci": 0.0002139543167888336
  },
  "1;6|3": {
    "kci": 0.002778395340466644
  },
  "1;6|4": {
    "kci": 0.12174028989095731
  },
  "1;6|5": {
    "kci": 0.0017780840293640798
  },
  "1;6|7": {
    "kci": 0.0020692757314073607
  },
  "1;6|8": {
    "kci": 0.0017060330616934793
  },
  "1;6|9": {
    "kci": 0.0007605588575994027
  },
  "1;7|0": {
    "kci": 0.3150435515043588
  },
  "1;7|2": {
    "kci": 0.31863128735112367
  },
  "1;7|3": {
    "kci": 0.3131040420721869
  },
  "1;7|4": {
    "kci": 0.3403753350066815
  },
  "1;7|5": {
    "kci": 0.44418619456497244
  },
  "1;7|6": {
    "kci": 0.3096061976304898
  },
  "1;7|8": {
    "kci": 0.13742810884737533
  },
  "1;7|9": {
    "kci": 0.3425040600271645
  },
  "1;8|0": {
    "kci": 0.7642069308625357
  },
  "1;8|2": {
    "kci": 0.558589315708541
  },
  "1;8|3": {
    "kci": 0.6980532214087528
  },
  "1;8|4": {
    "kci": 0.6402245599186294
  },
  "1;8|5": {
    "kci": 0.598555226987364
  },
  "1;8|6": {
    "kci": 0.3800862511116113
  },