{
  "data_hash": "d68f7f4f61198266d28cba9e9cdefee5",
  "0;1": {
    "d_separation": 0.0
  },
  "0;2": {
    "d_separation": 0.0
  },
  "0;3": {
    "d_separation": 0.0
  },
  "0;4": {
    "d_separation": 0.0
  },
  "0;5": {
    "d_separation": 0.0
  },
  "0;6": {
    "d_separation": 0.0
  },
  "0;7": {
    "d_separation": 0.0
  },
  "0;8": {
    "d_separation": 0.0
  },
  "0;9": {
    "d_separation": 0.0
  },
  "1;2": {
    "d_separation": 0.0
  },
  "1;3": {
    "d_separation": 0.0
  },
  "1;4": {
    "d_separation": 0.0
  },
  "1;5": {
    "d_separation": 0.0
  },
  "1;6": {
    "d_separation": 0.0
  },
  "1;7": {
    "d_separation": 0.0
  },
  "1;8": {
    "d_separation": 0.0
  },
  "1;9": {
    "d_separation": 0.0
  },
  "2;3": {
    "d_separation": 0.0
  },
  "2;4": {
    "d_separation": 0.0
  },
  "2;5": {
    "d_separation": 0.0
  },
  "2;6": {
    "d_separation": 0.0
  },
  "2;7": {
    "d_separation": 0.0
  },
  "2;8": {
    "d_separation": 0.0
  },
  "2;9": {
    "d_separation": 0.0
  },
  "3;4": {
    "d_separation": 0.0
  },
  "3;5": {
    "d_separation": 0.0
  },
  "3;6": {
    "d_separation": 0.0
  },
  "3;7": {
    "d_separation": 0.0
  },
  "3;8": {
    "d_separation": 0.0
  },
  "3;9": {
    "d_separation": 0.0
  },
  "4;5": {
    "d_separation": 0.0
  },
  "4;6": {
    "d_separation": 0.0
  },
  "4;7": {
    "d_separation": 0.0
  },
  "4;8": {
    "d_separation": 0.0
  },
  "4;9": {
    "d_separation": 0.0
  },
  "5;6": {
    "d_separation": 0.0
  },
  "5;7": {
    "d_separation": 0.0
  },
  "5;8": {
    "d_separation": 0.0
  },
  "5;9": {
    "d_separation": 0.0
  },
  "6;7": {
    "d_separation": 0.0
  },
  "6;8": {
    "d_separation": 0.0
  },
  "6;9": {
    "d_separation": 0.0
  },
  "7;8": {
    "d_separation": 0.0
  },
  "7;9": {
    "d_separation": 0.0
  },
  "8;9": {
    "d_separation": 0.0
  },
  "0;1|2": {
    "kci": 0.1355098893104154
  },
  "0;1|3": {
    "kci": 0.1824231453187123
  },
  "0;1|4": {
    "kci": 0.10124611919231541
  },
  "0;1|5": {
    "kci": 0.27037759370381254
  },
  "0;1|6": {
    "kci": 0.10789558961280021
  },
  "0;1|7": {
    "kci": 0.22082913544517246
  },
  "0;1|8": {
    "kci": 0.21029476532056612
  },
  "0;1|9": {
    "kci": 0.1038192305712815
  },
  "0;2|1": {
    "kci": 0.2742846758906705
  },
  "0;2|3": {
    "kci": 0.359214719402563
  },
  "0;2|4": {
    "kci": 0.3805730978801327
  },
  "0;2|5": {
    "kci": 0.3814331106190254
  },
  "0;2|6": {
    "kci": 0.30394816015923487
  },
  "0;2|7": {
    "kci": 0.3818129950324646
  },
  "0;2|8": {
    "kci": 0.38712776753241973
  },
  "0;2|9": {
    "kci": 0.32075347197248527
  },
  "0;3|1": {
    "kci": 0.2667018805668173
  },
  "0;3|2": {
    "kci": 0.2987357276085133
  },
  "0;3|4": {
    "kci": 0.32903211322050097
  },
  "0;3|5": {
    "kci": 0.47175742179232394
  },
  "0;3|6": {
    "kci": 0.20240587943105204
  },
  "0;3|7": {
    "kci": 0.2424272874083535
  },
  "0;3|8": {
    "kci": 0.3877072033692701
  },
  "0;3|9": {
    "kci": 0.17218300223113858
  },
  "0;4|1": {
    "kci": 0.0003128599699074863
  },
  "0;4|2": {
    "kci": 7.544407042858747e-05
  },
  "0;4|3": {
    "kci": 0.009556830011429707
  },
  "0;4|5": {
    "kci": 0.6212660459837849
  },
  "0;4|6": {
    "kci": 0.000564406191182254
  },
  "0;4|7": {
    "kci": 6.236450668828386e-05
  },
  "0;4|8": {
    "kci": 7.710624239909425e-05
  },
  "0;4|9": {
    "kci": 5.049488084818421e-05
  },
  "0;5|1": {
    "kci": 4.0120684552391594e-10
  },
  "0;5|2": {
    "kci": 2.3388824210712755e-10
  },
  "0;5|3": {
    "kci": 1.5698611932624118e-07
  },
  "0;5|4": {
    "kci": 0.0008259209282435176
  },
  "0;5|6": {
    "kci": 5.864947416611699e-10
  },
  "0;5|7": {
    "kci": 1.7278545261234513e-10
  },
  "0;5|8": {
    "kci": 7.696470127882549e-10
  },
  "0;5|9": {
    "kci": 4.891593796685356e-10
  },
  "0;6|1": {
    "kci": 0.18647531204788526
  },
  "0;6|2": {
    "kci": 0.11080145639073469
  },
  "0;6|3": {
    "kci": 0.5309579691909613
  },
  "0;6|4": {
    "kci": 0.301557798188709
  },
  "0;6|5": {
    "kci": 0.5652138870353622
  },
  "0;6|7": {
    "kci": 0.1748790546487774
  },
  "0;6|8": {
    "kci": 0.12586769589269586
  },
  "0;6|9": {
    "kci": 0.118511379721006
  },
  "0;7|1": {
    "kci": 0.31027313835363435
  },
  "0;7|2": {
    "kci": 0.3211443271802432
  },
  "0;7|3": {
    "kci": 0.2738692564112457
  },
  "0;7|4": {
    "kci": 0.398875981883409
  },
  "0;7|5": {
    "kci": 0.3725298903771237
  },
  "0;7|6": {
    "kci": 0.3206502802675033
  },
  "0;7|8": {
    "kci": 0.4024957540463312
  },
  "0;7|9": {
    "kci": 0.4281530674976045
  },
  "0;8|1": {
    "kci": 0.6212705351757619
  },
  "0;8|2": {
    "kci": 0.7108556317568331
  },
  "0;8|3": {
    "kci": 0.6631051090834807
  },
  "0;8|4": {
    "kci": 0.5233016780385145
  },
  "0;8|5": {
    "kci": 0.5188613725475608
  },
  "0;8|6": {
    "kci": 0.6706997783068865
  },
  "0;8|7": {
    "kci": 0.6289696374177229
  },
  "0;8|9": {
    "kci": 0.6488584142364842
  },
  "0;9|1": {
    "kci": 0.5087396687492665
  },
  "0;9|2": {
    "kci": 0.5636589314532603
  },
  "0;9|3": {
    "kci": 0.5585562060304055
  },
  "0;9|4": {
    "kci": 0.4783996053435431
  },
  "0;9|5": {
    "kci": 0.5353690157291111
  },
  "0;9|6": {
    "kci": 0.5716454678222838
  },
  "0;9|7": {
    "kci": 0.30477968253917753
  },
  "0;9|8": {
    "kci": 0.5599075245094042
  },
  "1;2|0": {
    "kci": 0.5154528543981345
  },
  "1;2|3": {
    "kci": 0.48237223145566277
  },
  "1;2|4": {
    "kci": 0.4056191820519752
  },
  "1;2|5": {
    "kci": 0.6158459100658416
  },
  "1;2|6": {
    "kci": 0.5695298072738799
  },
  "1;2|7": {
    "kci": 0.49385071876325215
  },
  "1;2|8": {
    "kci": 0.5605812428373407
  },
  "1;2|9": {
    "kci": 0.6630955438833958
  },
  "1;3|0": {
    "kci": 0.36440933106591267
  },
  "1;3|2": {
    "kci": 0.18045042536446088
  },
  "1;3|4": {
    "kci": 0.22102926281179047
  },
  "1;3|5": {
    "kci": 0.18299154623911762
  },
  "1;3|6": {
    "kci": 0.15338106015902608
  },
  "1;3|7": {
    "kci": 0.27296028132851413
  },
  "1;3|8": {
    "kci": 0.2949417471952991
  },
  "1;3|9": {
    "kci": 0.15133066720976263
  },
  "1;4|0": {
    "kci": 0.5467430791446968
  },
  "1;4|2": {
    "kci": 0.3901084306033602
  },
  "1;4|3": {
    "kci": 0.5827425564608719
  },
  "1;4|5": {
    "kci": 0.3599663445390098
  },
  "1;4|6": {
    "kci": 0.48233239707865905
  },
  "1;4|7": {
    "kci": 0.30607062746222136
  },
  "1;4|8": {
    "kci": 0.40438422228801574
  },
  "1;4|9": {
    "kci": 0.36788796944753943
  },
  "1;5|0": {
    "kci": 0.024636200753375914
  },
  "1;5|2": {
    "kci": 0.12191755399222615
  },
  "1;5|3": {
    "kci": 0.21408289241999512
  },
  "1;5|4": {
    "kci": 0.03960594516996885
  },
  "1;5|6": {
    "kci": 0.20579875680700566
  },
  "1;5|7": {
    "kci": 0.20590918401413127
  },
  "1;5|8": {
    "kci": 0.3152392743326182
  },
  "1;5|9": {
    "kci": 0.09823233289331401
  },
  "1;6|0": {
    "kci": 0.3200382129770094
  },
  "1;6|2": {
    "kci": 0.42329994125630466
  },
  "1;6|3": {
    "kci": 0.32393151217719673
  },
  "1;6|4": {
    "kci": 0.372058366287529
  },
  "1;6|5": {
    "kci": 0.35098931406642664
  },
  "1;6|7": {
    "kci": 0.38505841720875
  },
  "1;6|8": {
    "kci": 0.4522583919143004
  },
  "1;6|9": {
    "kci": 0.47539534825027296
  },
  "1;7|0": {
    "kci": 0.1753218578008997
  },
  "1;7|2": {
    "kci": 0.4231914690389902
  },
  "1;7|3": {
    "kci": 0.3226284915574342
  },
  "1;7|4": {
    "kci": 0.21266322827110906
  },
  "1;7|5": {
    "kci": 0.28556234856287177
  },
  "1;7|6": {
    "kci": 0.37646282342159654
  },
  "1;7|8": {
    "kci": 0.3788517587778988
  },
  "1;7|9": {
    "kci": 0.317562755263224
  },
  "1;8|0": {
    "kci": 0.4129729661055558
  },
  "1;8|2": {
    "kci": 0.39070155230998305
  },
  "1;8|3": {
    "kci": 0.5589359416943008
  },
  "1;8|4": {
    "kci": 0.5451629491955454
  },
  "1;8|5": {
    "kci": 0.45827841911501355
  },
  "1;8|6": {
    "kci": 0.48181623874001533
  },