{
  "data_hash": "d7640f5b15ec9ca83e44277ed62548cf",
  "0;1": {
    "d_separation": 0.0
  },
  "0;2": {
    "d_separation": 0.0
  },
  "0;3": {
    "d_separation": 0.0
  },
  "0;4": {
    "d_separation": 0.0
  },
  "0;5": {
    "d_separation": 0.0
  },
  "0;6": {
    "d_separation": 0.0
  },
  "0;7": {
    "d_separation": 0.0
  },
  "0;8": {
    "d_separation": 0.0
  },
  "0;9": {
    "d_separation": 0.0
  },
  "1;2": {
    "d_separation": 0.0
  },
  "1;3": {
    "d_separation": 0.0
  },
  "1;4": {
    "d_separation": 0.0
  },
  "1;5": {
    "d_separation": 0.0
  },
  "1;6": {
    "d_separation": 0.0
  },
  "1;7": {
    "d_separation": 0.0
  },
  "1;8": {
    "d_separation": 0.0
  },
  "1;9": {
    "d_separation": 0.0
  },
  "2;3": {
    "d_separation": 0.0
  },
  "2;4": {
    "d_separation": 0.0
  },
  "2;5": {
    "d_separation": 0.0
  },
  "2;6": {
    "d_separation": 0.0
  },
  "2;7": {
    "d_separation": 0.0
  },
  "2;8": {
    "d_separation": 0.0
  },
  "2;9": {
    "d_separation": 0.0
  },
  "3;4": {
    "d_separation": 0.0
  },
  "3;5": {
    "d_separation": 0.0
  },
  "3;6": {
    "d_separation": 0.0
  },
  "3;7": {
    "d_separation": 0.0
  },
  "3;8": {
    "d_separation": 0.0
  },
  "3;9": {
    "d_separation": 0.0
  },
  "4;5": {
    "d_separation": 0.0
  },
  "4;6": {
    "d_separation": 0.0
  },
  "4;7": {
    "d_separation": 0.0
  },
  "4;8": {
    "d_separation": 0.0
  },
  "4;9": {
    "d_separation": 0.0
  },
  "5;6": {
    "d_separation": 0.0
  },
  "5;7": {
    "d_separation": 0.0
  },
  "5;8": {
    "d_separation": 0.0
  },
  "5;9": {
    "d_separation": 0.0
  },
  "6;7": {
    "d_separation": 0.0
  },
  "6;8": {
    "d_separation": 0.0
  },
  "6;9": {
    "d_separation": 0.0
  },
  "7;8": {
    "d_separation": 0.0
  },
  "7;9": {
    "d_separation": 0.0
  },
  "8;9": {
    "d_separation": 0.0
  },
  "0;1|2": {
    "kci": 0.529683273266566
  },
  "0;1|3": {
    "kci": 0.5253843700993024
  },
  "0;1|4": {
    "kci": 0.5421289228083932
  },
  "0;1|5": {
    "kci": 0.43717486691362417
  },
  "0;1|6": {
    "kci": 0.532672005477263
  },
  "0;1|7": {
    "kci": 0.3816588786439271
  },
  "0;1|8": {
    "kci": 0.49308306161248183
  },
  "0;1|9": {
    "kci": 0.5119510483847072
  },
  "0;2|1": {
    "kci": 0.40017775706365977
  },
  "0;2|3": {
    "kci": 0.1866233467780658
  },
  "0;2|4": {
    "kci": 0.39902683242083914
  },
  "0;2|5": {
    "kci": 0.1898189186547672
  },
  "0;2|6": {
    "kci": 0.2775347517718294
  },
  "0;2|7": {
    "kci": 0.1637386065203411
  },
  "0;2|8": {
    "kci": 0.2833887097443586
  },
  "0;2|9": {
    "kci": 0.522288406552557
  },
  "0;3|1": {
    "kci": 0.15246629861137018
  },
  "0;3|2": {
    "kci": 0.11066917476352345
  },
  "0;3|4": {
    "kci": 0.18716510080945103
  },
  "0;3|5": {
    "kci": 0.23465211056478918
  },
  "0;3|6": {
    "kci": 0.16959101723110737
  },
  "0;3|7": {
    "kci": 0.17909213098771792
  },
  "0;3|8": {
    "kci": 0.13393438896720122
  },
  "0;3|9": {
    "kci": 0.3560279602855331
  },
  "0;4|1": {
    "kci": 0.35143867043004906
  },
  "0;4|2": {
    "kci": 0.3725949670997982
  },
  "0;4|3": {
    "kci": 0.3807832901077841
  },
  "0;4|5": {
    "kci": 0.3794933955864933
  },
  "0;4|6": {
    "kci": 0.3701295205396994
  },
  "0;4|7": {
    "kci": 0.37098876729254604
  },
  "0;4|8": {
    "kci": 0.3836968229629726
  },
  "0;4|9": {
    "kci": 0.3520393626565207
  },
  "0;5|1": {
    "kci": 0.3951173233076586
  },
  "0;5|2": {
    "kci": 0.45295744098706436
  },
  "0;5|3": {
    "kci": 0.5067109746642535
  },
  "0;5|4": {
    "kci": 0.46970006665070474
  },
  "0;5|6": {
    "kci": 0.4825248190491117
  },
  "0;5|7": {
    "kci": 0.48511607311333294
  },
  "0;5|8": {
    "kci": 0.4647080203303823
  },
  "0;5|9": {
    "kci": 0.4001674225420939
  },
  "0;6|1": {
    "kci": 0.5773496858612837
  },
  "0;6|2": {
    "kci": 0.6249969309678143
  },
  "0;6|3": {
    "kci": 0.6562609758670835
  },
  "0;6|4": {
    "kci": 0.6118122932321461
  },
  "0;6|5": {
    "kci": 0.5597191626937363
  },
  "0;6|7": {
    "kci": 0.5697969287724676
  },
  "0;6|8": {
    "kci": 0.6418871089749887
  },
  "0;6|9": {
    "kci": 0.6159035164453135
  },
  "0;7|1": {
    "kci": 0.2710540810811606
  },
  "0;7|2": {
    "kci": 0.3353854812910212
  },
  "0;7|3": {
    "kci": 0.4673185492687
  },
  "0;7|4": {
    "kci": 0.21023146574521245
  },
  "0;7|5": {
    "kci": 0.4373024628493617
  },
  "0;7|6": {
    "kci": 0.3867348274805317
  },
  "0;7|8": {
    "kci": 0.234742925867361
  },
  "0;7|9": {
    "kci": 0.444644460386425
  },
  "0;8|1": {
    "kci": 0.30376463855541314
  },
  "0;8|2": {
    "kci": 0.8063568081278256
  },
  "0;8|3": {
    "kci": 0.8127445331546023
  },
  "0;8|4": {
    "kci": 0.8325235654218685
  },
  "0;8|5": {
    "kci": 0.8177639743431423
  },
  "0;8|6": {
    "kci": 0.7658046030330601
  },
  "0;8|7": {
    "kci": 0.7835518108016849
  },
  "0;8|9": {
    "kci": 0.7182289450085928
  },
  "0;9|1": {
    "kci": 0.32393636741858345
  },
  "0;9|2": {
    "kci": 0.22717965705470378
  },
  "0;9|3": {
    "kci": 0.19937112939338597
  },
  "0;9|4": {
    "kci": 0.16870107689636948
  },
  "0;9|5": {
    "kci": 0.18835631384958673
  },
  "0;9|6": {
    "kci": 0.20459593426864542
  },
  "0;9|7": {
    "kci": 0.2219438983295956
  },
  "0;9|8": {
    "kci": 0.16080862019608244
  },
  "1;2|0": {
    "kci": 0.3196250006574737
  },
  "1;2|3": {
    "kci": 0.316009674695493
  },
  "1;2|4": {
    "kci": 0.43146644254920485
  },
  "1;2|5": {
    "kci": 0.2817301272937709
  },
  "1;2|6": {
    "kci": 0.4671548131855111
  },
  "1;2|7": {
    "kci": 0.4365766736999409
  },
  "1;2|8": {
    "kci": 0.3007915975637401
  },
  "1;2|9": {
    "kci": 0.33866795139811523
  },
  "1;3|0": {
    "kci": 0.6902915350783048
  },
  "1;3|2": {
    "kci": 0.7351691515742937
  },
  "1;3|4": {
    "kci": 0.7382687030791099
  },
  "1;3|5": {
    "kci": 0.6894544714523045
  },
  "1;3|6": {
    "kci": 0.8256611010644901
  },
  "1;3|7": {
    "kci": 0.8215753943512322
  },
  "1;3|8": {
    "kci": 0.7419723608025273
  },
  "1;3|9": {
    "kci": 0.7449564862004505
  },
  "1;4|0": {
    "kci": 1.0217415649105277e-05
  },
  "1;4|2": {
    "kci": 1.8313094249600148e-05
  },
  "1;4|3": {
    "kci": 0.00022137157041102196
  },
  "1;4|5": {
    "kci": 4.499960182924312e-06
  },
  "1;4|6": {
    "kci": 0.00026804496223575836
  },
  "1;4|7": {
    "kci": 0.00011771845774033451
  },
  "1;4|8": {
    "kci": 2.962695961838957e-05
  },
  "1;4|9": {
    "kci": 7.061271101727051e-06
  },
  "1;5|0": {
    "kci": 0.07744651965909122
  },
  "1;5|2": {
    "kci": 0.024641052790598805
  },
  "1;5|3": {
    "kci": 0.02153447939057984
  },
  "1;5|4": {
    "kci": 0.016436248119225283
  },
  "1;5|6": {
    "kci": 0.10417819291060293
  },
  "1;5|7": {
    "kci": 0.019706889627843838
  },
  "1;5|8": {
    "kci": 0.1263626463510359
  },
  "1;5|9": {
    "kci": 0.024226315770103035
  },
  "1;6|0": {
    "kci": 0.04640308092836054
  },
  "1;6|2": {
    "kci": 0.049584995751187244
  },
  "1;6|3": {
    "kci": 0.0641915816468519
  },
  "1;6|4": {
    "kci": 0.10139953013153924
  },
  "1;6|5": {
    "kci": 0.11380311647920338
  },
  "1;6|7": {
    "kci": 0.07798755830994575
  },
  "1;6|8": {
    "kci": 0.09822905511807067
  },
  "1;6|9": {
    "kci": 0.07475914428174624
  },
  "1;7|0": {
    "kci": 6.839380164291864e-05
  },
  "1;7|2": {
    "kci": 0.0008602287614930537
  },
  "1;7|3": {
    "kci": 0.000300103693874898
  },
  "1;7|4": {
    "kci": 0.004164579967022575
  },
  "1;7|5": {
    "kci": 3.091859713777456e-05
  },
  "1;7|6": {
    "kci": 7.437335730486883e-05
  },
  "1;7|8": {
    "kci": 0.0008937937537744078
  },
  "1;7|9": {
    "kci": 8.620088580135743e-05
  },
  "1;8|0": {
    "kci": 0.11553442915652457
  },
  "1;8|2": {
    "kci": 0.18127408508586562
  },
  "1;8|3": {
    "kci": 0.07857090502385378
  },
  "1;8|4": {
    "kci": 0.3912676036552347
  },
  "1;8|5": {
    "kci": 0.12114895580535934
  },
  "1;8|6": {
    "kci": 0.2172916770110913
  },