{
  "data_hash": "d88b169290fab06d6a2500aacd3125b8",
  "0;1": {
    "d_separation": 0.0
  },
  "0;2": {
    "d_separation": 0.0
  },
  "0;3": {
    "d_separation": 0.0
  },
  "0;4": {
    "d_separation": 0.0
  },
  "0;5": {
    "d_separation": 0.0
  },
  "0;6": {
    "d_separation": 0.0
  },
  "0;7": {
    "d_separation": 0.0
  },
  "0;8": {
    "d_separation": 0.0
  },
  "0;9": {
    "d_separation": 0.0
  },
  "1;2": {
    "d_separation": 0.0
  },
  "1;3": {
    "d_separation": 0.0
  },
  "1;4": {
    "d_separation": 0.0
  },
  "1;5": {
    "d_separation": 0.0
  },
  "1;6": {
    "d_separation": 0.0
  },
  "1;7": {
    "d_separation": 0.0
  },
  "1;8": {
    "d_separation": 0.0
  },
  "1;9": {
    "d_separation": 0.0
  },
  "2;3": {
    "d_separation": 0.0
  },
  "2;4": {
    "d_separation": 0.0
  },
  "2;5": {
    "d_separation": 0.0
  },
  "2;6": {
    "d_separation": 0.0
  },
  "2;7": {
    "d_separation": 0.0
  },
  "2;8": {
    "d_separation": 0.0
  },
  "2;9": {
    "d_separation": 0.0
  },
  "3;4": {
    "d_separation": 0.0
  },
  "3;5": {
    "d_separation": 0.0
  },
  "3;6": {
    "d_separation": 0.0
  },
  "3;7": {
    "d_separation": 0.0
  },
  "3;8": {
    "d_separation": 0.0
  },
  "3;9": {
    "d_separation": 0.0
  },
  "4;5": {
    "d_separation": 0.0
  },
  "4;6": {
    "d_separation": 0.0
  },
  "4;7": {
    "d_separation": 0.0
  },
  "4;8": {
    "d_separation": 0.0
  },
  "4;9": {
    "d_separation": 0.0
  },
  "5;6": {
    "d_separation": 0.0
  },
  "5;7": {
    "d_separation": 0.0
  },
  "5;8": {
    "d_separation": 0.0
  },
  "5;9": {
    "d_separation": 0.0
  },
  "6;7": {
    "d_separation": 0.0
  },
  "6;8": {
    "d_separation": 0.0
  },
  "6;9": {
    "d_separation": 0.0
  },
  "7;8": {
    "d_separation": 0.0
  },
  "7;9": {
    "d_separation": 0.0
  },
  "8;9": {
    "d_separation": 0.0
  },
  "0;1|2": {
    "kci": 0.4248814982498058
  },
  "0;1|3": {
    "kci": 0.4039339793278549
  },
  "0;1|4": {
    "kci": 0.3717865109271926
  },
  "0;1|5": {
    "kci": 0.4407305605684728
  },
  "0;1|6": {
    "kci": 0.3705755423616659
  },
  "0;1|7": {
    "kci": 0.322336727827797
  },
  "0;1|8": {
    "kci": 0.39389119997113176
  },
  "0;1|9": {
    "kci": 0.39180224596165836
  },
  "0;2|1": {
    "kci": 0.31805605543256354
  },
  "0;2|3": {
    "kci": 0.33252143126056455
  },
  "0;2|4": {
    "kci": 0.4712612183201307
  },
  "0;2|5": {
    "kci": 0.43777444205208427
  },
  "0;2|6": {
    "kci": 0.6695743227967927
  },
  "0;2|7": {
    "kci": 0.6889809841238024
  },
  "0;2|8": {
    "kci": 0.6347462985161269
  },
  "0;2|9": {
    "kci": 0.1947824529907699
  },
  "0;3|1": {
    "kci": 0.2715354542148478
  },
  "0;3|2": {
    "kci": 0.20410536370350418
  },
  "0;3|4": {
    "kci": 0.23401753998299657
  },
  "0;3|5": {
    "kci": 0.27991408190648026
  },
  "0;3|6": {
    "kci": 0.25394062699294495
  },
  "0;3|7": {
    "kci": 0.31040513246157575
  },
  "0;3|8": {
    "kci": 0.3191805661993836
  },
  "0;3|9": {
    "kci": 0.29479339955998907
  },
  "0;4|1": {
    "kci": 0.15828392816013948
  },
  "0;4|2": {
    "kci": 0.1630163837794708
  },
  "0;4|3": {
    "kci": 0.06886452573648838
  },
  "0;4|5": {
    "kci": 0.09362871324529065
  },
  "0;4|6": {
    "kci": 0.4094630317025709
  },
  "0;4|7": {
    "kci": 0.02705534648531993
  },
  "0;4|8": {
    "kci": 0.2916406957873803
  },
  "0;4|9": {
    "kci": 0.04040964252190837
  },
  "0;5|1": {
    "kci": 0.11215092591719922
  },
  "0;5|2": {
    "kci": 0.2462509136711306
  },
  "0;5|3": {
    "kci": 0.17485133621213478
  },
  "0;5|4": {
    "kci": 0.13473591567080745
  },
  "0;5|6": {
    "kci": 0.08063075883800752
  },
  "0;5|7": {
    "kci": 0.3765197329662129
  },
  "0;5|8": {
    "kci": 0.10503759858777428
  },
  "0;5|9": {
    "kci": 0.1541043822047944
  },
  "0;6|1": {
    "kci": 0.2855696489367161
  },
  "0;6|2": {
    "kci": 0.46067970591769336
  },
  "0;6|3": {
    "kci": 0.1967584812826214
  },
  "0;6|4": {
    "kci": 0.07201774861476995
  },
  "0;6|5": {
    "kci": 0.2175598982535003
  },
  "0;6|7": {
    "kci": 0.2477339309460045
  },
  "0;6|8": {
    "kci": 0.3118401299400826
  },
  "0;6|9": {
    "kci": 0.05601852323577927
  },
  "0;7|1": {
    "kci": 2.7639224242648197e-11
  },
  "0;7|2": {
    "kci": 1.208948496866924e-10
  },
  "0;7|3": {
    "kci": 7.221349185293491e-09
  },
  "0;7|4": {
    "kci": 6.40928421447029e-11
  },
  "0;7|5": {
    "kci": 8.528320050160687e-09
  },
  "0;7|6": {
    "kci": 2.770224816206479e-08
  },
  "0;7|8": {
    "kci": 3.622475874820452e-09
  },
  "0;7|9": {
    "kci": 4.059352853857945e-10
  },
  "0;8|1": {
    "kci": 0.022170732151682193
  },
  "0;8|2": {
    "kci": 0.049019930259791344
  },
  "0;8|3": {
    "kci": 0.04343671144960903
  },
  "0;8|4": {
    "kci": 0.10432280273881012
  },
  "0;8|5": {
    "kci": 0.04544704656588483
  },
  "0;8|6": {
    "kci": 0.008594318501377152
  },
  "0;8|7": {
    "kci": 0.13981566211749707
  },
  "0;8|9": {
    "kci": 0.023058380277943047
  },
  "0;9|1": {
    "kci": 0.2058029867370823
  },
  "0;9|2": {
    "kci": 0.11226574123143918
  },
  "0;9|3": {
    "kci": 0.15704581186498856
  },
  "0;9|4": {
    "kci": 0.2965284175542763
  },
  "0;9|5": {
    "kci": 0.11312480739130837
  },
  "0;9|6": {
    "kci": 0.2811646468233038
  },
  "0;9|7": {
    "kci": 0.3930656462809652
  },
  "0;9|8": {
    "kci": 0.07177074771997227
  },
  "1;2|0": {
    "kci": 0.3164054676489536
  },
  "1;2|3": {
    "kci": 0.37536050560438006
  },
  "1;2|4": {
    "kci": 0.051958214824453064
  },
  "1;2|5": {
    "kci": 0.22143391641874444
  },
  "1;2|6": {
    "kci": 0.21749499609899092
  },
  "1;2|7": {
    "kci": 0.46563892514730465
  },
  "1;2|8": {
    "kci": 0.26019115005785476
  },
  "1;2|9": {
    "kci": 0.12010041935610949
  },
  "1;3|0": {
    "kci": 0.3355815815947063
  },
  "1;3|2": {
    "kci": 0.36077442854906583
  },
  "1;3|4": {
    "kci": 0.29931695247640644
  },
  "1;3|5": {
    "kci": 0.325858815010834
  },
  "1;3|6": {
    "kci": 0.34110578141449144
  },
  "1;3|7": {
    "kci": 0.36126943418496893
  },
  "1;3|8": {
    "kci": 0.3214524825557882
  },
  "1;3|9": {
    "kci": 0.32918792241484385
  },
  "1;4|0": {
    "kci": 0.007863225207836888
  },
  "1;4|2": {
    "kci": 0.010329706866956556
  },
  "1;4|3": {
    "kci": 0.009954464518149297
  },
  "1;4|5": {
    "kci": 0.045530958245148856
  },
  "1;4|6": {
    "kci": 0.05932941839904293
  },
  "1;4|7": {
    "kci": 0.0027340592885740644
  },
  "1;4|8": {
    "kci": 0.029580619016847387
  },
  "1;4|9": {
    "kci": 0.02129280656693533
  },
  "1;5|0": {
    "kci": 0.11073089214571386
  },
  "1;5|2": {
    "kci": 0.08353036975775696
  },
  "1;5|3": {
    "kci": 0.2147188704623597
  },
  "1;5|4": {
    "kci": 0.4694579589465879
  },
  "1;5|6": {
    "kci": 0.34514155924508716
  },
  "1;5|7": {
    "kci": 0.6826407805447054
  },
  "1;5|8": {
    "kci": 0.3446866249830327
  },
  "1;5|9": {
    "kci": 0.22668573492312538
  },
  "1;6|0": {
    "kci": 0.31243367066354455
  },
  "1;6|2": {
    "kci": 0.2941113707204289
  },
  "1;6|3": {
    "kci": 0.4830121720441617
  },
  "1;6|4": {
    "kci": 0.28570681295380385
  },
  "1;6|5": {
    "kci": 0.4824630067254506
  },
  "1;6|7": {
    "kci": 0.4269054982584718
  },
  "1;6|8": {
    "kci": 0.38752155689980183
  },
  "1;6|9": {
    "kci": 0.5529396585530069
  },
  "1;7|0": {
    "kci": 0.09749218745192467
  },
  "1;7|2": {
    "kci": 0.012732916990207621
  },
  "1;7|3": {
    "kci": 0.0448654047059438
  },
  "1;7|4": {
    "kci": 0.06564583306028371
  },
  "1;7|5": {
    "kci": 0.1384975928225105
  },
  "1;7|6": {
    "kci": 0.0234079810119584
  },
  "1;7|8": {
    "kci": 0.050962125737866515
  },
  "1;7|9": {
    "kci": 0.08371639985522128
  },
  "1;8|0": {
    "kci": 0.0906384171984671
  },
  "1;8|2": {
    "kci": 0.007839376416392763
  },
  "1;8|3": {
    "kci": 0.07825634613455223
  },
  "1;8|4": {
    "kci": 0.15247769518490095
  },
  "1;8|5": {
    "kci": 0.058488952154955864
  },