{
  "data_hash": "d89d727a105c5488567cd5cd63f73672",
  "0;1": {
    "d_separation": 0.0
  },
  "0;2": {
    "d_separation": 0.0
  },
  "0;3": {
    "d_separation": 0.0
  },
  "0;4": {
    "d_separation": 0.0
  },
  "0;5": {
    "d_separation": 0.0
  },
  "0;6": {
    "d_separation": 0.0
  },
  "0;7": {
    "d_separation": 0.0
  },
  "0;8": {
    "d_separation": 0.0
  },
  "0;9": {
    "d_separation": 0.0
  },
  "1;2": {
    "d_separation": 0.0
  },
  "1;3": {
    "d_separation": 0.0
  },
  "1;4": {
    "d_separation": 0.0
  },
  "1;5": {
    "d_separation": 0.0
  },
  "1;6": {
    "d_separation": 0.0
  },
  "1;7": {
    "d_separation": 0.0
  },
  "1;8": {
    "d_separation": 0.0
  },
  "1;9": {
    "d_separation": 0.0
  },
  "2;3": {
    "d_separation": 0.0
  },
  "2;4": {
    "d_separation": 0.0
  },
  "2;5": {
    "d_separation": 0.0
  },
  "2;6": {
    "d_separation": 0.0
  },
  "2;7": {
    "d_separation": 0.0
  },
  "2;8": {
    "d_separation": 0.0
  },
  "2;9": {
    "d_separation": 0.0
  },
  "3;4": {
    "d_separation": 0.0
  },
  "3;5": {
    "d_separation": 0.0
  },
  "3;6": {
    "d_separation": 0.0
  },
  "3;7": {
    "d_separation": 0.0
  },
  "3;8": {
    "d_separation": 0.0
  },
  "3;9": {
    "d_separation": 0.0
  },
  "4;5": {
    "d_separation": 0.0
  },
  "4;6": {
    "d_separation": 0.0
  },
  "4;7": {
    "d_separation": 0.0
  },
  "4;8": {
    "d_separation": 0.0
  },
  "4;9": {
    "d_separation": 0.0
  },
  "5;6": {
    "d_separation": 0.0
  },
  "5;7": {
    "d_separation": 0.0
  },
  "5;8": {
    "d_separation": 0.0
  },
  "5;9": {
    "d_separation": 0.0
  },
  "6;7": {
    "d_separation": 0.0
  },
  "6;8": {
    "d_separation": 0.0
  },
  "6;9": {
    "d_separation": 0.0
  },
  "7;8": {
    "d_separation": 0.0
  },
  "7;9": {
    "d_separation": 0.0
  },
  "8;9": {
    "d_separation": 0.0
  },
  "0;1|2": {
    "kci": 0.6999771155153645
  },
  "0;1|3": {
    "kci": 0.4778301131916395
  },
  "0;1|4": {
    "kci": 0.6635659689205717
  },
  "0;1|5": {
    "kci": 0.44796944733776445
  },
  "0;1|6": {
    "kci": 0.6695848692764612
  },
  "0;1|7": {
    "kci": 0.36693396936766787
  },
  "0;1|8": {
    "kci": 0.8659893022584542
  },
  "0;1|9": {
    "kci": 0.6214479421435513
  },
  "0;2|1": {
    "kci": 0.3025537633954075
  },
  "0;2|3": {
    "kci": 0.42555880156620973
  },
  "0;2|4": {
    "kci": 0.3585652996356725
  },
  "0;2|5": {
    "kci": 0.6332114994831313
  },
  "0;2|6": {
    "kci": 0.252656453760445
  },
  "0;2|7": {
    "kci": 0.26698167263383854
  },
  "0;2|8": {
    "kci": 0.4126519110587419
  },
  "0;2|9": {
    "kci": 0.25236407583446374
  },
  "0;3|1": {
    "kci": 0.0006243116739329535
  },
  "0;3|2": {
    "kci": 0.00034842438209770066
  },
  "0;3|4": {
    "kci": 0.0006085099110195724
  },
  "0;3|5": {
    "kci": 0.00017187235351523444
  },
  "0;3|6": {
    "kci": 0.00010184118602563075
  },
  "0;3|7": {
    "kci": 0.00019433334768237387
  },
  "0;3|8": {
    "kci": 0.0009845449873773227
  },
  "0;3|9": {
    "kci": 0.0001465581345733158
  },
  "0;4|1": {
    "kci": 0.36681610450613944
  },
  "0;4|2": {
    "kci": 0.2765834033533944
  },
  "0;4|3": {
    "kci": 0.38799932077627175
  },
  "0;4|5": {
    "kci": 0.33093033953023365
  },
  "0;4|6": {
    "kci": 0.2611939471099758
  },
  "0;4|7": {
    "kci": 0.503639427928608
  },
  "0;4|8": {
    "kci": 0.2084756275011701
  },
  "0;4|9": {
    "kci": 0.2814135671507587
  },
  "0;5|1": {
    "kci": 0.00012440719480377727
  },
  "0;5|2": {
    "kci": 2.7297535750481217e-05
  },
  "0;5|3": {
    "kci": 0.0023312083907992553
  },
  "0;5|4": {
    "kci": 1.6171779663953778e-05
  },
  "0;5|6": {
    "kci": 8.280406712912747e-05
  },
  "0;5|7": {
    "kci": 1.0783847526840695e-05
  },
  "0;5|8": {
    "kci": 0.00013043919471622534
  },
  "0;5|9": {
    "kci": 2.7925958921870553e-05
  },
  "0;6|1": {
    "kci": 0.1862994273551548
  },
  "0;6|2": {
    "kci": 0.20412970443353973
  },
  "0;6|3": {
    "kci": 0.4814583811090155
  },
  "0;6|4": {
    "kci": 0.15956119406744151
  },
  "0;6|5": {
    "kci": 0.32216487551065853
  },
  "0;6|7": {
    "kci": 0.12631245865502194
  },
  "0;6|8": {
    "kci": 0.2580992921678258
  },
  "0;6|9": {
    "kci": 0.18431649816969597
  },
  "0;7|1": {
    "kci": 1.1689485157617696e-08
  },
  "0;7|2": {
    "kci": 4.939609277165857e-09
  },
  "0;7|3": {
    "kci": 1.1876951200306962e-08
  },
  "0;7|4": {
    "kci": 5.774584421747164e-08
  },
  "0;7|5": {
    "kci": 1.1253785014986306e-08
  },
  "0;7|6": {
    "kci": 1.9506686710357712e-08
  },
  "0;7|8": {
    "kci": 1.5880363024578514e-07
  },
  "0;7|9": {
    "kci": 4.689349686337607e-09
  },
  "0;8|1": {
    "kci": 0.17283017422150582
  },
  "0;8|2": {
    "kci": 0.10048256619416351
  },
  "0;8|3": {
    "kci": 0.4629362676532217
  },
  "0;8|4": {
    "kci": 0.041610867359176185
  },
  "0;8|5": {
    "kci": 0.42754187725736803
  },
  "0;8|6": {
    "kci": 0.05647594648005494
  },
  "0;8|7": {
    "kci": 0.20957350511709494
  },
  "0;8|9": {
    "kci": 0.043626024629324966
  },
  "0;9|1": {
    "kci": 0.08228228683740713
  },
  "0;9|2": {
    "kci": 0.08452397156734781
  },
  "0;9|3": {
    "kci": 0.12457830096476319
  },
  "0;9|4": {
    "kci": 0.193408854177882
  },
  "0;9|5": {
    "kci": 0.1623473747733991
  },
  "0;9|6": {
    "kci": 0.16116951378428424
  },
  "0;9|7": {
    "kci": 0.35819381359790037
  },
  "0;9|8": {
    "kci": 0.11560949205401339
  },
  "1;2|0": {
    "kci": 0.03500324086725748
  },
  "1;2|3": {
    "kci": 0.11680878962968688
  },
  "1;2|4": {
    "kci": 0.0051136219219947154
  },
  "1;2|5": {
    "kci": 0.021153376920886702
  },
  "1;2|6": {
    "kci": 0.01003134342143297
  },
  "1;2|7": {
    "kci": 0.11930779922014734
  },
  "1;2|8": {
    "kci": 0.010423813726501363
  },
  "1;2|9": {
    "kci": 0.025219247464959182
  },
  "1;3|0": {
    "kci": 0.013225206938056289
  },
  "1;3|2": {
    "kci": 0.0034828111795743855
  },
  "1;3|4": {
    "kci": 0.007166384628796041
  },
  "1;3|5": {
    "kci": 0.05375088101494652
  },
  "1;3|6": {
    "kci": 0.004338418251101928
  },
  "1;3|7": {
    "kci": 0.00381933466236839
  },
  "1;3|8": {
    "kci": 0.017457182670338245
  },
  "1;3|9": {
    "kci": 0.0038394448223944
  },
  "1;4|0": {
    "kci": 0.09206814692920862
  },
  "1;4|2": {
    "kci": 0.1969508095174911
  },
  "1;4|3": {
    "kci": 0.2504886555846748
  },
  "1;4|5": {
    "kci": 0.26138921407889126
  },
  "1;4|6": {
    "kci": 0.28528942494033904
  },
  "1;4|7": {
    "kci": 0.11149962997579732
  },
  "1;4|8": {
    "kci": 0.1267518579925484
  },
  "1;4|9": {
    "kci": 0.21171395826260897
  },
  "1;5|0": {
    "kci": 0.0005565419169061281
  },
  "1;5|2": {
    "kci": 0.000505364154118948
  },
  "1;5|3": {
    "kci": 0.15772594431954035
  },
  "1;5|4": {
    "kci": 0.0016728055646765272
  },
  "1;5|6": {
    "kci": 0.004814263505271921
  },
  "1;5|7": {
    "kci": 0.0007138994555039302
  },
  "1;5|8": {
    "kci": 0.026354447083009935
  },
  "1;5|9": {
    "kci": 0.001312453358678023
  },
  "1;6|0": {
    "kci": 0.4914779589871535
  },
  "1;6|2": {
    "kci": 0.44676270335556556
  },
  "1;6|3": {
    "kci": 0.4850043092428574
  },
  "1;6|4": {
    "kci": 0.5240058308650404
  },
  "1;6|5": {
    "kci": 0.3994699719971708
  },
  "1;6|7": {
    "kci": 0.4693759193977517
  },
  "1;6|8": {
    "kci": 0.45437700905626444
  },
  "1;6|9": {
    "kci": 0.5415480533134682
  },
  "1;7|0": {
    "kci": 0.16540233801038506
  },
  "1;7|2": {
    "kci": 0.03863949072003736
  },
  "1;7|3": {
    "kci": 0.053831217386070884
  },
  "1;7|4": {
    "kci": 0.07605338687313623
  },
  "1;7|5": {
    "kci": 0.06257642449061518
  },
  "1;7|6": {
    "kci": 0.0557255959970252
  },
  "1;7|8": {
    "kci": 0.019253641999463333
  },
  "1;7|9": {
    "kci": 0.08848618461324387
  },
  "1;8|0": {
    "kci": 0.0007139029092320115
  },
  "1;8|2": {
    "kci": 0.0010326410798860985
  },
  "1;8|3": {
    "kci": 0.005797481424405726
  },
  "1;8|4": {
    "kci": 0.00024071369665146225
  },