{
  "data_hash": "da57abdef17539e0d5fbe1d3601c672d",
  "0;1": {
    "d_separation": 0.0
  },
  "0;2": {
    "d_separation": 0.0
  },
  "0;3": {
    "d_separation": 0.0
  },
  "0;4": {
    "d_separation": 0.0
  },
  "0;5": {
    "d_separation": 0.0
  },
  "0;6": {
    "d_separation": 0.0
  },
  "0;7": {
    "d_separation": 0.0
  },
  "0;8": {
    "d_separation": 0.0
  },
  "0;9": {
    "d_separation": 0.0
  },
  "1;2": {
    "d_separation": 0.0
  },
  "1;3": {
    "d_separation": 0.0
  },
  "1;4": {
    "d_separation": 0.0
  },
  "1;5": {
    "d_separation": 0.0
  },
  "1;6": {
    "d_separation": 0.0
  },
  "1;7": {
    "d_separation": 0.0
  },
  "1;8": {
    "d_separation": 0.0
  },
  "1;9": {
    "d_separation": 0.0
  },
  "2;3": {
    "d_separation": 0.0
  },
  "2;4": {
    "d_separation": 0.0
  },
  "2;5": {
    "d_separation": 0.0
  },
  "2;6": {
    "d_separation": 0.0
  },
  "2;7": {
    "d_separation": 0.0
  },
  "2;8": {
    "d_separation": 0.0
  },
  "2;9": {
    "d_separation": 0.0
  },
  "3;4": {
    "d_separation": 0.0
  },
  "3;5": {
    "d_separation": 0.0
  },
  "3;6": {
    "d_separation": 0.0
  },
  "3;7": {
    "d_separation": 0.0
  },
  "3;8": {
    "d_separation": 0.0
  },
  "3;9": {
    "d_separation": 0.0
  },
  "4;5": {
    "d_separation": 0.0
  },
  "4;6": {
    "d_separation": 0.0
  },
  "4;7": {
    "d_separation": 0.0
  },
  "4;8": {
    "d_separation": 0.0
  },
  "4;9": {
    "d_separation": 0.0
  },
  "5;6": {
    "d_separation": 0.0
  },
  "5;7": {
    "d_separation": 0.0
  },
  "5;8": {
    "d_separation": 0.0
  },
  "5;9": {
    "d_separation": 0.0
  },
  "6;7": {
    "d_separation": 0.0
  },
  "6;8": {
    "d_separation": 0.0
  },
  "6;9": {
    "d_separation": 0.0
  },
  "7;8": {
    "d_separation": 0.0
  },
  "7;9": {
    "d_separation": 0.0
  },
  "8;9": {
    "d_separation": 0.0
  },
  "0;1|2": {
    "kci": 0.06396806329014293
  },
  "0;1|3": {
    "kci": 0.08216167391643625
  },
  "0;1|4": {
    "kci": 0.09898193327004667
  },
  "0;1|5": {
    "kci": 0.03615963948776102
  },
  "0;1|6": {
    "kci": 0.012507998391512176
  },
  "0;1|7": {
    "kci": 0.13467976659422942
  },
  "0;1|8": {
    "kci": 0.018241164537087684
  },
  "0;1|9": {
    "kci": 0.49815119221071746
  },
  "0;2|1": {
    "kci": 0.06263116634010635
  },
  "0;2|3": {
    "kci": 0.0442488825814914
  },
  "0;2|4": {
    "kci": 0.03322005339807288
  },
  "0;2|5": {
    "kci": 0.4560044017990732
  },
  "0;2|6": {
    "kci": 0.38725629705262965
  },
  "0;2|7": {
    "kci": 0.05531349461838708
  },
  "0;2|8": {
    "kci": 0.015768386067278706
  },
  "0;2|9": {
    "kci": 0.05736672375691876
  },
  "0;3|1": {
    "kci": 0.0011935335465151908
  },
  "0;3|2": {
    "kci": 0.00025927073269671475
  },
  "0;3|4": {
    "kci": 0.00896818685555556
  },
  "0;3|5": {
    "kci": 0.0004934489662262731
  },
  "0;3|6": {
    "kci": 0.00010820682907974888
  },
  "0;3|7": {
    "kci": 0.005861015415337012
  },
  "0;3|8": {
    "kci": 0.005347321828614082
  },
  "0;3|9": {
    "kci": 0.004876272986504171
  },
  "0;4|1": {
    "kci": 0.07362241239779599
  },
  "0;4|2": {
    "kci": 0.02889245848912747
  },
  "0;4|3": {
    "kci": 0.046594276522681444
  },
  "0;4|5": {
    "kci": 0.08028451547152715
  },
  "0;4|6": {
    "kci": 0.05367875291049029
  },
  "0;4|7": {
    "kci": 0.03567925573310615
  },
  "0;4|8": {
    "kci": 0.2803432607072689
  },
  "0;4|9": {
    "kci": 0.4341433218949977
  },
  "0;5|1": {
    "kci": 6.681022401977543e-10
  },
  "0;5|2": {
    "kci": 5.070610598068015e-12
  },
  "0;5|3": {
    "kci": 3.1581358639343193e-09
  },
  "0;5|4": {
    "kci": 7.611200558699238e-11
  },
  "0;5|6": {
    "kci": 2.12763140439165e-11
  },
  "0;5|7": {
    "kci": 1.2031613039198419e-08
  },
  "0;5|8": {
    "kci": 1.5134504760538903e-10
  },
  "0;5|9": {
    "kci": 1.4032425221799372e-09
  },
  "0;6|1": {
    "kci": 0.01219048427680458
  },
  "0;6|2": {
    "kci": 0.0055418772946131956
  },
  "0;6|3": {
    "kci": 0.0018761634487038936
  },
  "0;6|4": {
    "kci": 0.006581974312382832
  },
  "0;6|5": {
    "kci": 0.23217505004784345
  },
  "0;6|7": {
    "kci": 0.018900513025054577
  },
  "0;6|8": {
    "kci": 4.514947322908913e-05
  },
  "0;6|9": {
    "kci": 0.027022214117877752
  },
  "0;7|1": {
    "kci": 2.176021839495057e-06
  },
  "0;7|2": {
    "kci": 1.894681450620439e-07
  },
  "0;7|3": {
    "kci": 3.3717904163621526e-05
  },
  "0;7|4": {
    "kci": 1.547127115086866e-06
  },
  "0;7|5": {
    "kci": 0.016565197249112762
  },
  "0;7|6": {
    "kci": 6.421283440527503e-07
  },
  "0;7|8": {
    "kci": 3.548428646360513e-06
  },
  "0;7|9": {
    "kci": 0.020953260629359316
  },
  "0;8|1": {
    "kci": 0.1947433260985587
  },
  "0;8|2": {
    "kci": 0.052115207339885505
  },
  "0;8|3": {
    "kci": 0.24578819837900379
  },
  "0;8|4": {
    "kci": 0.026866865271413243
  },
  "0;8|5": {
    "kci": 0.0786665156927695
  },
  "0;8|6": {
    "kci": 0.009049447440282354
  },
  "0;8|7": {
    "kci": 0.47730519506926083
  },
  "0;8|9": {
    "kci": 0.2584118572692491
  },
  "0;9|1": {
    "kci": 0.0031362422817912128
  },
  "0;9|2": {
    "kci": 5.697692689543565e-06
  },
  "0;9|3": {
    "kci": 0.001777956056747132
  },
  "0;9|4": {
    "kci": 0.0006251308767212249
  },
  "0;9|5": {
    "kci": 0.00014193193075751065
  },
  "0;9|6": {
    "kci": 3.7628618394514035e-06
  },
  "0;9|7": {
    "kci": 0.05742537168638839
  },
  "0;9|8": {
    "kci": 0.0004986848184843629
  },
  "1;2|0": {
    "kci": 0.008752023370522166
  },
  "1;2|3": {
    "kci": 0.033441338993076886
  },
  "1;2|4": {
    "kci": 0.013571857523856257
  },
  "1;2|5": {
    "kci": 0.03213319931915459
  },
  "1;2|6": {
    "kci": 0.07115883709268966
  },
  "1;2|7": {
    "kci": 0.019571879587965135
  },
  "1;2|8": {
    "kci": 0.1567852843557056
  },
  "1;2|9": {
    "kci": 0.4638682596313046
  },
  "1;3|0": {
    "kci": 0.0
  },
  "1;3|2": {
    "kci": 0.0
  },
  "1;3|4": {
    "kci": 0.0
  },
  "1;3|5": {
    "kci": 3.536590741370915e-07
  },
  "1;3|6": {
    "kci": 0.0
  },
  "1;3|7": {
    "kci": 0.002208167905247249
  },
  "1;3|8": {
    "kci": 0.0
  },
  "1;3|9": {
    "kci": 1.2223555501122974e-11
  },
  "1;4|0": {
    "kci": 0.054327992126936175
  },
  "1;4|2": {
    "kci": 0.04258888665177141
  },
  "1;4|3": {
    "kci": 0.037676865870159615
  },
  "1;4|5": {
    "kci": 0.010213913153341303
  },
  "1;4|6": {
    "kci": 0.09491762720839458
  },
  "1;4|7": {
    "kci": 0.005268648100736795
  },
  "1;4|8": {
    "kci": 0.017990079224430633
  },
  "1;4|9": {
    "kci": 0.08390245739958146
  },
  "1;5|0": {
    "kci": 1.1252665466088274e-11
  },
  "1;5|2": {
    "kci": 1.1688070955528929e-08
  },
  "1;5|3": {
    "kci": 0.001443029902202908
  },
  "1;5|4": {
    "kci": 2.105438623445366e-08
  },
  "1;5|6": {
    "kci": 1.779687508474126e-12
  },
  "1;5|7": {
    "kci": 0.0007090459101970481
  },
  "1;5|8": {
    "kci": 3.711405405226742e-09
  },
  "1;5|9": {
    "kci": 1.8895155860398916e-05
  },
  "1;6|0": {
    "kci": 0.18750485455673938
  },
  "1;6|2": {
    "kci": 0.617116561225149
  },
  "1;6|3": {
    "kci": 0.09114262075106261
  },
  "1;6|4": {
    "kci": 0.4584074747561102
  },
  "1;6|5": {
    "kci": 0.006554440715766607
  },
  "1;6|7": {
    "kci": 0.09522869870417594
  },
  "1;6|8": {
    "kci": 0.345171476096349
  },
  "1;6|9": {
    "kci": 0.055562357989770605
  },
  "1;7|0": {
    "kci": 0.0
  },
  "1;7|2": {
    "kci": 0.0
  },
  "1;7|3": {
    "kci": 7.694956804193964e-06
  },
  "1;7|4": {
    "kci": 0.0
  },
  "1;7|5": {
    "kci": 5.218048215738236e-15
  },
  "1;7|6": {
    "kci": 0.0
  },
  "1;7|8": {
    "kci": 0.0
  },
  "1;7|9": {
    "kci": 2.6645352591003757e-15
  },
  "1;8|0": {
    "kci": 0.00417593995702259
  },
  "1;8|2": {
    "kci": 0.04359120414393747
  },
  "1;8|3": {
    "kci": 0.009078866568259625
  },
  "1;8|4": {
    "kci": 0.08147333016779712
  },
  "1;8|5": {
    "kci": 0.003442404953475253
  },
  "1;8|6": {
    "kci": 0.027701125631986567
  },