{
  "data_hash": "daca1ca0232d06cae8c7360080b7bf3f",
  "0;1": {
    "d_separation": 0.0
  },
  "0;2": {
    "d_separation": 0.0
  },
  "0;3": {
    "d_separation": 0.0
  },
  "0;4": {
    "d_separation": 0.0
  },
  "0;5": {
    "d_separation": 0.0
  },
  "0;6": {
    "d_separation": 0.0
  },
  "0;7": {
    "d_separation": 0.0
  },
  "0;8": {
    "d_separation": 0.0
  },
  "0;9": {
    "d_separation": 0.0
  },
  "1;2": {
    "d_separation": 0.0
  },
  "1;3": {
    "d_separation": 0.0
  },
  "1;4": {
    "d_separation": 0.0
  },
  "1;5": {
    "d_separation": 1.0
  },
  "1;6": {
    "d_separation": 0.0
  },
  "1;7": {
    "d_separation": 0.0
  },
  "1;8": {
    "d_separation": 0.0
  },
  "1;9": {
    "d_separation": 0.0
  },
  "2;3": {
    "d_separation": 0.0
  },
  "2;4": {
    "d_separation": 0.0
  },
  "2;5": {
    "d_separation": 0.0
  },
  "2;6": {
    "d_separation": 0.0
  },
  "2;7": {
    "d_separation": 0.0
  },
  "2;8": {
    "d_separation": 0.0
  },
  "2;9": {
    "d_separation": 0.0
  },
  "3;4": {
    "d_separation": 0.0
  },
  "3;5": {
    "d_separation": 0.0
  },
  "3;6": {
    "d_separation": 0.0
  },
  "3;7": {
    "d_separation": 0.0
  },
  "3;8": {
    "d_separation": 0.0
  },
  "3;9": {
    "d_separation": 0.0
  },
  "4;5": {
    "d_separation": 1.0
  },
  "4;6": {
    "d_separation": 0.0
  },
  "4;7": {
    "d_separation": 0.0
  },
  "4;8": {
    "d_separation": 0.0
  },
  "4;9": {
    "d_separation": 0.0
  },
  "5;6": {
    "d_separation": 1.0
  },
  "5;7": {
    "d_separation": 0.0
  },
  "5;8": {
    "d_separation": 1.0
  },
  "5;9": {
    "d_separation": 0.0
  },
  "6;7": {
    "d_separation": 0.0
  },
  "6;8": {
    "d_separation": 0.0
  },
  "6;9": {
    "d_separation": 0.0
  },
  "7;8": {
    "d_separation": 0.0
  },
  "7;9": {
    "d_separation": 0.0
  },
  "8;9": {
    "d_separation": 0.0
  },
  "0;1|2": {
    "kci": 0.3119924699986629
  },
  "0;1|3": {
    "kci": 0.3204041425424198
  },
  "0;1|4": {
    "kci": 0.28846887745838545
  },
  "0;1|5": {
    "kci": 0.3641472646121363
  },
  "0;1|6": {
    "kci": 0.3866236815558123
  },
  "0;1|7": {
    "kci": 0.3602931861345404
  },
  "0;1|8": {
    "kci": 0.37741288022212993
  },
  "0;1|9": {
    "kci": 0.32680358511540153
  },
  "0;2|1": {
    "kci": 0.5193538238899433
  },
  "0;2|3": {
    "kci": 0.3785495417786573
  },
  "0;2|4": {
    "kci": 0.39125849152770154
  },
  "0;2|5": {
    "kci": 0.36308822916958394
  },
  "0;2|6": {
    "kci": 0.46695682742936784
  },
  "0;2|7": {
    "kci": 0.3428139810501071
  },
  "0;2|8": {
    "kci": 0.41915025870183
  },
  "0;2|9": {
    "kci": 0.42790340411736183
  },
  "0;3|1": {
    "kci": 0.02310439934665587
  },
  "0;3|2": {
    "kci": 0.05459236569499948
  },
  "0;3|4": {
    "kci": 0.05391842973236327
  },
  "0;3|5": {
    "kci": 0.0732828413671307
  },
  "0;3|6": {
    "kci": 0.04858319204508299
  },
  "0;3|7": {
    "kci": 0.03230552527454489
  },
  "0;3|8": {
    "kci": 0.0862292981870656
  },
  "0;3|9": {
    "kci": 0.034133331050018145
  },
  "0;4|1": {
    "kci": 0.27792312428986055
  },
  "0;4|2": {
    "kci": 0.28684010495042966
  },
  "0;4|3": {
    "kci": 0.18893764453404926
  },
  "0;4|5": {
    "kci": 0.23612622927631388
  },
  "0;4|6": {
    "kci": 0.36511567126603783
  },
  "0;4|7": {
    "kci": 0.2156775430237965
  },
  "0;4|8": {
    "kci": 0.2544637171699604
  },
  "0;4|9": {
    "kci": 0.19379186892382316
  },
  "0;5|1": {
    "kci": 0.5321735396710361
  },
  "0;5|2": {
    "kci": 0.5368155308899145
  },
  "0;5|3": {
    "kci": 0.4664032870179041
  },
  "0;5|4": {
    "kci": 0.5150023741638865
  },
  "0;5|6": {
    "kci": 0.5852573297466028
  },
  "0;5|7": {
    "kci": 0.4481893054893531
  },
  "0;5|8": {
    "kci": 0.5758920789839487
  },
  "0;5|9": {
    "kci": 0.37113966627792205
  },
  "0;6|1": {
    "kci": 0.31177821149777896
  },
  "0;6|2": {
    "kci": 0.4126428931388457
  },
  "0;6|3": {
    "kci": 0.3350358114190013
  },
  "0;6|4": {
    "kci": 0.17833207340924395
  },
  "0;6|5": {
    "kci": 0.2446031617628296
  },
  "0;6|7": {
    "kci": 0.28513567816766416
  },
  "0;6|8": {
    "kci": 0.38820494782707815
  },
  "0;6|9": {
    "kci": 0.27564364394352925
  },
  "0;7|1": {
    "kci": 0.14011943427604112
  },
  "0;7|2": {
    "kci": 0.3735828971355888
  },
  "0;7|3": {
    "kci": 0.10624303133720314
  },
  "0;7|4": {
    "kci": 0.13145438577198199
  },
  "0;7|5": {
    "kci": 0.17340497736012117
  },
  "0;7|6": {
    "kci": 0.17466843911609908
  },
  "0;7|8": {
    "kci": 0.15263714169005937
  },
  "0;7|9": {
    "kci": 0.0849967411067426
  },
  "0;8|1": {
    "kci": 0.7419033581209834
  },
  "0;8|2": {
    "kci": 0.6815489640098971
  },
  "0;8|3": {
    "kci": 0.7414262762542105
  },
  "0;8|4": {
    "kci": 0.683064418886067
  },
  "0;8|5": {
    "kci": 0.7875572354109028
  },
  "0;8|6": {
    "kci": 0.6239909852465905
  },
  "0;8|7": {
    "kci": 0.771783381506178
  },
  "0;8|9": {
    "kci": 0.7305680889453421
  },
  "0;9|1": {
    "kci": 0.2729709098825188
  },
  "0;9|2": {
    "kci": 0.20971410798253176
  },
  "0;9|3": {
    "kci": 0.34347388640143695
  },
  "0;9|4": {
    "kci": 0.3481582564299568
  },
  "0;9|5": {
    "kci": 0.2535594338419912
  },
  "0;9|6": {
    "kci": 0.23597779811719732
  },
  "0;9|7": {
    "kci": 0.35467112053448524
  },
  "0;9|8": {
    "kci": 0.1472521156311246
  },
  "1;2|0": {
    "kci": 0.4110021245187633
  },
  "1;2|3": {
    "kci": 0.218839323443349
  },
  "1;2|4": {
    "kci": 0.24906483716760575
  },
  "1;2|6": {
    "kci": 0.23869026162332474
  },
  "1;2|7": {
    "kci": 0.24511091659997586
  },
  "1;2|8": {
    "kci": 0.2655180418316706
  },
  "1;2|9": {
    "kci": 0.2609007231053837
  },
  "1;3|0": {
    "kci": 0.16479904354668717
  },
  "1;3|2": {
    "kci": 0.1509220530569031
  },
  "1;3|4": {
    "kci": 0.2356378240913729
  },
  "1;3|6": {
    "kci": 0.1461523481482041
  },
  "1;3|7": {
    "kci": 0.21597449844975802
  },
  "1;3|8": {
    "kci": 0.1894725161542825
  },
  "1;3|9": {
    "kci": 0.2169447682206207
  },
  "1;4|0": {
    "kci": 0.16450267138346641
  },
  "1;4|2": {
    "kci": 0.0748214652840542
  },
  "1;4|3": {
    "kci": 0.16375240457161389
  },
  "1;4|6": {
    "kci": 0.22649571320117934
  },
  "1;4|7": {
    "kci": 0.16842162783910286
  },
  "1;4|8": {
    "kci": 0.23952574873780352
  },
  "1;4|9": {
    "kci": 0.1488587200080277
  },
  "1;6|0": {
    "kci": 0.4436334828817071
  },
  "1;6|2": {
    "kci": 0.35190491872151175
  },
  "1;6|3": {
    "kci": 0.14676410304253484
  },
  "1;6|4": {
    "kci": 0.05065356032263979
  },
  "1;6|7": {
    "kci": 0.15793557537518477
  },
  "1;6|8": {
    "kci": 0.10228279179583089
  },
  "1;6|9": {
    "kci": 0.13426810654572463
  },
  "1;7|0": {
    "kci": 0.42069596152773914
  },
  "1;7|2": {
    "kci": 0.34807731777601725
  },
  "1;7|3": {
    "kci": 0.38796383260194056
  },
  "1;7|4": {
    "kci": 0.40182216013412386
  },
  "1;7|6": {
    "kci": 0.4183112998790942
  },
  "1;7|8": {
    "kci": 0.42653478524593946
  },
  "1;7|9": {
    "kci": 0.38680988194730004
  },
  "1;8|0": {
    "kci": 0.28283335771861096
  },
  "1;8|2": {
    "kci": 0.3281585236222374
  },
  "1;8|3": {
    "kci": 0.10332850397939286
  },
  "1;8|4": {
    "kci": 0.22712120618386056
  },
  "1;8|6": {
    "kci": 0.15809658605445764
  },
  "1;8|7": {
    "kci": 0.2186672267972385
  },
  "1;8|9": {
    "kci": 0.18557814750594182
  },
  "1;9|0": {
    "kci": 0.19457112649184394
  },
  "1;9|2": {
    "kci": 0.5640415007083729
  },
  "1;9|3": {
    "kci": 0.3564250223428441
  },
  "1;9|4": {
    "kci": 0.38279875221602955
  },
  "1;9|6": {
    "kci": 0.10111805554253828
  },
  "1;9|7": {
    "kci": 0.44452771441438577
  },
  "1;9|8": {
    "kci": 0.43993133557425446
  },
  "1;2|5": {
    "kci": 0.40267787661366894
  },
  "2;3|0": {
    "kci": 0.47704669524940624
  },
  "2;3|1": {
    "kci": 0.4511448629521193
  },
  "2;3|4": {
    "kci": 0.4860395016097041
  },
  "2;3|5": {
    "kci": 0.43006846115967845
  },