{
  "data_hash": "db03ddd19a9066fa5a327e719c609345",
  "0;1": {
    "d_separation": 0.0
  },
  "0;2": {
    "d_separation": 0.0
  },
  "0;3": {
    "d_separation": 0.0
  },
  "0;4": {
    "d_separation": 0.0
  },
  "0;5": {
    "d_separation": 0.0
  },
  "0;6": {
    "d_separation": 0.0
  },
  "0;7": {
    "d_separation": 0.0
  },
  "0;8": {
    "d_separation": 0.0
  },
  "0;9": {
    "d_separation": 0.0
  },
  "1;2": {
    "d_separation": 0.0
  },
  "1;3": {
    "d_separation": 0.0
  },
  "1;4": {
    "d_separation": 0.0
  },
  "1;5": {
    "d_separation": 0.0
  },
  "1;6": {
    "d_separation": 0.0
  },
  "1;7": {
    "d_separation": 0.0
  },
  "1;8": {
    "d_separation": 0.0
  },
  "1;9": {
    "d_separation": 0.0
  },
  "2;3": {
    "d_separation": 0.0
  },
  "2;4": {
    "d_separation": 0.0
  },
  "2;5": {
    "d_separation": 0.0
  },
  "2;6": {
    "d_separation": 0.0
  },
  "2;7": {
    "d_separation": 0.0
  },
  "2;8": {
    "d_separation": 0.0
  },
  "2;9": {
    "d_separation": 0.0
  },
  "3;4": {
    "d_separation": 0.0
  },
  "3;5": {
    "d_separation": 0.0
  },
  "3;6": {
    "d_separation": 0.0
  },
  "3;7": {
    "d_separation": 0.0
  },
  "3;8": {
    "d_separation": 0.0
  },
  "3;9": {
    "d_separation": 0.0
  },
  "4;5": {
    "d_separation": 0.0
  },
  "4;6": {
    "d_separation": 0.0
  },
  "4;7": {
    "d_separation": 0.0
  },
  "4;8": {
    "d_separation": 0.0
  },
  "4;9": {
    "d_separation": 0.0
  },
  "5;6": {
    "d_separation": 0.0
  },
  "5;7": {
    "d_separation": 0.0
  },
  "5;8": {
    "d_separation": 0.0
  },
  "5;9": {
    "d_separation": 0.0
  },
  "6;7": {
    "d_separation": 0.0
  },
  "6;8": {
    "d_separation": 0.0
  },
  "6;9": {
    "d_separation": 0.0
  },
  "7;8": {
    "d_separation": 0.0
  },
  "7;9": {
    "d_separation": 0.0
  },
  "8;9": {
    "d_separation": 0.0
  },
  "0;1|2": {
    "kci": 2.0779081788546705e-09
  },
  "0;1|3": {
    "kci": 0.022179506992944575
  },
  "0;1|4": {
    "kci": 1.4867054254352752e-09
  },
  "0;1|5": {
    "kci": 0.019816713368250194
  },
  "0;1|6": {
    "kci": 3.514325497278037e-10
  },
  "0;1|7": {
    "kci": 1.5012824317039986e-09
  },
  "0;1|8": {
    "kci": 1.741200905680529e-08
  },
  "0;1|9": {
    "kci": 1.625962697815453e-10
  },
  "0;2|1": {
    "kci": 0.5312272392730149
  },
  "0;2|3": {
    "kci": 0.3075270169032903
  },
  "0;2|4": {
    "kci": 0.4497175202111947
  },
  "0;2|5": {
    "kci": 0.509113332872261
  },
  "0;2|6": {
    "kci": 0.3887570466220811
  },
  "0;2|7": {
    "kci": 0.4354970464131992
  },
  "0;2|8": {
    "kci": 0.4244749653759017
  },
  "0;2|9": {
    "kci": 0.4350917630696688
  },
  "0;3|1": {
    "kci": 4.0319836358548855e-10
  },
  "0;3|2": {
    "kci": 2.3314683517128287e-15
  },
  "0;3|4": {
    "kci": 1.887379141862766e-15
  },
  "0;3|5": {
    "kci": 1.6066347363619116e-08
  },
  "0;3|6": {
    "kci": 2.220446049250313e-16
  },
  "0;3|7": {
    "kci": 1.1102230246251565e-16
  },
  "0;3|8": {
    "kci": 5.970779426434092e-13
  },
  "0;3|9": {
    "kci": 1.9984014443252818e-15
  },
  "0;4|1": {
    "kci": 0.43155546976952097
  },
  "0;4|2": {
    "kci": 0.39757005145425195
  },
  "0;4|3": {
    "kci": 0.513534337642736
  },
  "0;4|5": {
    "kci": 0.35198015213490974
  },
  "0;4|6": {
    "kci": 0.222726996295336
  },
  "0;4|7": {
    "kci": 0.18947607294324498
  },
  "0;4|8": {
    "kci": 0.3550241063497821
  },
  "0;4|9": {
    "kci": 0.3303847655368253
  },
  "0;5|1": {
    "kci": 6.320943768400866e-12
  },
  "0;5|2": {
    "kci": 1.509568026136776e-10
  },
  "0;5|3": {
    "kci": 1.6147305714753202e-11
  },
  "0;5|4": {
    "kci": 2.5100033163028e-11
  },
  "0;5|6": {
    "kci": 3.3522074005531977e-12
  },
  "0;5|7": {
    "kci": 4.504285833206723e-12
  },
  "0;5|8": {
    "kci": 2.1456847409950797e-10
  },
  "0;5|9": {
    "kci": 6.628808613129422e-12
  },
  "0;6|1": {
    "kci": 0.48820121949371376
  },
  "0;6|2": {
    "kci": 0.6262840399777792
  },
  "0;6|3": {
    "kci": 0.46543341864254995
  },
  "0;6|4": {
    "kci": 0.4514993336833837
  },
  "0;6|5": {
    "kci": 0.5649433223447857
  },
  "0;6|7": {
    "kci": 0.5257902177806411
  },
  "0;6|8": {
    "kci": 0.6440247911033519
  },
  "0;6|9": {
    "kci": 0.6677322515856283
  },
  "0;7|1": {
    "kci": 0.1306239202344045
  },
  "0;7|2": {
    "kci": 0.054283456252514406
  },
  "0;7|3": {
    "kci": 1.7133466651331197e-05
  },
  "0;7|4": {
    "kci": 0.019883062122191153
  },
  "0;7|5": {
    "kci": 0.044760105009052364
  },
  "0;7|6": {
    "kci": 0.04347380006719903
  },
  "0;7|8": {
    "kci": 0.02531539079466305
  },
  "0;7|9": {
    "kci": 0.03748910872949618
  },
  "0;8|1": {
    "kci": 0.05238591045886931
  },
  "0;8|2": {
    "kci": 0.009670016604203857
  },
  "0;8|3": {
    "kci": 0.06580409263934872
  },
  "0;8|4": {
    "kci": 0.01341685892328226
  },
  "0;8|5": {
    "kci": 0.011630888019604213
  },
  "0;8|6": {
    "kci": 0.020446752697466986
  },
  "0;8|7": {
    "kci": 0.005989760561316171
  },
  "0;8|9": {
    "kci": 0.03944282877311234
  },
  "0;9|1": {
    "kci": 0.0413829004489108
  },
  "0;9|2": {
    "kci": 0.5900561374544571
  },
  "0;9|3": {
    "kci": 0.6008299231560473
  },
  "0;9|4": {
    "kci": 0.5929985743267749
  },
  "0;9|5": {
    "kci": 0.5379112497776587
  },
  "0;9|6": {
    "kci": 0.5500080749649392
  },
  "0;9|7": {
    "kci": 0.40423205696477904
  },
  "0;9|8": {
    "kci": 0.591384543068457
  },
  "1;2|0": {
    "kci": 0.3197177530411024
  },
  "1;2|3": {
    "kci": 0.35955717947619015
  },
  "1;2|4": {
    "kci": 0.21356673315570784
  },
  "1;2|5": {
    "kci": 0.1877706872954915
  },
  "1;2|6": {
    "kci": 0.14116642476791164
  },
  "1;2|7": {
    "kci": 0.3007564750316569
  },
  "1;2|8": {
    "kci": 0.2997437157736239
  },
  "1;2|9": {
    "kci": 0.21241553291127047
  },
  "1;3|0": {
    "kci": 1.805284042810662e-06
  },
  "1;3|2": {
    "kci": 6.217248937900877e-15
  },
  "1;3|4": {
    "kci": 1.2212453270876722e-15
  },
  "1;3|5": {
    "kci": 8.146776031559e-09
  },
  "1;3|6": {
    "kci": 2.6645352591003757e-15
  },
  "1;3|7": {
    "kci": 6.661338147750939e-16
  },
  "1;3|8": {
    "kci": 1.9518830995934877e-12
  },
  "1;3|9": {
    "kci": 5.662137425588298e-15
  },
  "1;4|0": {
    "kci": 0.3195044360373822
  },
  "1;4|2": {
    "kci": 0.3206096282646138
  },
  "1;4|3": {
    "kci": 0.0834807268738238
  },
  "1;4|5": {
    "kci": 0.14618679784277933
  },
  "1;4|6": {
    "kci": 0.22287823834164466
  },
  "1;4|7": {
    "kci": 0.15789021235352496
  },
  "1;4|8": {
    "kci": 0.32833992262705136
  },
  "1;4|9": {
    "kci": 0.2530780067039373
  },
  "1;5|0": {
    "kci": 0.04646964709076851
  },
  "1;5|2": {
    "kci": 0.00046262183759393505
  },
  "1;5|3": {
    "kci": 0.2455790462570454
  },
  "1;5|4": {
    "kci": 0.0007841329946720599
  },
  "1;5|6": {
    "kci": 9.567004043942173e-05
  },
  "1;5|7": {
    "kci": 0.0006765695166627284
  },
  "1;5|8": {
    "kci": 0.0020183592567694086
  },
  "1;5|9": {
    "kci": 1.5081218990742329e-05
  },
  "1;6|0": {
    "kci": 0.5610219794982472
  },
  "1;6|2": {
    "kci": 0.7695768302498953
  },
  "1;6|3": {
    "kci": 0.5798169221960707
  },
  "1;6|4": {
    "kci": 0.7460014195263283
  },
  "1;6|5": {
    "kci": 0.6426198280928717
  },
  "1;6|7": {
    "kci": 0.7919990451598007
  },
  "1;6|8": {
    "kci": 0.5138715121454976
  },
  "1;6|9": {
    "kci": 0.6619343480807647
  },
  "1;7|0": {
    "kci": 0.30516610349091833
  },
  "1;7|2": {
    "kci": 0.20171040904815085
  },
  "1;7|3": {
    "kci": 0.07345649732156423
  },
  "1;7|4": {
    "kci": 0.0953947742752933
  },
  "1;7|5": {
    "kci": 0.3058321133766009
  },
  "1;7|6": {
    "kci": 0.11278929205237165
  },
  "1;7|8": {
    "kci": 0.0906438617124058
  },
  "1;7|9": {
    "kci": 0.1605227598157224
  },
  "1;8|0": {
    "kci": 0.06373960437954651
  },
  "1;8|2": {
    "kci": 0.01790883194893078
  },
  "1;8|3": {
    "kci": 0.029073092645859333
  },
  "1;8|4": {
    "kci": 0.03511466447067213
  },