{
  "data_hash": "dbbf85c576caff9db39c9762c4a311cb",
  "0;1": {
    "d_separation": 0.0
  },
  "0;2": {
    "d_separation": 0.0
  },
  "0;3": {
    "d_separation": 0.0
  },
  "0;4": {
    "d_separation": 0.0
  },
  "0;5": {
    "d_separation": 0.0
  },
  "0;6": {
    "d_separation": 0.0
  },
  "0;7": {
    "d_separation": 0.0
  },
  "0;8": {
    "d_separation": 0.0
  },
  "0;9": {
    "d_separation": 0.0
  },
  "1;2": {
    "d_separation": 0.0
  },
  "1;3": {
    "d_separation": 0.0
  },
  "1;4": {
    "d_separation": 0.0
  },
  "1;5": {
    "d_separation": 0.0
  },
  "1;6": {
    "d_separation": 0.0
  },
  "1;7": {
    "d_separation": 0.0
  },
  "1;8": {
    "d_separation": 0.0
  },
  "1;9": {
    "d_separation": 0.0
  },
  "2;3": {
    "d_separation": 0.0
  },
  "2;4": {
    "d_separation": 0.0
  },
  "2;5": {
    "d_separation": 0.0
  },
  "2;6": {
    "d_separation": 0.0
  },
  "2;7": {
    "d_separation": 0.0
  },
  "2;8": {
    "d_separation": 0.0
  },
  "2;9": {
    "d_separation": 0.0
  },
  "3;4": {
    "d_separation": 0.0
  },
  "3;5": {
    "d_separation": 0.0
  },
  "3;6": {
    "d_separation": 0.0
  },
  "3;7": {
    "d_separation": 0.0
  },
  "3;8": {
    "d_separation": 0.0
  },
  "3;9": {
    "d_separation": 0.0
  },
  "4;5": {
    "d_separation": 0.0
  },
  "4;6": {
    "d_separation": 0.0
  },
  "4;7": {
    "d_separation": 0.0
  },
  "4;8": {
    "d_separation": 1.0
  },
  "4;9": {
    "d_separation": 0.0
  },
  "5;6": {
    "d_separation": 0.0
  },
  "5;7": {
    "d_separation": 0.0
  },
  "5;8": {
    "d_separation": 1.0
  },
  "5;9": {
    "d_separation": 0.0
  },
  "6;7": {
    "d_separation": 0.0
  },
  "6;8": {
    "d_separation": 0.0
  },
  "6;9": {
    "d_separation": 0.0
  },
  "7;8": {
    "d_separation": 0.0
  },
  "7;9": {
    "d_separation": 0.0
  },
  "8;9": {
    "d_separation": 0.0
  },
  "0;1|2": {
    "fisherz": 0.8882169028190885
  },
  "0;1|3": {
    "fisherz": 0.9138099053070057
  },
  "0;1|4": {
    "fisherz": 0.9288734211219127
  },
  "0;1|5": {
    "fisherz": 0.7621864549829329
  },
  "0;1|6": {
    "fisherz": 0.906846414320388
  },
  "0;1|7": {
    "fisherz": 0.8728166252705214
  },
  "0;1|8": {
    "fisherz": 0.8475690448724127
  },
  "0;1|9": {
    "fisherz": 0.9846356489537227
  },
  "0;2|1": {
    "fisherz": 0.6436615504766865
  },
  "0;2|3": {
    "fisherz": 0.6682783067161877
  },
  "0;2|4": {
    "fisherz": 0.657912656751543
  },
  "0;2|5": {
    "fisherz": 0.5526130802567406
  },
  "0;2|6": {
    "fisherz": 0.6485918832270714
  },
  "0;2|7": {
    "fisherz": 0.6028061731113816
  },
  "0;2|8": {
    "fisherz": 0.7014770413598739
  },
  "0;2|9": {
    "fisherz": 0.6373918782322496
  },
  "0;3|1": {
    "fisherz": 0.4211326186230271
  },
  "0;3|2": {
    "fisherz": 0.4292623664678912
  },
  "0;3|4": {
    "fisherz": 0.5429644117355394
  },
  "0;3|5": {
    "fisherz": 0.4307511954299226
  },
  "0;3|6": {
    "fisherz": 0.4118969935976402
  },
  "0;3|7": {
    "fisherz": 0.3994436321282693
  },
  "0;3|8": {
    "fisherz": 0.44028159591188265
  },
  "0;3|9": {
    "fisherz": 0.4087328967752102
  },
  "0;4|1": {
    "fisherz": 0.27307603505812805
  },
  "0;4|2": {
    "fisherz": 0.27430391796000464
  },
  "0;4|3": {
    "fisherz": 0.33547626915331885
  },
  "0;4|5": {
    "fisherz": 0.2192146351668971
  },
  "0;4|6": {
    "fisherz": 0.27494793714455934
  },
  "0;4|7": {
    "fisherz": 0.26341687552544313
  },
  "0;4|8": {
    "fisherz": 0.2703728279120079
  },
  "0;4|9": {
    "fisherz": 0.25656867523154947
  },
  "0;5|1": {
    "fisherz": 0.010442304151568438
  },
  "0;5|2": {
    "fisherz": 0.01005355453525869
  },
  "0;5|3": {
    "fisherz": 0.011092176802047105
  },
  "0;5|4": {
    "fisherz": 0.009196084707856267
  },
  "0;5|6": {
    "fisherz": 0.011277310596330414
  },
  "0;5|7": {
    "fisherz": 0.00791729197075175
  },
  "0;5|8": {
    "fisherz": 0.011721045898115401
  },
  "0;5|9": {
    "fisherz": 0.012880727290108807
  },
  "0;6|1": {
    "fisherz": 0.7994899734575549
  },
  "0;6|2": {
    "fisherz": 0.7998536054410703
  },
  "0;6|3": {
    "fisherz": 0.7658603401099213
  },
  "0;6|4": {
    "fisherz": 0.8239778747016011
  },
  "0;6|5": {
    "fisherz": 0.9327253281648107
  },
  "0;6|7": {
    "fisherz": 0.8921638448042333
  },
  "0;6|8": {
    "fisherz": 0.7691380441988358
  },
  "0;6|9": {
    "fisherz": 0.8090361022290886
  },
  "0;7|1": {
    "fisherz": 0.10329747032494874
  },
  "0;7|2": {
    "fisherz": 0.10003288835875646
  },
  "0;7|3": {
    "fisherz": 0.10016167131962539
  },
  "0;7|4": {
    "fisherz": 0.10124993454833597
  },
  "0;7|5": {
    "fisherz": 0.07313627732483852
  },
  "0;7|6": {
    "fisherz": 0.10716420048408892
  },
  "0;7|8": {
    "fisherz": 0.09413921669953984
  },
  "0;7|9": {
    "fisherz": 0.15079892882921664
  },
  "0;8|1": {
    "fisherz": 0.44649782476942046
  },
  "0;8|2": {
    "fisherz": 0.4816016315634166
  },
  "0;8|3": {
    "fisherz": 0.47832780039516387
  },
  "0;8|4": {
    "fisherz": 0.4526014857062155
  },
  "0;8|5": {
    "fisherz": 0.5115056698304188
  },
  "0;8|6": {
    "fisherz": 0.44713990254258107
  },
  "0;8|7": {
    "fisherz": 0.3974855935218693
  },
  "0;8|9": {
    "fisherz": 0.4041902201017824
  },
  "0;9|1": {
    "fisherz": 0.4311697376933967
  },
  "0;9|2": {
    "fisherz": 0.4210913160476899
  },
  "0;9|3": {
    "fisherz": 0.4143248603885388
  },
  "0;9|4": {
    "fisherz": 0.3984033758737604
  },
  "0;9|5": {
    "fisherz": 0.5585615462341711
  },
  "0;9|6": {
    "fisherz": 0.42850006930580475
  },
  "0;9|7": {
    "fisherz": 0.8109341505103647
  },
  "0;9|8": {
    "fisherz": 0.3794138816326229
  },
  "1;2|0": {
    "fisherz": 0.5415900374900104
  },
  "1;2|3": {
    "fisherz": 0.5388363976703949
  },
  "1;2|4": {
    "fisherz": 0.5404338759630547
  },
  "1;2|5": {
    "fisherz": 0.5106331409968226
  },
  "1;2|6": {
    "fisherz": 0.5437360217697378
  },
  "1;2|7": {
    "fisherz": 0.5359494527404345
  },
  "1;2|8": {
    "fisherz": 0.6344041458709486
  },
  "1;2|9": {
    "fisherz": 0.5616701607489591
  },
  "1;3|0": {
    "fisherz": 0.8324425991193103
  },
  "1;3|2": {
    "fisherz": 0.8098430591270902
  },
  "1;3|4": {
    "fisherz": 0.8860164748954169
  },
  "1;3|5": {
    "fisherz": 0.8174215954987654
  },
  "1;3|6": {
    "fisherz": 0.8191972962518428
  },
  "1;3|7": {
    "fisherz": 0.8321120328796812
  },
  "1;3|8": {
    "fisherz": 0.7761163569813823
  },
  "1;3|9": {
    "fisherz": 0.7937267183277905
  },
  "1;4|0": {
    "fisherz": 0.6922961711614313
  },
  "1;4|2": {
    "fisherz": 0.6796339790439632
  },
  "1;4|3": {
    "fisherz": 0.7121485754387102
  },
  "1;4|5": {
    "fisherz": 0.7164191987087518
  },
  "1;4|6": {
    "fisherz": 0.6905804048450381
  },
  "1;4|7": {
    "fisherz": 0.6879172137253149
  },
  "1;4|8": {
    "fisherz": 0.6870186430718299
  },
  "1;4|9": {
    "fisherz": 0.6301753923804301
  },
  "1;5|0": {
    "fisherz": 0.30750500261705627
  },
  "1;5|2": {
    "fisherz": 0.3102386732568274
  },
  "1;5|3": {
    "fisherz": 0.32469937661120873
  },
  "1;5|4": {
    "fisherz": 0.3341037074487505
  },
  "1;5|6": {
    "fisherz": 0.3182728884618815
  },
  "1;5|7": {
    "fisherz": 0.31675404195217505
  },
  "1;5|8": {
    "fisherz": 0.3505059838875555
  },
  "1;5|9": {
    "fisherz": 0.24820849031493353
  },
  "1;6|0": {
    "fisherz": 0.8452201733400959
  },
  "1;6|2": {
    "fisherz": 0.8410191760743602
  },
  "1;6|3": {
    "fisherz": 0.8345651707042185
  },
  "1;6|4": {
    "fisherz": 0.8532139315797591
  },
  "1;6|5": {
    "fisherz": 0.7902698577678418
  },
  "1;6|7": {
    "fisherz": 0.8235575706220031
  },
  "1;6|8": {
    "fisherz": 0.8946691465888235
  },
  "1;6|9": {
    "fisherz": 0.8678869618973415
  },
  "1;7|0": {
    "fisherz": 0.7276308181354534
  },
  "1;7|2": {
    "fisherz": 0.7226985164206925
  },
  "1;7|3": {
    "fisherz": 0.7429349518883412
  },
  "1;7|4": {
    "fisherz": 0.7420019345778135
  },
  "1;7|5": {
    "fisherz": 0.7002101623351102
  },