{
  "data_hash": "e0a910db2f72b464caa8da10ffd7162f",
  "0;1": {
    "d_separation": 0.0
  },
  "0;2": {
    "d_separation": 0.0
  },
  "0;3": {
    "d_separation": 0.0
  },
  "0;4": {
    "d_separation": 0.0
  },
  "0;5": {
    "d_separation": 0.0
  },
  "0;6": {
    "d_separation": 0.0
  },
  "0;7": {
    "d_separation": 0.0
  },
  "0;8": {
    "d_separation": 0.0
  },
  "0;9": {
    "d_separation": 0.0
  },
  "1;2": {
    "d_separation": 0.0
  },
  "1;3": {
    "d_separation": 0.0
  },
  "1;4": {
    "d_separation": 0.0
  },
  "1;5": {
    "d_separation": 0.0
  },
  "1;6": {
    "d_separation": 0.0
  },
  "1;7": {
    "d_separation": 1.0
  },
  "1;8": {
    "d_separation": 0.0
  },
  "1;9": {
    "d_separation": 0.0
  },
  "2;3": {
    "d_separation": 0.0
  },
  "2;4": {
    "d_separation": 0.0
  },
  "2;5": {
    "d_separation": 0.0
  },
  "2;6": {
    "d_separation": 0.0
  },
  "2;7": {
    "d_separation": 0.0
  },
  "2;8": {
    "d_separation": 0.0
  },
  "2;9": {
    "d_separation": 0.0
  },
  "3;4": {
    "d_separation": 0.0
  },
  "3;5": {
    "d_separation": 0.0
  },
  "3;6": {
    "d_separation": 0.0
  },
  "3;7": {
    "d_separation": 1.0
  },
  "3;8": {
    "d_separation": 0.0
  },
  "3;9": {
    "d_separation": 0.0
  },
  "4;5": {
    "d_separation": 0.0
  },
  "4;6": {
    "d_separation": 0.0
  },
  "4;7": {
    "d_separation": 1.0
  },
  "4;8": {
    "d_separation": 0.0
  },
  "4;9": {
    "d_separation": 0.0
  },
  "5;6": {
    "d_separation": 0.0
  },
  "5;7": {
    "d_separation": 0.0
  },
  "5;8": {
    "d_separation": 0.0
  },
  "5;9": {
    "d_separation": 0.0
  },
  "6;7": {
    "d_separation": 0.0
  },
  "6;8": {
    "d_separation": 0.0
  },
  "6;9": {
    "d_separation": 0.0
  },
  "7;8": {
    "d_separation": 0.0
  },
  "7;9": {
    "d_separation": 0.0
  },
  "8;9": {
    "d_separation": 0.0
  },
  "0;1|2": {
    "fisherz": 0.43717546151396647
  },
  "0;1|3": {
    "fisherz": 0.4728778506690605
  },
  "0;1|4": {
    "fisherz": 0.4353529134409344
  },
  "0;1|5": {
    "fisherz": 0.4553132366813357
  },
  "0;1|6": {
    "fisherz": 0.39693314447995887
  },
  "0;1|7": {
    "fisherz": 0.436636736097773
  },
  "0;1|8": {
    "fisherz": 0.43005519256487146
  },
  "0;1|9": {
    "fisherz": 0.5043071133215631
  },
  "0;2|1": {
    "fisherz": 0.8898017338799824
  },
  "0;2|3": {
    "fisherz": 0.8396342191980548
  },
  "0;2|4": {
    "fisherz": 0.8765592685453909
  },
  "0;2|5": {
    "fisherz": 0.9542925233847619
  },
  "0;2|6": {
    "fisherz": 0.8410001844535249
  },
  "0;2|7": {
    "fisherz": 0.8991261881835246
  },
  "0;2|8": {
    "fisherz": 0.8315624291255586
  },
  "0;2|9": {
    "fisherz": 0.3456154262809439
  },
  "0;3|1": {
    "fisherz": 0.25725820130435473
  },
  "0;3|2": {
    "fisherz": 0.237768108591645
  },
  "0;3|4": {
    "fisherz": 0.24047667080692614
  },
  "0;3|5": {
    "fisherz": 0.21424709462094182
  },
  "0;3|6": {
    "fisherz": 0.210731272163605
  },
  "0;3|7": {
    "fisherz": 0.24182904708326403
  },
  "0;3|8": {
    "fisherz": 0.20892273197061595
  },
  "0;3|9": {
    "fisherz": 0.27592251553302294
  },
  "0;4|1": {
    "fisherz": 0.9632681118512472
  },
  "0;4|2": {
    "fisherz": 0.9622535159174144
  },
  "0;4|3": {
    "fisherz": 0.9555247551600157
  },
  "0;4|5": {
    "fisherz": 0.9336595959953611
  },
  "0;4|6": {
    "fisherz": 0.9033508972729254
  },
  "0;4|7": {
    "fisherz": 0.9505134196656482
  },
  "0;4|8": {
    "fisherz": 0.9295194065784171
  },
  "0;4|9": {
    "fisherz": 0.9851676613417251
  },
  "0;5|1": {
    "fisherz": 0.6266655588259114
  },
  "0;5|2": {
    "fisherz": 0.6053747148143269
  },
  "0;5|3": {
    "fisherz": 0.5008476785664433
  },
  "0;5|4": {
    "fisherz": 0.5886184830750796
  },
  "0;5|6": {
    "fisherz": 0.9228233168206497
  },
  "0;5|7": {
    "fisherz": 0.5829186509481041
  },
  "0;5|8": {
    "fisherz": 0.5879204954064474
  },
  "0;5|9": {
    "fisherz": 0.3138368320639089
  },
  "0;6|1": {
    "fisherz": 1.7988055489581711e-10
  },
  "0;6|2": {
    "fisherz": 1.8911427979162454e-10
  },
  "0;6|3": {
    "fisherz": 1.7225998405479004e-10
  },
  "0;6|4": {
    "fisherz": 1.8948309588040502e-10
  },
  "0;6|5": {
    "fisherz": 2.2168222812979366e-10
  },
  "0;6|7": {
    "fisherz": 1.690414475064017e-10
  },
  "0;6|8": {
    "fisherz": 1.912021652117346e-10
  },
  "0;6|9": {
    "fisherz": 8.719980293392382e-11
  },
  "0;7|1": {
    "fisherz": 0.945037507293069
  },
  "0;7|2": {
    "fisherz": 0.9885595419567224
  },
  "0;7|3": {
    "fisherz": 0.9717739871354949
  },
  "0;7|4": {
    "fisherz": 0.9208375738530712
  },
  "0;7|5": {
    "fisherz": 0.882132008586672
  },
  "0;7|6": {
    "fisherz": 0.6297921161167239
  },
  "0;7|8": {
    "fisherz": 0.9062441315690508
  },
  "0;7|9": {
    "fisherz": 0.5687777820302116
  },
  "0;8|1": {
    "fisherz": 0.7804545937134513
  },
  "0;8|2": {
    "fisherz": 0.7709507238688589
  },
  "0;8|3": {
    "fisherz": 0.6065456539970369
  },
  "0;8|4": {
    "fisherz": 0.7924639280083807
  },
  "0;8|5": {
    "fisherz": 0.7921682885999364
  },
  "0;8|6": {
    "fisherz": 0.8074268797342083
  },
  "0;8|7": {
    "fisherz": 0.7924292086113522
  },
  "0;8|9": {
    "fisherz": 0.7483389255255726
  },
  "0;9|1": {
    "fisherz": 0.03882651191575626
  },
  "0;9|2": {
    "fisherz": 0.021294038838439278
  },
  "0;9|3": {
    "fisherz": 0.039449672112561895
  },
  "0;9|4": {
    "fisherz": 0.03530967999945078
  },
  "0;9|5": {
    "fisherz": 0.02307621341508237
  },
  "0;9|6": {
    "fisherz": 0.015208601497052276
  },
  "0;9|7": {
    "fisherz": 0.02929141067438823
  },
  "0;9|8": {
    "fisherz": 0.03446346269598943
  },
  "1;2|0": {
    "fisherz": 0.627474149100907
  },
  "1;2|3": {
    "fisherz": 0.6005611148209185
  },
  "1;2|4": {
    "fisherz": 0.6605859899222457
  },
  "1;2|5": {
    "fisherz": 0.9485441073397705
  },
  "1;2|6": {
    "fisherz": 0.6215959574050416
  },
  "1;2|8": {
    "fisherz": 0.6725299369514206
  },
  "1;2|9": {
    "fisherz": 0.3925176490488771
  },
  "1;3|0": {
    "fisherz": 0.4004338966443828
  },
  "1;3|2": {
    "fisherz": 0.3610706971276585
  },
  "1;3|4": {
    "fisherz": 0.39293568350272046
  },
  "1;3|5": {
    "fisherz": 0.30595088903492007
  },
  "1;3|6": {
    "fisherz": 0.37024994408170375
  },
  "1;3|8": {
    "fisherz": 0.4094396689428703
  },
  "1;3|9": {
    "fisherz": 0.39145568317399526
  },
  "1;4|0": {
    "fisherz": 0.6595536473788719
  },
  "1;4|2": {
    "fisherz": 0.7018378816111506
  },
  "1;4|3": {
    "fisherz": 0.7251008761552675
  },
  "1;4|5": {
    "fisherz": 0.6346851750280673
  },
  "1;4|6": {
    "fisherz": 0.6574894999514689
  },
  "1;4|8": {
    "fisherz": 0.6808687477666815
  },
  "1;4|9": {
    "fisherz": 0.6840146717935767
  },
  "1;5|0": {
    "fisherz": 0.2886819935914713
  },
  "1;5|2": {
    "fisherz": 0.3321603266294102
  },
  "1;5|3": {
    "fisherz": 0.23261445279577941
  },
  "1;5|4": {
    "fisherz": 0.271601001997233
  },
  "1;5|6": {
    "fisherz": 0.27613832273813177
  },
  "1;5|8": {
    "fisherz": 0.27950818573533365
  },
  "1;5|9": {
    "fisherz": 0.19130217514308767
  },
  "1;6|0": {
    "fisherz": 0.7441685009275476
  },
  "1;6|2": {
    "fisherz": 0.9773645501330497
  },
  "1;6|3": {
    "fisherz": 0.997701408274384
  },
  "1;6|4": {
    "fisherz": 0.997389566679135
  },
  "1;6|5": {
    "fisherz": 0.9354129799450663
  },
  "1;6|8": {
    "fisherz": 0.998157336544846
  },
  "1;6|9": {
    "fisherz": 0.9845586925787337
  },
  "1;8|0": {
    "fisherz": 0.6590603568445252
  },
  "1;8|2": {
    "fisherz": 0.7302865720972755
  },
  "1;8|3": {
    "fisherz": 0.8053542423676077
  },
  "1;8|4": {
    "fisherz": 0.6932540861143273
  },
  "1;8|5": {
    "fisherz": 0.6773848980361683
  },
  "1;8|6": {
    "fisherz": 0.6687929276604918
  },
  "1;8|9": {
    "fisherz": 0.6874463892623939
  },
  "1;9|0": {
    "fisherz": 0.4181442332940406
  },
  "1;9|2": {
    "fisherz": 0.25250175279326514
  },
  "1;9|3": {
    "fisherz": 0.3857426043227923
  },