{
  "data_hash": "e167c5b401e3ebf050d9239416113a87",
  "0;1": {
    "d_separation": 0.0
  },
  "0;2": {
    "d_separation": 0.0
  },
  "0;3": {
    "d_separation": 0.0
  },
  "0;4": {
    "d_separation": 0.0
  },
  "0;5": {
    "d_separation": 0.0
  },
  "0;6": {
    "d_separation": 0.0
  },
  "0;7": {
    "d_separation": 0.0
  },
  "0;8": {
    "d_separation": 0.0
  },
  "0;9": {
    "d_separation": 0.0
  },
  "1;2": {
    "d_separation": 0.0
  },
  "1;3": {
    "d_separation": 0.0
  },
  "1;4": {
    "d_separation": 0.0
  },
  "1;5": {
    "d_separation": 0.0
  },
  "1;6": {
    "d_separation": 0.0
  },
  "1;7": {
    "d_separation": 0.0
  },
  "1;8": {
    "d_separation": 0.0
  },
  "1;9": {
    "d_separation": 0.0
  },
  "2;3": {
    "d_separation": 0.0
  },
  "2;4": {
    "d_separation": 0.0
  },
  "2;5": {
    "d_separation": 0.0
  },
  "2;6": {
    "d_separation": 0.0
  },
  "2;7": {
    "d_separation": 0.0
  },
  "2;8": {
    "d_separation": 0.0
  },
  "2;9": {
    "d_separation": 0.0
  },
  "3;4": {
    "d_separation": 0.0
  },
  "3;5": {
    "d_separation": 0.0
  },
  "3;6": {
    "d_separation": 0.0
  },
  "3;7": {
    "d_separation": 0.0
  },
  "3;8": {
    "d_separation": 0.0
  },
  "3;9": {
    "d_separation": 1.0
  },
  "4;5": {
    "d_separation": 0.0
  },
  "4;6": {
    "d_separation": 0.0
  },
  "4;7": {
    "d_separation": 0.0
  },
  "4;8": {
    "d_separation": 0.0
  },
  "4;9": {
    "d_separation": 1.0
  },
  "5;6": {
    "d_separation": 0.0
  },
  "5;7": {
    "d_separation": 0.0
  },
  "5;8": {
    "d_separation": 0.0
  },
  "5;9": {
    "d_separation": 0.0
  },
  "6;7": {
    "d_separation": 0.0
  },
  "6;8": {
    "d_separation": 0.0
  },
  "6;9": {
    "d_separation": 0.0
  },
  "7;8": {
    "d_separation": 0.0
  },
  "7;9": {
    "d_separation": 0.0
  },
  "8;9": {
    "d_separation": 0.0
  },
  "0;1|2": {
    "fisherz": 0.06824947159422257
  },
  "0;1|3": {
    "fisherz": 0.060107925353465985
  },
  "0;1|4": {
    "fisherz": 0.06919297601117513
  },
  "0;1|5": {
    "fisherz": 0.06946015302979247
  },
  "0;1|6": {
    "fisherz": 0.0657477165632494
  },
  "0;1|7": {
    "fisherz": 0.06878744719085494
  },
  "0;1|8": {
    "fisherz": 0.056250972536539656
  },
  "0;1|9": {
    "fisherz": 0.06883022117903304
  },
  "0;2|1": {
    "fisherz": 0.9506617313710184
  },
  "0;2|3": {
    "fisherz": 0.9328323451531402
  },
  "0;2|4": {
    "fisherz": 0.9669282655640714
  },
  "0;2|5": {
    "fisherz": 0.9566779874033824
  },
  "0;2|6": {
    "fisherz": 0.920389461273663
  },
  "0;2|7": {
    "fisherz": 0.9410107030137869
  },
  "0;2|8": {
    "fisherz": 0.9016806862888014
  },
  "0;2|9": {
    "fisherz": 0.9449689305883973
  },
  "0;3|1": {
    "fisherz": 0.37725126578856694
  },
  "0;3|2": {
    "fisherz": 0.44862760534742874
  },
  "0;3|4": {
    "fisherz": 0.4423210490182585
  },
  "0;3|5": {
    "fisherz": 0.45220518552209343
  },
  "0;3|6": {
    "fisherz": 0.40014781810692623
  },
  "0;3|7": {
    "fisherz": 0.4494188920205633
  },
  "0;3|8": {
    "fisherz": 0.4519149339882351
  },
  "0;3|9": {
    "fisherz": 0.4315589573748029
  },
  "0;4|1": {
    "fisherz": 0.8281270814242498
  },
  "0;4|2": {
    "fisherz": 0.7950627303510924
  },
  "0;4|3": {
    "fisherz": 0.7654855748008866
  },
  "0;4|5": {
    "fisherz": 0.7901321487674824
  },
  "0;4|6": {
    "fisherz": 0.7603451524728921
  },
  "0;4|7": {
    "fisherz": 0.7904095088612852
  },
  "0;4|8": {
    "fisherz": 0.7369869206988482
  },
  "0;4|9": {
    "fisherz": 0.7833405329093763
  },
  "0;5|1": {
    "fisherz": 0.7788523276005441
  },
  "0;5|2": {
    "fisherz": 0.7439120096827354
  },
  "0;5|3": {
    "fisherz": 0.7495850306197784
  },
  "0;5|4": {
    "fisherz": 0.7414570835580994
  },
  "0;5|6": {
    "fisherz": 0.760952624243318
  },
  "0;5|7": {
    "fisherz": 0.7286734502320054
  },
  "0;5|8": {
    "fisherz": 0.7940313052635868
  },
  "0;5|9": {
    "fisherz": 0.7121172605995731
  },
  "0;6|1": {
    "fisherz": 0.09100161353920733
  },
  "0;6|2": {
    "fisherz": 0.09418657681983711
  },
  "0;6|3": {
    "fisherz": 0.08680253930372195
  },
  "0;6|4": {
    "fisherz": 0.09317136221326838
  },
  "0;6|5": {
    "fisherz": 0.09544668350170671
  },
  "0;6|7": {
    "fisherz": 0.09444694176300139
  },
  "0;6|8": {
    "fisherz": 0.09569048467736452
  },
  "0;6|9": {
    "fisherz": 0.09178492214759881
  },
  "0;7|1": {
    "fisherz": 0.9802552034575329
  },
  "0;7|2": {
    "fisherz": 0.9022169384982319
  },
  "0;7|3": {
    "fisherz": 0.903418255984747
  },
  "0;7|4": {
    "fisherz": 0.9041205006345969
  },
  "0;7|5": {
    "fisherz": 0.8714546438790876
  },
  "0;7|6": {
    "fisherz": 0.9018705181794218
  },
  "0;7|8": {
    "fisherz": 0.9009975770691974
  },
  "0;7|9": {
    "fisherz": 0.8954995663420975
  },
  "0;8|1": {
    "fisherz": 0.4187284075607982
  },
  "0;8|2": {
    "fisherz": 0.5558426677723709
  },
  "0;8|3": {
    "fisherz": 0.5653520522491622
  },
  "0;8|4": {
    "fisherz": 0.5382727327234713
  },
  "0;8|5": {
    "fisherz": 0.5863596385348582
  },
  "0;8|6": {
    "fisherz": 0.5737791481562793
  },
  "0;8|7": {
    "fisherz": 0.5612507092592551
  },
  "0;8|9": {
    "fisherz": 0.5653233329581777
  },
  "0;9|1": {
    "fisherz": 0.8608608416710184
  },
  "0;9|2": {
    "fisherz": 0.8310685853789497
  },
  "0;9|3": {
    "fisherz": 0.76125210404144
  },
  "0;9|4": {
    "fisherz": 0.8220125166650756
  },
  "0;9|5": {
    "fisherz": 0.7868091563638107
  },
  "0;9|6": {
    "fisherz": 0.7616428786195482
  },
  "0;9|7": {
    "fisherz": 0.8259077998921569
  },
  "0;9|8": {
    "fisherz": 0.8421996913141432
  },
  "1;2|0": {
    "fisherz": 0.9404098960182727
  },
  "1;2|3": {
    "fisherz": 0.9447324047581085
  },
  "1;2|4": {
    "fisherz": 0.9698675543274342
  },
  "1;2|5": {
    "fisherz": 0.9506638635745706
  },
  "1;2|6": {
    "fisherz": 0.9338094594299369
  },
  "1;2|7": {
    "fisherz": 0.9244284095988919
  },
  "1;2|8": {
    "fisherz": 0.9500450947458787
  },
  "1;2|9": {
    "fisherz": 0.9371233875040963
  },
  "1;3|0": {
    "fisherz": 0.3117207784200833
  },
  "1;3|2": {
    "fisherz": 0.36702869702626195
  },
  "1;3|4": {
    "fisherz": 0.3745484659594873
  },
  "1;3|5": {
    "fisherz": 0.36293175678753076
  },
  "1;3|6": {
    "fisherz": 0.36520730962082637
  },
  "1;3|7": {
    "fisherz": 0.3653829564033839
  },
  "1;3|8": {
    "fisherz": 0.37047685156124155
  },
  "1;3|9": {
    "fisherz": 0.38262677374966114
  },
  "1;4|0": {
    "fisherz": 0.7160534027159771
  },
  "1;4|2": {
    "fisherz": 0.6979741421927828
  },
  "1;4|3": {
    "fisherz": 0.7196642380468332
  },
  "1;4|5": {
    "fisherz": 0.6929023910636136
  },
  "1;4|6": {
    "fisherz": 0.6931022128105571
  },
  "1;4|7": {
    "fisherz": 0.6950975775109602
  },
  "1;4|8": {
    "fisherz": 0.8365871674005614
  },
  "1;4|9": {
    "fisherz": 0.6834461963218899
  },
  "1;5|0": {
    "fisherz": 0.7188471457003789
  },
  "1;5|2": {
    "fisherz": 0.6923241842214689
  },
  "1;5|3": {
    "fisherz": 0.6787235633930744
  },
  "1;5|4": {
    "fisherz": 0.6895691026401247
  },
  "1;5|6": {
    "fisherz": 0.6890419643566619
  },
  "1;5|7": {
    "fisherz": 0.6225089295108659
  },
  "1;5|8": {
    "fisherz": 0.5400466104122581
  },
  "1;5|9": {
    "fisherz": 0.6487293234352518
  },
  "1;6|0": {
    "fisherz": 0.8057656425818214
  },
  "1;6|2": {
    "fisherz": 0.9799599130458285
  },
  "1;6|3": {
    "fisherz": 0.9451235609942215
  },
  "1;6|4": {
    "fisherz": 0.9857634561364899
  },
  "1;6|5": {
    "fisherz": 0.9734918685404996
  },
  "1;6|7": {
    "fisherz": 0.9790875447713172
  },
  "1;6|8": {
    "fisherz": 0.9963210471751063
  },
  "1;6|9": {
    "fisherz": 0.9918434029164678
  },
  "1;7|0": {
    "fisherz": 0.4580777916740102
  },
  "1;7|2": {
    "fisherz": 0.4515144680823655
  },
  "1;7|3": {
    "fisherz": 0.4509528819464861
  },
  "1;7|4": {
    "fisherz": 0.45333280197081494
  },
  "1;7|5": {
    "fisherz": 0.4210050457812111
  },