{
  "data_hash": "e37cce8950c1a80c06dbd97b2a1816d7",
  "0;1": {
    "d_separation": 0.0
  },
  "0;2": {
    "d_separation": 0.0
  },
  "0;3": {
    "d_separation": 0.0
  },
  "0;4": {
    "d_separation": 0.0
  },
  "0;5": {
    "d_separation": 0.0
  },
  "0;6": {
    "d_separation": 0.0
  },
  "0;7": {
    "d_separation": 0.0
  },
  "0;8": {
    "d_separation": 0.0
  },
  "0;9": {
    "d_separation": 0.0
  },
  "1;2": {
    "d_separation": 0.0
  },
  "1;3": {
    "d_separation": 0.0
  },
  "1;4": {
    "d_separation": 0.0
  },
  "1;5": {
    "d_separation": 0.0
  },
  "1;6": {
    "d_separation": 0.0
  },
  "1;7": {
    "d_separation": 0.0
  },
  "1;8": {
    "d_separation": 0.0
  },
  "1;9": {
    "d_separation": 0.0
  },
  "2;3": {
    "d_separation": 0.0
  },
  "2;4": {
    "d_separation": 0.0
  },
  "2;5": {
    "d_separation": 0.0
  },
  "2;6": {
    "d_separation": 0.0
  },
  "2;7": {
    "d_separation": 0.0
  },
  "2;8": {
    "d_separation": 0.0
  },
  "2;9": {
    "d_separation": 0.0
  },
  "3;4": {
    "d_separation": 0.0
  },
  "3;5": {
    "d_separation": 0.0
  },
  "3;6": {
    "d_separation": 0.0
  },
  "3;7": {
    "d_separation": 0.0
  },
  "3;8": {
    "d_separation": 0.0
  },
  "3;9": {
    "d_separation": 0.0
  },
  "4;5": {
    "d_separation": 0.0
  },
  "4;6": {
    "d_separation": 0.0
  },
  "4;7": {
    "d_separation": 0.0
  },
  "4;8": {
    "d_separation": 0.0
  },
  "4;9": {
    "d_separation": 0.0
  },
  "5;6": {
    "d_separation": 0.0
  },
  "5;7": {
    "d_separation": 0.0
  },
  "5;8": {
    "d_separation": 1.0
  },
  "5;9": {
    "d_separation": 0.0
  },
  "6;7": {
    "d_separation": 0.0
  },
  "6;8": {
    "d_separation": 0.0
  },
  "6;9": {
    "d_separation": 0.0
  },
  "7;8": {
    "d_separation": 0.0
  },
  "7;9": {
    "d_separation": 0.0
  },
  "8;9": {
    "d_separation": 0.0
  },
  "0;1|2": {
    "kci": 0.38396943460437427
  },
  "0;1|3": {
    "kci": 0.07563814632024013
  },
  "0;1|4": {
    "kci": 0.19625813718438156
  },
  "0;1|5": {
    "kci": 0.47290661636330666
  },
  "0;1|6": {
    "kci": 0.14446491459988775
  },
  "0;1|7": {
    "kci": 0.4892257859330392
  },
  "0;1|8": {
    "kci": 0.09295366255954285
  },
  "0;1|9": {
    "kci": 0.6663625421048266
  },
  "0;2|1": {
    "kci": 0.0587584814553509
  },
  "0;2|3": {
    "kci": 0.030025439464528403
  },
  "0;2|4": {
    "kci": 0.09250717588750723
  },
  "0;2|5": {
    "kci": 0.2303680016204056
  },
  "0;2|6": {
    "kci": 0.10397528867204908
  },
  "0;2|7": {
    "kci": 0.56405361386652
  },
  "0;2|8": {
    "kci": 0.07184780785624312
  },
  "0;2|9": {
    "kci": 0.11087497401894186
  },
  "0;3|1": {
    "kci": 0.5629237675859984
  },
  "0;3|2": {
    "kci": 0.5230875253131453
  },
  "0;3|4": {
    "kci": 0.47469291210057385
  },
  "0;3|5": {
    "kci": 0.5478254238443487
  },
  "0;3|6": {
    "kci": 0.2232769751728545
  },
  "0;3|7": {
    "kci": 0.5371211209044013
  },
  "0;3|8": {
    "kci": 0.12109752483345892
  },
  "0;3|9": {
    "kci": 0.5569272489542217
  },
  "0;4|1": {
    "kci": 0.32798079848521067
  },
  "0;4|2": {
    "kci": 0.3536797864117205
  },
  "0;4|3": {
    "kci": 0.33801538935416187
  },
  "0;4|5": {
    "kci": 0.3363857794384556
  },
  "0;4|6": {
    "kci": 0.2676153981000078
  },
  "0;4|7": {
    "kci": 0.3454476842272979
  },
  "0;4|8": {
    "kci": 0.2527705319464204
  },
  "0;4|9": {
    "kci": 0.37021709327541097
  },
  "0;5|1": {
    "kci": 0.0871400251557315
  },
  "0;5|2": {
    "kci": 0.11200711505825334
  },
  "0;5|3": {
    "kci": 0.04352249333645508
  },
  "0;5|4": {
    "kci": 0.16081496967847753
  },
  "0;5|6": {
    "kci": 0.02664803248730596
  },
  "0;5|7": {
    "kci": 0.19830047837531484
  },
  "0;5|8": {
    "kci": 0.01668726625933792
  },
  "0;5|9": {
    "kci": 0.3064291672543723
  },
  "0;6|1": {
    "kci": 0.38489488677983785
  },
  "0;6|2": {
    "kci": 0.4270637725245926
  },
  "0;6|3": {
    "kci": 0.2515535444093412
  },
  "0;6|4": {
    "kci": 0.48647602026445746
  },
  "0;6|5": {
    "kci": 0.4863379281191459
  },
  "0;6|7": {
    "kci": 0.5226652747032821
  },
  "0;6|8": {
    "kci": 0.5991037241233936
  },
  "0;6|9": {
    "kci": 0.4990172949705194
  },
  "0;7|1": {
    "kci": 0.10088372354090702
  },
  "0;7|2": {
    "kci": 0.4015063378771321
  },
  "0;7|3": {
    "kci": 0.10672778939661687
  },
  "0;7|4": {
    "kci": 0.09509620438829214
  },
  "0;7|5": {
    "kci": 0.3991683342687513
  },
  "0;7|6": {
    "kci": 0.07860463272309604
  },
  "0;7|8": {
    "kci": 0.1700378362117665
  },
  "0;7|9": {
    "kci": 0.23668418310962758
  },
  "0;8|1": {
    "kci": 0.4990497922855326
  },
  "0;8|2": {
    "kci": 0.5432371739389226
  },
  "0;8|3": {
    "kci": 0.18690725014410392
  },
  "0;8|4": {
    "kci": 0.30907997345203664
  },
  "0;8|5": {
    "kci": 0.43186855849665773
  },
  "0;8|6": {
    "kci": 0.22665063604336233
  },
  "0;8|7": {
    "kci": 0.41290037667754487
  },
  "0;8|9": {
    "kci": 0.44793847837225265
  },
  "0;9|1": {
    "kci": 0.24826119630086674
  },
  "0;9|2": {
    "kci": 0.24952323135830023
  },
  "0;9|3": {
    "kci": 0.0662720020919969
  },
  "0;9|4": {
    "kci": 0.21518911318979161
  },
  "0;9|5": {
    "kci": 0.20756457123858418
  },
  "0;9|6": {
    "kci": 0.15847982589452791
  },
  "0;9|7": {
    "kci": 0.1528468520797911
  },
  "0;9|8": {
    "kci": 0.06511937684451952
  },
  "1;2|0": {
    "kci": 0.582971539009514
  },
  "1;2|3": {
    "kci": 0.0015068234247236356
  },
  "1;2|4": {
    "kci": 0.10959043870002838
  },
  "1;2|5": {
    "kci": 0.3965197216482993
  },
  "1;2|6": {
    "kci": 0.09590324495094171
  },
  "1;2|7": {
    "kci": 0.2677783945152423
  },
  "1;2|8": {
    "kci": 0.025649408927786665
  },
  "1;2|9": {
    "kci": 0.8147555491372602
  },
  "1;3|0": {
    "kci": 0.07339741235736374
  },
  "1;3|2": {
    "kci": 0.028763379861133864
  },
  "1;3|4": {
    "kci": 0.020681810792859467
  },
  "1;3|5": {
    "kci": 0.696265483156566
  },
  "1;3|6": {
    "kci": 0.016429443885001005
  },
  "1;3|7": {
    "kci": 0.055395948046607635
  },
  "1;3|8": {
    "kci": 0.007664566843634479
  },
  "1;3|9": {
    "kci": 0.28845832043053043
  },
  "1;4|0": {
    "kci": 0.45391873178650266
  },
  "1;4|2": {
    "kci": 0.4570169107468822
  },
  "1;4|3": {
    "kci": 0.43312334193959634
  },
  "1;4|5": {
    "kci": 0.39755269673886584
  },
  "1;4|6": {
    "kci": 0.39821951398569666
  },
  "1;4|7": {
    "kci": 0.42412349911846114
  },
  "1;4|8": {
    "kci": 0.37053418893887646
  },
  "1;4|9": {
    "kci": 0.4489527192493078
  },
  "1;5|0": {
    "kci": 0.007817088159801533
  },
  "1;5|2": {
    "kci": 0.003445501033849885
  },
  "1;5|3": {
    "kci": 0.002936340812714877
  },
  "1;5|4": {
    "kci": 0.0009056946732793891
  },
  "1;5|6": {
    "kci": 0.00014541752852548218
  },
  "1;5|7": {
    "kci": 0.0014359796758202092
  },
  "1;5|8": {
    "kci": 5.23362223880941e-05
  },
  "1;5|9": {
    "kci": 0.07322634063620803
  },
  "1;6|0": {
    "kci": 0.5707644983459232
  },
  "1;6|2": {
    "kci": 0.5604098721557214
  },
  "1;6|3": {
    "kci": 0.14544581102303977
  },
  "1;6|4": {
    "kci": 0.524317141039954
  },
  "1;6|5": {
    "kci": 0.5552704328933145
  },
  "1;6|7": {
    "kci": 0.6381277126510314
  },
  "1;6|8": {
    "kci": 0.6386901975773596
  },
  "1;6|9": {
    "kci": 0.5501104498683669
  },
  "1;7|0": {
    "kci": 0.5439051911877497
  },
  "1;7|2": {
    "kci": 0.44701474397084995
  },
  "1;7|3": {
    "kci": 0.0039917639336612964
  },
  "1;7|4": {
    "kci": 0.12577086690057593
  },
  "1;7|5": {
    "kci": 0.33948153277444737
  },
  "1;7|6": {
    "kci": 0.09779710953815302
  },
  "1;7|8": {
    "kci": 0.03790902043739486
  },
  "1;7|9": {
    "kci": 0.6169629482413537
  },
  "1;8|0": {
    "kci": 0.04683509398534669
  },
  "1;8|2": {
    "kci": 0.07054324181540872
  },
  "1;8|3": {
    "kci": 0.0013973998079856997
  },
  "1;8|4": {
    "kci": 0.10707572702440715
  },
  "1;8|5": {
    "kci": 0.13435216642131054
  },
  "1;8|6": {
    "kci": 0.03559890530059828
  },