{
  "data_hash": "e38b1aa907f657127ef9ee5bce26fe48",
  "0;1": {
    "d_separation": 0.0
  },
  "0;2": {
    "d_separation": 0.0
  },
  "0;3": {
    "d_separation": 0.0
  },
  "0;4": {
    "d_separation": 0.0
  },
  "0;5": {
    "d_separation": 0.0
  },
  "0;6": {
    "d_separation": 0.0
  },
  "0;7": {
    "d_separation": 0.0
  },
  "0;8": {
    "d_separation": 0.0
  },
  "0;9": {
    "d_separation": 0.0
  },
  "1;2": {
    "d_separation": 0.0
  },
  "1;3": {
    "d_separation": 0.0
  },
  "1;4": {
    "d_separation": 0.0
  },
  "1;5": {
    "d_separation": 0.0
  },
  "1;6": {
    "d_separation": 0.0
  },
  "1;7": {
    "d_separation": 0.0
  },
  "1;8": {
    "d_separation": 0.0
  },
  "1;9": {
    "d_separation": 0.0
  },
  "2;3": {
    "d_separation": 0.0
  },
  "2;4": {
    "d_separation": 0.0
  },
  "2;5": {
    "d_separation": 0.0
  },
  "2;6": {
    "d_separation": 0.0
  },
  "2;7": {
    "d_separation": 0.0
  },
  "2;8": {
    "d_separation": 0.0
  },
  "2;9": {
    "d_separation": 0.0
  },
  "3;4": {
    "d_separation": 0.0
  },
  "3;5": {
    "d_separation": 0.0
  },
  "3;6": {
    "d_separation": 0.0
  },
  "3;7": {
    "d_separation": 0.0
  },
  "3;8": {
    "d_separation": 0.0
  },
  "3;9": {
    "d_separation": 0.0
  },
  "4;5": {
    "d_separation": 0.0
  },
  "4;6": {
    "d_separation": 0.0
  },
  "4;7": {
    "d_separation": 0.0
  },
  "4;8": {
    "d_separation": 0.0
  },
  "4;9": {
    "d_separation": 0.0
  },
  "5;6": {
    "d_separation": 0.0
  },
  "5;7": {
    "d_separation": 0.0
  },
  "5;8": {
    "d_separation": 0.0
  },
  "5;9": {
    "d_separation": 0.0
  },
  "6;7": {
    "d_separation": 0.0
  },
  "6;8": {
    "d_separation": 0.0
  },
  "6;9": {
    "d_separation": 0.0
  },
  "7;8": {
    "d_separation": 0.0
  },
  "7;9": {
    "d_separation": 0.0
  },
  "8;9": {
    "d_separation": 0.0
  },
  "0;1|2": {
    "kci": 0.3101535109285829
  },
  "0;1|3": {
    "kci": 0.25495452276554387
  },
  "0;1|4": {
    "kci": 0.3073725249071553
  },
  "0;1|5": {
    "kci": 0.32424214237881865
  },
  "0;1|6": {
    "kci": 0.3085334673514476
  },
  "0;1|7": {
    "kci": 0.32445490235000707
  },
  "0;1|8": {
    "kci": 0.31892075069833914
  },
  "0;1|9": {
    "kci": 0.315128153505572
  },
  "0;2|1": {
    "kci": 0.5929958582999988
  },
  "0;2|3": {
    "kci": 0.7815647414685994
  },
  "0;2|4": {
    "kci": 0.690784171972642
  },
  "0;2|5": {
    "kci": 0.662772015113035
  },
  "0;2|6": {
    "kci": 0.7510277431945159
  },
  "0;2|7": {
    "kci": 0.6786739530359505
  },
  "0;2|8": {
    "kci": 0.5611106393538077
  },
  "0;2|9": {
    "kci": 0.44139084383337823
  },
  "0;3|1": {
    "kci": 0.3134309477986492
  },
  "0;3|2": {
    "kci": 0.3858808983193778
  },
  "0;3|4": {
    "kci": 0.43901914988515633
  },
  "0;3|5": {
    "kci": 0.19422595087271188
  },
  "0;3|6": {
    "kci": 0.38916290944276455
  },
  "0;3|7": {
    "kci": 0.4175079572788897
  },
  "0;3|8": {
    "kci": 0.3325920806736109
  },
  "0;3|9": {
    "kci": 0.4026386102400533
  },
  "0;4|1": {
    "kci": 0.6220650097154248
  },
  "0;4|2": {
    "kci": 0.39658009992428467
  },
  "0;4|3": {
    "kci": 0.6167128394341161
  },
  "0;4|5": {
    "kci": 0.6038916375505425
  },
  "0;4|6": {
    "kci": 0.4884567460086059
  },
  "0;4|7": {
    "kci": 0.2959836326276708
  },
  "0;4|8": {
    "kci": 0.3368959756226544
  },
  "0;4|9": {
    "kci": 0.6125528427774769
  },
  "0;5|1": {
    "kci": 0.07627900587990277
  },
  "0;5|2": {
    "kci": 0.03360731553250773
  },
  "0;5|3": {
    "kci": 0.10335987401170965
  },
  "0;5|4": {
    "kci": 0.04793693689264922
  },
  "0;5|6": {
    "kci": 0.16810164650499815
  },
  "0;5|7": {
    "kci": 0.01588441911684557
  },
  "0;5|8": {
    "kci": 0.08314995599860864
  },
  "0;5|9": {
    "kci": 0.06757920678242968
  },
  "0;6|1": {
    "kci": 0.024339929475717392
  },
  "0;6|2": {
    "kci": 0.05366715267926747
  },
  "0;6|3": {
    "kci": 0.29294528270080566
  },
  "0;6|4": {
    "kci": 0.042289560959596684
  },
  "0;6|5": {
    "kci": 0.04050658988962608
  },
  "0;6|7": {
    "kci": 0.01110810669774831
  },
  "0;6|8": {
    "kci": 0.0020023267005484513
  },
  "0;6|9": {
    "kci": 0.011715819207067768
  },
  "0;7|1": {
    "kci": 0.8754323117984419
  },
  "0;7|2": {
    "kci": 0.8337492911129565
  },
  "0;7|3": {
    "kci": 0.73915012104697
  },
  "0;7|4": {
    "kci": 0.7115192815722301
  },
  "0;7|5": {
    "kci": 0.8054734468241231
  },
  "0;7|6": {
    "kci": 0.8058524356001835
  },
  "0;7|8": {
    "kci": 0.5992941601538121
  },
  "0;7|9": {
    "kci": 0.6999203514428805
  },
  "0;8|1": {
    "kci": 0.5030346135374225
  },
  "0;8|2": {
    "kci": 0.49967465987366944
  },
  "0;8|3": {
    "kci": 0.43599323007847013
  },
  "0;8|4": {
    "kci": 0.24278520870975095
  },
  "0;8|5": {
    "kci": 0.5719403528156597
  },
  "0;8|6": {
    "kci": 0.15891150770024365
  },
  "0;8|7": {
    "kci": 0.5779252303989524
  },
  "0;8|9": {
    "kci": 0.25013745103069374
  },
  "0;9|1": {
    "kci": 4.5632564471542736e-07
  },
  "0;9|2": {
    "kci": 1.2839453389368316e-07
  },
  "0;9|3": {
    "kci": 2.307970925485847e-09
  },
  "0;9|4": {
    "kci": 3.4900859016140373e-06
  },
  "0;9|5": {
    "kci": 1.4201475306840905e-07
  },
  "0;9|6": {
    "kci": 2.1648383763395174e-07
  },
  "0;9|7": {
    "kci": 6.881244070111592e-07
  },
  "0;9|8": {
    "kci": 5.245927925390248e-08
  },
  "1;2|0": {
    "kci": 0.28460418273684607
  },
  "1;2|3": {
    "kci": 0.18571564225030968
  },
  "1;2|4": {
    "kci": 0.21879238212736452
  },
  "1;2|5": {
    "kci": 0.22897853839219673
  },
  "1;2|6": {
    "kci": 0.2504038295661484
  },
  "1;2|7": {
    "kci": 0.22223684809659328
  },
  "1;2|8": {
    "kci": 0.226901119843265
  },
  "1;2|9": {
    "kci": 0.23087012227976933
  },
  "1;3|0": {
    "kci": 0.45304143640168926
  },
  "1;3|2": {
    "kci": 0.29074598951030906
  },
  "1;3|4": {
    "kci": 0.2946995036044804
  },
  "1;3|5": {
    "kci": 0.3006516863762815
  },
  "1;3|6": {
    "kci": 0.31625659638689074
  },
  "1;3|7": {
    "kci": 0.3119535255959528
  },
  "1;3|8": {
    "kci": 0.3082305048932851
  },
  "1;3|9": {
    "kci": 0.324029692392389
  },
  "1;4|0": {
    "kci": 0.3082076804684549
  },
  "1;4|2": {
    "kci": 0.24736353784970877
  },
  "1;4|3": {
    "kci": 0.29207965325896323
  },
  "1;4|5": {
    "kci": 0.2649385348438644
  },
  "1;4|6": {
    "kci": 0.2812944410567665
  },
  "1;4|7": {
    "kci": 0.2613154952742951
  },
  "1;4|8": {
    "kci": 0.25617622879854074
  },
  "1;4|9": {
    "kci": 0.27584050501902857
  },
  "1;5|0": {
    "kci": 0.3427712870183155
  },
  "1;5|2": {
    "kci": 0.33211666127246786
  },
  "1;5|3": {
    "kci": 0.34527923614351086
  },
  "1;5|4": {
    "kci": 0.35294782932067614
  },
  "1;5|6": {
    "kci": 0.32816874589993994
  },
  "1;5|7": {
    "kci": 0.2633751139648852
  },
  "1;5|8": {
    "kci": 0.30956083128526735
  },
  "1;5|9": {
    "kci": 0.3373600364337752
  },
  "1;6|0": {
    "kci": 0.30595340188271647
  },
  "1;6|2": {
    "kci": 0.5194846697974086
  },
  "1;6|3": {
    "kci": 0.49603132129299154
  },
  "1;6|4": {
    "kci": 0.45046262054802044
  },
  "1;6|5": {
    "kci": 0.5415254841148509
  },
  "1;6|7": {
    "kci": 0.5031722283093667
  },
  "1;6|8": {
    "kci": 0.5160068939740021
  },
  "1;6|9": {
    "kci": 0.4920064401237916
  },
  "1;7|0": {
    "kci": 0.2823782882916268
  },
  "1;7|2": {
    "kci": 0.3004120241180235
  },
  "1;7|3": {
    "kci": 0.3198389253890579
  },
  "1;7|4": {
    "kci": 0.2736712310793892
  },
  "1;7|5": {
    "kci": 0.27098312180159256
  },
  "1;7|6": {
    "kci": 0.27609664086611485
  },
  "1;7|8": {
    "kci": 0.26672892144339
  },
  "1;7|9": {
    "kci": 0.2929594216185796
  },
  "1;8|0": {
    "kci": 0.3063126234694006
  },
  "1;8|2": {
    "kci": 0.3029180265356848
  },
  "1;8|3": {
    "kci": 0.33861912711622066
  },
  "1;8|4": {
    "kci": 0.3006140965436569
  },
  "1;8|5": {
    "kci": 0.2783941231006717
  },
  "1;8|6": {
    "kci": 0.3222231089054266
  },