{
  "data_hash": "e3d3bc922daae9ccac46280c35d02ffb",
  "0;1": {
    "d_separation": 0.0
  },
  "0;2": {
    "d_separation": 0.0
  },
  "0;3": {
    "d_separation": 0.0
  },
  "0;4": {
    "d_separation": 0.0
  },
  "0;5": {
    "d_separation": 0.0
  },
  "0;6": {
    "d_separation": 0.0
  },
  "0;7": {
    "d_separation": 0.0
  },
  "0;8": {
    "d_separation": 0.0
  },
  "0;9": {
    "d_separation": 0.0
  },
  "1;2": {
    "d_separation": 0.0
  },
  "1;3": {
    "d_separation": 0.0
  },
  "1;4": {
    "d_separation": 0.0
  },
  "1;5": {
    "d_separation": 0.0
  },
  "1;6": {
    "d_separation": 0.0
  },
  "1;7": {
    "d_separation": 0.0
  },
  "1;8": {
    "d_separation": 0.0
  },
  "1;9": {
    "d_separation": 0.0
  },
  "2;3": {
    "d_separation": 0.0
  },
  "2;4": {
    "d_separation": 0.0
  },
  "2;5": {
    "d_separation": 0.0
  },
  "2;6": {
    "d_separation": 0.0
  },
  "2;7": {
    "d_separation": 0.0
  },
  "2;8": {
    "d_separation": 0.0
  },
  "2;9": {
    "d_separation": 0.0
  },
  "3;4": {
    "d_separation": 0.0
  },
  "3;5": {
    "d_separation": 0.0
  },
  "3;6": {
    "d_separation": 0.0
  },
  "3;7": {
    "d_separation": 0.0
  },
  "3;8": {
    "d_separation": 0.0
  },
  "3;9": {
    "d_separation": 0.0
  },
  "4;5": {
    "d_separation": 0.0
  },
  "4;6": {
    "d_separation": 1.0
  },
  "4;7": {
    "d_separation": 0.0
  },
  "4;8": {
    "d_separation": 0.0
  },
  "4;9": {
    "d_separation": 0.0
  },
  "5;6": {
    "d_separation": 0.0
  },
  "5;7": {
    "d_separation": 0.0
  },
  "5;8": {
    "d_separation": 0.0
  },
  "5;9": {
    "d_separation": 0.0
  },
  "6;7": {
    "d_separation": 1.0
  },
  "6;8": {
    "d_separation": 0.0
  },
  "6;9": {
    "d_separation": 0.0
  },
  "7;8": {
    "d_separation": 0.0
  },
  "7;9": {
    "d_separation": 0.0
  },
  "8;9": {
    "d_separation": 0.0
  },
  "0;1|2": {
    "kci": 0.22466457731004397
  },
  "0;1|3": {
    "kci": 0.36848810540489507
  },
  "0;1|4": {
    "kci": 0.42496828319973856
  },
  "0;1|5": {
    "kci": 0.35381013113639226
  },
  "0;1|6": {
    "kci": 0.23173837189411128
  },
  "0;1|7": {
    "kci": 0.3326744574670004
  },
  "0;1|8": {
    "kci": 0.1773120112429858
  },
  "0;1|9": {
    "kci": 0.21010306242138244
  },
  "0;2|1": {
    "kci": 0.46059214844138596
  },
  "0;2|3": {
    "kci": 0.3547684380592522
  },
  "0;2|4": {
    "kci": 0.4599248759613581
  },
  "0;2|5": {
    "kci": 0.4172213217331817
  },
  "0;2|6": {
    "kci": 0.18198757325954362
  },
  "0;2|7": {
    "kci": 0.41523481636904935
  },
  "0;2|8": {
    "kci": 0.15486301695484284
  },
  "0;2|9": {
    "kci": 0.2592824716821489
  },
  "0;3|1": {
    "kci": 9.603695268156631e-05
  },
  "0;3|2": {
    "kci": 0.0008555187012344589
  },
  "0;3|4": {
    "kci": 0.45729193120983436
  },
  "0;3|5": {
    "kci": 0.00046233377997395575
  },
  "0;3|6": {
    "kci": 7.009449191408557e-05
  },
  "0;3|7": {
    "kci": 2.4461080913806832e-05
  },
  "0;3|8": {
    "kci": 0.00012318930249155535
  },
  "0;3|9": {
    "kci": 0.00037120015058034195
  },
  "0;4|1": {
    "kci": 5.562217353372034e-14
  },
  "0;4|2": {
    "kci": 9.607870055106105e-13
  },
  "0;4|3": {
    "kci": 1.5787573470760208e-09
  },
  "0;4|5": {
    "kci": 2.254862963013693e-13
  },
  "0;4|6": {
    "kci": 2.55351295663786e-15
  },
  "0;4|7": {
    "kci": 1.5266676811620528e-12
  },
  "0;4|8": {
    "kci": 4.440892098500626e-14
  },
  "0;4|9": {
    "kci": 5.939693181744587e-14
  },
  "0;5|1": {
    "kci": 0.00919076623581716
  },
  "0;5|2": {
    "kci": 0.0208280813365187
  },
  "0;5|3": {
    "kci": 0.11503431007645659
  },
  "0;5|4": {
    "kci": 0.6797410207280687
  },
  "0;5|6": {
    "kci": 0.004809991471095065
  },
  "0;5|7": {
    "kci": 0.004789966037717419
  },
  "0;5|8": {
    "kci": 0.003500017870413763
  },
  "0;5|9": {
    "kci": 0.017326230601213966
  },
  "0;6|1": {
    "kci": 0.9331008677481955
  },
  "0;6|2": {
    "kci": 0.8997678015553434
  },
  "0;6|3": {
    "kci": 0.9124560696664836
  },
  "0;6|4": {
    "kci": 0.895405343942404
  },
  "0;6|5": {
    "kci": 0.25231292308733333
  },
  "0;6|7": {
    "kci": 0.8795497338190872
  },
  "0;6|8": {
    "kci": 0.7944706736602685
  },
  "0;6|9": {
    "kci": 0.9114780637270452
  },
  "0;7|1": {
    "kci": 0.0488810683214882
  },
  "0;7|2": {
    "kci": 0.1195146511834837
  },
  "0;7|3": {
    "kci": 0.04148064613856706
  },
  "0;7|4": {
    "kci": 0.5563792103620768
  },
  "0;7|5": {
    "kci": 0.03849576889910811
  },
  "0;7|6": {
    "kci": 0.02087628789974849
  },
  "0;7|8": {
    "kci": 0.030754156499094965
  },
  "0;7|9": {
    "kci": 0.02054167989661959
  },
  "0;8|1": {
    "kci": 0.6409717240632595
  },
  "0;8|2": {
    "kci": 0.6395105869213698
  },
  "0;8|3": {
    "kci": 0.6939972086064863
  },
  "0;8|4": {
    "kci": 0.5889614898350533
  },
  "0;8|5": {
    "kci": 0.12524017092493778
  },
  "0;8|6": {
    "kci": 0.4185117904622966
  },
  "0;8|7": {
    "kci": 0.6673444781750444
  },
  "0;8|9": {
    "kci": 0.7975525763246792
  },
  "0;9|1": {
    "kci": 0.7413383670457294
  },
  "0;9|2": {
    "kci": 0.6154853091371699
  },
  "0;9|3": {
    "kci": 0.5785149201178669
  },
  "0;9|4": {
    "kci": 0.5329606819757767
  },
  "0;9|5": {
    "kci": 0.6598059745764844
  },
  "0;9|6": {
    "kci": 0.4910726548785429
  },
  "0;9|7": {
    "kci": 0.7038272730067038
  },
  "0;9|8": {
    "kci": 0.5384663967504345
  },
  "1;2|0": {
    "kci": 0.3618362819746881
  },
  "1;2|3": {
    "kci": 0.41165173740557015
  },
  "1;2|4": {
    "kci": 0.3698245219237394
  },
  "1;2|5": {
    "kci": 0.38646437034419456
  },
  "1;2|6": {
    "kci": 0.3873723036306742
  },
  "1;2|7": {
    "kci": 0.3871304560791765
  },
  "1;2|8": {
    "kci": 0.370468398761303
  },
  "1;2|9": {
    "kci": 0.4172872953387845
  },
  "1;3|0": {
    "kci": 0.34400717343442433
  },
  "1;3|2": {
    "kci": 0.3783430850596434
  },
  "1;3|4": {
    "kci": 0.359939856200747
  },
  "1;3|5": {
    "kci": 0.3575999756448378
  },
  "1;3|6": {
    "kci": 0.3328389079855769
  },
  "1;3|7": {
    "kci": 0.3570329772629679
  },
  "1;3|8": {
    "kci": 0.31069641364799727
  },
  "1;3|9": {
    "kci": 0.3259400622278661
  },
  "1;4|0": {
    "kci": 0.026981547180912058
  },
  "1;4|2": {
    "kci": 0.016470194135569938
  },
  "1;4|3": {
    "kci": 0.06535683830198247
  },
  "1;4|5": {
    "kci": 0.21012863781089042
  },
  "1;4|6": {
    "kci": 0.008915856769909247
  },
  "1;4|7": {
    "kci": 0.12625803744019015
  },
  "1;4|8": {
    "kci": 0.03541159194795085
  },
  "1;4|9": {
    "kci": 0.015133032023904147
  },
  "1;5|0": {
    "kci": 0.2244606530213613
  },
  "1;5|2": {
    "kci": 0.3350238369490235
  },
  "1;5|3": {
    "kci": 0.3956315980607078
  },
  "1;5|4": {
    "kci": 0.40026923513136226
  },
  "1;5|6": {
    "kci": 0.26090639701253027
  },
  "1;5|7": {
    "kci": 0.3860476024829149
  },
  "1;5|8": {
    "kci": 0.21307377681991124
  },
  "1;5|9": {
    "kci": 0.22708155036244881
  },
  "1;6|0": {
    "kci": 0.47441741666420034
  },
  "1;6|2": {
    "kci": 0.36933513587953315
  },
  "1;6|3": {
    "kci": 0.15260488442054765
  },
  "1;6|4": {
    "kci": 0.17462951656781667
  },
  "1;6|5": {
    "kci": 0.27629824897039046
  },
  "1;6|7": {
    "kci": 0.34556239247922327
  },
  "1;6|8": {
    "kci": 0.5618917510049533
  },
  "1;6|9": {
    "kci": 0.37197268154485585
  },
  "1;7|0": {
    "kci": 0.4962173409915268
  },
  "1;7|2": {
    "kci": 0.2405108638594271
  },
  "1;7|3": {
    "kci": 0.2624822870432537
  },
  "1;7|4": {
    "kci": 0.4501278691887267
  },
  "1;7|5": {
    "kci": 0.24432896294967843
  },
  "1;7|6": {
    "kci": 0.24307528503267883
  },
  "1;7|8": {
    "kci": 0.2721751478666975
  },
  "1;7|9": {
    "kci": 0.14204122035638234
  },
  "1;8|0": {
    "kci": 0.1610972778265598
  },
  "1;8|2": {
    "kci": 0.34131045773488633
  },
  "1;8|3": {
    "kci": 0.3923669729512451
  },
  "1;8|4": {
    "kci": 0.23833623435667972
  },
  "1;8|5": {
    "kci": 0.23776463840758777
  },