{
  "data_hash": "e4879582d98a9cf3766dd917e3b919da",
  "0;1": {
    "d_separation": 0.0
  },
  "0;2": {
    "d_separation": 0.0
  },
  "0;3": {
    "d_separation": 0.0
  },
  "0;4": {
    "d_separation": 0.0
  },
  "0;5": {
    "d_separation": 0.0
  },
  "0;6": {
    "d_separation": 0.0
  },
  "0;7": {
    "d_separation": 0.0
  },
  "0;8": {
    "d_separation": 0.0
  },
  "0;9": {
    "d_separation": 0.0
  },
  "1;2": {
    "d_separation": 0.0
  },
  "1;3": {
    "d_separation": 0.0
  },
  "1;4": {
    "d_separation": 0.0
  },
  "1;5": {
    "d_separation": 0.0
  },
  "1;6": {
    "d_separation": 0.0
  },
  "1;7": {
    "d_separation": 0.0
  },
  "1;8": {
    "d_separation": 0.0
  },
  "1;9": {
    "d_separation": 0.0
  },
  "2;3": {
    "d_separation": 0.0
  },
  "2;4": {
    "d_separation": 0.0
  },
  "2;5": {
    "d_separation": 0.0
  },
  "2;6": {
    "d_separation": 0.0
  },
  "2;7": {
    "d_separation": 0.0
  },
  "2;8": {
    "d_separation": 0.0
  },
  "2;9": {
    "d_separation": 0.0
  },
  "3;4": {
    "d_separation": 0.0
  },
  "3;5": {
    "d_separation": 0.0
  },
  "3;6": {
    "d_separation": 0.0
  },
  "3;7": {
    "d_separation": 0.0
  },
  "3;8": {
    "d_separation": 0.0
  },
  "3;9": {
    "d_separation": 0.0
  },
  "4;5": {
    "d_separation": 0.0
  },
  "4;6": {
    "d_separation": 0.0
  },
  "4;7": {
    "d_separation": 0.0
  },
  "4;8": {
    "d_separation": 0.0
  },
  "4;9": {
    "d_separation": 0.0
  },
  "5;6": {
    "d_separation": 0.0
  },
  "5;7": {
    "d_separation": 0.0
  },
  "5;8": {
    "d_separation": 0.0
  },
  "5;9": {
    "d_separation": 0.0
  },
  "6;7": {
    "d_separation": 0.0
  },
  "6;8": {
    "d_separation": 0.0
  },
  "6;9": {
    "d_separation": 0.0
  },
  "7;8": {
    "d_separation": 0.0
  },
  "7;9": {
    "d_separation": 0.0
  },
  "8;9": {
    "d_separation": 0.0
  },
  "0;1|2": {
    "kci": 0.6180267091573147
  },
  "0;1|3": {
    "kci": 0.4532421963681531
  },
  "0;1|4": {
    "kci": 0.4233829587483414
  },
  "0;1|5": {
    "kci": 0.5181662112248622
  },
  "0;1|6": {
    "kci": 0.6012158520617232
  },
  "0;1|7": {
    "kci": 0.4274042697044417
  },
  "0;1|8": {
    "kci": 0.5174062156896955
  },
  "0;1|9": {
    "kci": 0.6171250817820634
  },
  "0;2|1": {
    "kci": 0.4958909876539458
  },
  "0;2|3": {
    "kci": 0.5841414232131453
  },
  "0;2|4": {
    "kci": 0.46080216770176574
  },
  "0;2|5": {
    "kci": 0.4621071396248547
  },
  "0;2|6": {
    "kci": 0.46411475793948587
  },
  "0;2|7": {
    "kci": 0.36901762482715916
  },
  "0;2|8": {
    "kci": 0.4401026463944412
  },
  "0;2|9": {
    "kci": 0.48215584936544775
  },
  "0;3|1": {
    "kci": 3.606343532691625e-07
  },
  "0;3|2": {
    "kci": 3.489294175818003e-07
  },
  "0;3|4": {
    "kci": 2.8918862415849844e-07
  },
  "0;3|5": {
    "kci": 0.00011807378302486349
  },
  "0;3|6": {
    "kci": 1.3912120168102504e-06
  },
  "0;3|7": {
    "kci": 1.8143364002298767e-06
  },
  "0;3|8": {
    "kci": 2.3164301687916833e-06
  },
  "0;3|9": {
    "kci": 5.453690665735422e-07
  },
  "0;4|1": {
    "kci": 0.04645337820445283
  },
  "0;4|2": {
    "kci": 0.08138929650620663
  },
  "0;4|3": {
    "kci": 0.04058263410765217
  },
  "0;4|5": {
    "kci": 0.08788841041953344
  },
  "0;4|6": {
    "kci": 0.0723650403782794
  },
  "0;4|7": {
    "kci": 0.08063863187008802
  },
  "0;4|8": {
    "kci": 0.0823091367592842
  },
  "0;4|9": {
    "kci": 0.07951278606180523
  },
  "0;5|1": {
    "kci": 1.9264500208393542e-06
  },
  "0;5|2": {
    "kci": 2.9031472015272897e-07
  },
  "0;5|3": {
    "kci": 2.0098868303009e-07
  },
  "0;5|4": {
    "kci": 4.476617455617671e-07
  },
  "0;5|6": {
    "kci": 1.1763807439280072e-07
  },
  "0;5|7": {
    "kci": 2.916951993281458e-07
  },
  "0;5|8": {
    "kci": 1.8047915495422728e-07
  },
  "0;5|9": {
    "kci": 3.911909142173542e-07
  },
  "0;6|1": {
    "kci": 0.25410377620519653
  },
  "0;6|2": {
    "kci": 0.1956386203178756
  },
  "0;6|3": {
    "kci": 0.8940770903790419
  },
  "0;6|4": {
    "kci": 0.3148444692096656
  },
  "0;6|5": {
    "kci": 0.11358692934832748
  },
  "0;6|7": {
    "kci": 0.10412350591478026
  },
  "0;6|8": {
    "kci": 0.19170087999917373
  },
  "0;6|9": {
    "kci": 0.2858261758841729
  },
  "0;7|1": {
    "kci": 0.06785122572521407
  },
  "0;7|2": {
    "kci": 0.04630492976504352
  },
  "0;7|3": {
    "kci": 0.006800023767639329
  },
  "0;7|4": {
    "kci": 0.18514124642204965
  },
  "0;7|5": {
    "kci": 0.3051879699600488
  },
  "0;7|6": {
    "kci": 0.0755284871222831
  },
  "0;7|8": {
    "kci": 0.041793780686375626
  },
  "0;7|9": {
    "kci": 0.07223881053809023
  },
  "0;8|1": {
    "kci": 0.10533215987404243
  },
  "0;8|2": {
    "kci": 0.09842981003840812
  },
  "0;8|3": {
    "kci": 0.2846115421138995
  },
  "0;8|4": {
    "kci": 0.11076813128270913
  },
  "0;8|5": {
    "kci": 0.18724849941991661
  },
  "0;8|6": {
    "kci": 0.24291501558620232
  },
  "0;8|7": {
    "kci": 0.11988924038501414
  },
  "0;8|9": {
    "kci": 0.16080123256727652
  },
  "0;9|1": {
    "kci": 0.3742777045943959
  },
  "0;9|2": {
    "kci": 0.4615712440731443
  },
  "0;9|3": {
    "kci": 0.3595845897598925
  },
  "0;9|4": {
    "kci": 0.4117606818377004
  },
  "0;9|5": {
    "kci": 0.3337869378890366
  },
  "0;9|6": {
    "kci": 0.389444272794781
  },
  "0;9|7": {
    "kci": 0.31704751058781877
  },
  "0;9|8": {
    "kci": 0.45889166477040566
  },
  "1;2|0": {
    "kci": 0.4109505656861159
  },
  "1;2|3": {
    "kci": 0.3183463804676987
  },
  "1;2|4": {
    "kci": 0.2712943322028256
  },
  "1;2|5": {
    "kci": 0.7402273999674194
  },
  "1;2|6": {
    "kci": 0.37747918267821423
  },
  "1;2|7": {
    "kci": 0.5667843068614538
  },
  "1;2|8": {
    "kci": 0.29943729328349655
  },
  "1;2|9": {
    "kci": 0.33074930874979314
  },
  "1;3|0": {
    "kci": 0.01873805142550178
  },
  "1;3|2": {
    "kci": 0.12511679713740098
  },
  "1;3|4": {
    "kci": 0.018316165372780358
  },
  "1;3|5": {
    "kci": 0.1091981808360325
  },
  "1;3|6": {
    "kci": 0.29295374407398556
  },
  "1;3|7": {
    "kci": 0.07584483082542082
  },
  "1;3|8": {
    "kci": 0.1303399831118176
  },
  "1;3|9": {
    "kci": 0.2022436999297459
  },
  "1;4|0": {
    "kci": 0.00019085424400411277
  },
  "1;4|2": {
    "kci": 0.00019192048346339252
  },
  "1;4|3": {
    "kci": 3.614165157461713e-05
  },
  "1;4|5": {
    "kci": 1.836449497449877e-05
  },
  "1;4|6": {
    "kci": 7.084361550990792e-05
  },
  "1;4|7": {
    "kci": 0.0007756880530016552
  },
  "1;4|8": {
    "kci": 0.0005854602369698148
  },
  "1;4|9": {
    "kci": 0.00015133601925187978
  },
  "1;5|0": {
    "kci": 0.7800166218107975
  },
  "1;5|2": {
    "kci": 0.8881217158562775
  },
  "1;5|3": {
    "kci": 0.6269894131218746
  },
  "1;5|4": {
    "kci": 0.78205865409025
  },
  "1;5|6": {
    "kci": 0.8423962578062698
  },
  "1;5|7": {
    "kci": 0.857679686156529
  },
  "1;5|8": {
    "kci": 0.7905057518079165
  },
  "1;5|9": {
    "kci": 0.8655480283333734
  },
  "1;6|0": {
    "kci": 0.5739210421118994
  },
  "1;6|2": {
    "kci": 0.588709454576613
  },
  "1;6|3": {
    "kci": 0.6814474849827594
  },
  "1;6|4": {
    "kci": 0.4684376255701912
  },
  "1;6|5": {
    "kci": 0.5614217466081608
  },
  "1;6|7": {
    "kci": 0.5469850792763091
  },
  "1;6|8": {
    "kci": 0.2322016052045811
  },
  "1;6|9": {
    "kci": 0.6424344313112909
  },
  "1;7|0": {
    "kci": 0.038848863238969744
  },
  "1;7|2": {
    "kci": 0.325521139579112
  },
  "1;7|3": {
    "kci": 0.23920392412824498
  },
  "1;7|4": {
    "kci": 0.6203141404412731
  },
  "1;7|5": {
    "kci": 0.5005658437700324
  },
  "1;7|6": {
    "kci": 0.2764034901198176
  },
  "1;7|8": {
    "kci": 0.2011301121757334
  },
  "1;7|9": {
    "kci": 0.35447841254533063
  },
  "1;8|0": {
    "kci": 0.26697314801356464
  },
  "1;8|2": {
    "kci": 0.3210463744621762
  },
  "1;8|3": {
    "kci": 0.08434671169133989
  },
  "1;8|4": {
    "kci": 0.5136667859320201
  },
  "1;8|5": {
    "kci": 0.21405457130329886
  },