{
  "data_hash": "e49dcbecc8fef9cbcb542acc7c05d0ee",
  "0;1": {
    "d_separation": 0.0
  },
  "0;2": {
    "d_separation": 0.0
  },
  "0;3": {
    "d_separation": 0.0
  },
  "0;4": {
    "d_separation": 0.0
  },
  "0;5": {
    "d_separation": 0.0
  },
  "0;6": {
    "d_separation": 0.0
  },
  "0;7": {
    "d_separation": 0.0
  },
  "0;8": {
    "d_separation": 0.0
  },
  "0;9": {
    "d_separation": 0.0
  },
  "1;2": {
    "d_separation": 0.0
  },
  "1;3": {
    "d_separation": 0.0
  },
  "1;4": {
    "d_separation": 0.0
  },
  "1;5": {
    "d_separation": 0.0
  },
  "1;6": {
    "d_separation": 0.0
  },
  "1;7": {
    "d_separation": 0.0
  },
  "1;8": {
    "d_separation": 0.0
  },
  "1;9": {
    "d_separation": 0.0
  },
  "2;3": {
    "d_separation": 0.0
  },
  "2;4": {
    "d_separation": 0.0
  },
  "2;5": {
    "d_separation": 0.0
  },
  "2;6": {
    "d_separation": 0.0
  },
  "2;7": {
    "d_separation": 0.0
  },
  "2;8": {
    "d_separation": 0.0
  },
  "2;9": {
    "d_separation": 0.0
  },
  "3;4": {
    "d_separation": 0.0
  },
  "3;5": {
    "d_separation": 0.0
  },
  "3;6": {
    "d_separation": 0.0
  },
  "3;7": {
    "d_separation": 0.0
  },
  "3;8": {
    "d_separation": 0.0
  },
  "3;9": {
    "d_separation": 0.0
  },
  "4;5": {
    "d_separation": 0.0
  },
  "4;6": {
    "d_separation": 0.0
  },
  "4;7": {
    "d_separation": 0.0
  },
  "4;8": {
    "d_separation": 0.0
  },
  "4;9": {
    "d_separation": 0.0
  },
  "5;6": {
    "d_separation": 0.0
  },
  "5;7": {
    "d_separation": 0.0
  },
  "5;8": {
    "d_separation": 0.0
  },
  "5;9": {
    "d_separation": 0.0
  },
  "6;7": {
    "d_separation": 0.0
  },
  "6;8": {
    "d_separation": 0.0
  },
  "6;9": {
    "d_separation": 0.0
  },
  "7;8": {
    "d_separation": 0.0
  },
  "7;9": {
    "d_separation": 0.0
  },
  "8;9": {
    "d_separation": 0.0
  },
  "0;1|2": {
    "kci": 0.3029257857618767
  },
  "0;1|3": {
    "kci": 0.33436189927822624
  },
  "0;1|4": {
    "kci": 0.37530757420241345
  },
  "0;1|5": {
    "kci": 0.6585925284848164
  },
  "0;1|6": {
    "kci": 0.11883624086900446
  },
  "0;1|7": {
    "kci": 0.428621742452437
  },
  "0;1|8": {
    "kci": 0.32875506139724586
  },
  "0;1|9": {
    "kci": 0.46811488709001337
  },
  "0;2|1": {
    "kci": 0.469297860621253
  },
  "0;2|3": {
    "kci": 0.2090382174971701
  },
  "0;2|4": {
    "kci": 0.1925703827204086
  },
  "0;2|5": {
    "kci": 0.4883965462060196
  },
  "0;2|6": {
    "kci": 0.5589918884052477
  },
  "0;2|7": {
    "kci": 0.2853453354610376
  },
  "0;2|8": {
    "kci": 0.4569976409325438
  },
  "0;2|9": {
    "kci": 0.6136471143231285
  },
  "0;3|1": {
    "kci": 0.731082706226927
  },
  "0;3|2": {
    "kci": 0.5610253720545351
  },
  "0;3|4": {
    "kci": 0.6235120529792715
  },
  "0;3|5": {
    "kci": 0.35702334527805013
  },
  "0;3|6": {
    "kci": 0.5570019059244904
  },
  "0;3|7": {
    "kci": 0.6550309558270502
  },
  "0;3|8": {
    "kci": 0.715319999780549
  },
  "0;3|9": {
    "kci": 0.43698567056481974
  },
  "0;4|1": {
    "kci": 1.185697565020405e-06
  },
  "0;4|2": {
    "kci": 6.788474680163858e-07
  },
  "0;4|3": {
    "kci": 6.609361678844294e-06
  },
  "0;4|5": {
    "kci": 0.2304013027153079
  },
  "0;4|6": {
    "kci": 0.00017428719539136495
  },
  "0;4|7": {
    "kci": 0.00012926375751143304
  },
  "0;4|8": {
    "kci": 0.06250854227795133
  },
  "0;4|9": {
    "kci": 0.00018882917681584122
  },
  "0;5|1": {
    "kci": 0.0
  },
  "0;5|2": {
    "kci": 0.0
  },
  "0;5|3": {
    "kci": 0.0
  },
  "0;5|4": {
    "kci": 0.0
  },
  "0;5|6": {
    "kci": 0.0
  },
  "0;5|7": {
    "kci": 0.0
  },
  "0;5|8": {
    "kci": 0.0
  },
  "0;5|9": {
    "kci": 1.9095836023552692e-14
  },
  "0;6|1": {
    "kci": 1.7505183488530918e-05
  },
  "0;6|2": {
    "kci": 0.00010287149342746993
  },
  "0;6|3": {
    "kci": 6.134635281962453e-05
  },
  "0;6|4": {
    "kci": 2.4121671304833114e-07
  },
  "0;6|5": {
    "kci": 0.7690019777510642
  },
  "0;6|7": {
    "kci": 1.5365425158786472e-05
  },
  "0;6|8": {
    "kci": 2.674667431978861e-07
  },
  "0;6|9": {
    "kci": 0.03735224658962977
  },
  "0;7|1": {
    "kci": 0.38010862151327307
  },
  "0;7|2": {
    "kci": 0.29926677944083946
  },
  "0;7|3": {
    "kci": 0.32534911383885345
  },
  "0;7|4": {
    "kci": 0.36598235125297085
  },
  "0;7|5": {
    "kci": 0.4105167792262081
  },
  "0;7|6": {
    "kci": 0.33715845214771567
  },
  "0;7|8": {
    "kci": 0.469259846268673
  },
  "0;7|9": {
    "kci": 0.3589459566493626
  }
}