{
  "data_hash": "e73a0de5bafd324582b5063f61ec9278",
  "0;1": {
    "d_separation": 0.0
  },
  "0;2": {
    "d_separation": 0.0
  },
  "0;3": {
    "d_separation": 0.0
  },
  "0;4": {
    "d_separation": 0.0
  },
  "0;5": {
    "d_separation": 0.0
  },
  "0;6": {
    "d_separation": 0.0
  },
  "0;7": {
    "d_separation": 0.0
  },
  "0;8": {
    "d_separation": 0.0
  },
  "0;9": {
    "d_separation": 0.0
  },
  "1;2": {
    "d_separation": 0.0
  },
  "1;3": {
    "d_separation": 0.0
  },
  "1;4": {
    "d_separation": 0.0
  },
  "1;5": {
    "d_separation": 0.0
  },
  "1;6": {
    "d_separation": 0.0
  },
  "1;7": {
    "d_separation": 0.0
  },
  "1;8": {
    "d_separation": 0.0
  },
  "1;9": {
    "d_separation": 0.0
  },
  "2;3": {
    "d_separation": 0.0
  },
  "2;4": {
    "d_separation": 0.0
  },
  "2;5": {
    "d_separation": 0.0
  },
  "2;6": {
    "d_separation": 0.0
  },
  "2;7": {
    "d_separation": 0.0
  },
  "2;8": {
    "d_separation": 0.0
  },
  "2;9": {
    "d_separation": 0.0
  },
  "3;4": {
    "d_separation": 0.0
  },
  "3;5": {
    "d_separation": 0.0
  },
  "3;6": {
    "d_separation": 0.0
  },
  "3;7": {
    "d_separation": 0.0
  },
  "3;8": {
    "d_separation": 0.0
  },
  "3;9": {
    "d_separation": 0.0
  },
  "4;5": {
    "d_separation": 0.0
  },
  "4;6": {
    "d_separation": 0.0
  },
  "4;7": {
    "d_separation": 0.0
  },
  "4;8": {
    "d_separation": 0.0
  },
  "4;9": {
    "d_separation": 0.0
  },
  "5;6": {
    "d_separation": 0.0
  },
  "5;7": {
    "d_separation": 0.0
  },
  "5;8": {
    "d_separation": 0.0
  },
  "5;9": {
    "d_separation": 0.0
  },
  "6;7": {
    "d_separation": 0.0
  },
  "6;8": {
    "d_separation": 0.0
  },
  "6;9": {
    "d_separation": 0.0
  },
  "7;8": {
    "d_separation": 0.0
  },
  "7;9": {
    "d_separation": 0.0
  },
  "8;9": {
    "d_separation": 0.0
  },
  "0;1|2": {
    "kci": 4.150959941107146e-05
  },
  "0;1|3": {
    "kci": 2.2725004888979328e-07
  },
  "0;1|4": {
    "kci": 4.267128421719946e-06
  },
  "0;1|5": {
    "kci": 0.0016177823830964
  },
  "0;1|6": {
    "kci": 5.0604779245677634e-05
  },
  "0;1|7": {
    "kci": 4.388103948349542e-05
  },
  "0;1|8": {
    "kci": 1.7152929175368037e-05
  },
  "0;1|9": {
    "kci": 2.8127869478478118e-05
  },
  "0;2|1": {
    "kci": 0.3820235570353958
  },
  "0;2|3": {
    "kci": 0.23616209290566625
  },
  "0;2|4": {
    "kci": 0.4400378665410316
  },
  "0;2|5": {
    "kci": 0.14799263569184118
  },
  "0;2|6": {
    "kci": 0.2790156934039021
  },
  "0;2|7": {
    "kci": 0.17922141231817146
  },
  "0;2|8": {
    "kci": 0.29400326664235177
  },
  "0;2|9": {
    "kci": 0.2212762499829991
  },
  "0;3|1": {
    "kci": 9.583582705197102e-09
  },
  "0;3|2": {
    "kci": 1.4323009445149637e-10
  },
  "0;3|4": {
    "kci": 2.5508578760380374e-07
  },
  "0;3|5": {
    "kci": 1.0675816752625522e-05
  },
  "0;3|6": {
    "kci": 7.87170217897426e-10
  },
  "0;3|7": {
    "kci": 3.331335207690245e-11
  },
  "0;3|8": {
    "kci": 1.3708456592098628e-10
  },
  "0;3|9": {
    "kci": 5.021760784984508e-12
  },
  "0;4|1": {
    "kci": 7.808182100887961e-07
  },
  "0;4|2": {
    "kci": 2.015560032087027e-05
  },
  "0;4|3": {
    "kci": 0.002064686821413253
  },
  "0;4|5": {
    "kci": 0.0008007498836046789
  },
  "0;4|6": {
    "kci": 3.2623437840051395e-07
  },
  "0;4|7": {
    "kci": 1.910733057208791e-05
  },
  "0;4|8": {
    "kci": 2.018977724116411e-05
  },
  "0;4|9": {
    "kci": 1.2543298435918615e-05
  },
  "0;5|1": {
    "kci": 9.55236761912559e-08
  },
  "0;5|2": {
    "kci": 7.280992475600101e-10
  },
  "0;5|3": {
    "kci": 2.0212622686699433e-09
  },
  "0;5|4": {
    "kci": 4.3643422209527216e-10
  },
  "0;5|6": {
    "kci": 2.6703023792151726e-08
  },
  "0;5|7": {
    "kci": 5.422736482074697e-09
  },
  "0;5|8": {
    "kci": 7.46245287785996e-10
  },
  "0;5|9": {
    "kci": 5.790890322820985e-09
  },
  "0;6|1": {
    "kci": 0.5011168602412952
  },
  "0;6|2": {
    "kci": 0.329112350089787
  },
  "0;6|3": {
    "kci": 0.2165642212223342
  },
  "0;6|4": {
    "kci": 0.5754943971075406
  },
  "0;6|5": {
    "kci": 0.12448965816921742
  },
  "0;6|7": {
    "kci": 0.5038010091702203
  },
  "0;6|8": {
    "kci": 0.3585240268993216
  },
  "0;6|9": {
    "kci": 0.4353042011394952
  },
  "0;7|1": {
    "kci": 0.26953280641530886
  },
  "0;7|2": {
    "kci": 0.17228607304648258
  },
  "0;7|3": {
    "kci": 0.2501922445203668
  },
  "0;7|4": {
    "kci": 0.20583159714740784
  },
  "0;7|5": {
    "kci": 0.12260685926335602
  },
  "0;7|6": {
    "kci": 0.25452209019611627
  },
  "0;7|8": {
    "kci": 0.18169688439415932
  },
  "0;7|9": {
    "kci": 0.13202126569520078
  },
  "0;8|1": {
    "kci": 0.267363754356875
  },
  "0;8|2": {
    "kci": 0.16597011382544014
  },
  "0;8|3": {
    "kci": 0.18050145132765272
  },
  "0;8|4": {
    "kci": 0.26523080277332034
  },
  "0;8|5": {
    "kci": 0.16626279404934996
  },
  "0;8|6": {
    "kci": 0.11860189045119984
  },
  "0;8|7": {
    "kci": 0.18229747651912853
  },
  "0;8|9": {
    "kci": 0.16049257357630242
  },
  "0;9|1": {
    "kci": 0.39522957290046234
  },
  "0;9|2": {
    "kci": 0.31182010991753795
  },
  "0;9|3": {
    "kci": 0.28283092673597343
  },
  "0;9|4": {
    "kci": 0.36051415246003005
  },
  "0;9|5": {
    "kci": 0.3479123945979602
  },
  "0;9|6": {
    "kci": 0.3461413981179413
  },
  "0;9|7": {
    "kci": 0.3587150946139477
  },
  "0;9|8": {
    "kci": 0.36154091486014883
  },
  "1;2|0": {
    "kci": 0.2620594614102748
  },
  "1;2|3": {
    "kci": 0.3221069849028758
  },
  "1;2|4": {
    "kci": 0.0811094960118438
  },
  "1;2|5": {
    "kci": 0.23168477235467
  },
  "1;2|6": {
    "kci": 0.12745114788850087
  },
  "1;2|7": {
    "kci": 0.01808346779740555
  },
  "1;2|8": {
    "kci": 0.09346136677750783
  },
  "1;2|9": {
    "kci": 0.10525777654959911
  },
  "1;3|0": {
    "kci": 0.0024779207113062585
  },
  "1;3|2": {
    "kci": 0.04885198641670985
  },
  "1;3|4": {
    "kci": 0.09496206542253649
  },
  "1;3|5": {
    "kci": 0.039791487931619796
  },
  "1;3|6": {
    "kci": 0.01512728066143032
  },
  "1;3|7": {
    "kci": 0.04402101885514309
  },
  "1;3|8": {
    "kci": 0.035593862262921605
  },
  "1;3|9": {
    "kci": 0.04746922987736635
  },
  "1;4|0": {
    "kci": 2.5803386722200727e-05
  },
  "1;4|2": {
    "kci": 4.150373256073259e-05
  },
  "1;4|3": {
    "kci": 0.003144184100661529
  },
  "1;4|5": {
    "kci": 2.6939609156007016e-05
  },
  "1;4|6": {
    "kci": 0.0007350167483174408
  },
  "1;4|7": {
    "kci": 0.0001236860545102969
  },
  "1;4|8": {
    "kci": 0.0002896448972318222
  },
  "1;4|9": {
    "kci": 0.0018976703980128073
  },
  "1;5|0": {
    "kci": 0.002544435342624163
  },
  "1;5|2": {
    "kci": 0.00959781802760895
  },
  "1;5|3": {
    "kci": 0.005496754988649211
  },
  "1;5|4": {
    "kci": 0.0012603164916636933
  },
  "1;5|6": {
    "kci": 0.026095538300757615
  },
  "1;5|7": {
    "kci": 0.025774553785243293
  },
  "1;5|8": {
    "kci": 0.014907489280455377
  },
  "1;5|9": {
    "kci": 0.024131560772446936
  },
  "1;6|0": {
    "kci": 0.5687124119900994
  },
  "1;6|2": {
    "kci": 0.6370931547976899
  },
  "1;6|3": {
    "kci": 0.5558751537687565
  },
  "1;6|4": {
    "kci": 0.6698202002640613
  },
  "1;6|5": {
    "kci": 0.6349456009982508
  },
  "1;6|7": {
    "kci": 0.19681179925799808
  },
  "1;6|8": {
    "kci": 0.6358602076385127
  },
  "1;6|9": {
    "kci": 0.6154253634240224
  },
  "1;7|0": {
    "kci": 0.06836303143158351
  },
  "1;7|2": {
    "kci": 0.08584678428997461
  },
  "1;7|3": {
    "kci": 0.10567801108066321
  },
  "1;7|4": {
    "kci": 0.09416177051150121
  },
  "1;7|5": {
    "kci": 0.07110104600883604
  },
  "1;7|6": {
    "kci": 0.2218079478586218
  },
  "1;7|8": {
    "kci": 0.10877171098181981
  },
  "1;7|9": {
    "kci": 0.09538555626303313
  },
  "1;8|0": {
    "kci": 0.24157052195136686
  },
  "1;8|2": {
    "kci": 0.18924464421896559
  },
  "1;8|3": {
    "kci": 0.23300432186798814
  },
  "1;8|4": {
    "kci": 0.15553033499860236
  },