{
  "data_hash": "ecee78b9ff806d726f00076d10b2fc64",
  "0;1": {
    "d_separation": 0.0
  },
  "0;2": {
    "d_separation": 0.0
  },
  "0;3": {
    "d_separation": 0.0
  },
  "0;4": {
    "d_separation": 0.0
  },
  "0;5": {
    "d_separation": 0.0
  },
  "0;6": {
    "d_separation": 0.0
  },
  "0;7": {
    "d_separation": 0.0
  },
  "0;8": {
    "d_separation": 0.0
  },
  "0;9": {
    "d_separation": 0.0
  },
  "1;2": {
    "d_separation": 0.0
  },
  "1;3": {
    "d_separation": 0.0
  },
  "1;4": {
    "d_separation": 0.0
  },
  "1;5": {
    "d_separation": 0.0
  },
  "1;6": {
    "d_separation": 0.0
  },
  "1;7": {
    "d_separation": 0.0
  },
  "1;8": {
    "d_separation": 0.0
  },
  "1;9": {
    "d_separation": 0.0
  },
  "2;3": {
    "d_separation": 0.0
  },
  "2;4": {
    "d_separation": 0.0
  },
  "2;5": {
    "d_separation": 0.0
  },
  "2;6": {
    "d_separation": 0.0
  },
  "2;7": {
    "d_separation": 0.0
  },
  "2;8": {
    "d_separation": 0.0
  },
  "2;9": {
    "d_separation": 0.0
  },
  "3;4": {
    "d_separation": 0.0
  },
  "3;5": {
    "d_separation": 0.0
  },
  "3;6": {
    "d_separation": 0.0
  },
  "3;7": {
    "d_separation": 0.0
  },
  "3;8": {
    "d_separation": 0.0
  },
  "3;9": {
    "d_separation": 0.0
  },
  "4;5": {
    "d_separation": 0.0
  },
  "4;6": {
    "d_separation": 0.0
  },
  "4;7": {
    "d_separation": 0.0
  },
  "4;8": {
    "d_separation": 0.0
  },
  "4;9": {
    "d_separation": 0.0
  },
  "5;6": {
    "d_separation": 0.0
  },
  "5;7": {
    "d_separation": 0.0
  },
  "5;8": {
    "d_separation": 1.0
  },
  "5;9": {
    "d_separation": 0.0
  },
  "6;7": {
    "d_separation": 0.0
  },
  "6;8": {
    "d_separation": 0.0
  },
  "6;9": {
    "d_separation": 0.0
  },
  "7;8": {
    "d_separation": 0.0
  },
  "7;9": {
    "d_separation": 0.0
  },
  "8;9": {
    "d_separation": 0.0
  },
  "0;1|2": {
    "kci": 0.0012475685807490366
  },
  "0;1|3": {
    "kci": 0.0033433681266328286
  },
  "0;1|4": {
    "kci": 0.0006202612481778225
  },
  "0;1|5": {
    "kci": 0.005060651703741037
  },
  "0;1|6": {
    "kci": 0.0023901803341046524
  },
  "0;1|7": {
    "kci": 0.0008345243312716244
  },
  "0;1|8": {
    "kci": 0.0019333399731519263
  },
  "0;1|9": {
    "kci": 0.004269075199441974
  },
  "0;2|1": {
    "kci": 0.21557304451856973
  },
  "0;2|3": {
    "kci": 0.5079344356152335
  },
  "0;2|4": {
    "kci": 0.33422206829605705
  },
  "0;2|5": {
    "kci": 0.32526208545190194
  },
  "0;2|6": {
    "kci": 0.5275043864006754
  },
  "0;2|7": {
    "kci": 0.4155720491708075
  },
  "0;2|8": {
    "kci": 0.33776041822600544
  },
  "0;2|9": {
    "kci": 0.3956545861082681
  },
  "0;3|1": {
    "kci": 0.6076150159409255
  },
  "0;3|2": {
    "kci": 0.31631808832271724
  },
  "0;3|4": {
    "kci": 0.2776461702392137
  },
  "0;3|5": {
    "kci": 0.16734140782420204
  },
  "0;3|6": {
    "kci": 0.4435696567258093
  },
  "0;3|7": {
    "kci": 0.4789009192294621
  },
  "0;3|8": {
    "kci": 0.4252172802399712
  },
  "0;3|9": {
    "kci": 0.098901789459091
  },
  "0;4|1": {
    "kci": 0.783740215044433
  },
  "0;4|2": {
    "kci": 0.8642017645331855
  },
  "0;4|3": {
    "kci": 0.7074443081585993
  },
  "0;4|5": {
    "kci": 0.6560528976824952
  },
  "0;4|6": {
    "kci": 0.7541382682845263
  },
  "0;4|7": {
    "kci": 0.8142144521270556
  },
  "0;4|8": {
    "kci": 0.5497165457346956
  },
  "0;4|9": {
    "kci": 0.8319052751015049
  },
  "0;5|1": {
    "kci": 0.6427564853940209
  },
  "0;5|2": {
    "kci": 0.3524866396755666
  },
  "0;5|3": {
    "kci": 0.20110349929876414
  },
  "0;5|4": {
    "kci": 0.37877734920406403
  },
  "0;5|6": {
    "kci": 0.47555309277471114
  },
  "0;5|7": {
    "kci": 0.4723074692353475
  },
  "0;5|8": {
    "kci": 0.4358520216747659
  },
  "0;5|9": {
    "kci": 0.3369954316959476
  },
  "0;6|1": {
    "kci": 0.5399276641786463
  },
  "0;6|2": {
    "kci": 0.581635680319873
  },
  "0;6|3": {
    "kci": 0.5444332612472468
  },
  "0;6|4": {
    "kci": 0.3548593350655159
  },
  "0;6|5": {
    "kci": 0.6355368267223036
  },
  "0;6|7": {
    "kci": 0.5883827148749121
  },
  "0;6|8": {
    "kci": 0.3842661806986283
  },
  "0;6|9": {
    "kci": 0.46833654869161734
  },
  "0;7|1": {
    "kci": 0.2807609607065089
  },
  "0;7|2": {
    "kci": 0.27537928551946744
  },
  "0;7|3": {
    "kci": 0.2847500716112358
  },
  "0;7|4": {
    "kci": 0.268884031361183
  },
  "0;7|5": {
    "kci": 0.2954868644860106
  },
  "0;7|6": {
    "kci": 0.276144664658877
  },
  "0;7|8": {
    "kci": 0.2913644499213528
  },
  "0;7|9": {
    "kci": 0.25732165648006755
  },
  "0;8|1": {
    "kci": 0.5915977597979631
  },
  "0;8|2": {
    "kci": 0.7771502837462323
  },
  "0;8|3": {
    "kci": 0.8272438919127473
  },
  "0;8|4": {
    "kci": 0.6240475220479308
  },
  "0;8|5": {
    "kci": 0.6626873150972132
  },
  "0;8|6": {
    "kci": 0.6864468867306099
  },
  "0;8|7": {
    "kci": 0.80323690321521
  },
  "0;8|9": {
    "kci": 0.650265981600791
  },
  "0;9|1": {
    "kci": 0.8656948792826812
  },
  "0;9|2": {
    "kci": 0.8356754710844028
  },
  "0;9|3": {
    "kci": 0.8106271387950124
  },
  "0;9|4": {
    "kci": 0.8285868412531832
  },
  "0;9|5": {
    "kci": 0.8811865300627578
  },
  "0;9|6": {
    "kci": 0.8056863431670047
  },
  "0;9|7": {
    "kci": 0.8280576167369418
  },
  "0;9|8": {
    "kci": 0.7072202471405501
  },
  "1;2|0": {
    "kci": 0.37973026253838094
  },
  "1;2|3": {
    "kci": 0.24458612866131402
  },
  "1;2|4": {
    "kci": 0.5397199475626827
  },
  "1;2|5": {
    "kci": 0.28598586450079355
  },
  "1;2|6": {
    "kci": 0.531657799271096
  },
  "1;2|7": {
    "kci": 0.5233387574756867
  },
  "1;2|8": {
    "kci": 0.579069360059149
  },
  "1;2|9": {
    "kci": 0.42326590726845004
  },
  "1;3|0": {
    "kci": 0.057145773645352005
  },
  "1;3|2": {
    "kci": 0.1430719999951906
  },
  "1;3|4": {
    "kci": 0.08106456859613165
  },
  "1;3|5": {
    "kci": 0.3334696501233694
  },
  "1;3|6": {
    "kci": 0.3142505564717606
  },
  "1;3|7": {
    "kci": 0.45695482158410117
  },
  "1;3|8": {
    "kci": 0.02896153638191612
  },
  "1;3|9": {
    "kci": 0.1786184658330492
  },
  "1;4|0": {
    "kci": 0.3882514218746227
  },
  "1;4|2": {
    "kci": 0.4964661838818665
  },
  "1;4|3": {
    "kci": 0.437055053475525
  },
  "1;4|5": {
    "kci": 0.43402414674087597
  },
  "1;4|6": {
    "kci": 0.4332977810349693
  },
  "1;4|7": {
    "kci": 0.46191851268673767
  },
  "1;4|8": {
    "kci": 0.44038697317198294
  },
  "1;4|9": {
    "kci": 0.4675003451360008
  },
  "1;5|0": {
    "kci": 0.6685402143323297
  },
  "1;5|2": {
    "kci": 0.6089404288054407
  },
  "1;5|3": {
    "kci": 0.684449994770562
  },
  "1;5|4": {
    "kci": 0.6181418406601753
  },
  "1;5|6": {
    "kci": 0.7212225888370554
  },
  "1;5|7": {
    "kci": 0.6552002876470933
  },
  "1;5|8": {
    "kci": 0.48408842548695497
  },
  "1;5|9": {
    "kci": 0.6070425174068459
  },
  "1;6|0": {
    "kci": 0.4304879052369789
  },
  "1;6|2": {
    "kci": 0.4116391445798945
  },
  "1;6|3": {
    "kci": 0.41917725606832823
  },
  "1;6|4": {
    "kci": 0.5603982085482819
  },
  "1;6|5": {
    "kci": 0.4655033874833878
  },
  "1;6|7": {
    "kci": 0.42398924850330844
  },
  "1;6|8": {
    "kci": 0.5150604179249445
  },
  "1;6|9": {
    "kci": 0.1413266735065266
  },
  "1;7|0": {
    "kci": 0.4054069670038919
  },
  "1;7|2": {
    "kci": 0.5649945813512508
  },
  "1;7|3": {
    "kci": 0.4085046698808026
  },
  "1;7|4": {
    "kci": 0.5238028731530595
  },
  "1;7|5": {
    "kci": 0.3609153463381143
  },
  "1;7|6": {
    "kci": 0.5185294711955486
  },
  "1;7|8": {
    "kci": 0.5291466652096255
  },
  "1;7|9": {
    "kci": 0.5613642850470781
  },
  "1;8|0": {
    "kci": 0.7189994976907477
  },
  "1;8|2": {
    "kci": 0.8407973501744247
  },
  "1;8|3": {
    "kci": 0.7508038706489292
  },
  "1;8|4": {
    "kci": 0.8080229521961357
  },
  "1;8|5": {
    "kci": 0.6613277570376901
  },
  "1;8|6": {
    "kci": 0.8728328442093047
  },
  "1;8|7": {
    "kci": 0.820817665657305
  },