{
  "data_hash": "ed74c94557c23311c1c694637ddab327",
  "0;1": {
    "d_separation": 0.0
  },
  "0;2": {
    "d_separation": 0.0
  },
  "0;3": {
    "d_separation": 0.0
  },
  "0;4": {
    "d_separation": 0.0
  },
  "0;5": {
    "d_separation": 0.0
  },
  "0;6": {
    "d_separation": 0.0
  },
  "0;7": {
    "d_separation": 0.0
  },
  "0;8": {
    "d_separation": 0.0
  },
  "0;9": {
    "d_separation": 0.0
  },
  "1;2": {
    "d_separation": 0.0
  },
  "1;3": {
    "d_separation": 0.0
  },
  "1;4": {
    "d_separation": 0.0
  },
  "1;5": {
    "d_separation": 0.0
  },
  "1;6": {
    "d_separation": 0.0
  },
  "1;7": {
    "d_separation": 0.0
  },
  "1;8": {
    "d_separation": 0.0
  },
  "1;9": {
    "d_separation": 0.0
  },
  "2;3": {
    "d_separation": 0.0
  },
  "2;4": {
    "d_separation": 0.0
  },
  "2;5": {
    "d_separation": 0.0
  },
  "2;6": {
    "d_separation": 0.0
  },
  "2;7": {
    "d_separation": 0.0
  },
  "2;8": {
    "d_separation": 0.0
  },
  "2;9": {
    "d_separation": 0.0
  },
  "3;4": {
    "d_separation": 0.0
  },
  "3;5": {
    "d_separation": 0.0
  },
  "3;6": {
    "d_separation": 0.0
  },
  "3;7": {
    "d_separation": 0.0
  },
  "3;8": {
    "d_separation": 0.0
  },
  "3;9": {
    "d_separation": 0.0
  },
  "4;5": {
    "d_separation": 0.0
  },
  "4;6": {
    "d_separation": 0.0
  },
  "4;7": {
    "d_separation": 0.0
  },
  "4;8": {
    "d_separation": 0.0
  },
  "4;9": {
    "d_separation": 0.0
  },
  "5;6": {
    "d_separation": 0.0
  },
  "5;7": {
    "d_separation": 0.0
  },
  "5;8": {
    "d_separation": 0.0
  },
  "5;9": {
    "d_separation": 0.0
  },
  "6;7": {
    "d_separation": 0.0
  },
  "6;8": {
    "d_separation": 0.0
  },
  "6;9": {
    "d_separation": 0.0
  },
  "7;8": {
    "d_separation": 0.0
  },
  "7;9": {
    "d_separation": 0.0
  },
  "8;9": {
    "d_separation": 0.0
  },
  "0;1|2": {
    "kci": 0.29146020830404207
  },
  "0;1|3": {
    "kci": 0.28319904680940144
  },
  "0;1|4": {
    "kci": 0.267766783439608
  },
  "0;1|5": {
    "kci": 0.2890612484713926
  },
  "0;1|6": {
    "kci": 0.2685564418870995
  },
  "0;1|7": {
    "kci": 0.3185655623920003
  },
  "0;1|8": {
    "kci": 0.3165890527057922
  },
  "0;1|9": {
    "kci": 0.3308973504762873
  },
  "0;2|1": {
    "kci": 0.187106756149224
  },
  "0;2|3": {
    "kci": 0.15836495284875118
  },
  "0;2|4": {
    "kci": 0.13014489278983832
  },
  "0;2|5": {
    "kci": 0.11980573817879614
  },
  "0;2|6": {
    "kci": 0.13670337713317315
  },
  "0;2|7": {
    "kci": 0.2229738678764711
  },
  "0;2|8": {
    "kci": 0.11563276134053302
  },
  "0;2|9": {
    "kci": 0.1654016349006463
  },
  "0;3|1": {
    "kci": 3.637303391812452e-08
  },
  "0;3|2": {
    "kci": 2.343359950529589e-10
  },
  "0;3|4": {
    "kci": 1.8183196059951001e-09
  },
  "0;3|5": {
    "kci": 2.3192871030142115e-05
  },
  "0;3|6": {
    "kci": 1.1450189685291434e-09
  },
  "0;3|7": {
    "kci": 6.08742212193647e-09
  },
  "0;3|8": {
    "kci": 9.920587684675297e-10
  },
  "0;3|9": {
    "kci": 1.4397368852669956e-09
  },
  "0;4|1": {
    "kci": 0.005695213058741211
  },
  "0;4|2": {
    "kci": 0.001726903086976428
  },
  "0;4|3": {
    "kci": 0.5204252662785801
  },
  "0;4|5": {
    "kci": 0.11144317892619182
  },
  "0;4|6": {
    "kci": 0.03911247720975808
  },
  "0;4|7": {
    "kci": 0.03079627312047295
  },
  "0;4|8": {
    "kci": 0.012210282424276908
  },
  "0;4|9": {
    "kci": 0.004251099970302374
  },
  "0;5|1": {
    "kci": 0.03699215261372113
  },
  "0;5|2": {
    "kci": 0.022267324870781424
  },
  "0;5|3": {
    "kci": 0.04720682334561466
  },
  "0;5|4": {
    "kci": 0.022673009754523576
  },
  "0;5|6": {
    "kci": 0.018022825636032413
  },
  "0;5|7": {
    "kci": 0.0201941658682262
  },
  "0;5|8": {
    "kci": 0.041890982351747486
  },
  "0;5|9": {
    "kci": 0.01400927362238269
  },
  "0;6|1": {
    "kci": 0.001429611089117211
  },
  "0;6|2": {
    "kci": 0.0007852024866166207
  },
  "0;6|3": {
    "kci": 0.22297281953588777
  },
  "0;6|4": {
    "kci": 0.017048773535812134
  },
  "0;6|5": {
    "kci": 0.0002609355807373648
  },
  "0;6|7": {
    "kci": 0.00020173953718649607
  },
  "0;6|8": {
    "kci": 0.0009658681970905469
  },
  "0;6|9": {
    "kci": 0.014704058733375769
  },
  "0;7|1": {
    "kci": 0.03812458358864479
  },
  "0;7|2": {
    "kci": 0.030165674243082696
  },
  "0;7|3": {
    "kci": 0.14339172771108633
  },
  "0;7|4": {
    "kci": 0.05677050880796353
  },
  "0;7|5": {
    "kci": 0.03811891947086199
  },
  "0;7|6": {
    "kci": 0.07307539599931456
  },
  "0;7|8": {
    "kci": 0.037321593852364
  },
  "0;7|9": {
    "kci": 0.009547800018358199
  },
  "0;8|1": {
    "kci": 0.263130920992779
  },
  "0;8|2": {
    "kci": 0.5310348878315112
  },
  "0;8|3": {
    "kci": 0.2689330259266538
  },
  "0;8|4": {
    "kci": 0.5327826237339364
  },
  "0;8|5": {
    "kci": 0.31080908967747145
  },
  "0;8|6": {
    "kci": 0.5261357701026208
  },
  "0;8|7": {
    "kci": 0.5199333232926338
  },
  "0;8|9": {
    "kci": 0.642982762712388
  },
  "0;9|1": {
    "kci": 0.24830326966503413
  },
  "0;9|2": {
    "kci": 0.22023233378590146
  },
  "0;9|3": {
    "kci": 0.21670432133218787
  },
  "0;9|4": {
    "kci": 0.2595755359661913
  },
  "0;9|5": {
    "kci": 0.08337484920200366
  },
  "0;9|6": {
    "kci": 0.23402887077400303
  },
  "0;9|7": {
    "kci": 0.14376969001296247
  },
  "0;9|8": {
    "kci": 0.2710211562400384
  },
  "1;2|0": {
    "kci": 0.012643039767141984
  },
  "1;2|3": {
    "kci": 0.011055207815661383
  },
  "1;2|4": {
    "kci": 0.014876901904543827
  },
  "1;2|5": {
    "kci": 0.03965252384386686
  },
  "1;2|6": {
    "kci": 0.02025084125978316
  },
  "1;2|7": {
    "kci": 0.020505686100336762
  },
  "1;2|8": {
    "kci": 0.040565896995287454
  },
  "1;2|9": {
    "kci": 0.0798924775818346
  },
  "1;3|0": {
    "kci": 0.3962675136149564
  },
  "1;3|2": {
    "kci": 0.7038298358346204
  },
  "1;3|4": {
    "kci": 0.4071206595675725
  },
  "1;3|5": {
    "kci": 0.580386174634207
  },
  "1;3|6": {
    "kci": 0.6526763567761336
  },
  "1;3|7": {
    "kci": 0.5478678940260613
  },
  "1;3|8": {
    "kci": 0.6360612900388378
  },
  "1;3|9": {
    "kci": 0.7677636069013166
  },
  "1;4|0": {
    "kci": 0.012642387311069814
  },
  "1;4|2": {
    "kci": 0.43343650421910385
  },
  "1;4|3": {
    "kci": 0.04052819513826811
  },
  "1;4|5": {
    "kci": 0.040826361529080146
  },
  "1;4|6": {
    "kci": 0.42561447324699664
  },
  "1;4|7": {
    "kci": 0.3800789647692462
  },
  "1;4|8": {
    "kci": 0.15240736379847697
  },
  "1;4|9": {
    "kci": 0.2673475632170509
  },
  "1;5|0": {
    "kci": 0.2420977567689766
  },
  "1;5|2": {
    "kci": 0.21243153477270738
  },
  "1;5|3": {
    "kci": 0.13353306441727597
  },
  "1;5|4": {
    "kci": 0.10080842983034177
  },
  "1;5|6": {
    "kci": 0.07775334489334806
  },
  "1;5|7": {
    "kci": 0.08028727820771886
  },
  "1;5|8": {
    "kci": 0.2553908447551674
  },
  "1;5|9": {
    "kci": 0.20458137463769455
  },
  "1;6|0": {
    "kci": 0.1373225847131394
  },
  "1;6|2": {
    "kci": 0.4170294983336641
  },
  "1;6|3": {
    "kci": 0.5625466658634232
  },
  "1;6|4": {
    "kci": 0.7054124299860334
  },
  "1;6|5": {
    "kci": 0.31787186813053725
  },
  "1;6|7": {
    "kci": 0.5368893480097636
  },
  "1;6|8": {
    "kci": 0.6563431398514343
  },
  "1;6|9": {
    "kci": 0.3865044251004509
  },
  "1;7|0": {
    "kci": 0.08660984157562002
  },
  "1;7|2": {
    "kci": 0.5362411570696923
  },
  "1;7|3": {
    "kci": 0.2708609919440321
  },
  "1;7|4": {
    "kci": 0.48113924765160276
  },
  "1;7|5": {
    "kci": 0.24501798113583007
  },
  "1;7|6": {
    "kci": 0.4711453833657626
  },
  "1;7|8": {
    "kci": 0.797251561228713
  },
  "1;7|9": {
    "kci": 0.6065332590074726
  },
  "1;8|0": {
    "kci": 7.998185225233101e-09
  },
  "1;8|2": {
    "kci": 3.0755693127826333e-06
  },
  "1;8|3": {
    "kci": 6.575870348246582e-08
  },
  "1;8|4": {
    "kci": 4.479865187589915e-06
  },
  "1;8|5": {
    "kci": 1.6019457734772757e-06
  },