{
  "data_hash": "eeb4d5c127964bc2b6134f163e2ae68a",
  "0;1": {
    "d_separation": 0.0
  },
  "0;2": {
    "d_separation": 0.0
  },
  "0;3": {
    "d_separation": 0.0
  },
  "0;4": {
    "d_separation": 0.0
  },
  "0;5": {
    "d_separation": 0.0
  },
  "0;6": {
    "d_separation": 0.0
  },
  "0;7": {
    "d_separation": 0.0
  },
  "0;8": {
    "d_separation": 0.0
  },
  "0;9": {
    "d_separation": 0.0
  },
  "1;2": {
    "d_separation": 0.0
  },
  "1;3": {
    "d_separation": 0.0
  },
  "1;4": {
    "d_separation": 0.0
  },
  "1;5": {
    "d_separation": 0.0
  },
  "1;6": {
    "d_separation": 0.0
  },
  "1;7": {
    "d_separation": 0.0
  },
  "1;8": {
    "d_separation": 0.0
  },
  "1;9": {
    "d_separation": 0.0
  },
  "2;3": {
    "d_separation": 0.0
  },
  "2;4": {
    "d_separation": 0.0
  },
  "2;5": {
    "d_separation": 0.0
  },
  "2;6": {
    "d_separation": 0.0
  },
  "2;7": {
    "d_separation": 0.0
  },
  "2;8": {
    "d_separation": 0.0
  },
  "2;9": {
    "d_separation": 0.0
  },
  "3;4": {
    "d_separation": 0.0
  },
  "3;5": {
    "d_separation": 0.0
  },
  "3;6": {
    "d_separation": 0.0
  },
  "3;7": {
    "d_separation": 0.0
  },
  "3;8": {
    "d_separation": 0.0
  },
  "3;9": {
    "d_separation": 0.0
  },
  "4;5": {
    "d_separation": 0.0
  },
  "4;6": {
    "d_separation": 0.0
  },
  "4;7": {
    "d_separation": 0.0
  },
  "4;8": {
    "d_separation": 0.0
  },
  "4;9": {
    "d_separation": 0.0
  },
  "5;6": {
    "d_separation": 0.0
  },
  "5;7": {
    "d_separation": 0.0
  },
  "5;8": {
    "d_separation": 0.0
  },
  "5;9": {
    "d_separation": 0.0
  },
  "6;7": {
    "d_separation": 0.0
  },
  "6;8": {
    "d_separation": 0.0
  },
  "6;9": {
    "d_separation": 0.0
  },
  "7;8": {
    "d_separation": 0.0
  },
  "7;9": {
    "d_separation": 0.0
  },
  "8;9": {
    "d_separation": 0.0
  },
  "0;1|2": {
    "kci": 0.0009664711724470809
  },
  "0;1|3": {
    "kci": 0.0020748887837296337
  },
  "0;1|4": {
    "kci": 0.013376796253132817
  },
  "0;1|5": {
    "kci": 0.08891148631715184
  },
  "0;1|6": {
    "kci": 0.006305551827839095
  },
  "0;1|7": {
    "kci": 0.0026669950997466607
  },
  "0;1|8": {
    "kci": 0.0017676902036904973
  },
  "0;1|9": {
    "kci": 0.0075648055884465215
  },
  "0;2|1": {
    "kci": 0.14785959419198003
  },
  "0;2|3": {
    "kci": 0.2529658273426012
  },
  "0;2|4": {
    "kci": 0.4518141679903106
  },
  "0;2|5": {
    "kci": 0.11582912157496317
  },
  "0;2|6": {
    "kci": 0.2451373614237975
  },
  "0;2|7": {
    "kci": 0.2788901890493969
  },
  "0;2|8": {
    "kci": 0.22657093217255686
  },
  "0;2|9": {
    "kci": 0.3188954525727683
  },
  "0;3|1": {
    "kci": 0.017492949507576516
  },
  "0;3|2": {
    "kci": 0.000292662539896682
  },
  "0;3|4": {
    "kci": 7.803059830535641e-05
  },
  "0;3|5": {
    "kci": 1.7072574953758135e-07
  },
  "0;3|6": {
    "kci": 0.05559457652612354
  },
  "0;3|7": {
    "kci": 0.0031485036109782927
  },
  "0;3|8": {
    "kci": 0.0008993759485664832
  },
  "0;3|9": {
    "kci": 0.010319405851159424
  },
  "0;4|1": {
    "kci": 0.004091043638406067
  },
  "0;4|2": {
    "kci": 2.8232473363143384e-05
  },
  "0;4|3": {
    "kci": 1.3738380421290941e-05
  },
  "0;4|5": {
    "kci": 0.07136803355776822
  },
  "0;4|6": {
    "kci": 0.00020475300167699384
  },
  "0;4|7": {
    "kci": 0.000151825269314676
  },
  "0;4|8": {
    "kci": 0.0023278584025369087
  },
  "0;4|9": {
    "kci": 0.0005836089719842841
  },
  "0;5|1": {
    "kci": 0.0
  },
  "0;5|2": {
    "kci": 0.0
  },
  "0;5|3": {
    "kci": 0.0
  },
  "0;5|4": {
    "kci": 0.0
  },
  "0;5|6": {
    "kci": 0.0
  },
  "0;5|7": {
    "kci": 0.0
  },
  "0;5|8": {
    "kci": 0.0
  },
  "0;5|9": {
    "kci": 0.0
  },
  "0;6|1": {
    "kci": 0.13945713847657304
  },
  "0;6|2": {
    "kci": 0.089403925988358
  },
  "0;6|3": {
    "kci": 0.43040187796810836
  },
  "0;6|4": {
    "kci": 0.07779019049698843
  },
  "0;6|5": {
    "kci": 0.1385385938753475
  },
  "0;6|7": {
    "kci": 0.11584664034553627
  },
  "0;6|8": {
    "kci": 0.18378199693382458
  },
  "0;6|9": {
    "kci": 0.0797356250696456
  },
  "0;7|1": {
    "kci": 0.40114787389774176
  },
  "0;7|2": {
    "kci": 0.3810886662507761
  },
  "0;7|3": {
    "kci": 0.4975611944535403
  },
  "0;7|4": {
    "kci": 0.4574250425657054
  },
  "0;7|5": {
    "kci": 0.419438410677309
  },
  "0;7|6": {
    "kci": 0.7993385193449408
  },
  "0;7|8": {
    "kci": 0.7446914207794724
  },
  "0;7|9": {
    "kci": 0.7154792652486011
  },
  "0;8|1": {
    "kci": 0.0006539567850578631
  },
  "0;8|2": {
    "kci": 0.0035928144141049723
  },
  "0;8|3": {
    "kci": 0.027521091003002374
  },
  "0;8|4": {
    "kci": 0.018893327779347713
  },
  "0;8|5": {
    "kci": 0.02153821603649486
  },
  "0;8|6": {
    "kci": 0.002733724617313138
  },
  "0;8|7": {
    "kci": 0.0016946384023748262
  },
  "0;8|9": {
    "kci": 0.0006253876603283803
  },
  "0;9|1": {
    "kci": 0.10205831505949581
  },
  "0;9|2": {
    "kci": 0.29329267828175887
  },
  "0;9|3": {
    "kci": 0.15726006927238056
  },
  "0;9|4": {
    "kci": 0.35264826422060935
  },
  "0;9|5": {
    "kci": 0.36904469959051167
  },
  "0;9|6": {
    "kci": 0.18915947279774004
  },
  "0;9|7": {
    "kci": 0.3329006444735141
  },
  "0;9|8": {
    "kci": 0.3636122759161555
  },
  "1;2|0": {
    "kci": 0.2044171989846738
  },
  "1;2|3": {
    "kci": 0.21360756651507817
  },
  "1;2|4": {
    "kci": 0.17283670406229634
  },
  "1;2|5": {
    "kci": 0.19522460998359503
  },
  "1;2|6": {
    "kci": 0.3196238754789211
  },
  "1;2|7": {
    "kci": 0.10609882016145922
  },
  "1;2|8": {
    "kci": 0.3723911255023056
  },
  "1;2|9": {
    "kci": 0.10190814826184946
  },
  "1;3|0": {
    "kci": 0.3831812093099799
  },
  "1;3|2": {
    "kci": 0.6845651769168415
  },
  "1;3|4": {
    "kci": 0.7011801072276286
  },
  "1;3|5": {
    "kci": 0.39290275252569906
  },
  "1;3|6": {
    "kci": 0.4924556476738542
  },
  "1;3|7": {
    "kci": 0.3078307062592527
  },
  "1;3|8": {
    "kci": 0.6377506441330871
  },
  "1;3|9": {
    "kci": 0.49276856148884696
  },
  "1;4|0": {
    "kci": 1.0195998344508794e-05
  },
  "1;4|2": {
    "kci": 9.959949734783535e-05
  },
  "1;4|3": {
    "kci": 0.00018385523823349903
  },
  "1;4|5": {
    "kci": 0.0014443128591427046
  },
  "1;4|6": {
    "kci": 4.886568168704919e-05
  },
  "1;4|7": {
    "kci": 6.0402481704802113e-05
  },
  "1;4|8": {
    "kci": 5.940649170366186e-05
  },
  "1;4|9": {
    "kci": 0.05756477678531302
  },
  "1;5|0": {
    "kci": 0.07582079011703446
  },
  "1;5|2": {
    "kci": 0.0009920784173684805
  },
  "1;5|3": {
    "kci": 0.002144821397476959
  },
  "1;5|4": {
    "kci": 0.227122564997432
  },
  "1;5|6": {
    "kci": 0.009016904277301507
  },
  "1;5|7": {
    "kci": 0.002825943481504778
  },
  "1;5|8": {
    "kci": 0.004108846853778769
  },
  "1;5|9": {
    "kci": 0.014911965957053241
  },
  "1;6|0": {
    "kci": 0.819933481548849
  },
  "1;6|2": {
    "kci": 0.8309171454817862
  },
  "1;6|3": {
    "kci": 0.9257390105242239
  },
  "1;6|4": {
    "kci": 0.7630957482608419
  },
  "1;6|5": {
    "kci": 0.7834738405876596
  },
  "1;6|7": {
    "kci": 0.8180482123241032
  },
  "1;6|8": {
    "kci": 0.8204142096454423
  },
  "1;6|9": {
    "kci": 0.8314663872212391
  },
  "1;7|0": {
    "kci": 0.0014182002268298133
  },
  "1;7|2": {
    "kci": 0.00033476715799951595
  },
  "1;7|3": {
    "kci": 2.2454177840414147e-06
  },
  "1;7|4": {
    "kci": 0.0001613024012490083
  },
  "1;7|5": {
    "kci": 0.0014198825007651905
  },
  "1;7|6": {
    "kci": 0.00016114849609905058
  },
  "1;7|8": {
    "kci": 4.5482429117504886e-05
  },
  "1;7|9": {
    "kci": 0.0013933214986268094
  },
  "1;8|0": {
    "kci": 0.3380173468084984
  },
  "1;8|2": {
    "kci": 0.5764374678717783
  },
  "1;8|3": {
    "kci": 0.505531207935165
  },
  "1;8|4": {
    "kci": 0.46015486007578044
  },
  "1;8|5": {
    "kci": 0.26675201989494113
  },
  "1;8|6": {
    "kci": 0.6149238373672279
  },
  "1;8|7": {
    "kci": 0.6127861042727437
  },