{
  "data_hash": "efb3188026f5f95adad9c465e7121cd7",
  "0;1": {
    "d_separation": 0.0
  },
  "0;2": {
    "d_separation": 0.0
  },
  "0;3": {
    "d_separation": 1.0
  },
  "0;4": {
    "d_separation": 0.0
  },
  "0;5": {
    "d_separation": 0.0
  },
  "0;6": {
    "d_separation": 0.0
  },
  "0;7": {
    "d_separation": 0.0
  },
  "0;8": {
    "d_separation": 0.0
  },
  "0;9": {
    "d_separation": 1.0
  },
  "1;2": {
    "d_separation": 0.0
  },
  "1;3": {
    "d_separation": 0.0
  },
  "1;4": {
    "d_separation": 0.0
  },
  "1;5": {
    "d_separation": 0.0
  },
  "1;6": {
    "d_separation": 0.0
  },
  "1;7": {
    "d_separation": 0.0
  },
  "1;8": {
    "d_separation": 0.0
  },
  "1;9": {
    "d_separation": 0.0
  },
  "2;3": {
    "d_separation": 0.0
  },
  "2;4": {
    "d_separation": 0.0
  },
  "2;5": {
    "d_separation": 0.0
  },
  "2;6": {
    "d_separation": 0.0
  },
  "2;7": {
    "d_separation": 0.0
  },
  "2;8": {
    "d_separation": 0.0
  },
  "2;9": {
    "d_separation": 0.0
  },
  "3;4": {
    "d_separation": 0.0
  },
  "3;5": {
    "d_separation": 1.0
  },
  "3;6": {
    "d_separation": 0.0
  },
  "3;7": {
    "d_separation": 0.0
  },
  "3;8": {
    "d_separation": 0.0
  },
  "3;9": {
    "d_separation": 1.0
  },
  "4;5": {
    "d_separation": 0.0
  },
  "4;6": {
    "d_separation": 0.0
  },
  "4;7": {
    "d_separation": 0.0
  },
  "4;8": {
    "d_separation": 0.0
  },
  "4;9": {
    "d_separation": 0.0
  },
  "5;6": {
    "d_separation": 0.0
  },
  "5;7": {
    "d_separation": 0.0
  },
  "5;8": {
    "d_separation": 0.0
  },
  "5;9": {
    "d_separation": 0.0
  },
  "6;7": {
    "d_separation": 0.0
  },
  "6;8": {
    "d_separation": 0.0
  },
  "6;9": {
    "d_separation": 0.0
  },
  "7;8": {
    "d_separation": 0.0
  },
  "7;9": {
    "d_separation": 0.0
  },
  "8;9": {
    "d_separation": 0.0
  },
  "0;1|2": {
    "kci": 0.8704221054846203
  },
  "0;1|4": {
    "kci": 0.8350111515813029
  },
  "0;1|5": {
    "kci": 0.8346523980783562
  },
  "0;1|6": {
    "kci": 0.7895311591219971
  },
  "0;1|7": {
    "kci": 0.7855799013008921
  },
  "0;1|8": {
    "kci": 0.9036782779223935
  },
  "0;2|1": {
    "kci": 0.5557011587953073
  },
  "0;2|4": {
    "kci": 0.6670820438721026
  },
  "0;2|5": {
    "kci": 0.6804488130200932
  },
  "0;2|6": {
    "kci": 0.6038842855557156
  },
  "0;2|7": {
    "kci": 0.663541024882425
  },
  "0;2|8": {
    "kci": 0.5754996530084326
  },
  "0;4|1": {
    "kci": 0.31165967326334354
  },
  "0;4|2": {
    "kci": 0.31301868523899345
  },
  "0;4|5": {
    "kci": 0.30884047326765995
  },
  "0;4|6": {
    "kci": 0.31317388369191335
  },
  "0;4|7": {
    "kci": 0.3162199908092962
  },
  "0;4|8": {
    "kci": 0.3144053194194584
  },
  "0;5|1": {
    "kci": 0.011201135176391541
  },
  "0;5|2": {
    "kci": 0.017477159538692666
  },
  "0;5|4": {
    "kci": 0.037146257604887545
  },
  "0;5|6": {
    "kci": 0.0200954336544531
  },
  "0;5|7": {
    "kci": 0.034369830787711386
  },
  "0;5|8": {
    "kci": 0.00741209183107383
  },
  "0;6|1": {
    "kci": 0.20437315235598297
  },
  "0;6|2": {
    "kci": 0.31083760276930184
  },
  "0;6|4": {
    "kci": 0.3010407939419224
  },
  "0;6|5": {
    "kci": 0.34575854536453665
  },
  "0;6|7": {
    "kci": 0.5250947004819719
  },
  "0;6|8": {
    "kci": 0.33818863756054696
  },
  "0;7|1": {
    "kci": 0.33163202173097184
  },
  "0;7|2": {
    "kci": 0.34023167340108196
  },
  "0;7|4": {
    "kci": 0.34719258979255885
  },
  "0;7|5": {
    "kci": 0.3118351257012866
  },
  "0;7|6": {
    "kci": 0.31539137083578617
  },
  "0;7|8": {
    "kci": 0.34225608601600277
  },
  "0;8|1": {
    "kci": 0.23290305205317674
  },
  "0;8|2": {
    "kci": 0.2818973090373411
  },
  "0;8|4": {
    "kci": 0.16981574163651336
  },
  "0;8|5": {
    "kci": 0.23577852861455817
  },
  "0;8|6": {
    "kci": 0.24139735838875953
  },
  "0;8|7": {
    "kci": 0.18173300927593838
  },
  "0;1|3": {
    "kci": 0.6882742947274836
  },
  "0;1|9": {
    "kci": 0.8492467112425957
  },
  "1;2|0": {
    "kci": 0.43453570547535114
  },
  "1;2|3": {
    "kci": 0.6120320672339823
  },
  "1;2|4": {
    "kci": 0.5672209941257458
  },
  "1;2|5": {
    "kci": 0.5333127930780692
  },
  "1;2|6": {
    "kci": 0.5067576561184066
  },
  "1;2|7": {
    "kci": 0.5926889478649655
  },
  "1;2|8": {
    "kci": 0.636737799205692
  },
  "1;2|9": {
    "kci": 0.4915452635917621
  },
  "1;3|0": {
    "kci": 0.0005863535279037047
  },
  "1;3|2": {
    "kci": 0.0020486465296825074
  },
  "1;3|4": {
    "kci": 0.00018124279246456432
  },
  "1;3|5": {
    "kci": 0.0007820681726258272
  },
  "1;3|6": {
    "kci": 0.0001840539674717867
  },
  "1;3|7": {
    "kci": 5.4788595309607224e-05
  },
  "1;3|8": {
    "kci": 3.937062164038885e-05
  },
  "1;3|9": {
    "kci": 0.0005096078124484649
  },
  "1;4|0": {
    "kci": 0.45085563037408316
  },
  "1;4|2": {
    "kci": 0.3655104724620918
  },
  "1;4|3": {
    "kci": 0.46207456409943304
  },
  "1;4|5": {
    "kci": 0.3913762019039585
  },
  "1;4|6": {
    "kci": 0.3610619818642212
  },
  "1;4|7": {
    "kci": 0.3609961875481109
  },
  "1;4|8": {
    "kci": 0.36704966942597617
  },
  "1;4|9": {
    "kci": 0.4661101462552163
  },
  "1;5|0": {
    "kci": 0.6583652390414978
  },
  "1;5|2": {
    "kci": 0.32508293102985997
  },
  "1;5|3": {
    "kci": 0.38324422169731764
  },
  "1;5|4": {
    "kci": 0.5082670711928308
  },
  "1;5|6": {
    "kci": 0.4886684302126819
  },
  "1;5|7": {
    "kci": 0.4629541005622184
  },
  "1;5|8": {
    "kci": 0.44496471933397586
  },
  "1;5|9": {
    "kci": 0.5400438142572039
  },
  "1;6|0": {
    "kci": 0.22333076297433174
  },
  "1;6|2": {
    "kci": 0.2701632076926679
  },
  "1;6|3": {
    "kci": 0.24654659948427182
  },
  "1;6|4": {
    "kci": 0.21046897861694736
  },
  "1;6|5": {
    "kci": 0.17481616306194048
  },
  "1;6|7": {
    "kci": 0.19091415924284905
  },
  "1;6|8": {
    "kci": 0.193701783471108
  },
  "1;6|9": {
    "kci": 0.18685116661957335
  },
  "1;7|0": {
    "kci": 0.2536683537218509
  },
  "1;7|2": {
    "kci": 0.3284592465792141
  },
  "1;7|3": {
    "kci": 0.3206395585013383
  },
  "1;7|4": {
    "kci": 0.3348824915007914
  },
  "1;7|5": {
    "kci": 0.3244297716696535
  },
  "1;7|6": {
    "kci": 0.32345561859371186
  },
  "1;7|8": {
    "kci": 0.33996612279788174
  },
  "1;7|9": {
    "kci": 0.32540997383910575
  },
  "1;8|0": {
    "kci": 0.20839371710013177
  },
  "1;8|2": {
    "kci": 0.33957189522821407
  },
  "1;8|3": {
    "kci": 0.412805311307367
  },
  "1;8|4": {
    "kci": 0.1619108094500613
  },
  "1;8|5": {
    "kci": 0.13837578269778772
  },
  "1;8|6": {
    "kci": 0.055562209885068325
  },
  "1;8|7": {
    "kci": 0.17479006080198145
  },
  "1;8|9": {
    "kci": 0.11181695147599446
  },
  "1;9|0": {
    "kci": 0.3413337960138132
  },
  "1;9|2": {
    "kci": 0.2681173058461148
  },
  "1;9|3": {
    "kci": 0.43897506550373133
  },
  "1;9|4": {
    "kci": 0.25585317219144454
  },
  "1;9|5": {
    "kci": 0.2813635641217811
  },
  "1;9|6": {
    "kci": 0.18865184692309822
  },
  "1;9|7": {
    "kci": 0.29198738297823956
  },
  "1;9|8": {
    "kci": 0.23507377591022383
  },
  "0;2|3": {
    "kci": 0.5548269110456356
  },
  "0;2|9": {
    "kci": 0.7495619725510936
  },
  "2;3|0": {
    "kci": 0.001816847133581323
  },
  "2;3|1": {
    "kci": 0.03077347064453495
  },
  "2;3|4": {
    "kci": 0.005390717887868934
  },
  "2;3|5": {
    "kci": 0.0032845841175471735
  },
  "2;3|6": {
    "kci": 0.004227195934917272
  },
  "2;3|7": {
    "kci": 0.004811401268798976
  },
  "2;3|8": {
    "kci": 0.00422883853174949
  },
  "2;3|9": {
    "kci": 0.002838497066229073
  },
  "2;4|0": {
    "kci": 0.40100469490554036
  },
  "2;4|1": {
    "kci": 0.35119999407829317
  },
  "2;4|3": {
    "kci": 0.5108073890005065
  },
  "2;4|5": {
    "kci": 0.41471050712418944
  },
  "2;4|6": {
    "kci": 0.3562846608614424
  },
  "2;4|7": {
    "kci": 0.3598746107906471
  },
  "2;4|8": {
    "kci": 0.3452917086425976
  },
  "2;4|9": {
    "kci": 0.44785589271334525
  },