{
  "data_hash": "f43b5e2ef55ad743beae39662e4ca600",
  "0;1": {
    "d_separation": 0.0
  },
  "0;2": {
    "d_separation": 0.0
  },
  "0;3": {
    "d_separation": 0.0
  },
  "0;4": {
    "d_separation": 0.0
  },
  "0;5": {
    "d_separation": 0.0
  },
  "0;6": {
    "d_separation": 0.0
  },
  "0;7": {
    "d_separation": 0.0
  },
  "0;8": {
    "d_separation": 0.0
  },
  "0;9": {
    "d_separation": 0.0
  },
  "1;2": {
    "d_separation": 0.0
  },
  "1;3": {
    "d_separation": 0.0
  },
  "1;4": {
    "d_separation": 0.0
  },
  "1;5": {
    "d_separation": 0.0
  },
  "1;6": {
    "d_separation": 0.0
  },
  "1;7": {
    "d_separation": 0.0
  },
  "1;8": {
    "d_separation": 0.0
  },
  "1;9": {
    "d_separation": 0.0
  },
  "2;3": {
    "d_separation": 0.0
  },
  "2;4": {
    "d_separation": 0.0
  },
  "2;5": {
    "d_separation": 0.0
  },
  "2;6": {
    "d_separation": 0.0
  },
  "2;7": {
    "d_separation": 0.0
  },
  "2;8": {
    "d_separation": 0.0
  },
  "2;9": {
    "d_separation": 0.0
  },
  "3;4": {
    "d_separation": 0.0
  },
  "3;5": {
    "d_separation": 0.0
  },
  "3;6": {
    "d_separation": 0.0
  },
  "3;7": {
    "d_separation": 0.0
  },
  "3;8": {
    "d_separation": 0.0
  },
  "3;9": {
    "d_separation": 0.0
  },
  "4;5": {
    "d_separation": 0.0
  },
  "4;6": {
    "d_separation": 0.0
  },
  "4;7": {
    "d_separation": 0.0
  },
  "4;8": {
    "d_separation": 0.0
  },
  "4;9": {
    "d_separation": 0.0
  },
  "5;6": {
    "d_separation": 0.0
  },
  "5;7": {
    "d_separation": 0.0
  },
  "5;8": {
    "d_separation": 0.0
  },
  "5;9": {
    "d_separation": 0.0
  },
  "6;7": {
    "d_separation": 0.0
  },
  "6;8": {
    "d_separation": 0.0
  },
  "6;9": {
    "d_separation": 0.0
  },
  "7;8": {
    "d_separation": 0.0
  },
  "7;9": {
    "d_separation": 0.0
  },
  "8;9": {
    "d_separation": 0.0
  },
  "0;1|2": {
    "kci": 0.7765182376023948
  },
  "0;1|3": {
    "kci": 0.5785831660016354
  },
  "0;1|4": {
    "kci": 0.7613697880785846
  },
  "0;1|5": {
    "kci": 0.4029211943096558
  },
  "0;1|6": {
    "kci": 0.7518139505156743
  },
  "0;1|7": {
    "kci": 0.7991792117984149
  },
  "0;1|8": {
    "kci": 0.7481558503560897
  },
  "0;1|9": {
    "kci": 0.7295759285501038
  },
  "0;2|1": {
    "kci": 0.017767468556344257
  },
  "0;2|3": {
    "kci": 0.07795019289729332
  },
  "0;2|4": {
    "kci": 0.02789125264220038
  },
  "0;2|5": {
    "kci": 0.20890197192273008
  },
  "0;2|6": {
    "kci": 0.05441527386608336
  },
  "0;2|7": {
    "kci": 0.011241683349327292
  },
  "0;2|8": {
    "kci": 0.05230737797002438
  },
  "0;2|9": {
    "kci": 0.05736965697864593
  },
  "0;3|1": {
    "kci": 0.04331621450680989
  },
  "0;3|2": {
    "kci": 0.10029875203780225
  },
  "0;3|4": {
    "kci": 0.03972812659336644
  },
  "0;3|5": {
    "kci": 0.1856296222396434
  },
  "0;3|6": {
    "kci": 0.048769054379569354
  },
  "0;3|7": {
    "kci": 0.015426122099998052
  },
  "0;3|8": {
    "kci": 0.024888084700570356
  },
  "0;3|9": {
    "kci": 0.11456540249392622
  },
  "0;4|1": {
    "kci": 0.3611442593534777
  },
  "0;4|2": {
    "kci": 0.3784992481378966
  },
  "0;4|3": {
    "kci": 0.17772979946503953
  },
  "0;4|5": {
    "kci": 0.35040729289632866
  },
  "0;4|6": {
    "kci": 0.32722243637593085
  },
  "0;4|7": {
    "kci": 0.32493396716975664
  },
  "0;4|8": {
    "kci": 0.2597766269723708
  },
  "0;4|9": {
    "kci": 0.3913547878383157
  },
  "0;5|1": {
    "kci": 0.0
  },
  "0;5|2": {
    "kci": 0.0
  },
  "0;5|3": {
    "kci": 0.0
  },
  "0;5|4": {
    "kci": 0.0
  },
  "0;5|6": {
    "kci": 0.0
  },
  "0;5|7": {
    "kci": 0.0
  },
  "0;5|8": {
    "kci": 0.0
  },
  "0;5|9": {
    "kci": 0.0
  },
  "0;6|1": {
    "kci": 0.01707419400643362
  },
  "0;6|2": {
    "kci": 0.04534195402205188
  },
  "0;6|3": {
    "kci": 0.056827377354326636
  },
  "0;6|4": {
    "kci": 0.015521081017454086
  },
  "0;6|5": {
    "kci": 0.005361982890907613
  },
  "0;6|7": {
    "kci": 0.10090970303488134
  },
  "0;6|8": {
    "kci": 0.055391089082366896
  },
  "0;6|9": {
    "kci": 0.07294044676111433
  },
  "0;7|1": {
    "kci": 0.09114390836993902
  },
  "0;7|2": {
    "kci": 0.18129375846597018
  },
  "0;7|3": {
    "kci": 0.04035343617520726
  },
  "0;7|4": {
    "kci": 0.11923609247575329
  },
  "0;7|5": {
    "kci": 0.12554718977334822
  },
  "0;7|6": {
    "kci": 0.26192508230084355
  },
  "0;7|8": {
    "kci": 0.09794434828640519
  },
  "0;7|9": {
    "kci": 0.1642912879971038
  },
  "0;8|1": {
    "kci": 0.0576698576549004
  },
  "0;8|2": {
    "kci": 0.21952270923852435
  },
  "0;8|3": {
    "kci": 0.059254882988120317
  },
  "0;8|4": {
    "kci": 0.20521460352033838
  },
  "0;8|5": {
    "kci": 0.23127173351533248
  },
  "0;8|6": {
    "kci": 0.3389666313077264
  },
  "0;8|7": {
    "kci": 0.09113788049514182
  },
  "0;8|9": {
    "kci": 0.2987204891836456
  },
  "0;9|1": {
    "kci": 0.28980615555384204
  },
  "0;9|2": {
    "kci": 0.5069882171990447
  },
  "0;9|3": {
    "kci": 0.6254208585218526
  },
  "0;9|4": {
    "kci": 0.40387775095021405
  },
  "0;9|5": {
    "kci": 0.22551008163123576
  },
  "0;9|6": {
    "kci": 0.7565810067108353
  },
  "0;9|7": {
    "kci": 0.5686178340667774
  },
  "0;9|8": {
    "kci": 0.5146283761842335
  },
  "1;2|0": {
    "kci": 0.3018015239277687
  },
  "1;2|3": {
    "kci": 0.1434048762640694
  },
  "1;2|4": {
    "kci": 0.36273275552513107
  },
  "1;2|5": {
    "kci": 0.29483369787988045
  },
  "1;2|6": {
    "kci": 0.3477914290960077
  },
  "1;2|7": {
    "kci": 0.37747630700493917
  },
  "1;2|8": {
    "kci": 0.29972912919073247
  },
  "1;2|9": {
    "kci": 0.5616280709734469
  },
  "1;3|0": {
    "kci": 0.05539885077737017
  },
  "1;3|2": {
    "kci": 0.08834846615408842
  },
  "1;3|4": {
    "kci": 0.0921741581871166
  },
  "1;3|5": {
    "kci": 0.11391630843991207
  },
  "1;3|6": {
    "kci": 0.06639088432518148
  },
  "1;3|7": {
    "kci": 0.1699603029411101
  },
  "1;3|8": {
    "kci": 0.0932806785609096
  },
  "1;3|9": {
    "kci": 0.0669120858825284
  },
  "1;4|0": {
    "kci": 0.2188063759014699
  },
  "1;4|2": {
    "kci": 0.23484530136021609
  },
  "1;4|3": {
    "kci": 0.37306464198535905
  },
  "1;4|5": {
    "kci": 0.16788252618804156
  },
  "1;4|6": {
    "kci": 0.3103964805396029
  },
  "1;4|7": {
    "kci": 0.33735075992717567
  },
  "1;4|8": {
    "kci": 0.18955084515685372
  },
  "1;4|9": {
    "kci": 0.24407472467831814
  },
  "1;5|0": {
    "kci": 0.7266318252382392
  },
  "1;5|2": {
    "kci": 0.7395588896213141
  },
  "1;5|3": {
    "kci": 0.4181429466799962
  },
  "1;5|4": {
    "kci": 0.757957460435197
  },
  "1;5|6": {
    "kci": 0.6860673300307392
  },
  "1;5|7": {
    "kci": 0.49165559445582907
  },
  "1;5|8": {
    "kci": 0.6502741887703889
  },
  "1;5|9": {
    "kci": 0.8167774878350783
  },
  "1;6|0": {
    "kci": 0.357501490276541
  },
  "1;6|2": {
    "kci": 0.6621763853423468
  },
  "1;6|3": {
    "kci": 0.5844168445940845
  },
  "1;6|4": {
    "kci": 0.4137142692899607
  },
  "1;6|5": {
    "kci": 0.20610049021967658
  },
  "1;6|7": {
    "kci": 0.27748865066539685
  },
  "1;6|8": {
    "kci": 0.3675911570668998
  },
  "1;6|9": {
    "kci": 0.7927297580125175
  },
  "1;7|0": {
    "kci": 0.3775817828003365
  },
  "1;7|2": {
    "kci": 0.4509574813085453
  },
  "1;7|3": {
    "kci": 0.5361853153838565
  },
  "1;7|4": {
    "kci": 0.48051402457852166
  },
  "1;7|5": {
    "kci": 0.37742556067584243
  },
  "1;7|6": {
    "kci": 0.395624377062725
  },
  "1;7|8": {
    "kci": 0.33764506038150677
  },
  "1;7|9": {
    "kci": 0.6156842326093503
  },
  "1;8|0": {
    "kci": 0.1108030767936442
  },
  "1;8|2": {
    "kci": 0.10037088428107743
  },
  "1;8|3": {
    "kci": 0.09032411243566696
  },
  "1;8|4": {
    "kci": 0.12201628826952493
  },
  "1;8|5": {
    "kci": 0.17458373512673897
  },
  "1;8|6": {
    "kci": 0.13779412881189224
  },
  "1;8|7": {
    "kci": 0.0904614711933156
  },
  "1;8|9": {
    "kci": 0.07403402582813012
  },
  "1;9|0": {
    "kci": 0.24853538121477792
  },