{
  "data_hash": "f5f182e540a09e8e998bebaae3fc9bd0",
  "0;1": {
    "d_separation": 0.0
  },
  "0;2": {
    "d_separation": 0.0
  },
  "0;3": {
    "d_separation": 0.0
  },
  "0;4": {
    "d_separation": 0.0
  },
  "0;5": {
    "d_separation": 0.0
  },
  "0;6": {
    "d_separation": 0.0
  },
  "0;7": {
    "d_separation": 0.0
  },
  "0;8": {
    "d_separation": 0.0
  },
  "0;9": {
    "d_separation": 0.0
  },
  "1;2": {
    "d_separation": 0.0
  },
  "1;3": {
    "d_separation": 0.0
  },
  "1;4": {
    "d_separation": 0.0
  },
  "1;5": {
    "d_separation": 0.0
  },
  "1;6": {
    "d_separation": 0.0
  },
  "1;7": {
    "d_separation": 0.0
  },
  "1;8": {
    "d_separation": 0.0
  },
  "1;9": {
    "d_separation": 0.0
  },
  "2;3": {
    "d_separation": 0.0
  },
  "2;4": {
    "d_separation": 0.0
  },
  "2;5": {
    "d_separation": 0.0
  },
  "2;6": {
    "d_separation": 0.0
  },
  "2;7": {
    "d_separation": 0.0
  },
  "2;8": {
    "d_separation": 0.0
  },
  "2;9": {
    "d_separation": 0.0
  },
  "3;4": {
    "d_separation": 0.0
  },
  "3;5": {
    "d_separation": 0.0
  },
  "3;6": {
    "d_separation": 0.0
  },
  "3;7": {
    "d_separation": 0.0
  },
  "3;8": {
    "d_separation": 0.0
  },
  "3;9": {
    "d_separation": 0.0
  },
  "4;5": {
    "d_separation": 0.0
  },
  "4;6": {
    "d_separation": 0.0
  },
  "4;7": {
    "d_separation": 0.0
  },
  "4;8": {
    "d_separation": 0.0
  },
  "4;9": {
    "d_separation": 0.0
  },
  "5;6": {
    "d_separation": 0.0
  },
  "5;7": {
    "d_separation": 0.0
  },
  "5;8": {
    "d_separation": 0.0
  },
  "5;9": {
    "d_separation": 0.0
  },
  "6;7": {
    "d_separation": 0.0
  },
  "6;8": {
    "d_separation": 0.0
  },
  "6;9": {
    "d_separation": 0.0
  },
  "7;8": {
    "d_separation": 0.0
  },
  "7;9": {
    "d_separation": 0.0
  },
  "8;9": {
    "d_separation": 0.0
  },
  "0;1|2": {
    "kci": 0.5349972074808209
  },
  "0;1|3": {
    "kci": 0.49519797570235036
  },
  "0;1|4": {
    "kci": 0.5033606624223168
  },
  "0;1|5": {
    "kci": 0.4284623517296159
  },
  "0;1|6": {
    "kci": 0.4729179358782939
  },
  "0;1|7": {
    "kci": 0.5616722003213872
  },
  "0;1|8": {
    "kci": 0.5280329500913312
  },
  "0;1|9": {
    "kci": 0.5504224528546495
  },
  "0;2|1": {
    "kci": 0.49302429933047787
  },
  "0;2|3": {
    "kci": 0.46297331757716864
  },
  "0;2|4": {
    "kci": 0.19830660611188788
  },
  "0;2|5": {
    "kci": 0.3779941919820844
  },
  "0;2|6": {
    "kci": 0.2687669564960167
  },
  "0;2|7": {
    "kci": 0.25549022686798584
  },
  "0;2|8": {
    "kci": 0.3027950910012387
  },
  "0;2|9": {
    "kci": 0.2821025888459301
  },
  "0;3|1": {
    "kci": 0.4122230705409089
  },
  "0;3|2": {
    "kci": 0.4246549339532445
  },
  "0;3|4": {
    "kci": 0.47092996609884474
  },
  "0;3|5": {
    "kci": 0.34719201693828383
  },
  "0;3|6": {
    "kci": 0.4490802430899864
  },
  "0;3|7": {
    "kci": 0.43308835625124265
  },
  "0;3|8": {
    "kci": 0.4200574810147134
  },
  "0;3|9": {
    "kci": 0.4185323572256684
  },
  "0;4|1": {
    "kci": 0.387895648751893
  },
  "0;4|2": {
    "kci": 0.2060611604205277
  },
  "0;4|3": {
    "kci": 0.2621168837021979
  },
  "0;4|5": {
    "kci": 0.31607370024691117
  },
  "0;4|6": {
    "kci": 0.214898287274516
  },
  "0;4|7": {
    "kci": 0.10260047240126091
  },
  "0;4|8": {
    "kci": 0.2016243205488344
  },
  "0;4|9": {
    "kci": 0.2946246656281297
  },
  "0;5|1": {
    "kci": 0.022313555137392083
  },
  "0;5|2": {
    "kci": 0.018907999703074774
  },
  "0;5|3": {
    "kci": 0.08132748811466817
  },
  "0;5|4": {
    "kci": 0.026765102224930337
  },
  "0;5|6": {
    "kci": 0.03537933478530564
  },
  "0;5|7": {
    "kci": 0.021710399300847838
  },
  "0;5|8": {
    "kci": 0.008391996318817374
  },
  "0;5|9": {
    "kci": 0.0111565552050219
  },
  "0;6|1": {
    "kci": 0.3860244881932362
  },
  "0;6|2": {
    "kci": 0.43588434935564113
  },
  "0;6|3": {
    "kci": 0.5198314726495932
  },
  "0;6|4": {
    "kci": 0.5569100105119675
  },
  "0;6|5": {
    "kci": 0.6674783460914595
  },
  "0;6|7": {
    "kci": 0.5609396619889815
  },
  "0;6|8": {
    "kci": 0.5583172186485197
  },
  "0;6|9": {
    "kci": 0.6095213556738186
  },
  "0;7|1": {
    "kci": 0.4525828748732348
  },
  "0;7|2": {
    "kci": 0.49408906811159825
  },
  "0;7|3": {
    "kci": 0.529400492432108
  },
  "0;7|4": {
    "kci": 0.2657242967174198
  },
  "0;7|5": {
    "kci": 0.5011880095971323
  },
  "0;7|6": {
    "kci": 0.5163391267340256
  },
  "0;7|8": {
    "kci": 0.3796488674398031
  },
  "0;7|9": {
    "kci": 0.34974264993856474
  },
  "0;8|1": {
    "kci": 0.5055367112510294
  },
  "0;8|2": {
    "kci": 0.4519479066490877
  },
  "0;8|3": {
    "kci": 0.5110107392534445
  },
  "0;8|4": {
    "kci": 0.38050141185220754
  },
  "0;8|5": {
    "kci": 0.36681988574748714
  },
  "0;8|6": {
    "kci": 0.48025549047333416
  },
  "0;8|7": {
    "kci": 0.4222235393814725
  },
  "0;8|9": {
    "kci": 0.40076329968824753
  },
  "0;9|1": {
    "kci": 0.5992166791480691
  },
  "0;9|2": {
    "kci": 0.577606882650878
  },
  "0;9|3": {
    "kci": 0.614315257881006
  },
  "0;9|4": {
    "kci": 0.5766156510850325
  },
  "0;9|5": {
    "kci": 0.5425921704139356
  },
  "0;9|6": {
    "kci": 0.6293572345146355
  },
  "0;9|7": {
    "kci": 0.5586965642154149
  },
  "0;9|8": {
    "kci": 0.5682237276044131
  },
  "1;2|0": {
    "kci": 0.36659924585418313
  },
  "1;2|3": {
    "kci": 0.3058073946077622
  },
  "1;2|4": {
    "kci": 0.4916576584246519
  },
  "1;2|5": {
    "kci": 0.36300385019498205
  },
  "1;2|6": {
    "kci": 0.3355622327959453
  },
  "1;2|7": {
    "kci": 0.4147723595484759
  },
  "1;2|8": {
    "kci": 0.4158833191548119
  },
  "1;2|9": {
    "kci": 0.325519920405971
  },
  "1;3|0": {
    "kci": 0.4220396778558102
  },
  "1;3|2": {
    "kci": 0.5303478342097718
  },
  "1;3|4": {
    "kci": 0.5170754414194902
  },
  "1;3|5": {
    "kci": 0.3924532218638096
  },
  "1;3|6": {
    "kci": 0.5395248900674914
  },
  "1;3|7": {
    "kci": 0.6033112173546025
  },
  "1;3|8": {
    "kci": 0.5537720410566161
  },
  "1;3|9": {
    "kci": 0.5265784127327713
  },
  "1;4|0": {
    "kci": 0.334587853936134
  },
  "1;4|2": {
    "kci": 0.49141913754832367
  },
  "1;4|3": {
    "kci": 0.4127999663760513
  },
  "1;4|5": {
    "kci": 0.42337180786561623
  },
  "1;4|6": {
    "kci": 0.47931844908544863
  },
  "1;4|7": {
    "kci": 0.2823938199348637
  },
  "1;4|8": {
    "kci": 0.3688162515912149
  },
  "1;4|9": {
    "kci": 0.391627907082182
  },
  "1;5|0": {
    "kci": 0.09796786274756375
  },
  "1;5|2": {
    "kci": 0.12073469671438652
  },
  "1;5|3": {
    "kci": 0.08438734625191135
  },
  "1;5|4": {
    "kci": 0.1681026550704675
  },
  "1;5|6": {
    "kci": 0.08490329409050257
  },
  "1;5|7": {
    "kci": 0.1146475421433355
  },
  "1;5|8": {
    "kci": 0.10080295259217964
  },
  "1;5|9": {
    "kci": 0.13731392744288307
  },
  "1;6|0": {
    "kci": 0.2806653613880197
  },
  "1;6|2": {
    "kci": 0.2802470183189565
  },
  "1;6|3": {
    "kci": 0.28337687951322976
  },
  "1;6|4": {
    "kci": 0.43651718463465583
  },
  "1;6|5": {
    "kci": 0.4528332688169612
  },
  "1;6|7": {
    "kci": 0.29759226228987345
  },
  "1;6|8": {
    "kci": 0.2787840171346816
  },
  "1;6|9": {
    "kci": 0.25246266872361367
  },
  "1;7|0": {
    "kci": 0.8223788085484556
  },
  "1;7|2": {
    "kci": 0.8577284801850734
  },
  "1;7|3": {
    "kci": 0.8488548733267025
  },
  "1;7|4": {
    "kci": 0.688282972340603
  },
  "1;7|5": {
    "kci": 0.7459544863184312
  },
  "1;7|6": {
    "kci": 0.7890820015917905
  },
  "1;7|8": {
    "kci": 0.8175150890920787
  },
  "1;7|9": {
    "kci": 0.7498937606010723
  },
  "1;8|0": {
    "kci": 0.5370121154289105
  },
  "1;8|2": {
    "kci": 0.5577900138542611
  },
  "1;8|3": {
    "kci": 0.5724038206451588
  },
  "1;8|4": {
    "kci": 0.49872850523541745
  },
  "1;8|5": {
    "kci": 0.24754237398153056
  },
  "1;8|6": {
    "kci": 0.519822227767639
  },
  "1;8|7": {
    "kci": 0.45213853204341914
  },