{
  "data_hash": "f7e226de7c8fe025c4e556b58c4707b6",
  "0;1": {
    "d_separation": 0.0
  },
  "0;2": {
    "d_separation": 0.0
  },
  "0;3": {
    "d_separation": 0.0
  },
  "0;4": {
    "d_separation": 0.0
  },
  "0;5": {
    "d_separation": 0.0
  },
  "0;6": {
    "d_separation": 0.0
  },
  "0;7": {
    "d_separation": 0.0
  },
  "0;8": {
    "d_separation": 0.0
  },
  "0;9": {
    "d_separation": 0.0
  },
  "1;2": {
    "d_separation": 0.0
  },
  "1;3": {
    "d_separation": 0.0
  },
  "1;4": {
    "d_separation": 0.0
  },
  "1;5": {
    "d_separation": 0.0
  },
  "1;6": {
    "d_separation": 0.0
  },
  "1;7": {
    "d_separation": 0.0
  },
  "1;8": {
    "d_separation": 0.0
  },
  "1;9": {
    "d_separation": 0.0
  },
  "2;3": {
    "d_separation": 0.0
  },
  "2;4": {
    "d_separation": 0.0
  },
  "2;5": {
    "d_separation": 0.0
  },
  "2;6": {
    "d_separation": 0.0
  },
  "2;7": {
    "d_separation": 0.0
  },
  "2;8": {
    "d_separation": 0.0
  },
  "2;9": {
    "d_separation": 0.0
  },
  "3;4": {
    "d_separation": 0.0
  },
  "3;5": {
    "d_separation": 0.0
  },
  "3;6": {
    "d_separation": 0.0
  },
  "3;7": {
    "d_separation": 0.0
  },
  "3;8": {
    "d_separation": 0.0
  },
  "3;9": {
    "d_separation": 0.0
  },
  "4;5": {
    "d_separation": 0.0
  },
  "4;6": {
    "d_separation": 0.0
  },
  "4;7": {
    "d_separation": 0.0
  },
  "4;8": {
    "d_separation": 0.0
  },
  "4;9": {
    "d_separation": 0.0
  },
  "5;6": {
    "d_separation": 0.0
  },
  "5;7": {
    "d_separation": 0.0
  },
  "5;8": {
    "d_separation": 1.0
  },
  "5;9": {
    "d_separation": 0.0
  },
  "6;7": {
    "d_separation": 0.0
  },
  "6;8": {
    "d_separation": 0.0
  },
  "6;9": {
    "d_separation": 0.0
  },
  "7;8": {
    "d_separation": 0.0
  },
  "7;9": {
    "d_separation": 0.0
  },
  "8;9": {
    "d_separation": 0.0
  },
  "0;1|2": {
    "kci": 1.7453226801023014e-05
  },
  "0;1|3": {
    "kci": 4.5033150253281917e-07
  },
  "0;1|4": {
    "kci": 1.221985458876862e-05
  },
  "0;1|5": {
    "kci": 1.7617618586207584e-08
  },
  "0;1|6": {
    "kci": 5.714626194697203e-06
  },
  "0;1|7": {
    "kci": 1.9612306122351875e-05
  },
  "0;1|8": {
    "kci": 1.7684031260456479e-06
  },
  "0;1|9": {
    "kci": 3.7629704102815076e-05
  },
  "0;2|1": {
    "kci": 0.5719498359310127
  },
  "0;2|3": {
    "kci": 0.0879637305396872
  },
  "0;2|4": {
    "kci": 0.5734103706337095
  },
  "0;2|5": {
    "kci": 0.585099509095969
  },
  "0;2|6": {
    "kci": 0.4821979883592342
  },
  "0;2|7": {
    "kci": 0.20113711256347488
  },
  "0;2|8": {
    "kci": 0.21883572124018036
  },
  "0;2|9": {
    "kci": 0.216274360164186
  },
  "0;3|1": {
    "kci": 1.0229860435417848e-06
  },
  "0;3|2": {
    "kci": 1.7084299762215593e-05
  },
  "0;3|4": {
    "kci": 4.49585966921795e-06
  },
  "0;3|5": {
    "kci": 3.552716577148729e-06
  },
  "0;3|6": {
    "kci": 4.142098632087254e-06
  },
  "0;3|7": {
    "kci": 0.00036963120894895063
  },
  "0;3|8": {
    "kci": 3.2731665097207596e-06
  },
  "0;3|9": {
    "kci": 2.5569993331586716e-06
  },
  "0;4|1": {
    "kci": 0.37568186268622894
  },
  "0;4|2": {
    "kci": 0.3240843940939575
  },
  "0;4|3": {
    "kci": 0.3086134966454992
  },
  "0;4|5": {
    "kci": 0.32315847072257053
  },
  "0;4|6": {
    "kci": 0.3268805099026717
  },
  "0;4|7": {
    "kci": 0.31880446870500434
  },
  "0;4|8": {
    "kci": 0.32365844395230814
  },
  "0;4|9": {
    "kci": 0.329004349582513
  },
  "0;5|1": {
    "kci": 0.013544283406829005
  },
  "0;5|2": {
    "kci": 0.45004612709115155
  },
  "0;5|3": {
    "kci": 0.654816853951532
  },
  "0;5|4": {
    "kci": 0.23010029916119712
  },
  "0;5|6": {
    "kci": 0.5032060923193199
  },
  "0;5|7": {
    "kci": 0.44640284458739976
  },
  "0;5|8": {
    "kci": 0.5151009261269769
  },
  "0;5|9": {
    "kci": 0.5456682338166565
  },
  "0;6|1": {
    "kci": 0.03712991015535827
  },
  "0;6|2": {
    "kci": 0.09173525914296154
  },
  "0;6|3": {
    "kci": 0.6102952756977558
  },
  "0;6|4": {
    "kci": 0.2376182697280007
  },
  "0;6|5": {
    "kci": 0.29216491274786005
  },
  "0;6|7": {
    "kci": 0.07497660702391129
  },
  "0;6|8": {
    "kci": 0.08005202236044595
  },
  "0;6|9": {
    "kci": 0.00674479245831805
  },
  "0;7|1": {
    "kci": 0.0015408764365780758
  },
  "0;7|2": {
    "kci": 0.002658753192634866
  },
  "0;7|3": {
    "kci": 0.034736066167880386
  },
  "0;7|4": {
    "kci": 0.002069775962435627
  },
  "0;7|5": {
    "kci": 0.0014182754118412522
  },
  "0;7|6": {
    "kci": 0.002399676529053374
  },
  "0;7|8": {
    "kci": 0.00022376823842507054
  },
  "0;7|9": {
    "kci": 0.005092119859284816
  },
  "0;8|1": {
    "kci": 0.3190381441266461
  },
  "0;8|2": {
    "kci": 0.5485861802896475
  },
  "0;8|3": {
    "kci": 0.12231615641284843
  },
  "0;8|4": {
    "kci": 0.7062634191458006
  },
  "0;8|5": {
    "kci": 0.46264408407248503
  },
  "0;8|6": {
    "kci": 0.4235978569765755
  },
  "0;8|7": {
    "kci": 0.6016567276407763
  },
  "0;8|9": {
    "kci": 0.9069179098726066
  },
  "0;9|1": {
    "kci": 0.045112577761074135
  },
  "0;9|2": {
    "kci": 0.002519137578920194
  },
  "0;9|3": {
    "kci": 0.04257514359624481
  },
  "0;9|4": {
    "kci": 0.04178189548192479
  },
  "0;9|5": {
    "kci": 0.008436670088864506
  },
  "0;9|6": {
    "kci": 0.0014165689197176423
  },
  "0;9|7": {
    "kci": 0.17885681056896852
  },
  "0;9|8": {
    "kci": 0.07067039169009115
  },
  "1;2|0": {
    "kci": 0.060541545117896
  },
  "1;2|3": {
    "kci": 0.09526185540030419
  },
  "1;2|4": {
    "kci": 0.04422833663173442
  },
  "1;2|5": {
    "kci": 0.05158621251288298
  },
  "1;2|6": {
    "kci": 0.04819748038532412
  },
  "1;2|7": {
    "kci": 0.026500380886467667
  },
  "1;2|8": {
    "kci": 0.17328749805090404
  },
  "1;2|9": {
    "kci": 0.011041091891698995
  },
  "1;3|0": {
    "kci": 0.3369407781607612
  },
  "1;3|2": {
    "kci": 0.5933268721345164
  },
  "1;3|4": {
    "kci": 0.5307480370158226
  },
  "1;3|5": {
    "kci": 0.5533596565070662
  },
  "1;3|6": {
    "kci": 0.29015224922800775
  },
  "1;3|7": {
    "kci": 0.3658694762033764
  },
  "1;3|8": {
    "kci": 0.4739705483680243
  },
  "1;3|9": {
    "kci": 0.6093089434142389
  },
  "1;4|0": {
    "kci": 0.6169139478025872
  },
  "1;4|2": {
    "kci": 0.40569631671940876
  },
  "1;4|3": {
    "kci": 0.4614503025908676
  },
  "1;4|5": {
    "kci": 0.4795162986476822
  },
  "1;4|6": {
    "kci": 0.3257680993137738
  },
  "1;4|7": {
    "kci": 0.40762489743766084
  },
  "1;4|8": {
    "kci": 0.40925178743872015
  },
  "1;4|9": {
    "kci": 0.6600036677200389
  },
  "1;5|0": {
    "kci": 0.012269905501873568
  },
  "1;5|2": {
    "kci": 0.05627712554804121
  },
  "1;5|3": {
    "kci": 0.04979362920410546
  },
  "1;5|4": {
    "kci": 0.07086095852584529
  },
  "1;5|6": {
    "kci": 0.038476597421469916
  },
  "1;5|7": {
    "kci": 0.09535865982933545
  },
  "1;5|8": {
    "kci": 0.016209132279384142
  },
  "1;5|9": {
    "kci": 0.08679648698308151
  },
  "1;6|0": {
    "kci": 0.17903864200620023
  },
  "1;6|2": {
    "kci": 0.18163829253872132
  },
  "1;6|3": {
    "kci": 0.12555441043523807
  },
  "1;6|4": {
    "kci": 0.1299944015431227
  },
  "1;6|5": {
    "kci": 0.35072641347678857
  },
  "1;6|7": {
    "kci": 0.06721200213823542
  },
  "1;6|8": {
    "kci": 0.20858850030318532
  },
  "1;6|9": {
    "kci": 0.3645326399474924
  },
  "1;7|0": {
    "kci": 0.037523434924529586
  },
  "1;7|2": {
    "kci": 0.4367855776167142
  },
  "1;7|3": {
    "kci": 0.33352652464686927
  },
  "1;7|4": {
    "kci": 0.38340176934250114
  },
  "1;7|5": {
    "kci": 0.29323511169022143
  },
  "1;7|6": {
    "kci": 0.19723704779454387
  },
  "1;7|8": {
    "kci": 0.05817654480052559
  },
  "1;7|9": {
    "kci": 0.39881817231023575
  },
  "1;8|0": {
    "kci": 0.00011893749762115213
  },
  "1;8|2": {
    "kci": 0.0009103081955295078
  },
  "1;8|3": {
    "kci": 0.0013846923506098952
  },
  "1;8|4": {
    "kci": 0.0002584793296128707
  },