{
  "data_hash": "f84b3d2db299e930c5bc1494e68b02e6",
  "0;1": {
    "d_separation": 0.0
  },
  "0;2": {
    "d_separation": 0.0
  },
  "0;3": {
    "d_separation": 0.0
  },
  "0;4": {
    "d_separation": 0.0
  },
  "0;5": {
    "d_separation": 0.0
  },
  "0;6": {
    "d_separation": 0.0
  },
  "0;7": {
    "d_separation": 0.0
  },
  "0;8": {
    "d_separation": 0.0
  },
  "0;9": {
    "d_separation": 0.0
  },
  "1;2": {
    "d_separation": 0.0
  },
  "1;3": {
    "d_separation": 0.0
  },
  "1;4": {
    "d_separation": 0.0
  },
  "1;5": {
    "d_separation": 0.0
  },
  "1;6": {
    "d_separation": 0.0
  },
  "1;7": {
    "d_separation": 0.0
  },
  "1;8": {
    "d_separation": 0.0
  },
  "1;9": {
    "d_separation": 0.0
  },
  "2;3": {
    "d_separation": 0.0
  },
  "2;4": {
    "d_separation": 0.0
  },
  "2;5": {
    "d_separation": 0.0
  },
  "2;6": {
    "d_separation": 0.0
  },
  "2;7": {
    "d_separation": 0.0
  },
  "2;8": {
    "d_separation": 0.0
  },
  "2;9": {
    "d_separation": 0.0
  },
  "3;4": {
    "d_separation": 0.0
  },
  "3;5": {
    "d_separation": 0.0
  },
  "3;6": {
    "d_separation": 0.0
  },
  "3;7": {
    "d_separation": 0.0
  },
  "3;8": {
    "d_separation": 0.0
  },
  "3;9": {
    "d_separation": 0.0
  },
  "4;5": {
    "d_separation": 0.0
  },
  "4;6": {
    "d_separation": 0.0
  },
  "4;7": {
    "d_separation": 0.0
  },
  "4;8": {
    "d_separation": 0.0
  },
  "4;9": {
    "d_separation": 0.0
  },
  "5;6": {
    "d_separation": 0.0
  },
  "5;7": {
    "d_separation": 0.0
  },
  "5;8": {
    "d_separation": 0.0
  },
  "5;9": {
    "d_separation": 0.0
  },
  "6;7": {
    "d_separation": 0.0
  },
  "6;8": {
    "d_separation": 0.0
  },
  "6;9": {
    "d_separation": 0.0
  },
  "7;8": {
    "d_separation": 0.0
  },
  "7;9": {
    "d_separation": 0.0
  },
  "8;9": {
    "d_separation": 0.0
  },
  "0;1|2": {
    "kci": 0.35843502512070324
  },
  "0;1|3": {
    "kci": 0.34361817531588346
  },
  "0;1|4": {
    "kci": 0.321653106696824
  },
  "0;1|5": {
    "kci": 0.3368011635415634
  },
  "0;1|6": {
    "kci": 0.3662939381779523
  },
  "0;1|7": {
    "kci": 0.22292625679718947
  },
  "0;1|8": {
    "kci": 0.30136745462476333
  },
  "0;1|9": {
    "kci": 0.29010386462035687
  },
  "0;2|1": {
    "kci": 0.0897404803956755
  },
  "0;2|3": {
    "kci": 0.03606626694149595
  },
  "0;2|4": {
    "kci": 0.14040484502946693
  },
  "0;2|5": {
    "kci": 0.15055344798156278
  },
  "0;2|6": {
    "kci": 0.04111990280762279
  },
  "0;2|7": {
    "kci": 0.026762429074142613
  },
  "0;2|8": {
    "kci": 0.0606631057157041
  },
  "0;2|9": {
    "kci": 0.16953866814383112
  },
  "0;3|1": {
    "kci": 0.32377366902458027
  },
  "0;3|2": {
    "kci": 0.2936564540752372
  },
  "0;3|4": {
    "kci": 0.25757082344278137
  },
  "0;3|5": {
    "kci": 0.3079295586047518
  },
  "0;3|6": {
    "kci": 0.39978970387322454
  },
  "0;3|7": {
    "kci": 0.22325632092153358
  },
  "0;3|8": {
    "kci": 0.29635257977664775
  },
  "0;3|9": {
    "kci": 0.16423948280721667
  },
  "0;4|1": {
    "kci": 0.6923547469708939
  },
  "0;4|2": {
    "kci": 0.7351609404272111
  },
  "0;4|3": {
    "kci": 0.6744461866870057
  },
  "0;4|5": {
    "kci": 0.5431453242813281
  },
  "0;4|6": {
    "kci": 0.6614650424215551
  },
  "0;4|7": {
    "kci": 0.29467438567411164
  },
  "0;4|8": {
    "kci": 0.7256322766444983
  },
  "0;4|9": {
    "kci": 0.5091268972358032
  },
  "0;5|1": {
    "kci": 0.37067642157184266
  },
  "0;5|2": {
    "kci": 0.387873628981087
  },
  "0;5|3": {
    "kci": 0.3746306059121125
  },
  "0;5|4": {
    "kci": 0.3325586600430248
  },
  "0;5|6": {
    "kci": 0.381305866997503
  },
  "0;5|7": {
    "kci": 0.29874370408456763
  },
  "0;5|8": {
    "kci": 0.37074348620428843
  },
  "0;5|9": {
    "kci": 0.3419422516134363
  },
  "0;6|1": {
    "kci": 0.017886095305694405
  },
  "0;6|2": {
    "kci": 0.016530370362151103
  },
  "0;6|3": {
    "kci": 0.017407901122738823
  },
  "0;6|4": {
    "kci": 0.020972240796014896
  },
  "0;6|5": {
    "kci": 0.03380279972311673
  },
  "0;6|7": {
    "kci": 0.08092209937963435
  },
  "0;6|8": {
    "kci": 0.014525013912599416
  },
  "0;6|9": {
    "kci": 0.028361678397533674
  },
  "0;7|1": {
    "kci": 0.0335496835672211
  },
  "0;7|2": {
    "kci": 0.0251675707578094
  },
  "0;7|3": {
    "kci": 0.022131087295553686
  },
  "0;7|4": {
    "kci": 0.042173269206240316
  },
  "0;7|5": {
    "kci": 0.05322352885976911
  },
  "0;7|6": {
    "kci": 0.04582648919477028
  },
  "0;7|8": {
    "kci": 0.18810270759631087
  },
  "0;7|9": {
    "kci": 0.07962335529062314
  },
  "0;8|1": {
    "kci": 0.4338030816377423
  },
  "0;8|2": {
    "kci": 0.3785542403722789
  },
  "0;8|3": {
    "kci": 0.4748999278746062
  },
  "0;8|4": {
    "kci": 0.46663530997400715
  },
  "0;8|5": {
    "kci": 0.6277830857158422
  },
  "0;8|6": {
    "kci": 0.515332054034018
  },
  "0;8|7": {
    "kci": 0.3751280782899422
  },
  "0;8|9": {
    "kci": 0.4789299560075694
  },
  "0;9|1": {
    "kci": 0.35220135535574926
  },
  "0;9|2": {
    "kci": 0.3800161386133716
  },
  "0;9|3": {
    "kci": 0.20328886959144776
  },
  "0;9|4": {
    "kci": 0.3038280211280443
  },
  "0;9|5": {
    "kci": 0.30879250793628676
  },
  "0;9|6": {
    "kci": 0.2965810417332604
  },
  "0;9|7": {
    "kci": 0.4334684304535771
  },
  "0;9|8": {
    "kci": 0.45951444462007107
  },
  "1;2|0": {
    "kci": 0.2732850362326886
  },
  "1;2|3": {
    "kci": 0.2600082618889722
  },
  "1;2|4": {
    "kci": 0.24841619679616456
  },
  "1;2|5": {
    "kci": 0.2632035354532428
  },
  "1;2|6": {
    "kci": 0.25228121012300975
  },
  "1;2|7": {
    "kci": 0.23597117961754988
  },
  "1;2|8": {
    "kci": 0.26936461453835137
  },
  "1;2|9": {
    "kci": 0.2632397935494003
  },
  "1;3|0": {
    "kci": 0.5083513749462681
  },
  "1;3|2": {
    "kci": 0.504812493829774
  },
  "1;3|4": {
    "kci": 0.5382172504608291
  },
  "1;3|5": {
    "kci": 0.511133158952501
  },
  "1;3|6": {
    "kci": 0.5263740982214422
  },
  "1;3|7": {
    "kci": 0.18609335256308634
  },
  "1;3|8": {
    "kci": 0.45336588326496496
  },
  "1;3|9": {
    "kci": 0.37664516485376776
  },
  "1;4|0": {
    "kci": 0.5860970542976514
  },
  "1;4|2": {
    "kci": 0.5702299141824942
  },
  "1;4|3": {
    "kci": 0.7220988246754856
  },
  "1;4|5": {
    "kci": 0.7294973609643273
  },
  "1;4|6": {
    "kci": 0.6549316657196523
  },
  "1;4|7": {
    "kci": 0.5368993242276734
  },
  "1;4|8": {
    "kci": 0.7061633343925924
  },
  "1;4|9": {
    "kci": 0.5528298163235998
  },
  "1;5|0": {
    "kci": 0.42004173836587
  },
  "1;5|2": {
    "kci": 0.24016360686625926
  },
  "1;5|3": {
    "kci": 0.30693715739469496
  },
  "1;5|4": {
    "kci": 0.3419668847579872
  },
  "1;5|6": {
    "kci": 0.34863152179646584
  },
  "1;5|7": {
    "kci": 0.5217117950202245
  },
  "1;5|8": {
    "kci": 0.5405334869912579
  },
  "1;5|9": {
    "kci": 0.46908394280594723
  },
  "1;6|0": {
    "kci": 0.15164755353142667
  },
  "1;6|2": {
    "kci": 0.21705481207465638
  },
  "1;6|3": {
    "kci": 0.1352664092133372
  },
  "1;6|4": {
    "kci": 0.18580743424810453
  },
  "1;6|5": {
    "kci": 0.1538928124559822
  },
  "1;6|7": {
    "kci": 0.10085591962494578
  },
  "1;6|8": {
    "kci": 0.16773648902511784
  },
  "1;6|9": {
    "kci": 0.10638649609610473
  },
  "1;7|0": {
    "kci": 0.1410199748023223
  },
  "1;7|2": {
    "kci": 0.31663100177559467
  },
  "1;7|3": {
    "kci": 0.19233015653766627
  },
  "1;7|4": {
    "kci": 0.14463823678432763
  },
  "1;7|5": {
    "kci": 0.14530372046620743
  },
  "1;7|6": {
    "kci": 0.19319917318706215
  },
  "1;7|8": {
    "kci": 0.11241504458893825
  },
  "1;7|9": {
    "kci": 0.241915713235339
  },
  "1;8|0": {
    "kci": 0.3748625039329099
  },
  "1;8|2": {
    "kci": 0.5605661604639272
  },
  "1;8|3": {
    "kci": 0.3526431393930536
  },
  "1;8|4": {
    "kci": 0.49354821453829434
  },
  "1;8|5": {
    "kci": 0.490981724682065
  },
  "1;8|6": {
    "kci": 0.6338294322189213
  },