{
  "data_hash": "f97256f05c693e78f628aae6462f2e36",
  "0;1": {
    "d_separation": 0.0
  },
  "0;2": {
    "d_separation": 0.0
  },
  "0;3": {
    "d_separation": 0.0
  },
  "0;4": {
    "d_separation": 0.0
  },
  "0;5": {
    "d_separation": 0.0
  },
  "0;6": {
    "d_separation": 0.0
  },
  "0;7": {
    "d_separation": 0.0
  },
  "0;8": {
    "d_separation": 0.0
  },
  "0;9": {
    "d_separation": 0.0
  },
  "1;2": {
    "d_separation": 0.0
  },
  "1;3": {
    "d_separation": 0.0
  },
  "1;4": {
    "d_separation": 0.0
  },
  "1;5": {
    "d_separation": 0.0
  },
  "1;6": {
    "d_separation": 0.0
  },
  "1;7": {
    "d_separation": 0.0
  },
  "1;8": {
    "d_separation": 0.0
  },
  "1;9": {
    "d_separation": 0.0
  },
  "2;3": {
    "d_separation": 0.0
  },
  "2;4": {
    "d_separation": 0.0
  },
  "2;5": {
    "d_separation": 0.0
  },
  "2;6": {
    "d_separation": 0.0
  },
  "2;7": {
    "d_separation": 0.0
  },
  "2;8": {
    "d_separation": 0.0
  },
  "2;9": {
    "d_separation": 0.0
  },
  "3;4": {
    "d_separation": 0.0
  },
  "3;5": {
    "d_separation": 0.0
  },
  "3;6": {
    "d_separation": 0.0
  },
  "3;7": {
    "d_separation": 0.0
  },
  "3;8": {
    "d_separation": 0.0
  },
  "3;9": {
    "d_separation": 0.0
  },
  "4;5": {
    "d_separation": 0.0
  },
  "4;6": {
    "d_separation": 0.0
  },
  "4;7": {
    "d_separation": 0.0
  },
  "4;8": {
    "d_separation": 0.0
  },
  "4;9": {
    "d_separation": 0.0
  },
  "5;6": {
    "d_separation": 0.0
  },
  "5;7": {
    "d_separation": 0.0
  },
  "5;8": {
    "d_separation": 0.0
  },
  "5;9": {
    "d_separation": 0.0
  },
  "6;7": {
    "d_separation": 0.0
  },
  "6;8": {
    "d_separation": 0.0
  },
  "6;9": {
    "d_separation": 0.0
  },
  "7;8": {
    "d_separation": 0.0
  },
  "7;9": {
    "d_separation": 0.0
  },
  "8;9": {
    "d_separation": 0.0
  },
  "0;1|2": {
    "kci": 0.7691208512880547
  },
  "0;1|3": {
    "kci": 0.653908847818483
  },
  "0;1|4": {
    "kci": 0.7761604417751395
  },
  "0;1|5": {
    "kci": 0.5753032385993809
  },
  "0;1|6": {
    "kci": 0.497582106846001
  },
  "0;1|7": {
    "kci": 0.3674637180111755
  },
  "0;1|8": {
    "kci": 0.4599971550840012
  },
  "0;1|9": {
    "kci": 0.20384126732750607
  },
  "0;2|1": {
    "kci": 0.26150226796475373
  },
  "0;2|3": {
    "kci": 0.2689902009946281
  },
  "0;2|4": {
    "kci": 0.2546069709270574
  },
  "0;2|5": {
    "kci": 0.26139955420179317
  },
  "0;2|6": {
    "kci": 0.2681884473486228
  },
  "0;2|7": {
    "kci": 0.286455275987747
  },
  "0;2|8": {
    "kci": 0.27270235841977664
  },
  "0;2|9": {
    "kci": 0.28121663350153925
  },
  "0;3|1": {
    "kci": 0.4774439272830232
  },
  "0;3|2": {
    "kci": 0.5731431518532307
  },
  "0;3|4": {
    "kci": 0.3034994395379327
  },
  "0;3|5": {
    "kci": 0.3941444274233926
  },
  "0;3|6": {
    "kci": 0.38607728864393287
  },
  "0;3|7": {
    "kci": 0.5035983464898278
  },
  "0;3|8": {
    "kci": 0.4666710070433603
  },
  "0;3|9": {
    "kci": 0.37673488721004467
  },
  "0;4|1": {
    "kci": 0.30530840641582
  },
  "0;4|2": {
    "kci": 0.3224950348114981
  },
  "0;4|3": {
    "kci": 0.2932121374660852
  },
  "0;4|5": {
    "kci": 0.3090043098299303
  },
  "0;4|6": {
    "kci": 0.30741710432454705
  },
  "0;4|7": {
    "kci": 0.29070095232077586
  },
  "0;4|8": {
    "kci": 0.302252427805623
  },
  "0;4|9": {
    "kci": 0.29659702719590275
  },
  "0;5|1": {
    "kci": 0.37982746512639864
  },
  "0;5|2": {
    "kci": 0.1964091222881903
  },
  "0;5|3": {
    "kci": 0.5141664003488211
  },
  "0;5|4": {
    "kci": 0.43694740080023275
  },
  "0;5|6": {
    "kci": 0.293554905775087
  },
  "0;5|7": {
    "kci": 0.38577175311980705
  },
  "0;5|8": {
    "kci": 0.3638649526062542
  },
  "0;5|9": {
    "kci": 0.4400669904258283
  },
  "0;6|1": {
    "kci": 0.5883912083442813
  },
  "0;6|2": {
    "kci": 0.52837377147202
  },
  "0;6|3": {
    "kci": 0.4909500445022589
  },
  "0;6|4": {
    "kci": 0.5373787608179179
  },
  "0;6|5": {
    "kci": 0.4711879462093649
  },
  "0;6|7": {
    "kci": 0.5547551045101693
  },
  "0;6|8": {
    "kci": 0.5770048691751444
  },
  "0;6|9": {
    "kci": 0.4535898071287625
  },
  "0;7|1": {
    "kci": 0.7215006599817677
  },
  "0;7|2": {
    "kci": 0.7323715949404046
  },
  "0;7|3": {
    "kci": 0.5111092973464015
  },
  "0;7|4": {
    "kci": 0.6400895767847086
  },
  "0;7|5": {
    "kci": 0.5658746571781117
  },
  "0;7|6": {
    "kci": 0.3107673432087281
  },
  "0;7|8": {
    "kci": 0.4796251954378996
  },
  "0;7|9": {
    "kci": 0.3710943298184002
  }
}