{
  "data_hash": "faaa337d384a755dc33c9e5a5b94d727",
  "0;1": {
    "d_separation": 0.0
  },
  "0;2": {
    "d_separation": 0.0
  },
  "0;3": {
    "d_separation": 0.0
  },
  "0;4": {
    "d_separation": 0.0
  },
  "0;5": {
    "d_separation": 0.0
  },
  "0;6": {
    "d_separation": 0.0
  },
  "0;7": {
    "d_separation": 0.0
  },
  "0;8": {
    "d_separation": 0.0
  },
  "0;9": {
    "d_separation": 0.0
  },
  "1;2": {
    "d_separation": 0.0
  },
  "1;3": {
    "d_separation": 0.0
  },
  "1;4": {
    "d_separation": 0.0
  },
  "1;5": {
    "d_separation": 0.0
  },
  "1;6": {
    "d_separation": 0.0
  },
  "1;7": {
    "d_separation": 0.0
  },
  "1;8": {
    "d_separation": 0.0
  },
  "1;9": {
    "d_separation": 0.0
  },
  "2;3": {
    "d_separation": 0.0
  },
  "2;4": {
    "d_separation": 0.0
  },
  "2;5": {
    "d_separation": 0.0
  },
  "2;6": {
    "d_separation": 0.0
  },
  "2;7": {
    "d_separation": 0.0
  },
  "2;8": {
    "d_separation": 0.0
  },
  "2;9": {
    "d_separation": 0.0
  },
  "3;4": {
    "d_separation": 0.0
  },
  "3;5": {
    "d_separation": 0.0
  },
  "3;6": {
    "d_separation": 0.0
  },
  "3;7": {
    "d_separation": 0.0
  },
  "3;8": {
    "d_separation": 0.0
  },
  "3;9": {
    "d_separation": 0.0
  },
  "4;5": {
    "d_separation": 0.0
  },
  "4;6": {
    "d_separation": 0.0
  },
  "4;7": {
    "d_separation": 0.0
  },
  "4;8": {
    "d_separation": 0.0
  },
  "4;9": {
    "d_separation": 0.0
  },
  "5;6": {
    "d_separation": 0.0
  },
  "5;7": {
    "d_separation": 0.0
  },
  "5;8": {
    "d_separation": 0.0
  },
  "5;9": {
    "d_separation": 0.0
  },
  "6;7": {
    "d_separation": 0.0
  },
  "6;8": {
    "d_separation": 0.0
  },
  "6;9": {
    "d_separation": 0.0
  },
  "7;8": {
    "d_separation": 0.0
  },
  "7;9": {
    "d_separation": 0.0
  },
  "8;9": {
    "d_separation": 0.0
  },
  "0;1|2": {
    "kci": 0.2238527983876637
  },
  "0;1|3": {
    "kci": 0.20173897117969852
  },
  "0;1|4": {
    "kci": 0.19674201879759412
  },
  "0;1|5": {
    "kci": 0.19261621413039887
  },
  "0;1|6": {
    "kci": 0.3073214824566952
  },
  "0;1|7": {
    "kci": 0.28743089299693647
  },
  "0;1|8": {
    "kci": 0.24358050342672455
  },
  "0;1|9": {
    "kci": 0.2523037808675279
  },
  "0;2|1": {
    "kci": 0.7631628614917192
  },
  "0;2|3": {
    "kci": 0.5918626785885777
  },
  "0;2|4": {
    "kci": 0.8011541165757698
  },
  "0;2|5": {
    "kci": 0.7360710779598172
  },
  "0;2|6": {
    "kci": 0.2974381867020147
  },
  "0;2|7": {
    "kci": 0.7474992866706378
  },
  "0;2|8": {
    "kci": 0.6110917905787525
  },
  "0;2|9": {
    "kci": 0.6828273442604114
  },
  "0;3|1": {
    "kci": 0.07373490742618327
  },
  "0;3|2": {
    "kci": 0.10934401461327603
  },
  "0;3|4": {
    "kci": 0.04643874398852865
  },
  "0;3|5": {
    "kci": 0.10604697661204932
  },
  "0;3|6": {
    "kci": 0.2517512687797081
  },
  "0;3|7": {
    "kci": 0.14427860757263933
  },
  "0;3|8": {
    "kci": 0.2676521242225791
  },
  "0;3|9": {
    "kci": 0.21668609123459426
  },
  "0;4|1": {
    "kci": 0.23435187578944272
  },
  "0;4|2": {
    "kci": 0.2982460426544771
  },
  "0;4|3": {
    "kci": 0.3229006801317913
  },
  "0;4|5": {
    "kci": 0.6700622543624974
  },
  "0;4|6": {
    "kci": 0.2770203109740126
  },
  "0;4|7": {
    "kci": 0.2597955024610905
  },
  "0;4|8": {
    "kci": 0.3433028400679192
  },
  "0;4|9": {
    "kci": 0.2345368494717902
  },
  "0;5|1": {
    "kci": 0.3042128511813378
  },
  "0;5|2": {
    "kci": 0.29208282456363976
  },
  "0;5|3": {
    "kci": 0.32032435356127653
  },
  "0;5|4": {
    "kci": 0.43823225307805413
  },
  "0;5|6": {
    "kci": 0.2720795779376559
  },
  "0;5|7": {
    "kci": 0.29231106895560544
  },
  "0;5|8": {
    "kci": 0.43445051939269363
  },
  "0;5|9": {
    "kci": 0.37906950952826035
  },
  "0;6|1": {
    "kci": 0.2730875448078298
  },
  "0;6|2": {
    "kci": 0.3335388575781071
  },
  "0;6|3": {
    "kci": 0.3264062258991455
  },
  "0;6|4": {
    "kci": 0.27874144634171427
  },
  "0;6|5": {
    "kci": 0.3318526223079359
  },
  "0;6|7": {
    "kci": 0.332119698513311
  },
  "0;6|8": {
    "kci": 0.3317667378586673
  },
  "0;6|9": {
    "kci": 0.3638272329553711
  },
  "0;7|1": {
    "kci": 0.6920635075342629
  },
  "0;7|2": {
    "kci": 0.7882845600627978
  },
  "0;7|3": {
    "kci": 0.5614055157290783
  },
  "0;7|4": {
    "kci": 0.7320642359074021
  },
  "0;7|5": {
    "kci": 0.5278976126516356
  },
  "0;7|6": {
    "kci": 0.732979189859539
  },
  "0;7|8": {
    "kci": 0.654760164283875
  },
  "0;7|9": {
    "kci": 0.7614730431900418
  },
  "0;8|1": {
    "kci": 0.5629261016351177
  },
  "0;8|2": {
    "kci": 0.6800293213041351
  },
  "0;8|3": {
    "kci": 0.5273484749832806
  },
  "0;8|4": {
    "kci": 0.6809070616991704
  },
  "0;8|5": {
    "kci": 0.6983559795985965
  },
  "0;8|6": {
    "kci": 0.6699946930613281
  },
  "0;8|7": {
    "kci": 0.5557266045567242
  },
  "0;8|9": {
    "kci": 0.6699196594456658
  },
  "0;9|1": {
    "kci": 0.2451712048967205
  },
  "0;9|2": {
    "kci": 0.5407048049047086
  },
  "0;9|3": {
    "kci": 0.3926245808059984
  },
  "0;9|4": {
    "kci": 0.5296068568493932
  },
  "0;9|5": {
    "kci": 0.3566607599885353
  },
  "0;9|6": {
    "kci": 0.42230702609467097
  },
  "0;9|7": {
    "kci": 0.45102838273604784
  },
  "0;9|8": {
    "kci": 0.4840860682793482
  },
  "1;2|0": {
    "kci": 0.09027193300342451
  },
  "1;2|3": {
    "kci": 0.4892605022006663
  },
  "1;2|4": {
    "kci": 0.1341978732719129
  },
  "1;2|5": {
    "kci": 0.23097124740116204
  },
  "1;2|6": {
    "kci": 0.28729187483964713
  },
  "1;2|7": {
    "kci": 0.2121410508601974
  },
  "1;2|8": {
    "kci": 0.29051949654239273
  },
  "1;2|9": {
    "kci": 0.18021735559315788
  },
  "1;3|0": {
    "kci": 0.0018178118043117308
  },
  "1;3|2": {
    "kci": 0.016238079699127383
  },
  "1;3|4": {
    "kci": 0.004223516846661779
  },
  "1;3|5": {
    "kci": 0.0023716121904365783
  },
  "1;3|6": {
    "kci": 0.002385903954915225
  },
  "1;3|7": {
    "kci": 0.0022324300124887397
  },
  "1;3|8": {
    "kci": 0.024845851913501082
  },
  "1;3|9": {
    "kci": 0.00263175674326388
  },
  "1;4|0": {
    "kci": 0.6326347871505251
  },
  "1;4|2": {
    "kci": 0.32428974919676756
  },
  "1;4|3": {
    "kci": 0.6257710379005822
  },
  "1;4|5": {
    "kci": 0.5856260658701145
  },
  "1;4|6": {
    "kci": 0.5565525328132701
  },
  "1;4|7": {
    "kci": 0.18815763714978984
  },
  "1;4|8": {
    "kci": 0.564768952890974
  },
  "1;4|9": {
    "kci": 0.6116200623427466
  },
  "1;5|0": {
    "kci": 0.7206003570690602
  },
  "1;5|2": {
    "kci": 0.7166567946475992
  },
  "1;5|3": {
    "kci": 0.6293764842212215
  },
  "1;5|4": {
    "kci": 0.6183889975792245
  },
  "1;5|6": {
    "kci": 0.7277413815422302
  },
  "1;5|7": {
    "kci": 0.6057704309628151
  },
  "1;5|8": {
    "kci": 0.6279010468631535
  },
  "1;5|9": {
    "kci": 0.6021082703041278
  },
  "1;6|0": {
    "kci": 0.5522695142773328
  },
  "1;6|2": {
    "kci": 0.5444676839598802
  },
  "1;6|3": {
    "kci": 0.6792691477191798
  },
  "1;6|4": {
    "kci": 0.508752082598362
  },
  "1;6|5": {
    "kci": 0.45617839350035294
  },
  "1;6|7": {
    "kci": 0.5857794626345757
  },
  "1;6|8": {
    "kci": 0.5450392226260155
  },
  "1;6|9": {
    "kci": 0.5190600781523599
  },
  "1;7|0": {
    "kci": 0.7108627252827331
  },
  "1;7|2": {
    "kci": 0.6922421267520635
  },
  "1;7|3": {
    "kci": 0.7363619142976545
  },
  "1;7|4": {
    "kci": 0.319569450722198
  },
  "1;7|5": {
    "kci": 0.6244929267876854
  },
  "1;7|6": {
    "kci": 0.5668206590293707
  },
  "1;7|8": {
    "kci": 0.7374877829416393
  },
  "1;7|9": {
    "kci": 0.6194235340186628
  },
  "1;8|0": {
    "kci": 0.0007137956827060199
  },
  "1;8|2": {
    "kci": 0.00021310237405747223
  },
  "1;8|3": {
    "kci": 0.000859873776358766
  },
  "1;8|4": {
    "kci": 0.0015704249265784398
  },
  "1;8|5": {
    "kci": 0.0036994072477380957
  },
  "1;8|6": {
    "kci": 0.0011226179657520818
  },