{
  "data_hash": "faf45903114431ec13d5c8ba0fa96a0e",
  "0;1": {
    "d_separation": 0.0
  },
  "0;2": {
    "d_separation": 0.0
  },
  "0;3": {
    "d_separation": 0.0
  },
  "0;4": {
    "d_separation": 0.0
  },
  "0;5": {
    "d_separation": 0.0
  },
  "0;6": {
    "d_separation": 0.0
  },
  "0;7": {
    "d_separation": 0.0
  },
  "0;8": {
    "d_separation": 0.0
  },
  "0;9": {
    "d_separation": 0.0
  },
  "1;2": {
    "d_separation": 0.0
  },
  "1;3": {
    "d_separation": 0.0
  },
  "1;4": {
    "d_separation": 0.0
  },
  "1;5": {
    "d_separation": 0.0
  },
  "1;6": {
    "d_separation": 0.0
  },
  "1;7": {
    "d_separation": 0.0
  },
  "1;8": {
    "d_separation": 0.0
  },
  "1;9": {
    "d_separation": 0.0
  },
  "2;3": {
    "d_separation": 0.0
  },
  "2;4": {
    "d_separation": 0.0
  },
  "2;5": {
    "d_separation": 0.0
  },
  "2;6": {
    "d_separation": 0.0
  },
  "2;7": {
    "d_separation": 0.0
  },
  "2;8": {
    "d_separation": 0.0
  },
  "2;9": {
    "d_separation": 0.0
  },
  "3;4": {
    "d_separation": 0.0
  },
  "3;5": {
    "d_separation": 0.0
  },
  "3;6": {
    "d_separation": 0.0
  },
  "3;7": {
    "d_separation": 0.0
  },
  "3;8": {
    "d_separation": 0.0
  },
  "3;9": {
    "d_separation": 0.0
  },
  "4;5": {
    "d_separation": 0.0
  },
  "4;6": {
    "d_separation": 0.0
  },
  "4;7": {
    "d_separation": 0.0
  },
  "4;8": {
    "d_separation": 0.0
  },
  "4;9": {
    "d_separation": 0.0
  },
  "5;6": {
    "d_separation": 0.0
  },
  "5;7": {
    "d_separation": 0.0
  },
  "5;8": {
    "d_separation": 0.0
  },
  "5;9": {
    "d_separation": 0.0
  },
  "6;7": {
    "d_separation": 0.0
  },
  "6;8": {
    "d_separation": 0.0
  },
  "6;9": {
    "d_separation": 0.0
  },
  "7;8": {
    "d_separation": 0.0
  },
  "7;9": {
    "d_separation": 0.0
  },
  "8;9": {
    "d_separation": 0.0
  },
  "0;1|2": {
    "kci": 0.17175879112186043
  },
  "0;1|3": {
    "kci": 0.23107080086782505
  },
  "0;1|4": {
    "kci": 0.23019774064138954
  },
  "0;1|5": {
    "kci": 0.3396514919142122
  },
  "0;1|6": {
    "kci": 0.18239693142099844
  },
  "0;1|7": {
    "kci": 0.2757436290323023
  },
  "0;1|8": {
    "kci": 0.28102800385477134
  },
  "0;1|9": {
    "kci": 0.277359683187159
  },
  "0;2|1": {
    "kci": 0.3178367791029689
  },
  "0;2|3": {
    "kci": 0.3214779298885706
  },
  "0;2|4": {
    "kci": 0.31934003160857805
  },
  "0;2|5": {
    "kci": 0.30823265228407193
  },
  "0;2|6": {
    "kci": 0.22373985804941832
  },
  "0;2|7": {
    "kci": 0.31831929617212984
  },
  "0;2|8": {
    "kci": 0.3194810383898228
  },
  "0;2|9": {
    "kci": 0.3209613714433772
  },
  "0;3|1": {
    "kci": 0.31135727609691544
  },
  "0;3|2": {
    "kci": 0.3400755687966467
  },
  "0;3|4": {
    "kci": 0.3127221305214145
  },
  "0;3|5": {
    "kci": 0.35996562237771035
  },
  "0;3|6": {
    "kci": 0.43864426392905687
  },
  "0;3|7": {
    "kci": 0.3047116916000867
  },
  "0;3|8": {
    "kci": 0.3379126168137635
  },
  "0;3|9": {
    "kci": 0.34932206210417505
  },
  "0;4|1": {
    "kci": 0.34610925047514995
  },
  "0;4|2": {
    "kci": 0.3300192023263633
  },
  "0;4|3": {
    "kci": 0.34293918536874024
  },
  "0;4|5": {
    "kci": 0.43711395706551204
  },
  "0;4|6": {
    "kci": 0.3618661456496506
  },
  "0;4|7": {
    "kci": 0.364060730694042
  },
  "0;4|8": {
    "kci": 0.3536698315377321
  },
  "0;4|9": {
    "kci": 0.35314134824436705
  },
  "0;5|1": {
    "kci": 0.33202300809709395
  },
  "0;5|2": {
    "kci": 0.35436013923251863
  },
  "0;5|3": {
    "kci": 0.36105561425316146
  },
  "0;5|4": {
    "kci": 0.3381510155982713
  },
  "0;5|6": {
    "kci": 0.7562094427681912
  },
  "0;5|7": {
    "kci": 0.3540444848527915
  },
  "0;5|8": {
    "kci": 0.3366644791468655
  },
  "0;5|9": {
    "kci": 0.3587450754464784
  },
  "0;6|1": {
    "kci": 0.31366045602362946
  },
  "0;6|2": {
    "kci": 0.307699432148994
  },
  "0;6|3": {
    "kci": 0.31407566468035375
  },
  "0;6|4": {
    "kci": 0.31673244214135576
  },
  "0;6|5": {
    "kci": 0.3048389024102468
  },
  "0;6|7": {
    "kci": 0.3165886757581373
  },
  "0;6|8": {
    "kci": 0.315040947160367
  },
  "0;6|9": {
    "kci": 0.31317598821470516
  },
  "0;7|1": {
    "kci": 0.31896394105967374
  },
  "0;7|2": {
    "kci": 0.29675882087597494
  },
  "0;7|3": {
    "kci": 0.31016012410227267
  },
  "0;7|4": {
    "kci": 0.31552904666422976
  },
  "0;7|5": {
    "kci": 0.2978409026883204
  },
  "0;7|6": {
    "kci": 0.24981515795639186
  },
  "0;7|8": {
    "kci": 0.3076424375639121
  },
  "0;7|9": {
    "kci": 0.309035789353198
  },
  "0;8|1": {
    "kci": 0.45038756873175134
  },
  "0;8|2": {
    "kci": 0.43299533262779066
  },
  "0;8|3": {
    "kci": 0.4705294084616416
  },
  "0;8|4": {
    "kci": 0.459898459974006
  },
  "0;8|5": {
    "kci": 0.5646438472816356
  },
  "0;8|6": {
    "kci": 0.4379340550945756
  },
  "0;8|7": {
    "kci": 0.4719380261500731
  },
  "0;8|9": {
    "kci": 0.4357386714958338
  },
  "0;9|1": {
    "kci": 0.3135887850003154
  },
  "0;9|2": {
    "kci": 0.3114788706458045
  },
  "0;9|3": {
    "kci": 0.317868585511512
  },
  "0;9|4": {
    "kci": 0.3136096779504629
  },
  "0;9|5": {
    "kci": 0.31495131043334534
  },
  "0;9|6": {
    "kci": 0.24185658885881234
  },
  "0;9|7": {
    "kci": 0.33080919167632283
  },
  "0;9|8": {
    "kci": 0.3122494341255285
  },
  "1;2|0": {
    "kci": 0.041629872152527114
  },
  "1;2|3": {
    "kci": 0.010468933489484855
  },
  "1;2|4": {
    "kci": 0.006475037769258951
  },
  "1;2|5": {
    "kci": 0.07015190326454734
  },
  "1;2|6": {
    "kci": 0.014661858672411987
  },
  "1;2|7": {
    "kci": 0.013364040239876918
  },
  "1;2|8": {
    "kci": 0.024362184501407258
  },
  "1;2|9": {
    "kci": 0.0035298470188878106
  },
  "1;3|0": {
    "kci": 0.008654536969400106
  },
  "1;3|2": {
    "kci": 0.0036592839392934895
  },
  "1;3|4": {
    "kci": 0.018419498500892417
  },
  "1;3|5": {
    "kci": 0.10712635996739883
  },
  "1;3|6": {
    "kci": 0.011834826128952258
  },
  "1;3|7": {
    "kci": 0.2062811103809178
  },
  "1;3|8": {
    "kci": 0.02244546997104191
  },
  "1;3|9": {
    "kci": 0.018909392618643994
  },
  "1;4|0": {
    "kci": 0.7662224950280094
  },
  "1;4|2": {
    "kci": 0.7673657549794325
  },
  "1;4|3": {
    "kci": 0.4413356520460969
  },
  "1;4|5": {
    "kci": 0.8002377041253261
  },
  "1;4|6": {
    "kci": 0.7045766815023976
  },
  "1;4|7": {
    "kci": 0.742152031708341
  },
  "1;4|8": {
    "kci": 0.7161438507736775
  },
  "1;4|9": {
    "kci": 0.7867646516822056
  },
  "1;5|0": {
    "kci": 0.002532942907347624
  },
  "1;5|2": {
    "kci": 0.0013117933541648696
  },
  "1;5|3": {
    "kci": 0.09767811389146652
  },
  "1;5|4": {
    "kci": 0.0027801624626363486
  },
  "1;5|6": {
    "kci": 0.01003166196000338
  },
  "1;5|7": {
    "kci": 0.02612058431601605
  },
  "1;5|8": {
    "kci": 0.0033003483945541756
  },
  "1;5|9": {
    "kci": 0.0228434158404891
  },
  "1;6|0": {
    "kci": 0.45473340242311744
  },
  "1;6|2": {
    "kci": 0.3808091094665266
  },
  "1;6|3": {
    "kci": 0.19990423367303167
  },
  "1;6|4": {
    "kci": 0.33104040301921667
  },
  "1;6|5": {
    "kci": 0.31384519000630273
  },
  "1;6|7": {
    "kci": 0.5592411314149428
  },
  "1;6|8": {
    "kci": 0.361697848891519
  },
  "1;6|9": {
    "kci": 0.30566349435588513
  },
  "1;7|0": {
    "kci": 0.003463960201143923
  },
  "1;7|2": {
    "kci": 0.00160443369866492
  },
  "1;7|3": {
    "kci": 0.047785629295839405
  },
  "1;7|4": {
    "kci": 0.0029165645010816865
  },
  "1;7|5": {
    "kci": 0.015785630184881216
  },
  "1;7|6": {
    "kci": 0.00796405065565986
  },
  "1;7|8": {
    "kci": 0.0003575633666419442
  },
  "1;7|9": {
    "kci": 0.0015449654312879035
  },
  "1;8|0": {
    "kci": 0.07716638818520549
  },
  "1;8|2": {
    "kci": 0.030736759562816407
  },
  "1;8|3": {
    "kci": 0.1602005857125185
  },
  "1;8|4": {
    "kci": 0.09839170764515837
  },
  "1;8|5": {
    "kci": 0.037539273664080386
  },
  "1;8|6": {
    "kci": 0.1250766708040526
  },