{
  "data_hash": "fbf64762d98c606c5cc1fcb474677480",
  "0;1": {
    "d_separation": 0.0
  },
  "0;2": {
    "d_separation": 0.0
  },
  "0;3": {
    "d_separation": 0.0
  },
  "0;4": {
    "d_separation": 0.0
  },
  "0;5": {
    "d_separation": 0.0
  },
  "0;6": {
    "d_separation": 0.0
  },
  "0;7": {
    "d_separation": 0.0
  },
  "0;8": {
    "d_separation": 0.0
  },
  "0;9": {
    "d_separation": 0.0
  },
  "1;2": {
    "d_separation": 0.0
  },
  "1;3": {
    "d_separation": 0.0
  },
  "1;4": {
    "d_separation": 0.0
  },
  "1;5": {
    "d_separation": 0.0
  },
  "1;6": {
    "d_separation": 0.0
  },
  "1;7": {
    "d_separation": 0.0
  },
  "1;8": {
    "d_separation": 0.0
  },
  "1;9": {
    "d_separation": 0.0
  },
  "2;3": {
    "d_separation": 0.0
  },
  "2;4": {
    "d_separation": 0.0
  },
  "2;5": {
    "d_separation": 0.0
  },
  "2;6": {
    "d_separation": 0.0
  },
  "2;7": {
    "d_separation": 0.0
  },
  "2;8": {
    "d_separation": 0.0
  },
  "2;9": {
    "d_separation": 0.0
  },
  "3;4": {
    "d_separation": 0.0
  },
  "3;5": {
    "d_separation": 0.0
  },
  "3;6": {
    "d_separation": 0.0
  },
  "3;7": {
    "d_separation": 0.0
  },
  "3;8": {
    "d_separation": 0.0
  },
  "3;9": {
    "d_separation": 0.0
  },
  "4;5": {
    "d_separation": 0.0
  },
  "4;6": {
    "d_separation": 0.0
  },
  "4;7": {
    "d_separation": 0.0
  },
  "4;8": {
    "d_separation": 0.0
  },
  "4;9": {
    "d_separation": 0.0
  },
  "5;6": {
    "d_separation": 0.0
  },
  "5;7": {
    "d_separation": 0.0
  },
  "5;8": {
    "d_separation": 0.0
  },
  "5;9": {
    "d_separation": 0.0
  },
  "6;7": {
    "d_separation": 0.0
  },
  "6;8": {
    "d_separation": 0.0
  },
  "6;9": {
    "d_separation": 0.0
  },
  "7;8": {
    "d_separation": 0.0
  },
  "7;9": {
    "d_separation": 0.0
  },
  "8;9": {
    "d_separation": 0.0
  },
  "0;1|2": {
    "kci": 0.07843129057224463
  },
  "0;1|3": {
    "kci": 0.46717733171797793
  },
  "0;1|4": {
    "kci": 0.3154636356150249
  },
  "0;1|5": {
    "kci": 0.046830629834084814
  },
  "0;1|6": {
    "kci": 0.02941227660868495
  },
  "0;1|7": {
    "kci": 0.015885017847740324
  },
  "0;1|8": {
    "kci": 0.2583480167111506
  },
  "0;1|9": {
    "kci": 0.11453760399389867
  },
  "0;2|1": {
    "kci": 0.00020913515200815525
  },
  "0;2|3": {
    "kci": 0.002289804418944885
  },
  "0;2|4": {
    "kci": 0.001870230801175321
  },
  "0;2|5": {
    "kci": 0.0012742774489610253
  },
  "0;2|6": {
    "kci": 4.7707371149341427e-05
  },
  "0;2|7": {
    "kci": 0.001485287691292192
  },
  "0;2|8": {
    "kci": 0.049572156565605874
  },
  "0;2|9": {
    "kci": 0.0013542412579549135
  },
  "0;3|1": {
    "kci": 8.869293077751195e-10
  },
  "0;3|2": {
    "kci": 7.2590045085974e-11
  },
  "0;3|4": {
    "kci": 1.0189071808497374e-11
  },
  "0;3|5": {
    "kci": 2.9976021664879227e-15
  },
  "0;3|6": {
    "kci": 1.84297022087776e-14
  },
  "0;3|7": {
    "kci": 1.9872992140790302e-14
  },
  "0;3|8": {
    "kci": 4.2261618468875106e-05
  },
  "0;3|9": {
    "kci": 4.3209880118411093e-13
  },
  "0;4|1": {
    "kci": 0.0010114299867030052
  },
  "0;4|2": {
    "kci": 8.76522154096282e-05
  },
  "0;4|3": {
    "kci": 0.02024566889337409
  },
  "0;4|5": {
    "kci": 0.004128201101005424
  },
  "0;4|6": {
    "kci": 2.007956106087061e-05
  },
  "0;4|7": {
    "kci": 1.4647402667433695e-06
  },
  "0;4|8": {
    "kci": 0.006698296668550485
  },
  "0;4|9": {
    "kci": 0.0008385014909650934
  },
  "0;5|1": {
    "kci": 0.015716387996450254
  },
  "0;5|2": {
    "kci": 0.06139539337131983
  },
  "0;5|3": {
    "kci": 0.015992621560944276
  },
  "0;5|4": {
    "kci": 0.035792517025868054
  },
  "0;5|6": {
    "kci": 0.21389879748765028
  },
  "0;5|7": {
    "kci": 0.004173660670531598
  },
  "0;5|8": {
    "kci": 0.1605796109585229
  },
  "0;5|9": {
    "kci": 0.09714418889599219
  },
  "0;6|1": {
    "kci": 0.037418740831003494
  },
  "0;6|2": {
    "kci": 0.07322468865062426
  },
  "0;6|3": {
    "kci": 0.036568498218629175
  },
  "0;6|4": {
    "kci": 0.11666061391735438
  },
  "0;6|5": {
    "kci": 0.08036698286490118
  },
  "0;6|7": {
    "kci": 0.06130616658461763
  },
  "0;6|8": {
    "kci": 0.2524901067193007
  },
  "0;6|9": {
    "kci": 0.012288684203889844
  },
  "0;7|1": {
    "kci": 0.23312463941251294
  },
  "0;7|2": {
    "kci": 0.7554026589758444
  },
  "0;7|3": {
    "kci": 0.00019060474728183063
  },
  "0;7|4": {
    "kci": 0.2835481195149243
  },
  "0;7|5": {
    "kci": 0.5050686023017866
  },
  "0;7|6": {
    "kci": 0.45751573213488206
  },
  "0;7|8": {
    "kci": 0.5518157061594404
  },
  "0;7|9": {
    "kci": 0.5024079628933402
  },
  "0;8|1": {
    "kci": 0.0
  },
  "0;8|2": {
    "kci": 8.43769498715119e-15
  },
  "0;8|3": {
    "kci": 2.220446049250313e-16
  },
  "0;8|4": {
    "kci": 5.551115123125783e-16
  },
  "0;8|5": {
    "kci": 3.1086244689504383e-15
  },
  "0;8|6": {
    "kci": 1.6497914145929826e-13
  },
  "0;8|7": {
    "kci": 3.3306690738754696e-16
  },
  "0;8|9": {
    "kci": 9.447997939560082e-14
  },
  "0;9|1": {
    "kci": 0.00020710438426907452
  },
  "0;9|2": {
    "kci": 0.00011170203554566882
  },
  "0;9|3": {
    "kci": 1.8500978165914006e-05
  },
  "0;9|4": {
    "kci": 0.002614807211122061
  },
  "0;9|5": {
    "kci": 0.0030502174964461837
  },
  "0;9|6": {
    "kci": 2.002444933879577e-05
  },
  "0;9|7": {
    "kci": 0.00010746487319368558
  },
  "0;9|8": {
    "kci": 0.0013862987942387939
  },
  "1;2|0": {
    "kci": 0.8129701351510179
  },
  "1;2|3": {
    "kci": 0.5781415305410909
  },
  "1;2|4": {
    "kci": 0.5269842985560209
  },
  "1;2|5": {
    "kci": 0.653044138158769
  },
  "1;2|6": {
    "kci": 0.6502526977357498
  },
  "1;2|7": {
    "kci": 0.14395077899463704
  },
  "1;2|8": {
    "kci": 0.7922244988966662
  },
  "1;2|9": {
    "kci": 0.7085035874279813
  },
  "1;3|0": {
    "kci": 0.10747486030820186
  },
  "1;3|2": {
    "kci": 0.021912889618562303
  },
  "1;3|4": {
    "kci": 0.07908945715067017
  },
  "1;3|5": {
    "kci": 0.026404441841604398
  },
  "1;3|6": {
    "kci": 0.015682261761740812
  },
  "1;3|7": {
    "kci": 0.13286929513334633
  },
  "1;3|8": {
    "kci": 0.38735208058885284
  },
  "1;3|9": {
    "kci": 0.021824615195157993
  },
  "1;4|0": {
    "kci": 0.05802355664680625
  },
  "1;4|2": {
    "kci": 0.004938342034088716
  },
  "1;4|3": {
    "kci": 0.025751946404399928
  },
  "1;4|5": {
    "kci": 0.0036508522025497925
  },
  "1;4|6": {
    "kci": 0.002445887821133863
  },
  "1;4|7": {
    "kci": 0.01693102739861252
  },
  "1;4|8": {
    "kci": 0.021293587701149197
  },
  "1;4|9": {
    "kci": 0.011635422567960019
  },
  "1;5|0": {
    "kci": 0.3539685574199196
  },
  "1;5|2": {
    "kci": 0.3857599354369734
  },
  "1;5|3": {
    "kci": 0.30513142832087015
  },
  "1;5|4": {
    "kci": 0.6374111113659979
  },
  "1;5|6": {
    "kci": 0.4712800537613331
  },
  "1;5|7": {
    "kci": 0.3610069568500094
  },
  "1;5|8": {
    "kci": 0.4492116073114395
  },
  "1;5|9": {
    "kci": 0.3398968830641035
  },
  "1;6|0": {
    "kci": 0.31914929719252316
  },
  "1;6|2": {
    "kci": 0.30892302325071197
  },
  "1;6|3": {
    "kci": 0.31053813559379695
  },
  "1;6|4": {
    "kci": 0.30963532964998597
  },
  "1;6|5": {
    "kci": 0.316594062367169
  },
  "1;6|7": {
    "kci": 0.3048872470974229
  },
  "1;6|8": {
    "kci": 0.31548114254054394
  },
  "1;6|9": {
    "kci": 0.3210186325029589
  },
  "1;7|0": {
    "kci": 0.0015136216380101652
  },
  "1;7|2": {
    "kci": 0.006921492254661321
  },
  "1;7|3": {
    "kci": 0.21543382453684579
  },
  "1;7|4": {
    "kci": 0.019798957154982477
  },
  "1;7|5": {
    "kci": 0.004836149773247311
  },
  "1;7|6": {
    "kci": 0.003545771128844466
  },
  "1;7|8": {
    "kci": 0.10057236115053048
  },
  "1;7|9": {
    "kci": 0.02363644615543048
  },
  "1;8|0": {
    "kci": 0.06889795861296621
  },
  "1;8|2": {
    "kci": 0.21754647059288135
  },
  "1;8|3": {
    "kci": 0.9352606348070993
  },
  "1;8|4": {
    "kci": 0.2574317021300351
  },